method,time,time_over_reference_period,rel_energy_error
whfast,0.0,0.0,2.220446049250313e-16
whfast,0.4873516074713164,0.22499999999999992,0.0010849348712187764
whfast,0.9747032149426337,0.4500000000000003,0.0015658316829411645
whfast,1.4620548224139491,0.6749999999999998,0.00021705047555393
whfast,1.9494064298852645,0.8999999999999992,0.00011609101090049669
whfast,2.43675803735658,1.1249999999999987,0.000432387793631778
whfast,2.924109644827895,1.349999999999998,0.001717637679408495
whfast,3.4114612522992105,1.5749999999999975,0.0007457529446564467
whfast,3.898812859770526,1.799999999999997,7.64143825987035e-05
whfast,4.386164467241848,2.0249999999999995,5.208992766480283e-05
whfast,4.873516074713171,2.2500000000000027,0.0012489487075812609
whfast,5.3608676821844945,2.475000000000006,0.0014430349571049519
whfast,5.848219289655818,2.700000000000009,0.00013684443080226203
whfast,6.335570897127141,2.9250000000000123,0.00010406849238516016
whfast,6.8229225045984645,3.150000000000015,0.0005591960791884727
whfast,7.310274112069788,3.375000000000018,0.001738272585471427
whfast,7.797625719541111,3.6000000000000214,0.0005996522185836954
whfast,8.284977327012426,3.8250000000000206,9.897376891743712e-05
whfast,8.772328934483733,4.050000000000017,0.00011566676201505797
whfast,9.25968054195504,4.275000000000012,0.0014015773871270372
whfast,9.747032149426348,4.500000000000008,0.0012957527521731578
whfast,10.234383756897655,4.725000000000003,6.966517733356064e-05
whfast,10.721735364368962,4.949999999999999,8.396379514594474e-05
whfast,11.20908697184027,5.174999999999995,0.0007011427134149994
whfast,11.696438579311577,5.399999999999991,0.001727082094001389
whfast,12.183790186782884,5.624999999999987,0.00046826291788204185
whfast,12.671141794254192,5.849999999999983,0.00011333267890964471
whfast,13.158493401725499,6.074999999999978,0.00019191149588824536
whfast,13.645845009196806,6.299999999999974,0.0015324801081732762
whfast,14.133196616668114,6.524999999999969,0.0011339812117835066
whfast,14.620548224139421,6.749999999999965,1.431211344021574e-05
whfast,15.107899831610728,6.9749999999999615,5.5309024013359025e-05
whfast,15.595251439082036,7.199999999999957,0.0008561222645085069
whfast,16.08260304655335,7.424999999999955,0.0016833111861716326
whfast,16.569954654024688,7.649999999999966,0.0003525313984016901
whfast,17.057306261496027,7.874999999999976,0.00011982769969380432
whfast,17.544657868967366,8.099999999999987,0.0002820293321470958
whfast,18.032009476438706,8.324999999999998,0.0016334476387718307
whfast,18.519361083910045,8.550000000000008,0.0009680005776141671
whfast,19.006712691381384,8.775000000000018,3.0322048317118653e-05
whfast,19.494064298852724,9.000000000000028,1.744918328810651e-05
whfast,19.981415906324063,9.225000000000039,0.0010198660188795567
whfast,20.468767513795402,9.450000000000049,0.0016054270690911466
whfast,20.95611912126674,9.675000000000061,0.0002522702165882161
whfast,21.44347072873808,9.900000000000071,0.00011861217987246315
whfast,21.93082233620942,10.125000000000082,0.0003870898485724811
whfast,22.41817394368076,10.350000000000092,0.0017005162752892994
whfast,22.9055255511521,10.575000000000102,0.0008063828496036127
whfast,23.39287715862344,10.800000000000113,6.519540083646974e-05
whfast,23.880228766094778,11.025000000000123,3.0454819328996915e-05
whfast,24.367580373566117,11.250000000000133,0.0011855238273063423
whfast,24.854931981037456,11.475000000000144,0.0014943718477146485
whfast,25.342283588508796,11.700000000000156,0.00016664485554284224
whfast,25.829635195980135,11.925000000000166,0.00010965760402061499
whfast,26.316986803451474,12.150000000000176,0.0005077664493116192
whfast,26.804338410922814,12.375000000000187,0.0017338585118269125
whfast,27.291690018394153,12.600000000000197,0.0006551461477642424
whfast,27.779041625865492,12.825000000000207,9.108993753557342e-05
whfast,28.26639323333683,13.050000000000217,8.941147944076368e-05
whfast,28.75374484080817,13.275000000000228,0.0013438409708438175
whfast,29.24109644827951,13.50000000000024,0.0013555756983265616
whfast,29.72844805575085,13.72500000000025,9.452012745233835e-05
whfast,30.21579966322219,13.95000000000026,9.275303827221448e-05
whfast,30.703151270693528,14.17500000000027,0.0006439468669528884
whfast,31.190502878164867,14.400000000000281,0.0017350768631926349
whfast,31.677854485636207,14.625000000000291,0.0005178157821837839
whfast,32.16520609310754,14.8500000000003,0.00010860118072613951
whfast,32.65255770057888,15.075000000000312,0.0001605654234117566
whfast,33.13990930805022,15.300000000000322,0.0014843653927917846
whfast,33.62726091552156,15.525000000000333,0.0011982089998517167
whfast,34.1146125229929,15.750000000000343,3.468501619635822e-05
whfast,34.60196413046424,15.975000000000353,6.750297087393481e-05
whfast,35.08931573793558,16.200000000000365,0.0007942047856767534
whfast,35.57666734540692,16.425000000000374,0.00170424995631168
whfast,36.06401895287826,16.650000000000386,0.0003959399898939426
whfast,36.551370560349596,16.875000000000394,0.00011813829917364922
whfast,37.038722167820936,17.100000000000406,0.00024512750586383084
whfast,37.526073775292275,17.325000000000415,0.0015977419449531526
whfast,38.013425382763614,17.550000000000427,0.0010327346644348212
whfast,38.500776990234954,17.775000000000436,1.401358109294088e-05
whfast,38.98812859770629,18.000000000000448,3.332504594640621e-05
whfast,39.47548020517763,18.22500000000046,0.0009551837469333839
whfast,39.96283181264897,18.45000000000047,0.0016398005390919205
whfast,40.45018342012031,18.67500000000048,0.0002897084253496798
whfast,40.93753502759165,18.90000000000049,0.00011992633420891509
whfast,41.42488663506299,19.1250000000005,0.0003442446117065861
whfast,41.91223824253433,19.35000000000051,0.001678208422506717
whfast,42.39958985000567,19.57500000000052,0.0008685566351145361
whfast,42.88694145747701,19.800000000000534,5.2597212626915794e-05
whfast,43.37429306494835,20.025000000000542,1.0548339105332793e-05
whfast,43.861644672419686,20.250000000000554,0.0011210637947657353
whfast,44.348996279891026,20.475000000000563,0.0015413300586071454
whfast,44.836347887362365,20.700000000000575,0.00019849056727605816
whfast,45.323699494833704,20.925000000000583,0.00011400787923286054
whfast,45.81105110230504,21.150000000000595,0.0004587828560552051
whfast,46.29840270977638,21.375000000000604,0.0017245260909006745
whfast,46.78575431724772,21.600000000000616,0.0007127237574180913
whfast,47.27310592471906,21.825000000000628,8.191789129924336e-05
whfast,47.7604575321904,22.050000000000637,6.506165820353222e-05
whfast,48.24780913966174,22.27500000000065,0.0012834493870942736
whfast,48.73516074713308,22.500000000000657,0.0014124541707003814
whfast,49.22251235460442,22.72500000000067,0.00012123628754347937
whfast,49.70986396207576,22.950000000000678,0.00010024326282421016
whfast,50.1972155695471,23.17500000000069,0.0005889917395900585
whfast,50.68456717701844,23.4000000000007,0.001738155781790469
whfast,51.171918784489776,23.62500000000071,0.0005696886033927258
whfast,51.659270391961115,23.850000000000723,0.00010264409188230365
whfast,52.146621999432455,24.07500000000073,0.00013131301187492393
whfast,52.633973606903794,24.300000000000743,0.0014321357957464867
whfast,53.12132521437513,24.52500000000075,0.0012611216418647172
whfast,53.60867682184647,24.750000000000764,5.6744048519624574e-05
whfast,54.09602842931781,24.975000000000772,7.83089034355061e-05
whfast,54.58338003678915,25.200000000000784,0.0007340283828326336
whfast,55.07073164426049,25.425000000000797,0.001719988698361459
whfast,55.55808325173183,25.650000000000805,0.0004416976110922902
whfast,56.04543485920317,25.875000000000817,0.00011525797044242084
whfast,56.53278646667451,26.100000000000826,0.00021049902862193583
whfast,57.02013807414585,26.325000000000838,0.0015570230101751422
whfast,57.50748968161719,26.550000000000846,0.0010976093146608998
whfast,57.99484128908853,26.77500000000086,3.825769788892578e-06
whfast,58.482192896559866,27.000000000000867,4.769561555587654e-05
whfast,58.969544504031205,27.22500000000088,0.0008913633872694021
whfast,59.456896111502544,27.45000000000089,0.001668873773206079
whfast,59.944247718973884,27.6750000000009,0.0003294003150853377
whfast,60.43159932644522,27.90000000000091,0.00012005644570570229
whfast,60.91895093391656,28.12500000000092,0.00030381129409239423
whfast,61.4063025413879,28.350000000000932,0.0016507083515226498
whfast,61.89365414885924,28.57500000000094,0.0009319557855963639
whfast,62.38100575633058,28.800000000000953,3.859724598390209e-05
whfast,62.86835736380192,29.025000000000965,7.70849508025815e-06
whfast,63.35570897127326,29.250000000000973,0.0010561837144859414
whfast,63.8430605787446,29.475000000000986,0.0015835342786233847
whfast,64.33041218621594,29.700000000000994,0.0002324313495090401
whfast,64.81776379368728,29.925000000001006,0.00011715318372171871
whfast,65.30511540115862,30.150000000001015,0.00041225786397747633
whfast,65.79246700862996,30.375000000001027,0.0017102505735681406
whfast,66.2798186161013,30.600000000001035,0.0007722084243216946
whfast,66.76717022357263,30.825000000001047,7.144526605312199e-05
whfast,67.25452183104397,31.05000000000106,4.253008477672862e-05
whfast,67.74187343851531,31.275000000001068,0.00122106540669875
whfast,68.22922504598665,31.50000000000108,0.0014658145473318222
whfast,68.71657665345799,31.72500000000109,0.00014986623614735952
whfast,69.20392826092933,31.9500000000011,0.00010647941272872344
whfast,69.69127986840067,32.17500000000111,0.0005363774878018993
whfast,70.17863147587201,32.40000000000112,0.001736431284816318
whfast,70.66598308334335,32.62500000000113,0.0006238109823149772
whfast,71.15333469081469,32.850000000001145,9.545950963151053e-05
whfast,71.64068629828603,33.075000000001154,0.00010406314909564852
whfast,72.12803790575737,33.30000000000116,0.0013763463793638605
whfast,72.6153895132287,33.52500000000117,0.001322113794409022
whfast,73.10274112070005,33.75000000000119,8.053738647972827e-05
whfast,73.59009272817138,33.975000000001195,8.778335135180325e-05
whfast,74.07744433564272,34.200000000001204,0.0006758191740977531
whfast,74.56479594311406,34.42500000000121,0.0017307107352061133
whfast,75.0521475505854,34.65000000000123,0.0004898035284458332
whfast,75.53949915805674,34.875000000001236,0.0001111952093017496
whfast,76.02685076552808,35.100000000001245,0.00017805754065950522
whfast,76.51420237299942,35.32500000000126,0.0015115925855156767
whfast,77.00155398047076,35.55000000000127,0.0011621158255800865
whfast,77.4889055879421,35.77500000000128,2.3236715232375407e-05
whfast,77.97625719541344,36.000000000001286,6.062927247867196e-05
whfast,78.46360880288478,36.2250000000013,0.0008287864460209429
whfast,78.95096041035612,36.45000000000131,0.0016926841631795914
whfast,79.43831201782746,36.67500000000132,0.0003713852304153192
whfast,79.9256636252988,36.900000000001334,0.00011902139260361087
whfast,80.41301523277014,37.12500000000134,0.00026572285214172966
whfast,80.90036684024147,37.35000000000135,0.0016180502250389764
whfast,81.38771844771281,37.57500000000136,0.0009962231291320764
whfast,81.87507005518415,37.800000000001376,2.3164221840380105e-05
whfast,82.36242166265549,38.025000000001384,2.4394715849917833e-05
whfast,82.84977327012683,38.25000000000139,0.0009914181147429775
whfast,83.33712487759817,38.47500000000141,0.0016207310552656315
whfast,83.82447648506951,38.70000000000142,0.00026852551417470225
whfast,84.31182809254085,38.925000000001425,0.00011912281312418657
whfast,84.79917970001219,39.150000000001434,0.00036816601403936875
whfast,85.28653130748353,39.37500000000145,0.0016909627100466064
whfast,85.77388291495487,39.60000000000146,0.0008333921732984065
whfast,86.26123452242621,39.82500000000147,5.965121265146948e-05
whfast,86.74858612989755,40.050000000001475,2.1728443193557502e-05
whfast,87.23593773736889,40.27500000000149,0.0011573138903712404
whfast,87.72328934484023,40.5000000000015,0.0015151519036954008
whfast,88.21064095231156,40.72500000000151,0.00018047310052451808
whfast,88.6979925597829,40.95000000000152,0.00011150148802238322
whfast,89.18534416725424,41.17500000000153,0.00048615123582066165
whfast,89.67269577472558,41.40000000000154,0.0017299349606034768
whfast,90.16004738219692,41.62500000000155,0.0006800932649067526
whfast,90.64739898966826,41.850000000001565,8.703712707332932e-05
whfast,91.1347505971396,42.07500000000157,7.872175022910994e-05
whfast,91.62210220461094,42.30000000000158,0.0013175769651410925
whfast,92.10945381208228,42.5250000000016,0.001380584298519133
whfast,92.59680541955362,42.750000000001606,0.00010612512787209235
whfast,93.08415702702496,42.975000000001614,9.597769685580347e-05
whfast,93.5715086344963,43.20000000000162,0.0006197341248898931
whfast,94.05886024196764,43.42500000000164,0.0017365755580005377
whfast,94.54621184943898,43.65000000000165,0.000540249112886261
whfast,95.03356345691031,43.875000000001656,0.00010595015563872215
whfast,95.52091506438165,44.10000000000167,0.00014771029090254409
whfast,96.008266671853,44.32500000000168,0.0014618238471204436
whfast,96.49561827932433,44.55000000000169,0.0012257072611970828
whfast,96.98296988679567,44.7750000000017,4.427203733239323e-05
whfast,97.47032149426701,45.00000000000171,7.218832708137679e-05
whfast,97.95767310173835,45.22500000000172,0.0007677543734660756
whfast,98.44502470920969,45.45000000000173,0.0017113359779880697
whfast,98.93237631668103,45.67500000000174,0.0004157031514217317
whfast,99.41972792415237,45.900000000001754,0.00011683163018984675
whfast,99.90707953162371,46.12500000000176,0.00022989997874988628
whfast,100.39443113909505,46.35000000000177,0.0015803236300979367
whfast,100.88178274656639,46.575000000001786,0.0010609494486075136
whfast,101.36913435403773,46.800000000001795,6.255326764373026e-06
whfast,101.85648596150907,47.0250000000018,3.9583191572636e-05
whfast,102.3438375689804,47.25000000000181,0.0009272268796090059
whfast,102.83118917645174,47.47500000000183,0.0016527720989001305
whfast,103.31854078392308,47.700000000001836,0.00030683722827666706
whfast,103.80589239139442,47.925000000001845,0.00011993751875629314
whfast,104.29324399886576,48.15000000000186,0.00032646056986985355
whfast,104.7805956063371,48.37500000000187,0.0016665702646629017
whfast,105.26794721380844,48.60000000000188,0.0008960201303819289
whfast,105.75529882127978,48.825000000001886,4.650377459083817e-05
whfast,106.24265042875112,49.0500000000019,2.5741856471586094e-06
whfast,106.73000203622246,49.27500000000191,0.001092776238420122
whfast,107.2173536436938,49.50000000000192,0.0015600334037827806
whfast,107.70470525116514,49.725000000001934,0.00021312909639717266
whfast,108.19205685863648,49.95000000000194,0.00011534106831130757
whfast,108.67940846610782,50.17500000000195,0.00043832636262195845
whfast,109.16676007357916,50.40000000000196,0.0017186098862910987
whfast,109.6541116810505,50.625000000001975,0.0007384118926731998
whfast,110.14146328852183,50.850000000001984,7.73559721931406e-05
whfast,110.62881489599317,51.07500000000199,5.5199530785605604e-05
whfast,111.11616650346451,51.300000000002,0.001256421577109619
whfast,111.60351811093585,51.52500000000202,0.0014359398992225625
whfast,112.09086971840719,51.750000000002025,0.00013357826395436694
whfast,112.57822132587853,51.975000000002034,0.00010293437052623104
whfast,113.06557293334987,52.20000000000205,0.0005658817176561778
whfast,113.55292454082121,52.42500000000206,0.0017376772342251078
whfast,114.04027614829255,52.650000000002066,0.0005930054777813331
whfast,114.52762775576389,52.875000000002075,9.951266759621528e-05
whfast,115.01497936323523,53.10000000000209,0.00011936698635543587
whfast,115.50233097070657,53.3250000000021,0.0014081624002652807
whfast,115.9896825781779,53.55000000000211,0.0012877937799085253
whfast,116.47703418564925,53.77500000000212,6.69955360478137e-05
whfast,116.96438579312058,54.00000000000213,8.242572231934825e-05
whfast,117.45173740059192,54.22500000000214,0.0007085086075101295
whfast,117.93908900806326,54.45000000000215,0.0017249583076725083
whfast,118.4264406155346,54.675000000002164,0.0004623846460019588
whfast,118.91379222300594,54.90000000000217,0.0001134876099901712
whfast,119.40114383047728,55.12500000000218,0.00019626141133400991
whfast,119.88849543794862,55.3500000000022,0.0015377013717837733
whfast,120.37584704541996,55.575000000002206,0.0011256608053200699
whfast,120.8631986528913,55.800000000002214,1.2183126497467484e-05
whfast,121.35055026036264,56.02500000000222,5.3337629684955214e-05
whfast,121.83790186783398,56.25000000000224,0.00086400920928058
whfast,122.32525347530532,56.47500000000225,0.001679601318956939
whfast,122.81260508277666,56.700000000002255,0.000347428784914279
whfast,123.299956690248,56.92500000000227,0.00011960850207335693
whfast,123.78730829771933,57.15000000000228,0.00028708556419671975
whfast,124.27465990519067,57.37500000000229,0.0016370029768394427
whfast,124.76201151266201,57.6000000000023,0.0009597741565842777
whfast,125.24936312013335,57.82500000000231,3.196046759165405e-05
whfast,125.73671472760469,58.05000000000232,1.5006326426661485e-05
whfast,126.22406633507603,58.27500000000233,0.0010279949023087821
whfast,126.71141794254737,58.50000000000234,0.0016001106290118037
whfast,127.19876955001871,58.72500000000235,0.0002479099661711991
whfast,127.68612115749005,58.95000000000236,0.00011802038300809221
whfast,128.1734727649614,59.17500000000237,0.0003928961023633705
whfast,128.66082437243273,59.400000000002386,0.0017023372994631417
whfast,129.14817597990407,59.625000000002395,0.0007985932082089913
whfast,129.6355275873754,59.8500000000024,6.638500263268692e-05
whfast,130.12287919484675,60.07500000000241,3.3415203263727204e-05
whfast,130.61023080231809,60.30000000000243,0.001193485734546949
whfast,131.09758240978942,60.525000000002436,0.00148761381882885
whfast,131.58493401726076,60.750000000002444,0.00016297388827533131
whfast,132.0722856247321,60.97500000000246,0.0001086860898470124
whfast,132.55963723220344,61.20000000000247,0.0005143370722255813
whfast,133.04698883967478,61.42500000000248,0.0017340317495602932
whfast,133.53434044714612,61.650000000002485,0.0006480093891387229
whfast,134.02169205461746,61.8750000000025,9.186295878726435e-05
whfast,134.5090436620888,62.10000000000251,9.294321642327217e-05
whfast,134.99639526956014,62.32500000000252,0.0013511291816818722
whfast,135.48374687703148,62.550000000002534,0.0013477532523558944
whfast,135.97109848450282,62.77500000000254,9.147842113683998e-05
whfast,136.45845009197416,63.00000000000255,9.138509987326318e-05
whfast,136.9458016994455,63.22500000000256,0.0006512446569464347
whfast,137.43315330691684,63.450000000002575,0.0017336763551507974
whfast,137.92050491438818,63.67500000000258,0.0005114394307131694
whfast,138.40785652185951,63.90000000000259,0.00010898066000541662
whfast,138.89520812933085,64.1250000000026,0.00016472781995335224
whfast,139.3825597368022,64.35000000000261,0.001490466205536635
whfast,139.86991134427353,64.57500000000263,0.0011898184347659047
whfast,140.35726295174487,64.80000000000264,3.2212889383247166e-05
whfast,140.8446145592162,65.02500000000265,6.571275666624152e-05
whfast,141.33196616668755,65.25000000000266,0.0008021126223539162
whfast,141.8193177741589,65.47500000000267,0.0017012459787265357
whfast,142.30666938163023,65.70000000000267,0.0003903524068496908
whfast,142.79402098910157,65.92500000000268,0.00011813848632744491
whfast,143.2813725965729,66.15000000000269,0.0002499801636367661
whfast,143.76872420404425,66.37500000000271,0.0016022646517824504
whfast,144.2560758115156,66.60000000000272,0.0010242658231977813
whfast,144.74342741898693,66.82500000000273,1.597057857835343e-05
whfast,145.23077902645826,67.05000000000274,3.1078270739887225e-05
whfast,145.7181306339296,67.27500000000275,0.0009634736291005453
whfast,146.20548224140094,67.50000000000276,0.0016351405370605195
whfast,146.69283384887228,67.72500000000277,0.00028488850032360347
whfast,147.18018545634362,67.95000000000279,0.00011955299128483263
whfast,147.66753706381496,68.1750000000028,0.00034983868733244687
whfast,148.1548886712863,68.4000000000028,0.0016809843501956934
whfast,148.64224027875764,68.62500000000281,0.0008604040223360678
whfast,149.12959188622898,68.85000000000282,5.408500860956349e-05
whfast,149.61694349370032,69.07500000000283,1.329475581309789e-05
whfast,150.10429510117166,69.30000000000284,0.0011293771446167947
whfast,150.591646708643,69.52500000000286,0.0015351002738871367
whfast,151.07899831611434,69.75000000000287,0.00019439039145600134
whfast,151.56634992358568,69.97500000000288,0.00011325728254935337
whfast,152.05370153105702,70.20000000000289,0.0004651476762961948
whfast,152.54105313852835,70.4250000000029,0.0017255876494195696
whfast,153.0284047459997,70.6500000000029,0.000705154164406172
whfast,153.51575635347103,70.87500000000291,8.297327630496718e-05
whfast,154.00310796094237,71.10000000000294,6.835960110002943e-05
whfast,154.4904595684137,71.32500000000294,0.001291310703885457
whfast,154.97781117588505,71.55000000000295,0.0014049605568755656
whfast,155.4651627833564,71.77500000000296,0.00011779595255235128
whfast,155.95251439082773,72.00000000000297,9.910230032852125e-05
whfast,156.43986599829907,72.22500000000298,0.0005961158106573202
whfast,156.9272176057704,72.45000000000299,0.001737590773871398
whfast,157.41456921324175,72.67500000000301,0.0005628495285034428
whfast,157.9019208207131,72.90000000000302,0.00010329468328933359
whfast,158.38927242818443,73.12500000000303,0.00013522087320362155
whfast,158.87662403565577,73.35000000000304,0.0014390192307470817
whfast,159.3639756431271,73.57500000000304,0.0012528356376313818
whfast,159.85132725059844,73.80000000000305,5.3901353226867594e-05
whfast,160.33867885806978,74.02500000000306,7.675585937891133e-05
whfast,160.82603046554112,74.25000000000308,0.0007418321654241005
whfast,161.31338207301246,74.47500000000309,0.0017178019250554068
whfast,161.8007336804838,74.7000000000031,0.0004356454074959917
whfast,162.28808528795514,74.92500000000311,0.00011552272182517196
whfast,162.77543689542648,75.15000000000312,0.00021507774023953326
whfast,163.26278850289782,75.37500000000313,0.0015624707764791297
whfast,163.75014011036916,75.60000000000313,0.001089042860246302
whfast,164.2374917178405,75.82500000000316,1.5231084480555146e-06
whfast,164.72484332531184,76.05000000000317,4.5700067073287855e-05
whfast,165.21219493278318,76.27500000000317,0.0008996676409024612
whfast,165.69954654025452,76.50000000000318,0.001665000984805575
whfast,166.18689814772586,76.72500000000319,0.00032413110725116126
whfast,166.6742497551972,76.9500000000032,0.00011994493886029646
whfast,167.16160136266853,77.17500000000321,0.00030911725089971753
whfast,167.64895297013987,77.40000000000323,0.0016544525202280532
whfast,168.1363045776112,77.62500000000324,0.0009235521688480948
whfast,168.62365618508255,77.85000000000325,4.040981098124848e-05
whfast,169.1110077925539,78.07500000000326,5.230299207146605e-06
whfast,169.59835940002523,78.30000000000327,0.0010646841770007116
whfast,170.08571100749657,78.52500000000327,0.0015779915957521398
whfast,170.5730626149679,78.75000000000328,0.0002279056399530878
whfast,171.06041422243925,78.97500000000329,0.00011666531419125313
whfast,171.5477658299106,79.20000000000331,0.00041833273822968706
whfast,172.03511743738193,79.42500000000332,0.001712247269985869
whfast,172.52246904485327,79.65000000000333,0.0007642883913865533
whfast,173.0098206523246,79.87500000000334,7.280891024658263e-05
whfast,173.49717225979595,80.10000000000335,4.5540090606438714e-05
whfast,173.98452386726728,80.32500000000336,0.0012293310320821954
whfast,174.47187547473862,80.55000000000337,0.0014588257194127904
whfast,174.95922708220996,80.77500000000339,0.00014602662036768954
whfast,175.4465786896813,81.0000000000034,0.00010560623455226396
whfast,175.93393029715264,81.2250000000034,0.0005432311337318141
whfast,176.42128190462398,81.45000000000341,0.0017367573653783732
whfast,176.90863351209532,81.67500000000342,0.0006165685384256079
whfast,177.39598511956666,81.90000000000343,9.640659440073894e-05
whfast,177.883336727038,82.12500000000344,0.00010766156765550253
whfast,178.37068833450934,82.35000000000346,0.0013838618694748757
whfast,178.85803994198068,82.57500000000347,0.0013141047017130973
whfast,179.34539154945202,82.80000000000348,7.732139819652275e-05
whfast,179.83274315692336,83.02500000000349,8.650748023162769e-05
whfast,180.3200947643947,83.2500000000035,0.0006834045185268938
whfast,180.80744637186604,83.4750000000035,0.0017294025484319753
whfast,181.29479797933737,83.70000000000351,0.00048332972687347304
whfast,181.7821495868087,83.92500000000354,0.00011174890113133185
whfast,182.26950119428005,84.15000000000354,0.00018230512300376276
whfast,182.7568528017514,84.37500000000355,0.001517858298308468
whfast,183.24420440922273,84.60000000000356,0.0011536036274453609
whfast,183.73155601669407,84.82500000000357,2.0584649370627696e-05
whfast,184.2189076241654,85.05000000000358,5.892380893349532e-05
whfast,184.70625923163675,85.27500000000359,0.0008369693433849299
whfast,185.1936108391081,85.50000000000361,0.0016896837461241824
whfast,185.68096244657943,85.72500000000362,0.00036569842412275674
whfast,186.16831405405077,85.95000000000363,0.00011919489786207283
whfast,186.6556656615221,86.17500000000364,0.00027067978521720415
whfast,187.14301726899345,86.40000000000364,0.001622711110088665
whfast,187.6303688764648,86.62500000000365,0.0009876925244261669
whfast,188.11772048393613,86.85000000000366,2.530573742890122e-05
whfast,188.60507209140746,87.07500000000368,2.222295380725409e-05
whfast,189.0924236988788,87.30000000000369,0.0009999491539393077
whfast,189.57977530635014,87.5250000000037,0.001615999121269694
whfast,190.06712691382148,87.75000000000371,0.00026359832003541953
whfast,190.55447852129282,87.97500000000372,0.00011892009000501603
whfast,191.04183012876416,88.20000000000373,0.00037388343143634724
whfast,191.5291817362355,88.42500000000373,0.0016938879070588582
whfast,192.01653334370684,88.65000000000376,0.0008252185701432166
whfast,192.50388495117818,88.87500000000377,6.132751460328467e-05
whfast,192.99123655864952,89.10000000000377,2.4412354945920535e-05
whfast,193.47858816612086,89.32500000000378,0.0011658139912755327
whfast,193.9659397735922,89.55000000000379,0.001508824374938019
whfast,194.45329138106354,89.7750000000038,0.00017625384834585122
whfast,194.94064298853488,90.00000000000381,0.00011091809635171535
whfast,195.42799459600622,90.22500000000382,0.0004926558592535438
whfast,195.91534620347755,90.45000000000384,0.001731166651612548
whfast,196.4026978109489,90.67500000000385,0.000672522564552729
whfast,196.89004941842023,90.90000000000386,8.828489308084765e-05
whfast,197.37740102589157,91.12500000000387,8.197156062595757e-05
whfast,197.8647526333629,91.35000000000387,0.001325559298515262
whfast,198.35210424083425,91.57500000000388,0.001373020447271192
whfast,198.8394558483056,91.80000000000389,0.00010255326827925053
whfast,199.32680745577693,92.02500000000391,9.500023627495745e-05
whfast,199.81415906324827,92.25000000000392,0.0006270062088417732
whfast,200.3015106707196,92.47500000000393,0.0017361715941986867
whfast,200.78886227819095,92.70000000000394,0.000533412765932152
whfast,201.2762138856623,92.92500000000395,0.00010679614066681099
whfast,201.76356549313363,93.15000000000396,0.00015158561880482496
whfast,202.25091710060497,93.37500000000396,0.0014687711786770064
whfast,202.7382687080763,93.60000000000399,0.0012174085306537366
whfast,203.22562031554764,93.825000000004,4.128677111735545e-05
whfast,203.71297192301898,94.050000000004,7.079354766245362e-05
whfast,204.20032353049032,94.27500000000401,0.0007757004683430779
whfast,204.68767513796166,94.50000000000402,0.0017092590962320697
whfast,205.175026745433,94.72500000000403,0.0004096466020219616
whfast,205.66237835290434,94.95000000000404,0.0001172928776568883
whfast,206.14972996037568,95.17500000000406,0.00023446320658187793
whfast,206.63708156784702,95.40000000000407,0.0015858127418971288
whfast,207.12443317531836,95.62500000000408,0.0010524295905567523
whfast,207.6117847827897,95.85000000000409,8.710098486329407e-06
whfast,208.09913639026104,96.0750000000041,3.7738380036089705e-05
whfast,208.58648799773238,96.3000000000041,0.0009356497206780827
whfast,209.07383960520372,96.52500000000411,0.0016489473146872981
whfast,209.56119121267506,96.75000000000414,0.00030154939966979376
whfast,210.0485428201464,96.97500000000414,0.00012002242021516443
whfast,210.53589442761773,97.20000000000415,0.0003317690405874342
whfast,211.02324603508907,97.42500000000416,0.001670381975494829
whfast,211.5105976425604,97.65000000000417,0.0008877068800746321
whfast,211.99794925003175,97.87500000000418,4.84771865872409e-05
whfast,212.4853008575031,98.10000000000419,4.910863483154332e-06
whfast,212.97265246497443,98.32500000000421,0.0011013518101575764
whfast,213.46000407244577,98.55000000000422,0.0015545096842289373
whfast,213.9473556799171,98.77500000000423,0.00020856746524346205
whfast,214.43470728738845,99.00000000000423,0.00011504949186331272
whfast,214.9220588948598,99.22500000000424,0.0004444192703345784
whfast,215.40941050233113,99.45000000000425,0.0017207317252900237
whfast,215.89676210980247,99.67500000000426,0.0007306060065913768
whfast,216.3841137172738,99.90000000000428,7.888812740174454e-05
whfast,216.87146532474515,100.12500000000429,5.8078109981061186e-05
whfast,217.35881693221648,100.3500000000043,0.0012647038979699554
whfast,217.84616853968782,100.57500000000431,0.00142899117143763
whfast,218.33352014715916,100.80000000000432,0.00012968588917947556
whfast,218.8208717546305,101.02500000000433,0.00010225661013227716
whfast,219.30822336210184,101.25000000000433,0.0005727617880977506
whfast,219.79557496957318,101.47500000000434,0.0017381737898549546
whfast,220.28292657704452,101.70000000000437,0.000585883466746157
whfast,220.77027818451586,101.92500000000437,0.00010063379409311446
whfast,221.2576297919872,102.15000000000438,0.0001228452087293435
whfast,221.74498139945854,102.37500000000439,0.001415638084086896
whfast,222.23233300692988,102.6000000000044,0.0012798812507838133
whfast,222.71968461440122,102.82500000000441,6.371171072379839e-05
whfast,223.20703622187256,103.05000000000442,8.134266314300865e-05
whfast,223.6943878293439,103.27500000000444,0.0007161175484958095
whfast,224.18173943681523,103.50000000000445,0.001723823040885664
whfast,224.66909104428657,103.72500000000446,0.00045602395285556865
whfast,225.1564426517579,103.95000000000447,0.00011421890971619302
whfast,225.64379425922925,104.17500000000447,0.00020040169691443998
whfast,226.1311458667006,104.40000000000448,0.001543900444897811
whfast,226.61849747417193,104.62500000000449,0.0011173100670086463
whfast,227.10584908164327,104.85000000000451,9.449531277088226e-06
whfast,227.5932006891146,105.07500000000452,5.182094812964441e-05
whfast,228.08055229658595,105.30000000000453,0.0008721969555236027
whfast,228.5679039040573,105.52500000000454,0.0016767467267791614
whfast,229.05525551152863,105.75000000000455,0.0003418392859168554
whfast,229.54260711899997,105.97500000000456,0.00011996278379807741
whfast,230.0299587264713,106.20000000000456,0.0002919481643032759
whfast,230.51731033394265,106.42500000000459,0.0016416234956303363
whfast,231.00466194141399,106.6500000000046,0.0009514582940837323
whfast,231.49201354888532,106.8750000000046,3.419584037469015e-05
whfast,231.97936515635666,107.10000000000461,1.301895326161196e-05
whfast,232.466716763828,107.32500000000462,0.001036491970025867
whfast,232.95406837129934,107.55000000000463,0.0015955088664505212
whfast,233.44141997877068,107.77500000000464,0.00024306119824495342
whfast,233.92877158624202,108.00000000000466,0.0001180012567835012
whfast,234.41612319371336,108.22500000000467,0.000398528713088509
whfast,234.9034748011847,108.45000000000468,0.0017052970947774833
whfast,235.39082640865604,108.67500000000469,0.0007906677330363546
whfast,235.87817801612738,108.9000000000047,6.816516493043302e-05
whfast,236.36552962359872,109.1250000000047,3.5919344238858216e-05
whfast,236.85288123107006,109.35000000000471,0.0012018944391750635
whfast,237.3402328385414,109.57500000000474,0.0014814403907240875
whfast,237.82758444601274,109.80000000000474,0.00015881434892595737
whfast,238.31493605348408,110.02500000000475,0.00010828775605021342
whfast,238.80228766095541,110.25000000000476,0.0005207600286972995
whfast,239.28963926842675,110.47500000000477,0.0017353841481580385
whfast,239.7769908758981,110.70000000000478,0.0006406994925166367
whfast,240.26434248336943,110.92500000000479,9.322182323680874e-05
whfast,240.75169409084077,111.15000000000481,9.601886651836851e-05
whfast,241.2390456983121,111.37500000000482,0.0013589576733092188
whfast,241.72639730578345,111.60000000000483,0.0013404036709661696
whfast,242.2137489132548,111.82500000000483,8.794855371308788e-05
whfast,242.70110052072613,112.05000000000484,9.05927795769947e-05
whfast,243.18845212819747,112.27500000000485,0.0006584281939041724
whfast,243.6758037356688,112.50000000000486,0.0017334488537157546
whfast,244.16315534314015,112.72500000000488,0.0005048597181301945
whfast,244.6505069506115,112.95000000000489,0.0001099437012719571
whfast,245.13785855808283,113.1750000000049,0.0001684352149127761
whfast,245.62521016555417,113.40000000000491,0.0014972187318049864
whfast,246.1125617730255,113.62500000000492,0.0011818080261465664
whfast,246.59991338049684,113.85000000000493,2.9253079797524334e-05
whfast,247.08726498796818,114.07500000000493,6.450295633485672e-05
whfast,247.57461659543952,114.30000000000494,0.0008099476355287187
whfast,248.06196820291086,114.52500000000497,0.001699363049862002
whfast,248.5493198103822,114.75000000000497,0.0003845381884488509
whfast,249.03667141785354,114.97500000000498,0.00011872233488859837
whfast,249.52402302532488,115.20000000000499,0.0002543796623531578
whfast,250.01137463279622,115.425000000005,0.0016075675242275
whfast,250.49872624026756,115.65000000000501,0.0010161002115877873
whfast,250.9860778477389,115.87500000000502,1.841423026652382e-05
whfast,251.47342945521024,116.10000000000504,2.941869880079979e-05
whfast,251.96078106268158,116.32500000000505,0.0009717414979096115
whfast,252.44813267015292,116.55000000000506,0.0016315187031581148
whfast,252.93548427762425,116.77500000000506,0.0002798242779232253
whfast,253.4228358850956,117.00000000000507,0.00011976477428644608
whfast,253.91018749256693,117.22500000000508,0.0003549832594645099
whfast,254.39753910003827,117.45000000000509,0.0016846766787170387
whfast,254.8848907075096,117.67500000000511,0.0008524897731172729
whfast,255.37224231498095,117.90000000000512,5.605839158345906e-05
whfast,255.8595939224523,118.12500000000513,1.5446081025490734e-05
whfast,256.3469455299233,118.35000000000498,0.0011377320406686187
whfast,256.8342971373941,118.57500000000475,0.0015298139557027547
whfast,257.32164874486494,118.80000000000453,0.00019003221455921905
whfast,257.8090003523358,119.0250000000043,0.00011309522982952398
whfast,258.2963519598066,119.25000000000408,0.00047107009961806735
whfast,258.7837035672774,119.47500000000386,0.0017276915386254938
whfast,259.27105517474826,119.70000000000363,0.0006977674557335405
whfast,259.7584067822191,119.92500000000341,8.451413065782985e-05
whfast,260.2457583896899,120.15000000000317,7.10532341220164e-05
whfast,260.73310999716074,120.37500000000296,0.0012992950369972594
whfast,261.22046160463157,120.60000000000272,0.0013983178662412457
whfast,261.7078132121024,120.8250000000025,0.00011408671219968912
whfast,262.1951648195732,121.05000000000227,9.855601577876765e-05
whfast,262.68251642704405,121.27500000000205,0.0006028082642762911
whfast,263.1698680345149,121.50000000000182,0.0017381617478913263
whfast,263.6572196419857,121.7250000000016,0.0005561469048518587
whfast,264.14457124945653,121.95000000000137,0.0001044323052919389
whfast,264.63192285692736,122.17500000000115,0.00013851323751356773
whfast,265.1192744643982,122.40000000000092,0.0014461305697979516
whfast,265.606626071869,122.6250000000007,0.0012453158677251932
whfast,266.09397767933984,122.85000000000046,5.0781674539182994e-05
whfast,266.58132928681067,123.07500000000024,7.580662420292628e-05
whfast,267.0686808942815,123.30000000000001,0.0007492193643940944
whfast,267.5560325017523,123.52499999999979,0.0017167981215194695
whfast,268.04338410922315,123.74999999999956,0.0004296916363743393
whfast,268.530735716694,123.97499999999934,0.00011627691320392506
whfast,269.0180873241648,124.19999999999911,0.0002190276648701315
whfast,269.50543893163564,124.42499999999889,0.0015682789673073516
whfast,269.99279053910647,124.64999999999866,0.0010811658869357042
whfast,270.4801421465773,124.87499999999844,1.0622469968820872e-06
whfast,270.9674937540481,125.09999999999822,4.4319754575678966e-05
whfast,271.45484536151895,125.32499999999798,0.0009075764656631467
whfast,271.9421969689898,125.54999999999777,0.0016623135904212283
whfast,272.4295485764606,125.77499999999753,0.0003189290657089797
whfast,272.91690018393143,125.99999999999731,0.00012032638791285273
whfast,273.40425179140226,126.22499999999708,0.00031378026625337486
whfast,273.8916033988731,126.44999999999686,0.001658716086908715
whfast,274.3789550063439,126.67499999999663,0.0009157678732672418
whfast,274.86630661381474,126.89999999999641,4.2509603784347046e-05
whfast,275.35365822128557,127.12499999999618,3.3812759460496547e-06
whfast,275.8410098287564,127.34999999999596,0.001072820475311884
whfast,276.3283614362272,127.57499999999573,0.00157360602469743
whfast,276.81571304369805,127.7999999999955,0.00022342120473238655
whfast,277.3030646511689,128.0249999999953,0.00011667605691870527
whfast,277.7904162586397,128.24999999999505,0.0004237494964279537
whfast,278.27776786611054,128.47499999999482,0.0017149371497684157
whfast,278.76511947358136,128.6999999999946,0.0007569241902845216
whfast,279.2524710810522,128.92499999999438,7.446439009240213e-05
whfast,279.739822688523,129.14999999999415,4.7903534191205205e-05
whfast,280.22717429599385,129.37499999999392,0.0012372789102913426
whfast,280.7145259034647,129.59999999999368,0.0014529496681326337
whfast,281.2018775109355,129.82499999999348,0.00014220733325744789
whfast,281.68922911840633,130.04999999999325,0.00010524016496717691
whfast,282.17658072587716,130.274999999993,0.000549409986975455
whfast,282.663932333348,130.49999999999278,0.0017379418103811767
whfast,283.1512839408188,130.72499999999258,0.0006098260606543679
whfast,283.63863554828964,130.94999999999234,9.764997707970618e-05
whfast,284.12598715576047,131.1749999999921,0.00011059157709774298
whfast,284.6133387632313,131.3999999999919,0.001391128263602585
whfast,285.1006903707021,131.62499999999167,0.0013071560941538695
whfast,285.58804197817295,131.84999999999144,7.410955313822323e-05
whfast,286.0753935856438,132.0749999999912,8.574973301354114e-05
whfast,286.5627451931146,132.299999999991,0.0006902971263407378
whfast,287.05009680058544,132.52499999999077,0.0017290861875808832
whfast,287.53744840805626,132.74999999999054,0.00047730704745203834
whfast,288.0248000155271,132.9749999999903,0.00011260297875275478
whfast,288.5121516229979,133.1999999999901,0.00018585845529113268
whfast,288.99950323046875,133.42499999998986,0.0015239743710740742
whfast,289.4868548379396,133.64999999998963,0.0011460947994028367
whfast,289.9742064454104,133.8749999999894,1.7924075879545617e-05
whfast,290.46155805288123,134.0999999999892,5.7749932971122815e-05
whfast,290.94890966035206,134.32499999998896,0.0008444422982526775
whfast,291.4362612678229,134.54999999998873,0.0016877664490786844
whfast,291.9236128752937,134.7749999999885,0.00036042019553143964
whfast,292.41096448276454,134.9999999999883,0.00011967365294288963
whfast,292.89831609023537,135.22499999998806,0.00027491241617385236
whfast,293.3856676977062,135.44999999998782,0.0016273595773931239
whfast,293.873019305177,135.6749999999876,0.000980105266165214
whfast,294.36037091264785,135.8999999999874,2.746632885221501e-05
whfast,294.8477225201187,136.12499999998715,2.059970183351777e-05
whfast,295.3350741275895,136.34999999998692,0.0010077565997651916
whfast,295.82242573506034,136.57499999998672,0.0016124036416335283
whfast,296.30977734253116,136.79999999998648,0.0002590431425336117
whfast,296.797128950002,137.02499999998625,0.00011902917794857721
whfast,297.2844805574728,137.24999999998602,0.0003788408639205975
whfast,297.77183216494365,137.4749999999858,0.001696971885724588
whfast,298.2591837724145,137.69999999998558,0.0008179285563864462
whfast,298.7465353798853,137.92499999998535,6.303192575559428e-05
whfast,299.23388698735613,138.1499999999851,2.6526025086044915e-05
whfast,299.72123859482696,138.3749999999849,0.00117358474599092
whfast,300.2085902022978,138.59999999998468,0.0015036576414514296
whfast,300.6959418097686,138.82499999998444,0.00017237640865217538
whfast,301.18329341723944,139.0499999999842,0.00011065491219724301
whfast,301.67064502471027,139.274999999984,0.0004983580721954787
whfast,302.1579966321811,139.49999999998377,0.0017327449923783057
whfast,302.6453482396519,139.72499999998354,0.0006657777763936793
whfast,303.13269984712275,139.9499999999833,8.956769328855649e-05
whfast,303.6200514545936,140.1749999999831,8.462424211051718e-05
whfast,304.1074030620644,140.39999999998287,0.0013328219680884528
whfast,304.59475466953523,140.62499999998263,0.001366619392521293
whfast,305.08210627700606,140.8499999999824,9.929858819741772e-05
whfast,305.5694578844769,141.0749999999822,9.435280038252087e-05
whfast,306.0568094919477,141.29999999998196,0.0006334267106735647
whfast,306.54416109941855,141.52499999998173,0.0017362952185145531
whfast,307.0315127068894,141.7499999999815,0.0005273478260436624
whfast,307.5188643143602,141.9749999999813,0.00010768294830421336
whfast,308.00621592183103,142.19999999998106,0.00015483182167835027
whfast,308.49356752930186,142.42499999998083,0.0014750359741572418
whfast,308.9809191367727,142.64999999998062,0.0012102560285644404
whfast,309.4682707442435,142.8749999999804,3.8598289023786877e-05
whfast,309.95562235171434,143.09999999998016,6.974082623047978e-05
whfast,310.44297395918517,143.32499999997992,0.0007827398297474876
whfast,310.930325566656,143.54999999997972,0.0017078665047276793
whfast,311.4176771741268,143.77499999997949,0.0004043111253766445
whfast,311.90502878159765,143.99999999997925,0.00011780067266086965
whfast,312.3923803890685,144.22499999997902,0.00023835845504080228
whfast,312.8797319965393,144.44999999997881,0.0015906958930913535
whfast,313.36708360401013,144.67499999997858,0.0010450251717703236
whfast,313.85443521148096,144.89999999997835,1.088531802341635e-05
whfast,314.3417868189518,145.12499999997812,3.6251164878830704e-05
whfast,314.8291384264226,145.3499999999779,0.0009431055686715672
whfast,315.31649003389344,145.57499999997768,0.0016459333724410743
whfast,315.8038416413643,145.79999999997744,0.0002969380091671764
whfast,316.2911932488351,146.0249999999772,0.00012016005225185913
whfast,316.7785448563059,146.249999999977,0.00033636194386038
whfast,317.26589646377676,146.47499999997677,0.0016737080932557476
whfast,317.7532480712476,146.69999999997654,0.0008804682392872576
whfast,318.2405996787184,146.9249999999763,5.018456081552473e-05
whfast,318.72795128618924,147.1499999999761,6.86999816725145e-06
whfast,319.21530289366007,147.37499999997587,0.0011088979293298377
whfast,319.7026545011309,147.59999999997564,0.0015498938939463322
whfast,320.1900061086017,147.82499999997543,0.00020464384681151868
whfast,320.67735771607255,148.0499999999752,0.00011481674037493233
whfast,321.1647093235434,148.27499999997497,0.0004497388774888645
whfast,321.6520609310142,148.49999999997473,0.0017225248360766576
whfast,322.13941253848503,148.72499999997453,0.0007238272563851167
whfast,322.62676414595586,148.9499999999743,8.016449302705561e-05
whfast,323.1141157534267,149.17499999997406,6.055513481326172e-05
whfast,323.6014673608975,149.39999999997383,0.0012718994817405068
whfast,324.08881896836834,149.62499999997362,0.0014230194144898894
whfast,324.57617057583917,149.8499999999734,0.00012639861478896738
whfast,325.06352218331,150.07499999997316,0.00010164400277552762
whfast,325.5508737907808,150.29999999997293,0.000578800091255493
whfast,326.03822539825165,150.52499999997272,0.001738517917655824
whfast,326.5255770057225,150.7499999999725,0.0005797379397160654
whfast,327.0129286131933,150.97499999997225,0.00010150731533541573
whfast,327.50028022066414,151.19999999997202,0.00012589250410230876
whfast,327.98763182813497,151.42499999997182,0.0014219876989912182
whfast,328.4749834356058,151.64999999997158,0.001272988097860779
whfast,328.9623350430766,151.87499999997135,6.100457800056213e-05
whfast,329.44968665054745,152.09999999997112,8.033238164443775e-05
whfast,329.9370382580183,152.3249999999709,0.0007228040865815051
whfast,330.4243898654891,152.54999999997068,0.0017227133494750794
whfast,330.91174147295993,152.77499999997045,0.0004505895471466009
whfast,331.39909308043076,152.9999999999702,0.00011470947977125357
whfast,331.8864446879016,153.22499999997,0.00020407429911799055
whfast,332.3737962953724,153.44999999996978,0.0015489660063395883
whfast,332.86114790284324,153.67499999996954,0.0011099969823836957
whfast,333.34849951031407,153.89999999996934,7.269024251663552e-06
whfast,333.8358511177849,154.1249999999691,5.038705867954989e-05
whfast,334.3232027252557,154.34999999996887,0.0008793683578452549
whfast,334.81055433272655,154.57499999996864,0.0016740855445494655
whfast,335.2979059401974,154.79999999996843,0.0003371292792325603
whfast,335.7852575476682,155.0249999999682,0.00012008155191727746
whfast,336.27260915513904,155.24999999996797,0.0002962970508538152
whfast,336.75996076260986,155.47499999996774,0.001645146535905308
whfast,337.2473123700807,155.69999999996753,0.0009441770320381905
whfast,337.7346639775515,155.9249999999673,3.589662778719336e-05
whfast,338.22201558502235,156.14999999996706,1.1126406900534701e-05
whfast,338.7093671924932,156.37499999996683,0.0010438664576318932
whfast,339.196718799964,156.59999999996663,0.001591252408745977
whfast,339.68407040743483,156.8249999999664,0.0002390494585832986
whfast,340.17142201490566,157.04999999996616,0.0001177499314727527
whfast,340.6587736223765,157.27499999996593,0.0004035911757376777
whfast,341.1461252298473,157.49999999996572,0.0017072422194762155
whfast,341.63347683731814,157.7249999999655,0.0007837569937395089
whfast,342.12082844478897,157.94999999996526,6.942530525680283e-05
whfast,342.6081800522598,158.17499999996502,3.8314279874164405e-05
whfast,343.0955316597306,158.39999999996482,0.0012090680547844402
whfast,343.58288326720145,158.6249999999646,0.0014757440425134023
whfast,344.0702348746723,158.84999999996435,0.0001554536743024926
whfast,344.5575864821431,159.07499999996412,0.00010765944496281267
whfast,345.04493808961394,159.29999999996392,0.0005265439941250357
whfast,345.53228969708476,159.52499999996368,0.0017358444716502168
whfast,346.0196413045556,159.74999999996345,0.0006343732743321943
whfast,346.5069929120264,159.97499999996325,9.407216831922395e-05
whfast,346.99434451949725,160.199999999963,9.89668635591055e-05
whfast,347.4816961269681,160.42499999996278,0.0013654421081316054
whfast,347.9690477344389,160.64999999996255,0.001333639076832906
whfast,348.45639934190973,160.87499999996234,8.518401673456775e-05
whfast,348.94375094938056,161.0999999999621,8.957263434045708e-05
whfast,349.4311025568514,161.32499999996188,0.0006648883799775459
whfast,349.9184541643222,161.54999999996164,0.0017324779556114587
whfast,350.40580577179304,161.77499999996144,0.0004992273746258015
whfast,350.89315737926387,161.9999999999612,0.00011040670779349287
whfast,351.3805089867347,162.22499999996097,0.00017199078372189035
whfast,351.8678605942055,162.44999999996074,0.0015025356042847736
whfast,352.35521220167635,162.67499999996053,0.0011744627008363844
whfast,352.8425638091472,162.8999999999603,2.703084819374227e-05
whfast,353.329915416618,163.12499999996007,6.306733835986503e-05
whfast,353.81726702408884,163.34999999995983,0.0008169564329639498
whfast,354.30461863155966,163.57499999995963,0.0016968994799801166
whfast,354.7919702390305,163.7999999999594,0.0003796335336181174
whfast,355.2793218465013,164.02499999995916,0.0001188109665842805
whfast,355.76667345397215,164.24999999995893,0.0002585963481982833
whfast,356.254025061443,164.47499999995873,0.0016113764660284022
whfast,356.7413766689138,164.6999999999585,0.001008651131196577
whfast,357.22872827638463,164.92499999995826,2.0142929662626613e-05
whfast,357.71607988385546,165.14999999995806,2.7534534597376737e-05
whfast,358.2034314913263,165.37499999995782,0.000979061284148386
whfast,358.6907830987971,165.5999999999576,0.0016274853297105925
whfast,359.17813470626794,165.82499999995736,0.00027563235452168945
whfast,359.66548631373877,166.04999999995715,0.00011948299983221384
whfast,360.1528379212096,166.27499999995692,0.00035990593856162386
whfast,360.6401895286804,166.49999999995669,0.0016868626061066288
whfast,361.12754113615125,166.72499999995645,0.0008453181012633481
whfast,361.6148927436221,166.94999999995625,5.733520841153509e-05
whfast,362.1022443510929,167.17499999995601,1.7820416335870285e-05
whfast,362.58959595856373,167.39999999995578,0.0011450001088386702
whfast,363.07694756603456,167.62499999995555,0.0015242851099794151
whfast,363.5642991735054,167.84999999995534,0.0001865109116372576
whfast,364.0516507809762,168.0749999999551,0.00011243900840200485
whfast,364.53900238844705,168.29999999995488,0.0004767204037108999
whfast,365.0263539959179,168.52499999995464,0.0017283250233670886
whfast,365.5137056033887,168.74999999995444,0.0006911303812488505
whfast,366.0010572108595,168.9749999999542,8.537292923224362e-05
whfast,366.48840881833036,169.19999999995397,7.396672577282361e-05
whfast,366.9757604258012,169.42499999995374,0.0013060419675597467
whfast,367.463112033272,169.64999999995354,0.001391591770945666
whfast,367.95046364074284,169.8749999999533,0.00011118293060456275
whfast,368.43781524821367,170.09999999995307,9.751303624288704e-05
whfast,368.9251668556845,170.32499999995284,0.0006091632838065124
whfast,369.4125184631553,170.54999999995263,0.0017373400857935088
whfast,369.89987007062615,170.7749999999524,0.0005501881927025644
whfast,370.387221678097,170.99999999995217,0.00010489776526523643
whfast,370.8745732855678,171.22499999995196,0.00014201992736686956
whfast,371.36192489303863,171.44999999995173,0.0014518531744667092
whfast,371.84927650050946,171.6749999999515,0.0012378508059527236
whfast,372.3366281079803,171.89999999995126,4.844065822854252e-05
whfast,372.8239797154511,172.12499999995106,7.43551477963038e-05
whfast,373.31133132292194,172.34999999995082,0.0007561851564130279
whfast,373.7986829303928,172.5749999999506,0.0017145130078113783
whfast,374.2860345378636,172.79999999995036,0.0004244677802608145
whfast,374.7733861453344,173.02499999995015,0.00011636429912729249
whfast,375.26073775280526,173.24999999994992,0.0002231837751343375
whfast,375.7480893602761,173.4749999999497,0.0015725629370739918
whfast,376.2354409677469,173.69999999994945,0.0010734539142137891
whfast,376.72279257521774,173.92499999994925,2.891698525638239e-06
whfast,377.21014418268857,174.14999999994902,4.242899638965553e-05
whfast,377.6974957901594,174.37499999994878,0.0009149589264290256
whfast,378.1848473976302,174.59999999994855,0.0016584850243522293
whfast,378.67219900510105,174.82499999994835,0.0003144379155089556
whfast,379.1595506125719,175.0499999999481,0.00012004264122351236
whfast,379.6469022200427,175.27499999994788,0.0003186368924654307
whfast,380.13425382751353,175.49999999994765,0.0016613531531093253
whfast,380.62160543498436,175.72499999994744,0.0009082305287964549
whfast,381.1089570424552,175.9499999999472,4.3872559041790144e-05
whfast,381.596308649926,176.17499999994698,1.0118693239711167e-06
whfast,382.08366025739684,176.39999999994677,0.0010803017345229976
whfast,382.57101186486767,176.62499999994654,0.0015682429117592602
whfast,383.0583634723385,176.8499999999463,0.0002196271072028999
whfast,383.5457150798093,177.07499999994607,0.00011602015912720562
whfast,384.03306668728015,177.29999999994587,0.0004293397833282087
whfast,384.520418294751,177.52499999994563,0.0017159414508765962
whfast,385.0077699022218,177.7499999999454,0.0007498644259744617
whfast,385.49512150969264,177.97499999994517,7.539777482769172e-05
whfast,385.98247311716347,178.19999999994496,5.0798486296269906e-05
whfast,386.4698247246343,178.42499999994473,0.001244419603846643
whfast,386.9571763321051,178.6499999999445,0.0014462709537214212
whfast,387.44452793957595,178.87499999994427,0.000139058943945232
whfast,387.9318795470468,179.09999999994406,0.00010420202016041367
whfast,388.4192311545176,179.32499999994383,0.0005557311292203977
whfast,388.90658276198843,179.5499999999436,0.0017374260411782921
whfast,389.39393436945926,179.77499999994336,0.0006034256124085724
whfast,389.8812859769301,179.99999999994316,9.818118342864997e-05
whfast,390.3686375844009,180.22499999994292,0.00011406582607189039
whfast,390.85598919187174,180.4499999999427,0.0013974178960169236
whfast,391.34334079934257,180.67499999994246,0.0012995754461006526
whfast,391.8306924068134,180.89999999994225,7.155066409318752e-05
whfast,392.3180440142842,181.12499999994202,8.431002889781159e-05
whfast,392.80539562175505,181.3499999999418,0.0006972866858306207
whfast,393.2927472292259,181.57499999994155,0.0017270973193170061
whfast,393.7800988366967,181.79999999994135,0.00047164859221821134
whfast,394.26745044416754,182.02499999994112,0.0001127506130607683
whfast,394.75480205163836,182.24999999994088,0.00018996999906007586
whfast,395.2421536591092,182.47499999994068,0.001528939907016311
whfast,395.72950526658,182.69999999994045,0.001138107454476716
whfast,396.21685687405085,182.9249999999402,1.5900195239951563e-05
whfast,396.7042084815217,183.14999999993998,5.588057228865304e-05
whfast,397.1915600889925,183.37499999993977,0.0008519480521191864
whfast,397.67891169646333,183.59999999993954,0.0016842471562548353
whfast,398.16626330393416,183.8249999999393,0.000355517597019861
whfast,398.653614911405,184.04999999993908,0.00011944831387411836
whfast,399.1409665188758,184.27499999993887,0.0002797167011000583
whfast,399.62831812634664,184.49999999993864,0.0016306956679711182
whfast,400.11566973381747,184.7249999999384,0.0009721696267394603
whfast,400.6030213412883,184.94999999993817,2.900415246969026e-05
whfast,401.0903729487591,185.17499999993797,1.8264214295730527e-05
whfast,401.57772455622995,185.39999999993773,0.0010155082165076758
whfast,402.0650761637008,185.6249999999375,0.001607317655876569
whfast,402.5524277711716,185.84999999993727,0.0002548689881713236
whfast,403.03977937864244,186.07499999993706,0.00011843277276311394
whfast,403.52713098611326,186.29999999993683,0.0003843803956750203
whfast,404.0144825935841,186.5249999999366,0.0016986072369060922
whfast,404.5018342010549,186.74999999993636,0.0008103951877463739
whfast,404.98918580852575,186.97499999993616,6.412398240925167e-05
whfast,405.4765374159966,187.19999999993593,2.9372386592791853e-05
whfast,405.9638890234674,187.4249999999357,0.0011811827939724035
whfast,406.45124063093823,187.64999999993546,0.0014971442099885705
whfast,406.93859223840906,187.87499999993526,0.00016888148734138078
whfast,407.4259438458799,188.09999999993502,0.00010967998894032392
whfast,407.9132954533507,188.3249999999348,0.0005046479201425026
whfast,408.40064706082154,188.54999999993458,0.001732771680853434
whfast,408.88799866829237,188.77499999993435,0.0006588710133572486
whfast,409.3753502757632,188.99999999993412,9.02452308304982e-05
whfast,409.862701883234,189.22499999993389,8.803450904443427e-05
whfast,410.35005349070485,189.44999999993368,0.0013397676906618306
whfast,410.8374050981757,189.67499999993345,0.001359032582063501
whfast,411.3247567056465,189.89999999993321,9.642517954731675e-05
whfast,411.81210831311734,190.12499999993298,9.298313800250432e-05
whfast,412.29945992058816,190.34999999993278,0.0006404325986083066
whfast,412.786811528059,190.57499999993254,0.001734802091524396
whfast,413.2741631355298,190.7999999999323,0.0005211820612513163
whfast,413.76151474300065,191.02499999993208,0.00010796892998886911
whfast,414.2488663504715,191.24999999993187,0.00015886422820861662
whfast,414.7362179579423,191.47499999993164,0.001480818513591922
whfast,415.22356956541313,191.6999999999314,0.001202079928442558
whfast,415.71092117288396,191.92499999993117,3.6288221391109854e-05
whfast,416.1982727803548,192.14999999993097,6.795162206293285e-05
whfast,416.6856243878256,192.37499999993074,0.0007903488865566903
whfast,417.17297599529644,192.5999999999305,0.0017048347086407495
whfast,417.66032760276727,192.82499999993027,0.00039892105291363566
whfast,418.1476792102381,193.04999999993007,0.00011770958558681387
whfast,418.6350308177089,193.27499999992983,0.00024307094491304564
whfast,419.12238242517975,193.4999999999296,0.0015949208307539284
whfast,419.6097340326506,193.7249999999294,0.0010367478171074214
whfast,420.0970856401214,193.94999999992916,1.2684734034294472e-05
whfast,420.58443724759223,194.17499999992893,3.400922466776533e-05
whfast,421.07178885506306,194.3999999999287,0.0009510956855896255
whfast,421.5591404625339,194.6249999999285,0.0016413045045925228
whfast,422.0464920700047,194.84999999992826,0.0002923071237420624
whfast,422.53384367747555,195.07499999992802,0.00011969688912291916
whfast,423.0211952849464,195.2999999999278,0.0003418045946551063
whfast,423.5085468924172,195.5249999999276,0.0016762015148884268
whfast,423.995898499888,195.74999999992735,0.0008724880427131163
whfast,424.48325010735886,195.97499999992712,5.151778008547445e-05
whfast,424.9706017148297,196.1999999999269,9.60730747479601e-06
whfast,425.4579533223005,196.42499999992668,0.0011169176028645493
whfast,425.94530492977134,196.64999999992645,0.0015437333080806199
whfast,426.43265653724217,196.87499999992622,0.00020072684306735839
whfast,426.920008144713,197.09999999992598,0.00011397751658096734
whfast,427.4073597521838,197.32499999992578,0.00045594175875018737
whfast,427.89471135965465,197.54999999992555,0.001723322888121135
whfast,428.3820629671255,197.7749999999253,0.0007164163354154031
whfast,428.8694145745963,197.99999999992508,8.1067666879358e-05
whfast,429.35676618206713,198.22499999992488,6.383905851645474e-05
whfast,429.84411778953796,198.44999999992464,0.0012794793782266193
whfast,430.3314693970088,198.6749999999244,0.0014156094644820105
whfast,430.8188210044796,198.89999999992418,0.00012313698751111212
whfast,431.30617261195044,199.12499999992397,0.00010041609363619412
whfast,431.7935242194213,199.34999999992374,0.0005857530740783733
whfast,432.2808758268921,199.5749999999235,0.0017377250090831985
whfast,432.7682274343629,199.7999999999233,0.0005730495203819973
whfast,433.25557904183376,200.02499999992307,0.00010200822595682541
whfast,433.7429306493046,200.24999999992284,0.0001297800781934878
whfast,434.2302822567754,200.4749999999226,0.001428602875432922
whfast,434.71763386424624,200.6999999999224,0.0012647844061934158
whfast,435.20498547171707,200.92499999992216,5.8337472193557876e-05
whfast,435.6923370791879,201.14999999992193,7.869487358624218e-05
whfast,436.1796886866587,201.3749999999217,0.0007304300670661836
whfast,436.66704029412955,201.5999999999215,0.0017203527037387492
whfast,437.1543919016004,201.82499999992126,0.00044468488968337855
whfast,437.6417435090712,202.04999999992103,0.000114826391075971
whfast,438.12909511654203,202.2749999999208,0.00020862472302060077
whfast,438.61644672401286,202.4999999999206,0.0015541520194341473
whfast,439.1037983314837,202.72499999992036,0.0011015053873458293
whfast,439.5911499389545,202.94999999992012,5.14020145482251e-06
whfast,440.07850154642534,203.1749999999199,4.830976947609672e-05
whfast,440.56585315389617,203.3999999999197,0.0008874921344825567
whfast,441.053204761367,203.62499999991945,0.0016700984015082534
whfast,441.5405563688378,203.84999999991922,0.00033200716178638994
whfast,442.02790797630865,204.074999999919,0.00011982324100346388
whfast,442.5152595837795,204.29999999991878,0.0003015663658074086
whfast,443.0026111912503,204.52499999991855,0.0016486253876079957
whfast,443.48996279872114,204.74999999991832,0.0009358412178425634
whfast,443.97731440619197,204.9749999999181,3.7536420657285997e-05
whfast,444.4646660136628,205.19999999991788,8.569321576955267e-06
whfast,444.9520176211336,205.42499999991765,0.0010521894933278211
whfast,445.43936922860445,205.6499999999174,0.0015856427850606208
whfast,445.9267208360753,205.8749999999172,0.00023467145941931053
whfast,446.4140724435461,206.09999999991697,0.00011711636860167705
whfast,446.90142405101693,206.32499999991674,0.0004096211391836195
whfast,447.38877565848776,206.5499999999165,0.00170896735296785
whfast,447.8761272659586,206.7749999999163,0.0007759014087409804
whfast,448.3634788734294,206.99999999991607,7.061751180530921e-05
whfast,448.85083048090024,207.22499999991584,4.13995502146658e-05
whfast,449.33818208837107,207.4499999999156,0.0012171638746512443
whfast,449.8255336958419,207.6749999999154,0.0014687151881980878
whfast,450.3128853033127,207.89999999991517,0.00015176288736616576
whfast,450.80023691078355,208.12499999991493,0.00010664219516064836
whfast,451.2875885182544,208.3499999999147,0.0005333447415068349
whfast,451.7749401257252,208.5749999999145,0.0017359038532751303
whfast,452.26229173319604,208.79999999991426,0.0006271969123529347
whfast,452.74964334066686,209.02499999991403,9.484905076881629e-05
whfast,453.2369949481377,209.2499999999138,0.00010263530934613319
whfast,453.7243465556085,209.4749999999136,0.0013727947225833427
whfast,454.21169816307935,209.69999999991336,0.0013255991422130285
whfast,454.6990497705502,209.92499999991313,8.211871482626014e-05
whfast,455.186401378021,210.1499999999129,8.815451862469477e-05
whfast,455.67375298549183,210.3749999999127,0.0006724141627472978
whfast,456.16110459296266,210.59999999991246,0.0017309285323205258
whfast,456.6484562004335,210.82499999991222,0.0004928245395233305
whfast,457.1358078079043,211.04999999991202,0.00011079052418163572
whfast,457.62315941537514,211.27499999991178,0.00017630229942469422
whfast,458.11051102284597,211.49999999991155,0.0015086364412487487
whfast,458.5978626303168,211.72499999991132,0.001165919314708202
whfast,459.0852142377876,211.9499999999111,2.4531582763163314e-05
whfast,459.57256584525845,212.17499999991088,6.122115121802556e-05
whfast,460.0599174527293,212.39999999991065,0.0008250765156411329
whfast,460.5472690602001,212.62499999991041,0.0016936986827364117
whfast,461.03462066767094,212.8499999999102,0.0003740238754281384
whfast,461.52197227514176,213.07499999990998,0.00011881478529900737
whfast,462.0093238826126,213.29999999990974,0.0002636110020747494
whfast,462.4966754900834,213.5249999999095,0.0016158562364389432
whfast,462.98402709755425,213.7499999999093,0.0010000870356855643
whfast,463.4713787050251,213.97499999990907,2.2130130826715963e-05
whfast,463.9587303124959,214.19999999990884,2.522370560914488e-05
whfast,464.44608191996673,214.4249999999086,0.0009875311812645832
whfast,464.93343352743756,214.6499999999084,0.0016225934520694215
whfast,465.4207851349084,214.87499999990817,0.00027078855575226387
whfast,465.9081367423792,215.09999999990794,0.00011911113748247329
whfast,466.39548834985004,215.3249999999077,0.00036567435339899206
whfast,466.88283995732087,215.5499999999075,0.0016895784032618603
whfast,467.3701915647917,215.77499999990727,0.0008371121420350421
whfast,467.8575431722625,215.99999999990703,5.885648028208177e-05
whfast,468.34489477973335,216.2249999999068,2.0640718874391925e-05
whfast,468.8322463872042,216.4499999999066,0.0011534445737898082
whfast,469.319597994675,216.67499999990636,0.0015178241102357728
whfast,469.80694960214583,216.89999999990613,0.00018238140803375906
whfast,470.29430120961666,217.12499999990592,0.0001116873474373649
whfast,470.7816528170875,217.3499999999057,0.00048326915027352055
whfast,471.2690044245583,217.57499999990546,0.0017293192527359953
whfast,471.75635603202915,217.79999999990522,0.0006835327313614989
whfast,472.2437076395,218.02499999990502,8.646451868752445e-05
whfast,472.7310592469708,218.2499999999048,7.734931523711803e-05
whfast,473.21841085444163,218.47499999990455,0.0013139732848800162
whfast,473.70576246191246,218.69999999990432,0.0013839040438644336
whfast,474.1931140693833,218.92499999990412,0.00010770696623199294
whfast,474.6804656768541,219.14999999990388,9.636770248147328e-05
whfast,475.16781728432494,219.37499999990365,0.0006164738637067523
whfast,475.65516889179577,219.59999999990342,0.0017366863826758841
whfast,476.1425204992666,219.8249999999032,0.0005433329527858914
whfast,476.6298721067374,220.04999999990298,0.00010558629605982575
whfast,477.11722371420825,220.27499999990275,0.00014602462649878433
whfast,477.6045753216791,220.4999999999025,0.0014587459536686007
whfast,478.0919269291499,220.7249999999023,0.001229426561590242
whfast,478.57927853662073,220.94999999990208,4.555645614311435e-05
whfast,479.06663014409156,221.17499999990184,7.279250691068779e-05
whfast,479.5539817515624,221.3999999999016,0.000764167613440836
whfast,480.0413333590332,221.6249999999014,0.0017121948792763258
whfast,480.52868496650404,221.84999999990117,0.00041840136806577224
whfast,481.0160365739749,222.07499999990094,0.00011666725778300157
whfast,481.5033881814457,222.29999999990073,0.00022787276028498168
whfast,481.9907397889165,222.5249999999005,0.0015779778499801262
whfast,482.47809139638736,222.74999999990027,0.0010648044882968406
whfast,482.9654430038582,222.97499999990004,5.241853333375523e-06
whfast,483.452794611329,223.19999999989983,4.0416649143456233e-05
whfast,483.94014621879984,223.4249999998996,0.0009234205764761923
whfast,484.42749782627067,223.64999999989936,0.0016544380940641565
whfast,484.9148494337415,223.87499999989913,0.00030914957736879735
whfast,485.4022010412123,224.09999999989893,0.00011996898277536792
whfast,485.88955264868315,224.3249999998987,0.00032406715531863104
whfast,486.376904256154,224.54999999989846,0.0016650509104463467
whfast,486.8642558636248,224.77499999989823,0.0008997870438910832
whfast,487.35160747109563,224.99999999989802,4.573830024176196e-05
whfast,487.83895907856646,225.2249999998978,1.4912769582575326e-06
whfast,488.3263106860373,225.44999999989756,0.00108892244431396
whfast,488.8136622935081,225.67499999989732,0.0015625111728897315
whfast,489.30101390097894,225.89999999989712,0.00021507430030888225
whfast,489.7883655084498,226.1249999998969,0.00011556950682342996
whfast,490.2757171159206,226.34999999989665,0.0004355508242789014
whfast,490.7630687233914,226.57499999989642,0.0017178975940288126
whfast,491.25042033086226,226.79999999989622,0.0007419318839017438
whfast,491.7377719383331,227.02499999989598,7.681927077034186e-05
whfast,492.2251235458039,227.24999999989575,5.384297821535387e-05
whfast,492.71247515327474,227.47499999989552,0.0012527542791138755
whfast,493.19982676074557,227.6999999998953,0.001439115392796568
whfast,493.6871783682164,227.92499999989508,0.00013518379648761825
whfast,494.1745299756872,228.14999999989485,0.00010336403268314836
whfast,494.66188158315805,228.37499999989464,0.0005627279633383773
whfast,495.1492331906289,228.5999999998944,0.0017377107175118953
whfast,495.6365847980997,228.82499999989417,0.0005961837755849879
whfast,496.12393640557053,229.04999999989394,9.918937085040888e-05
whfast,496.61128801304136,229.27499999989374,0.00011771003158872764
whfast,497.0986396205122,229.4999999998935,0.0014049482888627031
whfast,497.585991227983,229.72499999989327,0.00129144741009922
whfast,498.07334283545384,229.94999999989304,6.829055094481692e-05
whfast,498.56069444292467,230.17499999989283,8.306541344119345e-05
whfast,499.0480460503955,230.3999999998926,0.00070501496182879
whfast,499.5353976578663,230.62499999989237,0.0017257232844691893
whfast,500.02274926533715,230.84999999989213,0.00046517693038524766
whfast,500.510100872808,231.07499999989193,0.00011336758587185385
whfast,500.9974524802788,231.2999999998917,0.00019427652400059268
whfast,501.48480408774964,231.52499999989146,0.001535180772701294
whfast,501.97215569522047,231.74999999989123,0.0011295310083395806
whfast,502.4595073026913,231.97499999989103,1.3195352591382479e-05
whfast,502.9468589101621,232.1999999998908,5.420148650464269e-05
whfast,503.43421051763295,232.42499999989056,0.0008602625854181844
whfast,503.9215621251038,232.64999999989033,0.0016811438124851679
whfast,504.4089137325746,232.87499999989012,0.00034982738579255056
whfast,504.89626534004543,233.0999999998899,0.00011968720819644962
whfast,505.38361694751626,233.32499999988966,0.000284746230982666
whfast,505.8709685549871,233.54999999988945,0.0016353213891526983
whfast,506.3583201624579,233.77499999988922,0.0009636214708721042
whfast,506.84567176992874,233.99999999988898,3.120611138741223e-05
whfast,507.33302337739957,234.22499999988875,1.6113150426195066e-05
whfast,507.8203749848704,234.44999999988855,0.0010241444840139245
whfast,508.3077265923412,234.6749999998883,0.001602460578152832
whfast,508.79507819981205,234.89999999988808,0.00024992987228546546
whfast,509.2824298072829,235.12499999988785,0.00011829667817202993
whfast,509.7697814147537,235.34999999988764,0.00039018250211194386
whfast,510.25713302222454,235.5749999998874,0.0017015141235764784
whfast,510.74448462969536,235.79999999988718,0.0008022362119112072
whfast,511.2318362371662,236.02499999988694,6.586702361259163e-05
whfast,511.719187844637,236.24999999988674,3.204281126451115e-05
whfast,512.2065394521079,236.47499999988653,0.0011897474867626167
whfast,512.6938910595787,236.6999999998863,0.0014907019474449
whfast,513.1812426670496,236.92499999988607,0.00016464063829698644
whfast,513.6685942745204,237.14999999988586,0.00010916278926705079
whfast,514.1559458819912,237.37499999988563,0.0005112466022385048
whfast,514.643297489462,237.5999999998854,0.001734006884686331
whfast,515.1306490969329,237.82499999988516,0.0006513313561133311
whfast,515.6180007044037,238.04999999988496,9.156451838638368e-05
whfast,516.1053523118745,238.27499999988473,9.127982421045786e-05
whfast,516.5927039193454,238.4999999998845,0.0013477679863749645
whfast,517.0800555268162,238.72499999988426,0.0013513945213118022
whfast,517.567407134287,238.94999999988406,9.282119440622968e-05
whfast,518.0547587417578,239.17499999988382,9.207040239596677e-05
whfast,518.5421103492287,239.3999999998836,0.0006478029430934168
whfast,519.0294619566995,239.62499999988336,0.001734404352690181
whfast,519.5168135641703,239.84999999988315,0.0005143805441796737
whfast,520.0041651716411,240.07499999988292,0.00010889096242295044
whfast,520.491516779112,240.2999999998827,0.0001627454989740029
whfast,520.9788683865828,240.52499999988245,0.0014877469370892366
whfast,521.4662199940536,240.74999999988225,0.0011937610996937533
whfast,521.9535716015245,240.97499999988202,3.3260804491626795e-05
whfast,522.4409232089953,241.19999999988178,6.661990636537432e-05
whfast,522.9282748164661,241.42499999988158,0.0007983876419335187
whfast,523.4156264239369,241.64999999988135,0.0017027448820051418
whfast,523.9029780314078,241.8749999998811,0.00039289556903336685
whfast,524.3903296388786,242.09999999988088,0.00011825095364561795
whfast,524.8776812463494,242.32499999988067,0.000247650254776627
whfast,525.3650328538203,242.54999999988044,0.001600381029575307
whfast,525.8523844612911,242.7749999998802,0.0010282587557182115
whfast,526.3397360687619,242.99999999987998,1.5190460105812286e-05
whfast,526.8270876762327,243.22499999987977,3.222488455482158e-05
whfast,527.3144392837036,243.44999999987954,0.0009595918595280995
whfast,527.8017908911744,243.6749999998793,0.0016374469022221929
whfast,528.2891424986452,243.89999999987907,0.000287042650654719
whfast,528.776494106116,244.12499999987887,0.00011986456921717874
whfast,529.2638457135869,244.34999999987863,0.0003471384802067213
whfast,529.7511973210577,244.5749999998784,0.0016800066401222561
whfast,530.2385489285285,244.79999999987817,0.0008642428172172394
whfast,530.7259005359994,245.02499999987796,5.354924984689649e-05
whfast,531.2132521434702,245.24999999987773,1.1887297991606768e-05
whfast,531.700603750941,245.4749999998775,0.0011255334432651927
whfast,532.1879553584118,245.69999999987726,0.0015381807183052591
whfast,532.6753069658827,245.92499999987706,0.00019617824183492506
whfast,533.1626585733535,246.14999999987683,0.00011377016288788771
whfast,533.6500101808243,246.3749999998766,0.00046206773495533285
whfast,534.1373617882952,246.59999999987636,0.0017254786668737395
whfast,534.624713395766,246.82499999987616,0.000708699067225072
whfast,535.1120650032368,247.04999999987592,8.266423707403223e-05
whfast,535.5994166107076,247.2749999998757,6.666609406322681e-05
whfast,536.0867682181785,247.49999999987548,0.0012877604261474966
whfast,536.5741198256493,247.72499999987525,0.0014086664576534107
whfast,537.0614714331201,247.94999999987502,0.00011924642338971373
whfast,537.548823040591,248.17499999987479,9.982404654875817e-05
whfast,538.0361746480618,248.39999999987458,0.0005926690870634378
whfast,538.5235262555326,248.62499999987435,0.0017382868621175528
whfast,539.0108778630034,248.84999999987411,0.0005660234235510992
whfast,539.4982294704743,249.07499999987388,0.00010319990215133871
whfast,539.9855810779451,249.29999999987368,0.00013321184341140343
whfast,540.4729326854159,249.52499999987344,0.0014360404034102587
whfast,540.9602842928867,249.7499999998732,0.0012569307476534121
whfast,541.4476359003576,249.97499999987298,5.504489632052391e-05
whfast,541.9349875078284,250.19999999987277,7.769874259407091e-05
whfast,542.4223391152992,250.42499999987254,0.0007380685091443666
whfast,542.90969072277,250.6499999998723,0.001719288640360788
whfast,543.3970423302409,250.87499999987207,0.00043841864052485954
whfast,543.8843939377117,251.09999999987187,0.00011563317608126657
whfast,544.3717455451825,251.32499999987164,0.00021272294669256068
whfast,544.8590971526534,251.5499999998714,0.0015602977915247914
whfast,545.3464487601242,251.77499999987117,0.0010932674683681663
whfast,545.833800367595,251.99999999987097,2.3887494436818683e-06
whfast,546.3211519750658,252.22499999987073,4.6880553988798674e-05
whfast,546.8085035825367,252.4499999998705,0.0008956907406518333
whfast,547.2958551900075,252.6749999998703,0.0016673069218393801
whfast,547.7832067974783,252.89999999987006,0.0003265047027376592
whfast,548.2705584049492,253.12499999986983,0.0001202564972998835
whfast,548.75791001242,253.3499999998696,0.00030639070544076735
whfast,549.2452616198908,253.5749999998694,0.0016532123063294293
whfast,549.7326132273616,253.79999999986916,0.0009276793596804983
whfast,550.2199648348325,254.02499999986892,3.97975014691618e-05
whfast,550.7073164423033,254.2499999998687,6.669050158748531e-06
whfast,551.1946680497741,254.4749999998685,0.0010606651479399861
whfast,551.682019657245,254.69999999986825,0.0015811087659848796
whfast,552.1693712647158,254.92499999986802,0.0002298987222993545
whfast,552.6567228721866,255.1499999998678,0.0001171794999273216
whfast,553.1440744796574,255.37499999986758,0.00041521717464807845
whfast,553.6314260871283,255.59999999986735,0.0017119429306208806
whfast,554.1187776945991,255.82499999986712,0.0007681545533090607
whfast,554.6061293020699,256.0499999998669,7.243100168713364e-05
whfast,555.0934809095407,256.2749999998667,4.381696676506449e-05
whfast,555.5808325170116,256.4999999998664,0.001225508423546509
whfast,556.0681841244824,256.7249999998662,0.0014626413396884954
whfast,556.5555357319532,256.949999999866,0.00014766753386124336
whfast,557.042887339424,257.17499999986575,0.00010632956764587627
whfast,557.5302389468949,257.39999999986554,0.0005397270369863097
whfast,558.0175905543657,257.62499999986534,0.0017373250902076552
whfast,558.5049421618365,257.8499999998651,0.0006200759088590943
whfast,558.9922937693074,258.0749999998649,9.624784305445871e-05
whfast,559.4796453767782,258.29999999986467,0.00010562348657129461
whfast,559.966996984249,258.5249999998644,0.0013805152796521518
whfast,560.4543485917198,258.7499999998642,0.001318402268121779
whfast,560.9417001991907,258.97499999986394,7.864181328670107e-05
whfast,561.4290518066615,259.19999999986373,8.745090071924582e-05
whfast,561.9164034141323,259.42499999986353,0.0006795440579229167
whfast,562.4037550216032,259.64999999986327,0.0017308009545407605
whfast,562.891106629074,259.87499999986306,0.00048643301384905833
whfast,563.3784582365448,260.09999999986286,0.00011179840559086096
whfast,563.8658098440156,260.3249999998626,0.00017992076986293883
whfast,564.3531614514865,260.5499999998624,0.0015152534125064392
whfast,564.8405130589573,260.77499999986213,0.001158118239854801
whfast,565.3278646664281,260.9999999998619,2.1614919602660056e-05
whfast,565.815216273899,261.2249999998617,6.010247519467223e-05
whfast,566.3025678813698,261.44999999986146,0.0008328331260662727
whfast,566.7899194888406,261.67499999986126,0.001691925572426971
whfast,567.2772710963114,261.89999999986105,0.00036838916904275966
whfast,567.7646227037823,262.1249999998608,0.00011944754749990668
whfast,568.2519743112531,262.3499999998606,0.0002679189975146341
whfast,568.7393259187239,262.5749999998603,0.0016210303646760225
whfast,569.2266775261947,262.7999999998601,0.0009921764060417215
whfast,569.7140291336656,263.0249999998599,2.4540000196119182e-05
whfast,570.2013807411364,263.24999999985965,2.365740389886115e-05
whfast,570.6887323486072,263.47499999985945,0.0009956819269809005
whfast,571.1760839560781,263.69999999985924,0.001619093140248379
whfast,571.6634355635489,263.924999999859,0.000265891240233369
whfast,572.1507871710197,264.1499999998588,0.00011937609700818168
whfast,572.6381387784905,264.3749999998586,0.00037072118033147227
whfast,573.1254903859614,264.5999999998583,0.0016931862929196744
whfast,573.6128419934322,264.8249999998581,0.0008294819897882931
whfast,574.100193600903,265.04999999985785,6.080458539069697e-05
whfast,574.5875452083739,265.27499999985764,2.2695417525185868e-05
whfast,575.0748968158447,265.49999999985744,0.0011616303796262604
whfast,575.5622484233155,265.7249999998572,0.0015126930660306628
whfast,576.0496000307863,265.94999999985697,0.000178176398734024
whfast,576.5369516382572,266.17499999985677,0.00011158227069736345
whfast,577.024303245728,266.3999999998565,0.0004890810122122477
whfast,577.5116548531988,266.6249999998563,0.0017313999904937955
whfast,577.9990064606696,266.84999999985604,0.0006764428691342036
whfast,578.4863580681405,267.07499999985583,8.798669172522238e-05
whfast,578.9737096756113,267.29999999985563,7.994198772292592e-05
whfast,579.4610612830821,267.52499999985537,0.0013217301388140032
whfast,579.948412890553,267.74999999985516,0.0013774722757593958
whfast,580.4357644980238,267.97499999985496,0.00010413788793826812
whfast,580.9231161054946,268.1999999998547,9.588157366019401e-05
whfast,581.4104677129654,268.4249999998545,0.0006230341048172033
whfast,581.8978193204363,268.64999999985423,0.0017372839896968345
whfast,582.3851709279071,268.874999999854,0.0005369259578035085
whfast,582.8725225353779,269.0999999998538,0.00010671019706969638
whfast,583.3598741428488,269.32499999985356,0.00014921102473420132
whfast,583.8472257503196,269.54999999985336,0.0014655819501116674
whfast,584.3345773577904,269.77499999985315,0.0012221800133439234
whfast,584.8219289652612,269.9999999998529,4.256458953406742e-05
whfast,585.3092805727321,270.2249999998527,7.19058863085021e-05
whfast,585.7966321802029,270.4499999998525,0.0007713887782650195
whfast,586.2839837876737,270.6749999998522,0.0017112458336635465
whfast,586.7713353951445,270.899999999852,0.0004127326799243015
whfast,587.2586870026154,271.12499999985175,0.00011741239917022535
whfast,587.7460386100862,271.34999999985155,0.00023170956184332214
whfast,588.233390217557,271.57499999985134,0.0015834937266681792
whfast,588.7207418250279,271.7999999998511,0.0010572546835925605
whfast,589.2080934324987,272.0249999998509,7.711063549917928e-06
whfast,589.6954450399695,272.2499999998507,3.9102050605659216e-05
whfast,590.1827966474403,272.4749999998504,0.0009311144235911277
whfast,590.6701482549112,272.6999999998502,0.0016518276273745673
whfast,591.157499862382,272.92499999984994,0.0003042174141290154
whfast,591.6448514698528,273.14999999984974,0.00012034545000299914
whfast,592.1322030773237,273.37499999984954,0.00032860507959543093
whfast,592.6195546847945,273.5999999998493,0.0016690460453209746
whfast,593.1069062922653,273.82499999984907,0.0008923668575481356
whfast,593.5942578997361,274.04999999984886,4.773157437200353e-05
whfast,594.081609507207,274.2749999998486,3.2705436428959643e-06
whfast,594.5689611146778,274.4999999998484,0.001096778037604197
whfast,595.0563127221486,274.72499999984814,0.001558241282602875
whfast,595.5436643296194,274.94999999984793,0.00021084312556987253
whfast,596.0310159370903,275.1749999998477,0.00011557830770202443
whfast,596.0851661156981,275.1999999998477,0.00010152964550572443
whfast_hj,0.0,0.0,2.220446049250313e-16
whfast_hj,0.48735160747131645,0.22499999999999995,9.972590604936884e-10
whfast_hj,0.9747032149426328,0.44999999999999984,7.679966574071247e-11
whfast_hj,1.46205482241395,0.6750000000000002,7.190041912955113e-10
whfast_hj,1.9494064298852674,0.9000000000000006,6.731164932240873e-11
whfast_hj,2.436758037356583,1.125,3.809269799237771e-10
whfast_hj,2.9241096448278983,1.3499999999999996,1.1316779418350184e-10
whfast_hj,3.4114612522992136,1.574999999999999,9.246447754265391e-10
whfast_hj,3.898812859770529,1.7999999999999985,3.6534664929788274e-10
whfast_hj,4.386164467241844,2.0249999999999977,3.5285140836595e-11
whfast_hj,4.87351607471316,2.2499999999999973,7.44959590688204e-10
whfast_hj,5.360867682184475,2.474999999999997,2.0222605177866565e-10
whfast_hj,5.84821928965579,2.699999999999996,7.818731146751531e-10
whfast_hj,6.335570897127106,2.924999999999996,8.312591477113232e-11
whfast_hj,6.822922504598421,3.149999999999995,5.388190747784396e-10
whfast_hj,7.310274112069736,3.3749999999999947,2.5124549079588445e-10
whfast_hj,7.797625719541052,3.599999999999994,7.575087774313476e-10
whfast_hj,8.284977327012372,3.8249999999999957,3.7952354062771723e-10
whfast_hj,8.772328934483696,4.049999999999999,3.2451849153891915e-10
whfast_hj,9.259680541955019,4.275000000000002,6.353561217856781e-10
whfast_hj,9.747032149426342,4.500000000000005,1.6361493114773376e-10
whfast_hj,10.234383756897666,4.7250000000000085,5.993523820299353e-10
whfast_hj,10.721735364368989,4.950000000000012,1.8327648292491633e-10
whfast_hj,11.209086971840312,5.175000000000015,8.272588452768513e-10
whfast_hj,11.696438579311636,5.400000000000018,2.767543952983041e-10
whfast_hj,12.183790186782959,5.625000000000021,6.332259408065141e-10
whfast_hj,12.671141794254282,5.8500000000000245,8.732045605414642e-11
whfast_hj,13.158493401725606,6.075000000000028,4.2411077143894604e-10
whfast_hj,13.645845009196929,6.30000000000003,7.5506526968078e-10
whfast_hj,14.133196616668252,6.525000000000033,4.0788987671515227e-10
whfast_hj,14.620548224139576,6.750000000000036,2.8978315691029344e-10
whfast_hj,15.107899831610899,6.97500000000004,5.06147421890001e-11
whfast_hj,15.595251439082222,7.200000000000043,9.851986092288415e-10
whfast_hj,16.082603046553544,7.425000000000045,8.611973765241651e-11
whfast_hj,16.56995465402485,7.650000000000041,7.151340034434251e-10
whfast_hj,17.05730626149616,7.875000000000036,5.0815766674172456e-11
whfast_hj,17.544657868967466,8.100000000000033,2.9609074543998e-10
whfast_hj,18.032009476438773,8.325000000000028,4.6262451818423327e-10
whfast_hj,18.51936108391008,8.550000000000024,8.183487954585326e-10
whfast_hj,19.006712691381388,8.77500000000002,3.464033571580164e-10
whfast_hj,19.494064298852695,9.000000000000016,1.1508151335415952e-10
whfast_hj,19.981415906324003,9.225000000000012,8.492524507229489e-10
whfast_hj,20.46876751379531,9.450000000000006,5.846555412933049e-11
whfast_hj,20.956119121266617,9.675000000000002,8.331011087746156e-10
whfast_hj,21.443470728737925,9.899999999999999,4.764025837211224e-11
whfast_hj,21.930822336209232,10.124999999999995,3.680580200544311e-10
whfast_hj,22.41817394368054,10.34999999999999,3.903607112490385e-12
whfast_hj,22.905525551151847,10.574999999999985,7.868910929632529e-10
whfast_hj,23.392877158623154,10.799999999999981,4.906646347906671e-10
whfast_hj,23.88022876609446,11.024999999999977,1.423786027495765e-10
whfast_hj,24.36758037356577,11.249999999999973,6.860212473266581e-10
whfast_hj,24.854931981037076,11.47499999999997,2.320467194368877e-11
whfast_hj,25.342283588508383,11.699999999999966,7.527427159031474e-10
whfast_hj,25.82963519597969,11.92499999999996,1.786422323882594e-10
whfast_hj,26.316986803450998,12.149999999999956,6.451067423415741e-10
whfast_hj,26.804338410922306,12.374999999999952,2.0727388686793878e-10
whfast_hj,27.291690018393613,12.599999999999948,6.37274590901977e-10
whfast_hj,27.77904162586492,12.824999999999944,2.4085345793751025e-10
whfast_hj,28.266393233336228,13.049999999999939,3.735596445933549e-10
whfast_hj,28.753744840807535,13.274999999999935,8.565551528644676e-10
whfast_hj,29.241096448278842,13.49999999999993,1.310498127543907e-10
whfast_hj,29.72844805575015,13.724999999999927,4.4375586804730015e-10
whfast_hj,30.215799663221457,13.949999999999923,1.1373524304670988e-10
whfast_hj,30.703151270692764,14.174999999999917,8.903505071788824e-10
whfast_hj,31.19050287816407,14.399999999999913,1.4713448582283139e-10
whfast_hj,31.67785448563538,14.62499999999991,6.868000687708997e-10
whfast_hj,32.1652060931067,14.84999999999991,9.79082545293045e-12
whfast_hj,32.652557700578036,15.074999999999921,2.491970767381155e-10
whfast_hj,33.139909308049376,15.299999999999931,7.790479148641316e-10
whfast_hj,33.627260915520715,15.524999999999942,6.000017674554541e-10
whfast_hj,34.114612522992054,15.749999999999952,3.4434578249079657e-10
whfast_hj,34.601964130463394,15.974999999999962,1.1216572529412368e-10
whfast_hj,35.08931573793473,16.199999999999974,8.803143809617668e-10
whfast_hj,35.57666734540607,16.424999999999983,4.0215245130332587e-11
whfast_hj,36.06401895287741,16.649999999999995,8.409722776248369e-10
whfast_hj,36.55137056034875,16.875000000000004,3.464135356129619e-11
whfast_hj,37.03872216782009,17.100000000000016,2.2396824938761106e-10
whfast_hj,37.52607377529143,17.325000000000024,3.2143713394510425e-10
whfast_hj,38.01342538276277,17.550000000000036,7.566449658883116e-10
whfast_hj,38.50077699023411,17.77500000000005,5.525141859075234e-10
whfast_hj,38.98812859770545,18.000000000000057,2.309067324829989e-11
whfast_hj,39.47548020517679,18.22500000000007,7.086991842269205e-10
whfast_hj,39.962831812648126,18.450000000000077,7.873357218034527e-11
whfast_hj,40.450183420119465,18.67500000000009,8.615661758750214e-10
whfast_hj,40.937535027590805,18.900000000000098,1.7091186549811668e-10
whfast_hj,41.424886635062144,19.12500000000011,4.4974283524620545e-10
whfast_hj,41.91223824253348,19.350000000000122,1.1781052676594662e-11
whfast_hj,42.39958985000482,19.57500000000013,6.219614447184003e-10
whfast_hj,42.88694145747616,19.800000000000143,4.1096309154501085e-10
whfast_hj,43.3742930649475,20.02500000000015,2.941875440060993e-10
whfast_hj,43.86164467241884,20.250000000000163,8.400477346339598e-10
whfast_hj,44.34899627989018,20.475000000000172,1.026929765582381e-10
whfast_hj,44.83634788736152,20.700000000000184,6.14438379027313e-10
whfast_hj,45.32369949483286,20.925000000000193,1.7411214137387744e-10
whfast_hj,45.8110511023042,21.150000000000205,7.39184844274911e-10
whfast_hj,46.29840270977554,21.375000000000217,8.324025274835272e-11
whfast_hj,46.78575431724688,21.600000000000225,6.327555265471192e-10
whfast_hj,47.273105924718216,21.825000000000237,1.1457225132505622e-10
whfast_hj,47.760457532189555,22.050000000000246,2.352919501553241e-10
whfast_hj,48.247809139660895,22.275000000000258,9.849234516634832e-10
whfast_hj,48.735160747132234,22.500000000000266,2.971869650376035e-10
whfast_hj,49.22251235460357,22.72500000000028,3.875499309158564e-10
whfast_hj,49.70986396207491,22.950000000000287,4.769233813324972e-11
whfast_hj,50.19721556954625,23.1750000000003,8.415856991762151e-10
whfast_hj,50.68456717701759,23.40000000000031,4.976568940563499e-11
whfast_hj,51.17191878448893,23.62500000000032,8.036741776818662e-10
whfast_hj,51.65927039196027,23.850000000000332,4.927932890015892e-11
whfast_hj,52.14662199943161,24.07500000000034,1.2097178523108323e-10
whfast_hj,52.63397360690295,24.300000000000352,6.468950968754872e-10
whfast_hj,53.12132521437429,24.52500000000036,6.434573237176662e-10
whfast_hj,53.60867682184563,24.750000000000373,5.625603209386686e-10
whfast_hj,54.096028429316966,24.975000000000385,1.3138858566315796e-10
whfast_hj,54.583380036788306,25.200000000000394,7.083768664869817e-10
whfast_hj,55.070731644259645,25.425000000000406,1.1333014053988154e-10
whfast_hj,55.558083251730984,25.650000000000414,9.148802443155511e-10
whfast_hj,56.045434859202324,25.875000000000426,1.6528063529955432e-10
whfast_hj,56.53278646667366,26.100000000000435,2.6473431857140747e-10
whfast_hj,57.020138074145,26.325000000000447,2.5454144414813234e-10
whfast_hj,57.50748968161634,26.550000000000455,5.781971419895101e-10
whfast_hj,57.99484128908768,26.775000000000468,5.709081807621677e-10
whfast_hj,58.48219289655902,27.00000000000048,1.8037511434271986e-10
whfast_hj,58.96954450403036,27.225000000000488,7.48117117053194e-10
whfast_hj,59.4568961115017,27.4500000000005,2.496591785926383e-10
whfast_hj,59.94424771897304,27.67500000000051,7.681143882026603e-10
whfast_hj,60.43159932644438,27.90000000000052,2.242749601633002e-10
whfast_hj,60.91895093391572,28.12500000000053,5.575893331842335e-10
whfast_hj,61.406302541387056,28.35000000000054,8.576790239313595e-11
whfast_hj,61.893654148858396,28.575000000000554,5.523163845997505e-10
whfast_hj,62.381005756329735,28.800000000000562,2.5895431328972603e-10
whfast_hj,62.868357363801074,29.025000000000574,2.390120057969652e-10
whfast_hj,63.35570897127241,29.250000000000583,1.0405923056556395e-09
whfast_hj,63.84306057874375,29.475000000000595,2.4007073475220626e-11
whfast_hj,64.33041218621509,29.7000000000006,4.823191499399884e-10
whfast_hj,64.81776379368642,29.925000000000612,5.1328930444338175e-11
whfast_hj,65.30511540115776,30.150000000000624,7.472416002869708e-10
whfast_hj,65.7924670086291,30.375000000000632,4.801737012784064e-11
whfast_hj,66.27981861610044,30.600000000000644,7.219632377890652e-10
whfast_hj,66.76717022357178,30.825000000000653,9.77577830370278e-11
whfast_hj,67.25452183104312,31.050000000000665,6.848183235930233e-11
whfast_hj,67.74187343851446,31.275000000000674,9.063641007036207e-10
whfast_hj,68.2292250459858,31.500000000000686,4.4048977149622555e-10
whfast_hj,68.71657665345714,31.725000000000694,5.434265220504068e-10
whfast_hj,69.20392826092848,31.950000000000706,1.576800437099659e-10
whfast_hj,69.69127986839982,32.175000000000715,6.848544571080797e-10
whfast_hj,70.17863147587116,32.40000000000073,5.161443610555765e-11
whfast_hj,70.6659830833425,32.62500000000074,9.079074937551803e-10
whfast_hj,71.15333469081384,32.85000000000075,1.690171461100238e-10
whfast_hj,71.64068629828517,33.075000000000756,1.0982468065667345e-10
whfast_hj,72.12803790575651,33.30000000000077,5.271589760747798e-10
whfast_hj,72.61538951322785,33.52500000000078,4.981140763243158e-10
whfast_hj,73.10274112069919,33.75000000000079,6.912185360627134e-10
whfast_hj,73.59009272817053,33.975000000000804,4.890645816732445e-11
whfast_hj,74.07744433564187,34.20000000000081,6.340760114353738e-10
whfast_hj,74.56479594311321,34.42500000000082,2.7677169867171135e-10
whfast_hj,75.05214755058455,34.65000000000083,8.784814108670096e-10
whfast_hj,75.53949915805589,34.875000000000846,2.6411173641057834e-10
whfast_hj,76.02685076552723,35.100000000000854,3.695369495580029e-10
whfast_hj,76.51420237299857,35.32500000000086,3.0668142781070596e-10
whfast_hj,77.00155398046991,35.55000000000087,4.475627798378089e-10
whfast_hj,77.48890558794125,35.77500000000089,4.3185776313883294e-10
whfast_hj,77.97625719541259,36.000000000000895,2.381704172138934e-10
whfast_hj,78.46360880288393,36.225000000000904,9.538903603803441e-10
whfast_hj,78.95096041035526,36.45000000000092,2.7802415755274724e-10
whfast_hj,79.4383120178266,36.67500000000093,6.092780720108928e-10
whfast_hj,79.92566362529794,36.90000000000094,1.6062517964842774e-10
whfast_hj,80.41301523276928,37.125000000000945,6.14551529518123e-10
whfast_hj,80.90036684024062,37.35000000000096,2.29245438994988e-10
whfast_hj,81.38771844771196,37.57500000000097,5.971419608976182e-10
whfast_hj,81.8750700551833,37.80000000000098,1.8300132535955804e-10
whfast_hj,82.36242166265464,38.02500000000099,6.624291155313798e-11
whfast_hj,82.84977327012598,38.250000000001,1.0549890516122954e-09
whfast_hj,83.33712487759732,38.47500000000101,1.6975915547554608e-10
whfast_hj,83.82447648506866,38.70000000000102,5.290543740265357e-10
whfast_hj,84.31182809254,38.925000000001035,1.0441330508493251e-10
whfast_hj,84.79917970001134,39.15000000000104,6.354076926240683e-10
whfast_hj,85.28653130748268,39.37500000000105,1.1028050579731322e-10
whfast_hj,85.77388291495402,39.60000000000107,8.374934513654027e-10
whfast_hj,86.26123452242535,39.825000000001076,1.8740808742818448e-10
whfast_hj,86.7485861298967,40.050000000001084,1.2982619282903357e-12
whfast_hj,87.23593773736803,40.27500000000109,7.543208853424371e-10
whfast_hj,87.72328934483937,40.50000000000111,3.7650562873639553e-10
whfast_hj,88.21064095231071,40.72500000000112,7.495697522148235e-10
whfast_hj,88.69799255978205,40.950000000001125,6.420654200038779e-11
whfast_hj,89.18534416725339,41.175000000001134,5.33568179513005e-10
whfast_hj,89.67269577472473,41.40000000000115,1.701354190266957e-10
whfast_hj,90.16004738219607,41.62500000000116,9.263535683709621e-10
whfast_hj,90.64739898966741,41.85000000000117,2.9529479026324693e-10
whfast_hj,91.13475059713875,42.07500000000118,1.930739243735613e-10
whfast_hj,91.62210220461009,42.30000000000119,5.182382388787683e-10
whfast_hj,92.10945381208143,42.5250000000012,3.2330250545477113e-10
whfast_hj,92.59680541955277,42.75000000000121,6.117130977156726e-10
whfast_hj,93.0841570270241,42.975000000001224,2.0999119505653864e-10
whfast_hj,93.57150863449544,43.20000000000123,7.711572373085983e-10
whfast_hj,94.05886024196678,43.42500000000124,3.901050623889923e-10
whfast_hj,94.54621184943812,43.650000000001256,7.34889705928853e-10
whfast_hj,95.03356345690946,43.875000000001265,2.6361943847305075e-10
whfast_hj,95.5209150643808,44.10000000000127,4.608015569035057e-10
whfast_hj,96.00826667185214,44.32500000000128,4.3870039911681793e-10
whfast_hj,96.49561827932348,44.5500000000013,4.3460391028311153e-10
whfast_hj,96.98296988679482,44.775000000001306,3.0468611135956905e-10
whfast_hj,97.47032149426616,45.000000000001315,1.0453035731680502e-10
whfast_hj,97.9576731017375,45.22500000000133,1.072325504998109e-09
whfast_hj,98.44502470920884,45.45000000000134,1.0671651979816888e-10
whfast_hj,98.93237631668018,45.67500000000135,5.459775821415646e-10
whfast_hj,99.41972792415152,45.900000000001356,6.86689462893826e-12
whfast_hj,99.90707953162286,46.12500000000137,5.612109970947353e-10
whfast_hj,100.3944311390942,46.35000000000138,3.400681171590614e-10
whfast_hj,100.88178274656553,46.57500000000139,7.05276509110602e-10
whfast_hj,101.36913435403687,46.8000000000014,2.265148988149591e-10
whfast_hj,101.85648596150821,47.02500000000141,5.878481833278565e-11
whfast_hj,102.34383756897955,47.25000000000142,9.088371259735301e-10
whfast_hj,102.83118917645089,47.47500000000143,2.191412867706539e-10
whfast_hj,103.31854078392223,47.700000000001445,7.437229084123337e-10
whfast_hj,103.80589239139357,47.925000000001454,1.1999346606991107e-10
whfast_hj,104.29324399886491,48.15000000000146,4.580784809237701e-10
whfast_hj,104.78059560633625,48.37500000000147,5.6175571407523185e-11
whfast_hj,105.26794721380759,48.60000000000149,9.015591914057119e-10
whfast_hj,105.75529882127893,48.825000000001495,3.227313244914164e-10
whfast_hj,106.24265042875027,49.0500000000015,4.459452537060634e-11
whfast_hj,106.7300020362216,49.27500000000152,6.791969325675749e-10
whfast_hj,107.21735364369295,49.50000000000153,1.9279079368516244e-10
whfast_hj,107.70470525116428,49.725000000001536,7.702540690731065e-10
whfast_hj,108.19205685863562,49.950000000001545,1.4754298114797488e-10
whfast_hj,108.67940846610696,50.17500000000156,5.595078023005324e-10
whfast_hj,109.1667600735783,50.40000000000157,3.2129734983052026e-10
whfast_hj,109.65411168104964,50.62500000000158,8.261826433072872e-10
whfast_hj,110.14146328852098,50.85000000000159,3.528176498237143e-10
whfast_hj,110.62881489599232,51.0750000000016,3.0279071340781316e-10
whfast_hj,111.11616650346366,51.30000000000161,6.169166631656109e-10
whfast_hj,111.603518110935,51.52500000000162,2.4701498563872983e-10
whfast_hj,112.09086971840634,51.750000000001634,4.576038256414813e-10
whfast_hj,112.57822132587768,51.97500000000164,1.6354622657685205e-10
whfast_hj,113.06557293334902,52.20000000000165,9.625471363114373e-10
whfast_hj,113.55292454082036,52.42500000000166,3.004393206745017e-10
whfast_hj,114.0402761482917,52.650000000001675,5.969640075769888e-10
whfast_hj,114.52762775576304,52.875000000001684,1.4795300324136019e-10
whfast_hj,115.01497936323437,53.10000000000169,4.6704366403971e-10
whfast_hj,115.50233097070571,53.32500000000171,5.773876155395164e-10
whfast_hj,115.98968257817705,53.55000000000172,5.17079082501399e-10
whfast_hj,116.47703418564839,53.775000000001725,2.904496760683038e-10
whfast_hj,116.96438579311973,54.000000000001734,5.881365728846439e-11
whfast_hj,117.45173740059107,54.22500000000175,9.811326557599714e-10
whfast_hj,117.93908900806241,54.45000000000176,4.920791007462511e-11
whfast_hj,118.42644061553375,54.675000000001766,6.942842866922786e-10
whfast_hj,118.91379222300509,54.90000000000178,9.748109870342771e-11
whfast_hj,119.40114383047643,55.12500000000179,4.0197398905994925e-10
whfast_hj,119.88849543794777,55.3500000000018,3.5256624198656203e-10
whfast_hj,120.3758470454191,55.57500000000181,7.998877924421641e-10
whfast_hj,120.86319865289045,55.80000000000182,3.509912957246716e-10
whfast_hj,121.35055026036179,56.02500000000183,6.366267322447e-11
whfast_hj,121.83790186783312,56.25000000000184,7.749778900132833e-10
whfast_hj,122.32525347530446,56.475000000001856,7.515109532138338e-11
whfast_hj,122.8126050827758,56.700000000001864,8.743552348730457e-10
whfast_hj,123.29995669024714,56.92500000000187,6.561812406040398e-11
whfast_hj,123.78730829771848,57.15000000000188,3.7509489488095815e-10
whfast_hj,124.27465990518982,57.3750000000019,8.661644625375378e-11
whfast_hj,124.76201151266116,57.600000000001906,8.560296053074515e-10
whfast_hj,125.2493631201325,57.825000000001914,4.2492674424373847e-10
whfast_hj,125.73671472760384,58.05000000000193,1.540924776235313e-10
whfast_hj,126.22406633507518,58.27500000000194,7.248868293312259e-10
whfast_hj,126.71141794254652,58.50000000000195,5.7082302102245756e-11
whfast_hj,127.19876955001786,58.725000000001955,6.280137236698722e-10
whfast_hj,127.6861211574892,58.95000000000197,2.1639089860348138e-10
whfast_hj,128.17347276496054,59.17500000000198,7.552048841544482e-10
whfast_hj,128.66082437243188,59.40000000000199,3.3375187694267124e-10
whfast_hj,129.14817597990321,59.625000000002,6.609014990849856e-10
whfast_hj,129.63552758737455,59.85000000000201,2.9429289101478453e-10
whfast_hj,130.1228791948459,60.07500000000202,3.6034631366502166e-10
whfast_hj,130.61023080231723,60.30000000000203,7.607704633186126e-10
whfast_hj,131.09758240978857,60.525000000002045,2.872870604758411e-10
whfast_hj,131.5849340172599,60.75000000000205,3.81268806369028e-10
whfast_hj,132.07228562473125,60.97500000000206,5.272439661735742e-12
whfast_hj,132.5596372322026,61.20000000000207,9.67913896322334e-10
whfast_hj,133.04698883967393,61.425000000002086,8.997516674483183e-11
whfast_hj,133.53434044714527,61.650000000002095,6.343140176401813e-10
whfast_hj,134.0216920546166,61.8750000000021,1.0068188350193575e-12
whfast_hj,134.50904366208795,62.10000000000212,3.5466690544638424e-10
whfast_hj,134.9963952695593,62.32500000000213,6.464630214630533e-10
whfast_hj,135.48374687703063,62.550000000002136,6.246275213504415e-10
whfast_hj,135.97109848450197,62.775000000002144,3.8412250585389664e-10
whfast_hj,136.4584500919733,63.00000000000216,1.2278728231151745e-10
whfast_hj,136.94580169944464,63.22500000000217,8.122932933296613e-10
whfast_hj,137.43315330691598,63.45000000000218,4.449511579397258e-12
whfast_hj,137.92050491438732,63.67500000000219,8.995119648343534e-10
whfast_hj,138.40785652185866,63.9000000000022,7.023133912350699e-13
whfast_hj,138.89520812933,64.12500000000222,2.4676120282875695e-10
whfast_hj,139.38255973680134,64.35000000000223,2.496627410518692e-10
whfast_hj,139.86991134427268,64.57500000000223,8.07798317984841e-10
whfast_hj,140.35726295174402,64.80000000000224,4.802113615617045e-10
whfast_hj,140.84461455921536,65.02500000000225,2.6320636284318182e-11
whfast_hj,141.3319661666867,65.25000000000226,7.540000943707401e-10
whfast_hj,141.81931777415804,65.47500000000227,1.0091513976110198e-10
whfast_hj,142.30666938162938,65.70000000000229,7.921709968252819e-10
whfast_hj,142.79402098910072,65.9250000000023,2.378733759704024e-10
whfast_hj,143.28137259657206,66.15000000000231,5.023299923627153e-10
whfast_hj,143.7687242040434,66.37500000000232,1.8207949662333307e-10
whfast_hj,144.25607581151473,66.60000000000232,7.040340590435959e-10
whfast_hj,144.74342741898607,66.82500000000233,4.275227591775719e-10
whfast_hj,145.2307790264574,67.05000000000234,2.4841248750273816e-10
whfast_hj,145.71813063392875,67.27500000000235,8.506380777228543e-10
whfast_hj,146.2054822414001,67.50000000000237,4.187246723636529e-11
whfast_hj,146.69283384887143,67.72500000000238,4.966202184201573e-10
whfast_hj,147.18018545634277,67.95000000000239,8.8093000784505e-11
whfast_hj,147.6675370638141,68.1750000000024,8.682110105452334e-10
whfast_hj,148.15488867128545,68.40000000000241,1.449929389023117e-10
whfast_hj,148.6422402787568,68.62500000000242,5.873224661299248e-10
whfast_hj,149.12959188622813,68.85000000000242,1.4602045392905344e-10
whfast_hj,149.61694349369947,69.07500000000245,3.071691454435081e-10
whfast_hj,150.1042951011708,69.30000000000246,8.695394685565286e-10
whfast_hj,150.59164670864214,69.52500000000246,3.897338880653154e-10
whfast_hj,151.07899831611348,69.75000000000247,4.264136468703509e-10
whfast_hj,151.56634992358482,69.97500000000248,1.2628290302161162e-10
whfast_hj,152.05370153105616,70.20000000000249,8.062654426700584e-10
whfast_hj,152.5410531385275,70.4250000000025,2.1710474757698796e-11
whfast_hj,153.02840474599884,70.65000000000252,8.428349348798516e-10
whfast_hj,153.51575635347018,70.87500000000253,1.3684423751391156e-11
whfast_hj,154.00310796094152,71.10000000000254,1.766262197454001e-10
whfast_hj,154.49045956841286,71.32500000000255,5.993464445978838e-10
whfast_hj,154.9778111758842,71.55000000000256,6.785913144983215e-10
whfast_hj,155.46516278335554,71.77500000000256,5.22223443271738e-10
whfast_hj,155.95251439082688,72.00000000000257,6.897005891485174e-11
whfast_hj,156.43986599829822,72.2250000000026,7.217947843597182e-10
whfast_hj,156.92721760576956,72.4500000000026,1.834171152440791e-10
whfast_hj,157.4145692132409,72.67500000000261,9.185894429385836e-10
whfast_hj,157.90192082071223,72.90000000000262,2.1964545957228448e-10
whfast_hj,158.38927242818357,73.12500000000263,2.653295885447997e-10
whfast_hj,158.8766240356549,73.35000000000264,1.1355050408945022e-10
whfast_hj,159.36397564312625,73.57500000000265,6.977112028314911e-10
whfast_hj,159.8513272505976,73.80000000000267,5.39552602098174e-10
whfast_hj,160.33867885806893,74.02500000000268,1.416939320135802e-10
whfast_hj,160.82603046554027,74.25000000000269,8.422851286718823e-10
whfast_hj,161.3133820730116,74.4750000000027,1.7587504977042692e-10
whfast_hj,161.80073368048295,74.7000000000027,6.309093244609329e-10
whfast_hj,162.2880852879543,74.92500000000271,1.997735530595629e-10
whfast_hj,162.77543689542563,75.15000000000272,6.904120631492033e-10
whfast_hj,163.26278850289697,75.37500000000274,7.603814766987812e-11
whfast_hj,163.7501401103683,75.60000000000275,5.563187227252115e-10
whfast_hj,164.23749171783965,75.82500000000276,3.1605782050644143e-10
whfast_hj,164.72484332531099,76.05000000000277,2.5690912240935643e-10
whfast_hj,165.21219493278232,76.27500000000278,9.815618472768373e-10
whfast_hj,165.69954654025366,76.50000000000279,1.2335676686571457e-10
whfast_hj,166.186898147725,76.7250000000028,4.813784910621144e-10
whfast_hj,166.67424975519634,76.95000000000282,7.229468158186258e-11
whfast_hj,167.16160136266768,77.17500000000283,7.664478358462608e-10
whfast_hj,167.64895297013902,77.40000000000283,3.471311166866151e-11
whfast_hj,168.13630457761036,77.62500000000284,7.252505394546095e-10
whfast_hj,168.6236561850817,77.85000000000285,4.534993636847343e-11
whfast_hj,169.11100779255304,78.07500000000286,1.4926500608382686e-10
whfast_hj,169.59835940002438,78.30000000000287,8.796256388437924e-10
whfast_hj,170.08571100749572,78.52500000000289,4.768271949332629e-10
whfast_hj,170.57306261496706,78.7500000000029,5.529172527233627e-10
whfast_hj,171.0604142224384,78.97500000000291,1.2385093085331549e-10
whfast_hj,171.54776582990974,79.20000000000292,6.553673034902364e-10
whfast_hj,172.03511743738107,79.42500000000292,1.5311806020342158e-10
whfast_hj,172.52246904485241,79.65000000000293,9.71813601693762e-10
whfast_hj,173.00982065232375,79.87500000000294,1.7682096751668944e-10
whfast_hj,173.4971722597951,80.10000000000295,9.004726413402867e-11
whfast_hj,173.98452386726643,80.32500000000297,4.6387935203808975e-10
whfast_hj,174.47187547473777,80.55000000000298,6.224384749735098e-10
whfast_hj,174.9592270822091,80.77500000000299,6.25159006339509e-10
whfast_hj,175.44657868968045,81.000000000003,4.8038405601394536e-11
whfast_hj,175.9339302971518,81.225000000003,7.547801033013921e-10
whfast_hj,176.42128190462313,81.45000000000302,3.1347724289594195e-10
whfast_hj,176.90863351209447,81.67500000000302,7.680198982125834e-10
whfast_hj,177.3959851195658,81.90000000000305,2.995232597294125e-10
whfast_hj,177.88333672703715,82.12500000000306,4.5793903609101764e-10
whfast_hj,178.3706883345085,82.35000000000306,1.134005415199208e-10
whfast_hj,178.85803994197983,82.57500000000307,5.220970607894988e-10
whfast_hj,179.34539154945116,82.80000000000308,4.826321374295607e-10
whfast_hj,179.8327431569225,83.02500000000309,2.0281589324275366e-10
whfast_hj,180.32009476439384,83.2500000000031,9.74406393450196e-10
whfast_hj,180.80744637186518,83.47500000000312,1.317103944803495e-10
whfast_hj,181.29479797933652,83.70000000000313,5.492587767341415e-10
whfast_hj,181.78214958680786,83.92500000000314,3.3209584232304886e-11
whfast_hj,182.2695011942792,84.15000000000315,6.913803734963458e-10
whfast_hj,182.75685280175054,84.37500000000315,1.564464149705791e-10
whfast_hj,183.24420440922188,84.60000000000316,5.809090216688057e-10
whfast_hj,183.73155601669322,84.82500000000317,1.7040022849619277e-10
whfast_hj,184.21890762416456,85.0500000000032,1.4661860779801356e-10
whfast_hj,184.7062592316359,85.2750000000032,1.040576529050474e-09
whfast_hj,185.19361083910724,85.50000000000321,2.283896005749926e-10
whfast_hj,185.68096244657858,85.72500000000322,5.758464278198616e-10
whfast_hj,186.16831405404992,85.95000000000323,1.3027913407410548e-10
whfast_hj,186.65566566152125,86.17500000000324,5.822264530205765e-10
whfast_hj,187.1430172689926,86.40000000000325,1.8177024123390758e-12
whfast_hj,187.63036887646393,86.62500000000327,9.266458596688118e-10
whfast_hj,188.11772048393527,86.85000000000328,1.4468673704936983e-10
whfast_hj,188.6050720914066,87.07500000000329,5.575757619109729e-12
whfast_hj,189.09242369887795,87.3000000000033,7.749904434410493e-10
whfast_hj,189.5797753063493,87.5250000000033,4.764706097283411e-10
whfast_hj,190.06712691382063,87.75000000000331,6.83252368299668e-10
whfast_hj,190.55447852129197,87.97500000000332,2.4269677612812868e-11
whfast_hj,191.0418301287633,88.20000000000334,6.216676266523087e-10
whfast_hj,191.52918173623465,88.42500000000335,3.1845654305524913e-10
whfast_hj,192.016533343706,88.65000000000336,8.825215789166846e-10
whfast_hj,192.50388495117733,88.87500000000337,3.606681224822132e-10
whfast_hj,192.99123655864867,89.10000000000338,2.147713367807468e-10
whfast_hj,193.47858816612,89.32500000000339,3.7466180162302983e-10
whfast_hj,193.96593977359134,89.5500000000034,4.6069536169024166e-10
whfast_hj,194.45329138106268,89.77500000000342,6.27989465018919e-10
whfast_hj,194.94064298853402,90.00000000000342,1.484637920387053e-10
whfast_hj,195.42799459600536,90.22500000000343,8.686295146844065e-10
whfast_hj,195.9153462034767,90.45000000000344,3.1872135252474623e-10
whfast_hj,196.40269781094804,90.67500000000345,6.275254971143229e-10
whfast_hj,196.89004941841938,90.90000000000346,1.7539038567410842e-10
whfast_hj,197.37740102589072,91.12500000000347,5.723379144001699e-10
whfast_hj,197.86475263336206,91.35000000000348,3.1740273368656503e-10
whfast_hj,198.3521042408334,91.5750000000035,4.363997290173179e-10
whfast_hj,198.83945584830474,91.80000000000351,3.369954112519501e-10
whfast_hj,199.32680745577608,92.02500000000352,1.5315741689587726e-10
whfast_hj,199.81415906324742,92.25000000000352,1.0697208383775718e-09
whfast_hj,200.30151067071876,92.47500000000353,2.4858670872322088e-11
whfast_hj,200.7888622781901,92.70000000000354,5.929823656432501e-10
whfast_hj,201.27621388566143,92.92500000000355,8.412560868768988e-11
whfast_hj,201.76356549313277,93.15000000000357,5.181069368099723e-10
whfast_hj,202.2509171006041,93.37500000000358,2.4915483615009196e-10
whfast_hj,202.73826870807545,93.60000000000359,7.813054961710292e-10
whfast_hj,203.2256203155468,93.8250000000036,1.5900918028492406e-10
whfast_hj,203.71297192301813,94.0500000000036,2.9050158618852548e-11
whfast_hj,204.20032353048947,94.27500000000362,9.829062515342136e-10
whfast_hj,204.6876751379608,94.50000000000362,2.7768504536214846e-10
whfast_hj,205.17502674543215,94.72500000000365,7.139346421690212e-10
whfast_hj,205.6623783529035,94.95000000000366,6.743209437259639e-11
whfast_hj,206.14972996037483,95.17500000000366,4.783661773210128e-10
whfast_hj,206.63708156784617,95.40000000000367,1.6293789425294653e-10
whfast_hj,207.1244331753175,95.62500000000368,9.401053395659087e-10
whfast_hj,207.61178478278885,95.85000000000369,3.734183337105291e-10
whfast_hj,208.09913639026018,96.0750000000037,1.137018237863057e-11
whfast_hj,208.58648799773152,96.30000000000372,6.362343528065534e-10
whfast_hj,209.07383960520286,96.52500000000373,3.5707801178204224e-10
whfast_hj,209.5611912126742,96.75000000000374,7.408602179589298e-10
whfast_hj,210.04854282014554,96.97500000000375,9.869487945567093e-11
whfast_hj,210.53589442761688,97.20000000000375,6.986654329826258e-10
whfast_hj,211.02324603508822,97.42500000000376,3.7945364857042525e-10
whfast_hj,211.51059764255956,97.65000000000377,7.08371098695846e-10
whfast_hj,211.9979492500309,97.8750000000038,3.2929032085825524e-10
whfast_hj,212.48530085750224,98.1000000000038,4.0596784513962246e-10
whfast_hj,212.97265246497358,98.32500000000381,4.852705625923333e-10
whfast_hj,213.46000407244492,98.55000000000382,3.0138235452519636e-10
whfast_hj,213.94735567991626,98.77500000000383,5.162965289570108e-10
whfast_hj,214.4347072873876,99.00000000000384,1.607559727944766e-10
whfast_hj,214.92205889485894,99.22500000000385,9.851070031343325e-10
whfast_hj,215.40941050233027,99.45000000000387,2.2572742568401388e-10
whfast_hj,215.8967621098016,99.67500000000388,6.067470295477944e-10
whfast_hj,216.38411371727295,99.90000000000389,1.598271887807056e-11
whfast_hj,216.8714653247443,100.1250000000039,4.6496759851267255e-10
whfast_hj,217.35881693221563,100.3500000000039,5.182066856684375e-10
whfast_hj,217.84616853968697,100.57500000000391,5.626234273593303e-10
whfast_hj,218.3335201471583,100.80000000000392,2.370803046892372e-10
whfast_hj,218.82087175462965,101.02500000000394,1.3508506121750874e-12
whfast_hj,219.308223362101,101.25000000000395,1.0641170900073622e-09
whfast_hj,219.79557496957233,101.47500000000396,6.452750261300052e-11
whfast_hj,220.28292657704367,101.70000000000397,7.187117303567458e-10
whfast_hj,220.770278184515,101.92500000000398,7.370507615546846e-11
whfast_hj,221.25762979198635,102.15000000000398,3.54684548101623e-10
whfast_hj,221.74498139945769,102.375000000004,1.3459445968913874e-10
whfast_hj,222.23233300692903,102.600000000004,9.059413555415536e-10
whfast_hj,222.71968461440036,102.82500000000402,3.5384957551426573e-10
whfast_hj,223.2070362218717,103.05000000000403,1.1487166754136779e-10
whfast_hj,223.69438782934304,103.27500000000404,8.368578068540603e-10
whfast_hj,224.18173943681438,103.50000000000405,2.1579155724811096e-10
whfast_hj,224.66909104428572,103.72500000000406,8.147030425379932e-10
whfast_hj,225.15644265175706,103.95000000000407,5.907710963063541e-11
whfast_hj,225.6437942592284,104.17500000000408,5.019238720103924e-10
whfast_hj,226.13114586669974,104.4000000000041,2.770283653772521e-10
whfast_hj,226.61849747417108,104.6250000000041,7.75698694264336e-10
whfast_hj,227.10584908164242,104.85000000000412,4.629137559455994e-10
whfast_hj,227.59320068911376,105.07500000000412,2.0704453234983497e-10
whfast_hj,228.0805522965851,105.30000000000413,6.312553919290778e-10
whfast_hj,228.56790390405644,105.52500000000414,1.7208086104859998e-10
whfast_hj,229.05525551152778,105.75000000000415,6.815057454310312e-10
whfast_hj,229.54260711899911,105.97500000000417,1.651763061363636e-10
whfast_hj,230.02995872647045,106.20000000000418,8.186989343086556e-10
whfast_hj,230.5173103339418,106.42500000000419,3.1730400267359427e-10
whfast_hj,231.00466194141313,106.6500000000042,6.165504084284909e-10
whfast_hj,231.49201354888447,106.8750000000042,1.628542612814782e-10
whfast_hj,231.9793651563558,107.10000000000421,4.085338336313668e-10
whfast_hj,232.46671676382715,107.32500000000422,7.290772992322618e-10
whfast_hj,232.9540683712985,107.55000000000425,3.1351218892458794e-10
whfast_hj,233.44141997876983,107.77500000000425,3.7056463422566044e-10
whfast_hj,233.92877158624117,108.00000000000426,5.4464064208448156e-11
whfast_hj,234.4161231937125,108.22500000000427,1.0275484460021478e-09
whfast_hj,234.90347480118385,108.45000000000428,1.0990814398722602e-10
whfast_hj,235.3908264086552,108.67500000000429,6.986001212300592e-10
whfast_hj,235.87817801612653,108.9000000000043,3.67951146277504e-11
whfast_hj,236.36552962359787,109.12500000000432,2.698389833674593e-10
whfast_hj,236.8528812310692,109.35000000000433,5.017308206482606e-10
whfast_hj,237.34023283854054,109.57500000000434,7.58686085386703e-10
whfast_hj,237.82758444601188,109.80000000000435,3.3735471071152403e-10
whfast_hj,238.31493605348322,110.02500000000435,1.5332892386170786e-10
whfast_hj,238.80228766095456,110.25000000000436,9.434974793173912e-10
whfast_hj,239.2896392684259,110.47500000000437,6.449221730252302e-11
whfast_hj,239.77699087589724,110.7000000000044,8.464703397045298e-10
whfast_hj,240.26434248336858,110.9250000000044,3.624513877886536e-11
whfast_hj,240.75169409083992,111.15000000000441,3.130772296165863e-10
whfast_hj,241.23904569831126,111.37500000000442,1.6248037270314918e-11
whfast_hj,241.7263973057826,111.60000000000443,8.050214658348104e-10
whfast_hj,242.21374891325394,111.82500000000444,5.481958067560066e-10
whfast_hj,242.70110052072528,112.05000000000445,1.2589900562925293e-11
whfast_hj,243.18845212819662,112.27500000000447,7.358685340127723e-10
whfast_hj,243.67580373566796,112.50000000000448,4.8567345976725683e-11
whfast_hj,244.1631553431393,112.72500000000448,8.137170895356119e-10
whfast_hj,244.65050695061063,112.9500000000045,1.6728528200105791e-10
whfast_hj,245.13785855808197,113.1750000000045,6.079131412027099e-10
whfast_hj,245.6252101655533,113.40000000000451,2.602003258159631e-10
whfast_hj,246.11256177302465,113.62500000000452,6.211529361139013e-10
whfast_hj,246.599913380496,113.85000000000454,3.409117414331223e-10
whfast_hj,247.08726498796733,114.07500000000455,3.2922195556920505e-10
whfast_hj,247.57461659543867,114.30000000000456,8.348046428506501e-10
whfast_hj,248.06196820291,114.52500000000457,7.665207814400365e-11
whfast_hj,248.54931981038135,114.75000000000458,5.345237667914656e-10
whfast_hj,249.0366714178527,114.97500000000458,1.2066202091891045e-10
whfast_hj,249.52402302532403,115.2000000000046,9.002546527635386e-10
whfast_hj,250.01137463279537,115.4250000000046,1.903493216255839e-10
whfast_hj,250.4987262402667,115.65000000000462,6.557574775964781e-10
whfast_hj,250.98607784773804,115.87500000000463,4.820618046707847e-11
whfast_hj,251.47342945520938,116.10000000000464,2.292193142939614e-10
whfast_hj,251.96078106268072,116.32500000000465,8.350194082499987e-10
whfast_hj,252.44813267015206,116.55000000000466,5.073174352859788e-10
whfast_hj,252.9354842776234,116.77500000000467,3.5883294705555114e-10
whfast_hj,253.42283588509474,117.00000000000468,1.1638418594625955e-10
whfast_hj,253.91018749256608,117.2250000000047,9.522214330511241e-10
whfast_hj,254.39753910003742,117.4500000000047,5.1354206940786005e-11
whfast_hj,254.88489070750876,117.67500000000472,8.343613711377764e-10
whfast_hj,255.3722423149801,117.90000000000472,3.6681964136940305e-11
whfast_hj,255.85959392245144,118.12500000000473,1.5909620607470753e-10
whfast_hj,256.3469455299228,118.35000000000474,3.4720355335764346e-10
whfast_hj,256.8342971373941,118.57500000000475,7.651309134172372e-10
whfast_hj,257.32164874486546,118.80000000000477,5.744948986440236e-10
whfast_hj,257.8090003523368,119.02500000000478,1.3278201614518812e-10
whfast_hj,258.29635195980813,119.25000000000479,7.887595180094034e-10
whfast_hj,258.7837035672795,119.4750000000048,5.4514277919512304e-11
whfast_hj,259.2710551747508,119.7000000000048,8.995109469888588e-10
whfast_hj,259.75840678222215,119.92500000000481,1.692017154263677e-10
whfast_hj,260.2457583896935,120.15000000000482,3.8611205451389783e-10
whfast_hj,260.73310999716483,120.37500000000485,5.699900841260894e-11
whfast_hj,261.22046160463617,120.60000000000485,6.142081763046304e-10
whfast_hj,261.7078132121075,120.82500000000486,5.227247321778007e-10
whfast_hj,262.19516481957885,121.05000000000487,2.142342536414593e-10
whfast_hj,262.6825164270502,121.27500000000488,8.360543874770338e-10
whfast_hj,263.1698680345215,121.50000000000489,1.1585762054374901e-10
whfast_hj,263.65721964199287,121.7250000000049,6.983756862985123e-10
whfast_hj,264.1445712494642,121.95000000000492,1.857483207084154e-10
whfast_hj,264.63192285693555,122.17500000000493,7.15020174388952e-10
whfast_hj,265.1192744644069,122.40000000000494,1.4171564605079712e-10
whfast_hj,265.6066260718782,122.62500000000495,5.917131123115543e-10
whfast_hj,266.09397767934956,122.85000000000495,1.8097072359794362e-10
whfast_hj,266.5813292868209,123.07500000000496,2.2196767406808565e-10
whfast_hj,267.06868089429224,123.30000000000497,1.0408510080521693e-09
whfast_hj,267.5560325017636,123.525000000005,1.953627196089583e-10
whfast_hj,268.0433841092349,123.750000000005,4.3244370286185854e-10
whfast_hj,268.53073571670626,123.97500000000501,2.899095393925326e-11
whfast_hj,269.0180873241776,124.20000000000502,8.780203268579814e-10
whfast_hj,269.50543893164894,124.42500000000503,8.303108549922402e-11
whfast_hj,269.9927905391203,124.65000000000504,7.77890285255004e-10
whfast_hj,270.4801421465916,124.87500000000504,6.680306585696846e-11
whfast_hj,270.96749375406296,125.10000000000507,5.882417502524134e-11
whfast_hj,271.4548453615343,125.32500000000508,7.241945247540205e-10
whfast_hj,271.94219696900564,125.55000000000508,6.286066186704439e-10
whfast_hj,272.429548576477,125.7750000000051,5.573630322026133e-10
whfast_hj,272.9169001839483,126.0000000000051,1.977741652264478e-10
whfast_hj,273.40425179141965,126.22500000000511,7.881243824208082e-10
whfast_hj,273.891603398891,126.45000000000512,1.0559960400882305e-10
whfast_hj,274.37895500636233,126.67500000000513,9.299496165031845e-10
whfast_hj,274.8663066138337,126.90000000000515,1.7461495704818197e-10
whfast_hj,275.353658221305,127.12500000000516,1.8139516516916827e-10
whfast_hj,275.84100982877635,127.35000000000517,2.454793960692951e-10
whfast_hj,276.3283614362477,127.57500000000518,5.842616350869165e-10
whfast_hj,276.81571304371903,127.80000000000518,6.730898596003135e-10
whfast_hj,277.30306465119037,128.0250000000052,7.252505394546095e-11
whfast_hj,277.7904162586617,128.2500000000052,7.672962100659629e-10
whfast_hj,278.27776786613305,128.47500000000522,2.3865338490105434e-10
whfast_hj,278.7651194736044,128.70000000000522,8.341106418642871e-10
whfast_hj,279.2524710810757,128.92500000000524,2.433763576366523e-10
whfast_hj,279.73982268854706,129.15000000000526,5.020368528602867e-10
whfast_hj,280.2271742960184,129.37500000000526,3.099763633174593e-11
whfast_hj,280.71452590348974,129.60000000000528,5.090548975451646e-10
whfast_hj,281.2018775109611,129.82500000000528,3.540058147976782e-10
whfast_hj,281.6892291184324,130.0500000000053,2.2414331881267257e-10
whfast_hj,282.17658072590376,130.2750000000053,1.0755232362601334e-09
whfast_hj,282.6639323333751,130.50000000000531,1.0876137139670692e-10
whfast_hj,283.15128394084644,130.72500000000534,5.484838570309624e-10
whfast_hj,283.6386355483178,130.95000000000533,8.42838836620914e-11
whfast_hj,284.1259871557891,131.17500000000535,7.444367573858402e-10
whfast_hj,284.61333876326046,131.40000000000535,1.0307382041411316e-12
whfast_hj,285.1006903707318,131.62500000000537,6.786094660763076e-10
whfast_hj,285.58804197820314,131.85000000000537,1.3302799547303615e-10
whfast_hj,286.0753935856745,132.0750000000054,2.1155579322256786e-11
whfast_hj,286.5627451931458,132.30000000000538,1.0231486392110675e-09
whfast_hj,287.05009680061715,132.5250000000054,3.9083112550843337e-10
whfast_hj,287.5374484080885,132.75000000000543,5.32278738912334e-10
whfast_hj,288.02480001555983,132.97500000000542,1.756646950348879e-10
whfast_hj,288.5121516230312,133.20000000000545,7.396474550521811e-10
whfast_hj,288.9995032305025,133.42500000000544,6.752030764879016e-11
whfast_hj,289.48685483797385,133.65000000000546,8.999801737618434e-10
whfast_hj,289.9742064454452,133.87500000000546,1.8827376502129378e-10
whfast_hj,290.46155805291653,134.10000000000548,1.6403428349148572e-11
whfast_hj,290.94890966038787,134.3250000000055,5.738899591384332e-10
whfast_hj,291.4362612678592,134.5500000000055,5.151524706211437e-10
whfast_hj,291.92361287533055,134.77500000000552,7.608768281727924e-10
whfast_hj,292.4109644828019,135.0000000000055,6.288486962572295e-11
whfast_hj,292.8983160902732,135.22500000000554,6.681115772865008e-10
whfast_hj,293.38566769774457,135.45000000000553,2.654630959455007e-10
whfast_hj,293.8730193052159,135.67500000000555,9.203275837614325e-10
whfast_hj,294.36037091268724,135.90000000000558,2.9138117433672687e-10
whfast_hj,294.8477225201586,136.12500000000557,2.8735830966045916e-10
whfast_hj,295.3350741276299,136.3500000000056,2.807382425639477e-10
whfast_hj,295.82242573510126,136.5750000000056,4.117095115743428e-10
whfast_hj,296.3097773425726,136.8000000000056,5.494821938201938e-10
whfast_hj,296.79712895004394,137.0250000000056,2.070647196188101e-10
whfast_hj,297.2844805575153,137.25000000000563,9.576346746729383e-10
whfast_hj,297.7718321649866,137.47500000000565,3.339048930486843e-10
whfast_hj,298.25918377245796,137.70000000000564,6.796968643463116e-10
whfast_hj,298.7465353799293,137.92500000000567,2.0328545929756977e-10
whfast_hj,299.23388698740064,138.15000000000566,5.752918716662512e-10
whfast_hj,299.721238594872,138.37500000000568,1.8413384811315354e-10
whfast_hj,300.2085902023433,138.60000000000568,5.398460808824341e-10
whfast_hj,300.69594180981466,138.8250000000057,2.3883863278106127e-10
whfast_hj,301.183293417286,139.05000000000572,4.162326473111787e-11
whfast_hj,301.67064502475733,139.27500000000572,1.1759367478333412e-09
whfast_hj,302.1579966322287,139.50000000000574,8.569817997675971e-11
whfast_hj,302.6453482397,139.72500000000574,5.323153813501376e-10
whfast_hj,303.13269984717135,139.95000000000576,8.202545415061496e-11
whfast_hj,303.6200514546427,140.17500000000575,6.53286996940305e-10
whfast_hj,304.10740306211403,140.40000000000578,7.913494258702696e-11
whfast_hj,304.59475466958537,140.6250000000058,8.080057888248121e-10
whfast_hj,305.0821062770567,140.8500000000058,2.161669725946818e-10
whfast_hj,305.56945788452805,141.07500000000582,9.154078275635561e-11
whfast_hj,306.0568094919994,141.3000000000058,8.579726723565353e-10
whfast_hj,306.5441610994707,141.52500000000583,3.9204304021060325e-10
whfast_hj,307.03151270694207,141.75000000000583,7.751970660764417e-10
whfast_hj,307.5188643144134,141.97500000000585,1.492402385101263e-10
whfast_hj,308.00621592188475,142.20000000000587,5.661156552511093e-10
whfast_hj,308.4935675293561,142.42500000000587,1.7228985865681293e-10
whfast_hj,308.9809191368274,142.6500000000059,9.432428483028394e-10
whfast_hj,309.46827074429876,142.87500000000588,3.3127053926788975e-10
whfast_hj,309.9556223517701,143.1000000000059,9.29908733042487e-11
whfast_hj,310.44297395924144,143.3250000000059,5.39391103946373e-10
whfast_hj,310.9303255667128,143.55000000000592,3.0487186816232326e-10
whfast_hj,311.4176771741841,143.77500000000595,7.372117507837383e-10
whfast_hj,311.90502878165546,144.00000000000594,1.530310344136381e-10
whfast_hj,312.3923803891268,144.22500000000596,7.506215258925185e-10
whfast_hj,312.87973199659814,144.45000000000596,4.222778013441888e-10
whfast_hj,313.3670836040695,144.67500000000598,7.946581022911992e-10
whfast_hj,313.8544352115408,144.90000000000597,3.1499637729654825e-10
whfast_hj,314.34178681901216,145.125000000006,3.9205101333364386e-10
whfast_hj,314.8291384264835,145.35000000000602,4.2139193648210434e-10
whfast_hj,315.31649003395484,145.575000000006,3.7067201692533474e-10
whfast_hj,315.8038416414262,145.80000000000604,3.8460513425922607e-10
whfast_hj,316.2911932488975,146.02500000000603,1.0275269016058465e-10
whfast_hj,316.77854485636885,146.25000000000605,1.1556744975734621e-09
whfast_hj,317.2658964638402,146.47500000000605,2.1064159832755198e-10
whfast_hj,317.75324807131153,146.70000000000607,5.706269161238421e-10
whfast_hj,318.24059967878287,146.9250000000061,5.787096271960127e-11
whfast_hj,318.7279512862542,147.1500000000061,5.415185706708849e-10
whfast_hj,319.21530289372555,147.3750000000061,3.158006448781534e-10
whfast_hj,319.7026545011969,147.6000000000061,6.560786078500066e-10
whfast_hj,320.19000610866823,147.82500000000613,2.6464356068147737e-10
whfast_hj,320.67735771613957,148.05000000000612,1.3139028207231553e-10
whfast_hj,321.1647093236109,148.27500000000614,1.0490032718998003e-09
whfast_hj,321.65206093108225,148.50000000000617,2.1138174164300093e-10
whfast_hj,322.1394125385536,148.72500000000616,7.321530586758568e-10
whfast_hj,322.6267641460249,148.95000000000618,1.5740556470827066e-10
whfast_hj,323.11411575349626,149.17500000000618,4.729597213358287e-10
whfast_hj,323.6014673609676,149.4000000000062,4.478486247808599e-11
whfast_hj,324.08881896843894,149.6250000000062,8.940132241909974e-10
whfast_hj,324.5761705759103,149.85000000000622,3.654674336299019e-10
whfast_hj,325.0635221833816,150.07500000000624,6.366827137469e-11
whfast_hj,325.55087379085296,150.30000000000624,7.482529994267155e-10
whfast_hj,326.0382253983243,150.52500000000626,1.9551251253757197e-10
whfast_hj,326.52557700579564,150.75000000000625,8.795006134888792e-10
whfast_hj,327.012928613267,150.97500000000628,6.93719382442807e-11
whfast_hj,327.5002802207383,151.20000000000627,5.267928909785757e-10
whfast_hj,327.98763182820966,151.4250000000063,3.4125696069668834e-10
whfast_hj,328.474983435681,151.65000000000632,8.65275374498054e-10
whfast_hj,328.96233504315234,151.8750000000063,4.120759359523785e-10
whfast_hj,329.4496866506237,152.10000000000633,2.123352932304725e-10
whfast_hj,329.937038258095,152.32500000000633,6.399905419632507e-10
whfast_hj,330.42438986556635,152.55000000000635,1.8534457532891313e-10
whfast_hj,330.9117414730377,152.77500000000634,5.616274655429194e-10
whfast_hj,331.39909308050903,153.00000000000637,1.7357081721169602e-10
whfast_hj,331.8864446879804,153.2250000000064,9.796808688029208e-10
whfast_hj,332.3737962954517,153.45000000000638,4.0424191846270806e-10
whfast_hj,332.86114790292305,153.6750000000064,6.348188690054749e-10
whfast_hj,333.3484995103944,153.9000000000064,2.173987352839953e-10
whfast_hj,333.83585111786573,154.12500000000642,4.154877540500886e-10
whfast_hj,334.32320272533707,154.35000000000642,5.83562375232165e-10
whfast_hj,334.8105543328084,154.57500000000644,4.510750253576473e-10
whfast_hj,335.29790594027975,154.80000000000646,3.3880598874582743e-10
whfast_hj,335.7852575477511,155.02500000000646,1.012215112549596e-10
whfast_hj,336.2726091552224,155.25000000000648,1.1215899054976812e-09
whfast_hj,336.75996076269377,155.47500000000647,3.236070108985554e-12
whfast_hj,337.2473123701651,155.7000000000065,6.661403498454014e-10
whfast_hj,337.73466397763644,155.9250000000065,8.389523632409151e-11
whfast_hj,338.2220155851078,156.15000000000651,3.897235399694542e-10
whfast_hj,338.7093671925791,156.3750000000065,3.5243918094065986e-10
whfast_hj,339.19671880005046,156.60000000000653,7.692087417502103e-10
whfast_hj,339.6840704075218,156.82500000000655,3.970264117518886e-10
whfast_hj,340.17142201499314,157.05000000000655,1.6885429083089682e-10
whfast_hj,340.6587736224645,157.27500000000657,8.781536646177666e-10
whfast_hj,341.1461252299358,157.50000000000657,9.14225430380728e-11
whfast_hj,341.63347683740716,157.7250000000066,9.421758069427263e-10
whfast_hj,342.1208284448785,157.95000000000658,1.1789365081466767e-11
whfast_hj,342.60818005234984,158.1750000000066,3.370841334508912e-10
whfast_hj,343.0955316598212,158.40000000000663,9.529629334938991e-11
whfast_hj,343.5828832672925,158.62500000000662,8.706886161198682e-10
whfast_hj,344.07023487476386,158.85000000000664,4.905952516561224e-10
whfast_hj,344.5575864822352,159.07500000000664,5.0474618792584596e-11
whfast_hj,345.04493808970653,159.30000000000666,7.830314228479436e-10
whfast_hj,345.5322896971779,159.52500000000666,7.12101672074264e-12
whfast_hj,346.0196413046492,159.75000000000668,7.497716249045746e-10
whfast_hj,346.50699291212055,159.9750000000067,2.2037287981905162e-10
whfast_hj,346.9943445195919,160.2000000000067,7.05112296704149e-10
whfast_hj,347.48169612706323,160.42500000000672,4.18872768883109e-10
whfast_hj,347.96904773453457,160.6500000000067,6.977073010904287e-10
whfast_hj,348.4563993420059,160.87500000000674,3.757000040274643e-10
whfast_hj,348.94375094947725,161.10000000000673,2.8552652705211224e-10
whfast_hj,349.4311025569486,161.32500000000675,8.067662226533738e-10
whfast_hj,349.9184541644199,161.55000000000678,2.090021885176738e-10
whfast_hj,350.40580577189127,161.77500000000677,4.424374188500347e-10
whfast_hj,350.8931573793626,162.0000000000068,9.637300424170126e-12
whfast_hj,351.38050898683395,162.2250000000068,1.0680039026691926e-09
whfast_hj,351.8678605943053,162.4500000000068,1.911476517751376e-10
whfast_hj,352.3552122017766,162.6750000000068,6.100967590703373e-10
whfast_hj,352.84256380924796,162.90000000000683,5.50874945738561e-11
whfast_hj,353.3299154167193,163.12500000000685,3.150353947071724e-10
whfast_hj,353.81726702419064,163.35000000000684,6.813518811204394e-10
whfast_hj,354.304618631662,163.57500000000687,5.732884124511579e-10
whfast_hj,354.7919702391333,163.80000000000686,4.309759696587267e-10
whfast_hj,355.27932184660466,164.02500000000688,2.110857182450045e-10
whfast_hj,355.766673454076,164.25000000000688,9.292612136670415e-10
whfast_hj,356.25402506154734,164.4750000000069,5.121628887627535e-12
whfast_hj,356.7413766690187,164.70000000000692,9.125347890142911e-10
whfast_hj,357.22872827649,164.92500000000692,4.905998319608478e-11
whfast_hj,357.71607988396136,165.15000000000694,2.0314194308283911e-10
whfast_hj,358.2034314914327,165.37500000000693,2.6708757735479224e-10
whfast_hj,358.69078309890403,165.60000000000696,7.984114075523286e-10
whfast_hj,359.1781347063754,165.82500000000695,5.493951680304104e-10
whfast_hj,359.6654863138467,166.05000000000697,8.161628026180844e-11
whfast_hj,360.15283792131805,166.275000000007,8.293932672789092e-10
whfast_hj,360.6401895287894,166.500000000007,1.3261933050697692e-10
whfast_hj,361.12754113626073,166.72500000000701,9.155186030815457e-10
whfast_hj,361.61489274373207,166.950000000007,2.2206657472197215e-10
whfast_hj,362.1022443512034,167.17500000000703,4.0706440401907744e-10
whfast_hj,362.58959595867475,167.40000000000703,2.3080884967460695e-10
whfast_hj,363.0769475661461,167.62500000000705,7.283117097794493e-10
whfast_hj,363.5642991736174,167.85000000000707,5.178334756537715e-10
whfast_hj,364.05165078108877,168.07500000000707,1.604455299186408e-10
whfast_hj,364.5390023885601,168.3000000000071,9.265174414955836e-10
whfast_hj,365.02635399603145,168.52500000000708,4.201683165567472e-11
whfast_hj,365.5137056035028,168.7500000000071,5.746547003866668e-10
whfast_hj,366.0010572109741,168.9750000000071,1.2060111983015359e-10
whfast_hj,366.48840881844546,169.20000000000712,8.952074962379285e-10
whfast_hj,366.9757604259168,169.42500000000715,2.720999574926721e-10
whfast_hj,367.46311203338814,169.65000000000714,5.757955355451344e-10
whfast_hj,367.9504636408595,169.87500000000716,2.3259228462196307e-10
whfast_hj,368.4378152483308,170.10000000000716,2.4696884330964386e-10
whfast_hj,368.92516685580216,170.32500000000718,9.481385154906783e-10
whfast_hj,369.4125184632735,170.55000000000717,3.200169001983844e-10
whfast_hj,369.89987007074484,170.7750000000072,4.725245923869114e-10
whfast_hj,370.3872216782162,171.00000000000722,1.8337114255590889e-10
whfast_hj,370.8745732856875,171.2250000000072,9.146690413754333e-10
whfast_hj,371.36192489315886,171.45000000000724,4.4389938426203077e-11
whfast_hj,371.8492765006302,171.67500000000723,8.076234182006953e-10
whfast_hj,372.33662810810154,171.90000000000725,1.4264595683280996e-11
whfast_hj,372.8239797155729,172.12500000000725,1.2441464761637688e-10
whfast_hj,373.3113313230442,172.35000000000727,6.608943741665237e-10
whfast_hj,373.79868293051555,172.5750000000073,6.47014015157433e-10
whfast_hj,374.2860345379869,172.8000000000073,5.900670865059616e-10
whfast_hj,374.77338614545823,173.0250000000073,1.7209053058079815e-10
whfast_hj,375.2607377529296,173.2500000000073,7.947363067533633e-10
whfast_hj,375.7480893604009,173.47500000000733,1.9670050787062007e-10
whfast_hj,376.23544096787225,173.70000000000732,1.0178935029227388e-09
whfast_hj,376.7227925753436,173.92500000000734,1.8588114954545336e-10
whfast_hj,377.21014418281493,174.15000000000737,1.531119531304543e-10
whfast_hj,377.69749579028627,174.37500000000736,1.1847093885098965e-10
whfast_hj,378.1848473977576,174.60000000000738,7.024625056000205e-10
whfast_hj,378.67219900522895,174.82500000000738,6.351710435465869e-10
whfast_hj,379.1595506127003,175.0500000000074,4.8604327696360767e-11
whfast_hj,379.6469022201716,175.2750000000074,9.227405561471639e-10
whfast_hj,380.13425382764297,175.50000000000742,2.5944796835457964e-10
whfast_hj,380.6216054351143,175.72500000000744,7.262388674298113e-10
whfast_hj,381.10895704258564,175.95000000000744,2.5481320889517544e-10
whfast_hj,381.596308650057,176.17500000000746,6.313191769134025e-10
whfast_hj,382.0836602575283,176.40000000000745,1.8664758720284467e-10
whfast_hj,382.57101186499966,176.62500000000747,5.51937915716696e-10
whfast_hj,383.058363472471,176.85000000000747,4.212972768511118e-10
whfast_hj,383.54571507994234,177.0750000000075,1.84448701652799e-10
whfast_hj,384.0330666874137,177.30000000000751,1.0895233617557488e-09
whfast_hj,384.520418294885,177.5250000000075,3.659884008821925e-11
whfast_hj,385.00776990235636,177.75000000000753,5.267728733505163e-10
whfast_hj,385.4951215098277,177.97500000000753,8.570411740881121e-11
whfast_hj,385.98247311729904,178.20000000000755,8.426018482616012e-10
whfast_hj,386.4698247247704,178.42500000000754,3.2868775632548545e-11
whfast_hj,386.9571763322417,178.65000000000757,6.631695981286602e-10
whfast_hj,387.44452793971305,178.8750000000076,9.477600466076238e-11
whfast_hj,387.9318795471844,179.10000000000758,8.819173179747572e-11
whfast_hj,388.41923115465573,179.3250000000076,9.896498172173963e-10
whfast_hj,388.9065827621271,179.5500000000076,4.249174139933718e-10
whfast_hj,389.3939343695984,179.77500000000762,6.140137678151726e-10
whfast_hj,389.88128597706975,180.00000000000762,2.1151338299362856e-10
whfast_hj,390.3686375845411,180.22500000000764,7.129266358475915e-10
whfast_hj,390.85598919201243,180.45000000000763,1.5525282148731097e-10
whfast_hj,391.34334079948377,180.67500000000766,1.0199163012022284e-09
whfast_hj,391.8306924069551,180.90000000000768,1.4410792224480605e-10
whfast_hj,392.31804401442645,181.12500000000767,1.9857826316713723e-11
whfast_hj,392.8053956218978,181.3500000000077,5.335641081310268e-10
whfast_hj,393.2927472293691,181.5750000000077,6.059797436858244e-10
whfast_hj,393.78009883684047,181.8000000000077,7.213988424623408e-10
whfast_hj,394.2674504443118,182.0250000000077,4.318260402875864e-11
whfast_hj,394.75480205178314,182.25000000000773,8.135703501434819e-10
whfast_hj,395.2421536592545,182.47500000000775,3.8934642821372583e-10
whfast_hj,395.7295052667258,182.70000000000775,8.74835149023723e-10
whfast_hj,396.21685687419716,182.92500000000777,3.551654800977948e-10
whfast_hj,396.7042084816685,183.15000000000776,3.2799138036630186e-10
whfast_hj,397.19156008913984,183.3750000000078,6.460893025256401e-11
whfast_hj,397.6789116966112,183.60000000000778,5.152020057685449e-10
whfast_hj,398.1662633040825,183.8250000000078,5.990750191326722e-10
whfast_hj,398.65361491155386,184.05000000000783,1.2802749019925931e-10
whfast_hj,399.1409665190252,184.27500000000782,1.082765885517474e-09
whfast_hj,399.62831812649654,184.50000000000784,2.33489685066319e-10
whfast_hj,400.1156697339679,184.72500000000784,5.971331395699989e-10
whfast_hj,400.6030213414392,184.95000000000786,7.074586002099877e-11
whfast_hj,401.09037294891056,185.17500000000786,7.117328727234077e-10
whfast_hj,401.5777245563819,185.40000000000788,6.240851793427655e-11
whfast_hj,402.06507616385323,185.6250000000079,5.139751626657883e-10
whfast_hj,402.5524277713246,185.8500000000079,2.6049702777762257e-10
whfast_hj,403.0397793787959,186.07500000000792,8.096723411812116e-11
whfast_hj,403.52713098626725,186.3000000000079,1.1825422258110973e-09
whfast_hj,404.0144825937386,186.52500000000794,1.5669239429842712e-10
whfast_hj,404.50183420120993,186.75000000000793,6.251238906699473e-10
whfast_hj,404.98918580868127,186.97500000000795,1.9035542869855116e-10
whfast_hj,405.4765374161526,187.20000000000798,6.195287939864412e-10
whfast_hj,405.96388902362395,187.42500000000797,1.1968166606674923e-12
whfast_hj,406.4512406310953,187.650000000008,9.090110079121812e-10
whfast_hj,406.9385922385666,187.875000000008,1.3837083611481117e-10
whfast_hj,407.42594384603797,188.100000000008,1.0457225862299707e-10
whfast_hj,407.9132954535093,188.325000000008,9.053594872005061e-10
whfast_hj,408.40064706098065,188.55000000000803,4.3970535190176396e-10
whfast_hj,408.887998668452,188.77500000000805,7.735783524582859e-10
whfast_hj,409.3753502759233,189.00000000000804,1.0757592067739516e-10
whfast_hj,409.86270188339466,189.22500000000807,6.416347017187702e-10
whfast_hj,410.350053490866,189.45000000000806,3.7724662025642325e-10
whfast_hj,410.83740509833734,189.67500000000808,9.836374038811274e-10
whfast_hj,411.3247567058087,189.90000000000808,3.981708093695871e-10
whfast_hj,411.81210831328,190.1250000000081,4.7562562832695414e-11
whfast_hj,412.29945992075136,190.35000000000812,4.1285119493738917e-10
whfast_hj,412.7868115282227,190.57500000000812,4.4227473321182345e-10
whfast_hj,413.27416313569404,190.80000000000814,7.488223143399969e-10
whfast_hj,413.7615147431654,191.02500000000813,7.832066619139208e-11
whfast_hj,414.2488663506367,191.25000000000816,9.44911266709312e-10
whfast_hj,414.73621795810806,191.47500000000815,4.3214174203181063e-10
whfast_hj,415.2235695655794,191.70000000000817,6.816092263896432e-10
whfast_hj,415.71092117305074,191.9250000000082,2.5949529817007593e-10
whfast_hj,416.1982727805221,192.1500000000082,5.18696269351313e-10
whfast_hj,416.6856243879934,192.3750000000082,2.428582742799296e-10
whfast_hj,417.17297599546475,192.6000000000082,3.749703784487923e-10
whfast_hj,417.6603276029361,192.82500000000823,4.5401490242772064e-10
whfast_hj,418.14767921040743,193.05000000000823,8.984539144427753e-11
whfast_hj,418.63503081787877,193.27500000000825,1.211442761142252e-09
whfast_hj,419.1223824253501,193.50000000000827,1.1727463111306943e-10
whfast_hj,419.60973403282145,193.72500000000827,6.271181892755897e-10
whfast_hj,420.0970856402928,193.9500000000083,1.0334812977489265e-10
whfast_hj,420.58443724776413,194.17500000000828,5.338574172743712e-10
whfast_hj,421.07178885523547,194.4000000000083,2.4652099129204465e-10
whfast_hj,421.5591404627068,194.6250000000083,7.049808249944371e-10
whfast_hj,422.04649207017815,194.85000000000832,1.9539054071914249e-10
whfast_hj,422.5338436776495,195.07500000000834,1.144607972434037e-10
whfast_hj,423.0211952851208,195.30000000000834,1.15039951329799e-09
whfast_hj,423.50854689259216,195.52500000000836,2.2206301226274124e-10
whfast_hj,423.9958985000635,195.75000000000836,7.910771522004791e-10
whfast_hj,424.48325010753484,195.97500000000838,1.3583572226973462e-10
whfast_hj,424.9706017150062,196.20000000000837,4.5749050550975544e-10
whfast_hj,425.4579533224775,196.4250000000084,1.889485965841762e-10
whfast_hj,425.94530492994886,196.65000000000842,1.0092964405939923e-09
whfast_hj,426.4326565374202,196.8750000000084,3.9100755206082095e-10
whfast_hj,426.92000814489154,197.10000000000844,1.5647152182611117e-10
whfast_hj,427.4073597523629,197.32500000000843,7.57201727373827e-10
whfast_hj,427.8947113598342,197.55000000000845,3.23568163128847e-10
whfast_hj,428.38206296730556,197.77500000000845,8.599690066531668e-10
whfast_hj,428.8694145747769,198.00000000000847,3.884590365833996e-11
whfast_hj,429.35676618224824,198.2250000000085,7.200834468015589e-10
whfast_hj,429.8441177897196,198.4500000000085,4.932245162094442e-10
whfast_hj,430.3314693971909,198.6750000000085,7.71653606628104e-10
whfast_hj,430.81882100466225,198.9000000000085,4.4295312723393677e-10
whfast_hj,431.3061726121336,199.12500000000853,2.778441685411288e-10
whfast_hj,431.79352421960493,199.35000000000852,4.779454678499347e-10
whfast_hj,432.2808758270763,199.57500000000854,2.4509906113616727e-10
whfast_hj,432.7682274345476,199.80000000000857,6.48472587751114e-10
whfast_hj,433.25557904201895,200.02500000000856,1.080612633373767e-10
whfast_hj,433.7429306494903,200.25000000000858,1.0925378808287553e-09
whfast_hj,434.23028225696163,200.47500000000858,3.385583130088218e-10
whfast_hj,434.71763386443297,200.7000000000086,6.259447830612966e-10
whfast_hj,435.2049854719043,200.9250000000086,4.97751892969174e-11
whfast_hj,435.69233707937565,201.15000000000862,4.5410057109017806e-10
whfast_hj,436.179688686847,201.37500000000864,5.224897795094769e-10
whfast_hj,436.6670402943183,201.60000000000863,4.509508482073129e-10
whfast_hj,437.15439190178967,201.82500000000866,3.170237558807633e-10
whfast_hj,437.641743509261,202.05000000000865,7.080557362334533e-11
whfast_hj,438.12909511673234,202.27500000000867,1.2330490763776758e-09
whfast_hj,438.6164467242037,202.50000000000867,1.0183035250161242e-11
whfast_hj,439.103798331675,202.7250000000087,7.743305402787536e-10
whfast_hj,439.59114993914636,202.95000000000869,1.191924216657053e-10
whfast_hj,440.0785015466177,203.1750000000087,3.035990523713965e-10
whfast_hj,440.56585315408904,203.40000000000873,1.5944600564299902e-10
whfast_hj,441.0532047615604,203.62500000000873,9.152965431228194e-10
whfast_hj,441.5405563690317,203.85000000000875,3.67279537892021e-10
whfast_hj,442.02790797650306,204.07500000000874,2.593655228695216e-10
whfast_hj,442.5152595839744,204.30000000000877,1.0089279805249675e-09
whfast_hj,443.00261119144574,204.52500000000876,1.66440979163334e-10
whfast_hj,443.4899627989171,204.75000000000878,9.242958240628264e-10
whfast_hj,443.9773144063884,204.9750000000088,1.2941905463121614e-11
whfast_hj,444.46466601385976,205.2000000000088,4.601681177240681e-10
whfast_hj,444.9520176213311,205.42500000000882,3.670834329934056e-10
whfast_hj,445.43936922880243,205.65000000000882,8.438490482742486e-10
whfast_hj,445.9267208362738,205.87500000000884,5.790489090275273e-10
whfast_hj,446.4140724437451,206.10000000000883,2.630757393380487e-11
whfast_hj,446.90142405121645,206.32500000000886,7.083125725799097e-10
whfast_hj,447.3887756586878,206.55000000000888,1.1481331106634729e-10
whfast_hj,447.87612726615913,206.77500000000887,8.18668568584735e-10
whfast_hj,448.36347887363047,207.0000000000089,1.2925891360674128e-10
whfast_hj,448.8508304811018,207.2250000000089,8.657176283654332e-10
whfast_hj,449.33818208857315,207.4500000000089,4.437193952504123e-10
whfast_hj,449.8255336960445,207.6750000000089,6.246438068783542e-10
whfast_hj,450.3128853035158,207.90000000000893,2.5549194219912027e-10
whfast_hj,450.80023691098717,208.12500000000895,3.5951235892315896e-10
whfast_hj,451.2875885184585,208.35000000000895,7.579478081213275e-10
whfast_hj,451.77494012592985,208.57500000000897,1.9101872467916206e-10
whfast_hj,452.2622917334012,208.80000000000896,4.837819635565633e-10
whfast_hj,452.7496433408725,209.025000000009,5.069379485574298e-12
whfast_hj,453.23699494834386,209.25000000000898,1.1620024430130395e-09
whfast_hj,453.7243465558152,209.475000000009,2.0360285745095161e-10
whfast_hj,454.21169816328654,209.70000000000903,7.258471665553278e-10
whfast_hj,454.6990497707579,209.92500000000902,4.903080495857453e-11
whfast_hj,455.1864013782292,210.15000000000904,2.0533183766434964e-10
whfast_hj,455.67375298570056,210.37500000000904,5.883257225057132e-10
whfast_hj,456.1611045931719,210.60000000000906,6.937924976774983e-10
whfast_hj,456.64845620064324,210.82500000000906,3.685316574912254e-10
whfast_hj,457.1358078081146,211.05000000000908,2.6365879516550644e-10
whfast_hj,457.6231594155859,211.2750000000091,1.1228734086663007e-09
whfast_hj,458.11051102305726,211.5000000000091,8.346333055257352e-14
whfast_hj,458.5978626305286,211.72500000000912,9.367484851249041e-10
whfast_hj,459.08521423799993,211.9500000000091,5.952021170259339e-12
whfast_hj,459.5725658454713,212.17500000000913,2.147141677921366e-10
whfast_hj,460.0599174529426,212.40000000000913,4.608702614743874e-11
whfast_hj,460.54726906041395,212.62500000000915,8.620562684806441e-10
whfast_hj,461.0346206678853,212.85000000000917,6.425661999871933e-10
whfast_hj,461.52197227535663,213.07500000000917,1.8366292493101137e-10
whfast_hj,462.00932388282797,213.3000000000092,8.760969381551256e-10
whfast_hj,462.4966754902993,213.5250000000092,1.5288717891707595e-11
whfast_hj,462.98402709777065,213.7500000000092,9.46492828966917e-10
whfast_hj,463.471378705242,213.9750000000092,1.5127830447203405e-10
whfast_hj,463.9587303127133,214.20000000000923,5.810752697662478e-10
whfast_hj,464.44608192018467,214.42500000000925,3.802021042907463e-10
whfast_hj,464.933433527656,214.65000000000924,6.240989202569418e-10
whfast_hj,465.42078513512735,214.87500000000927,4.857145128688701e-10
whfast_hj,465.9081367425987,215.10000000000926,2.2984308394120085e-10
whfast_hj,466.39548835007,215.32500000000928,9.012918373224785e-10
whfast_hj,466.88283995754136,215.55000000000928,4.2763590966838195e-11
whfast_hj,467.3701915650127,215.7750000000093,6.663471421217095e-10
whfast_hj,467.85754317248404,216.00000000000932,9.611837322714961e-11
whfast_hj,468.3448947799554,216.22500000000932,9.738503105283437e-10
whfast_hj,468.8322463874267,216.45000000000934,2.9809216896408424e-10
whfast_hj,469.31959799489806,216.67500000000933,6.499074106165888e-10
whfast_hj,469.8069496023694,216.90000000000936,8.057943498470005e-11
whfast_hj,470.29430120984074,217.12500000000935,1.651513689217473e-10
whfast_hj,470.7816528173121,217.35000000000937,9.740175764712803e-10
whfast_hj,471.2690044247834,217.5750000000094,3.7640503167335147e-10
whfast_hj,471.75635603225476,217.8000000000094,4.2095324507395606e-10
whfast_hj,472.2437076397261,218.0250000000094,1.89563035981049e-10
whfast_hj,472.73105924719744,218.2500000000094,1.0986033917716562e-09
whfast_hj,473.2184108546688,218.47500000000943,1.2887230195973048e-10
whfast_hj,473.7057624621401,218.70000000000942,8.94582369463363e-10
whfast_hj,474.19311406961145,218.92500000000945,2.4899215051188074e-11
whfast_hj,474.6804656770828,219.15000000000947,2.3844218196093653e-11
whfast_hj,475.16781728455413,219.37500000000946,4.1414385871545955e-10
whfast_hj,475.6551688920255,219.6000000000095,7.846886449539764e-10
whfast_hj,476.1425204994968,219.82500000000948,6.398721326040522e-10
whfast_hj,476.62987210696815,220.0500000000095,3.080095465401696e-10
whfast_hj,477.1172237144395,220.2750000000095,9.47991945739464e-10
whfast_hj,477.60457532191083,220.50000000000952,1.2654041793173114e-10
whfast_hj,478.09192692938217,220.72500000000954,1.0181674730016868e-09
whfast_hj,478.5792785368535,220.95000000000954,1.7366310186986796e-10
whfast_hj,479.06663014432485,221.17500000000956,2.863250268425817e-10
whfast_hj,479.5539817517962,221.40000000000956,1.3360358710020057e-10
whfast_hj,480.0413333592675,221.62500000000958,6.179195802595678e-10
whfast_hj,480.52868496673887,221.85000000000957,6.976745603936876e-10
whfast_hj,481.0160365742102,222.0750000000096,6.489901621850894e-11
whfast_hj,481.50338818168154,222.30000000000962,9.36092992626418e-10
whfast_hj,481.9907397891529,222.5250000000096,2.292003145113966e-10
whfast_hj,482.4780913966242,222.75000000000963,8.349635963887146e-10
whfast_hj,482.96544300409556,222.97500000000963,1.9006992303733168e-10
whfast_hj,483.4527946115669,223.20000000000965,7.142477992995091e-10
whfast_hj,483.94014621903824,223.42500000000965,2.4643922437064965e-10
whfast_hj,484.4274978265096,223.65000000000967,5.535371206295397e-10
whfast_hj,484.9148494339809,223.8750000000097,2.6894684179149187e-10
whfast_hj,485.40220104145226,224.1000000000097,1.619285308041908e-10
whfast_hj,485.8895526489236,224.3250000000097,1.202261794781469e-09
whfast_hj,486.37690425639494,224.5500000000097,2.4602682730444378e-11
whfast_hj,486.8642558638663,224.77500000000973,5.248320116333375e-10
whfast_hj,487.3516074713376,225.00000000000972,6.330269520123309e-11
whfast_hj,487.83895907880895,225.22500000000974,9.648045479774191e-10
whfast_hj,488.3263106862803,225.45000000000977,1.6535595586615055e-10
whfast_hj,488.81366229375163,225.67500000000976,7.979009580368151e-10
whfast_hj,489.301013901223,225.90000000000978,7.839785280806165e-11
whfast_hj,489.7883655086943,226.12500000000978,8.589343667079632e-11
whfast_hj,490.27571711616565,226.3500000000098,8.998232559147679e-10
whfast_hj,490.763068723637,226.5750000000098,5.83607838997588e-10
whfast_hj,491.25042033110833,226.80000000000982,6.054630174564277e-10
whfast_hj,491.73777193857967,227.0250000000098,3.283544119260224e-10
whfast_hj,492.225123546051,227.25000000000983,9.21434321095833e-10
whfast_hj,492.71247515352235,227.47500000000986,1.8212801392523965e-10
whfast_hj,493.1998267609937,227.70000000000985,1.0237880158225565e-09
whfast_hj,493.687178368465,227.92500000000987,1.9796772551132683e-10
whfast_hj,494.17452997593637,228.15000000000987,2.15961367804784e-11
whfast_hj,494.6618815834077,228.3750000000099,2.5535504198010414e-10
whfast_hj,495.14923319087904,228.60000000000989,5.885851034659061e-10
whfast_hj,495.6365847983504,228.8250000000099,8.454453692915244e-10
whfast_hj,496.1239364058217,229.05000000000993,1.0580724448970994e-10
whfast_hj,496.61128801329306,229.27500000000992,8.768343672159223e-10
whfast_hj,497.0986396207644,229.50000000000995,3.4692398512847547e-10
whfast_hj,497.58599122823574,229.72500000000994,9.633147614552388e-10
whfast_hj,498.0733428357071,229.95000000000996,2.7808132654135744e-10
whfast_hj,498.5606944431784,230.17500000000996,4.255791832057409e-10
whfast_hj,499.04804605064976,230.40000000000998,4.0037461450618975e-11
whfast_hj,499.5353976581211,230.62500000001,4.4484903410843993e-10
whfast_hj,500.02274926559244,230.85000000001,5.01880104654127e-10
whfast_hj,500.5101008730638,231.07500000001002,1.5814384197364625e-10
whfast_hj,500.9974524805351,231.30000000001002,1.2209787859397151e-09
whfast_hj,501.48480408800646,231.52500000001004,2.920558362586935e-10
whfast_hj,501.9721556954778,231.75000000001003,6.590970286640755e-10
whfast_hj,502.45950730294913,231.97500000001006,8.984013257588906e-11
whfast_hj,502.9468589104205,232.20000000001008,7.592063740753306e-10
whfast_hj,503.4342105178918,232.42500000001007,7.059063858308087e-11
whfast_hj,503.92156212536315,232.6500000000101,6.497157163817831e-10
whfast_hj,504.4089137328345,232.8750000000101,1.7489571276376025e-10
whfast_hj,504.89626534030583,233.1000000000101,1.0545981989423907e-10
whfast_hj,505.38361694777717,233.3250000000101,1.2758381134818777e-09
whfast_hj,505.8709685552485,233.55000000001013,2.679868438492215e-10
whfast_hj,506.35832016271985,233.77500000001015,5.808068978375197e-10
whfast_hj,506.8456717701912,234.00000000001015,2.523271212747528e-10
whfast_hj,507.3330233776625,234.22500000001017,8.161785792232498e-10
whfast_hj,507.82037498513387,234.45000000001016,1.373652047662021e-10
whfast_hj,508.3077265926052,234.6750000000102,9.566059721597863e-10
whfast_hj,508.79507820007655,234.90000000001018,2.2762502896767462e-10
whfast_hj,509.2824298075479,235.1250000000102,1.8106504394710465e-10
whfast_hj,509.7697814150192,235.35000000001023,6.977032297084505e-10
whfast_hj,510.25713302249056,235.57500000001022,5.081632648919446e-10
whfast_hj,510.7444846299619,235.80000000001024,9.00340999989659e-10
whfast_hj,511.23183623743324,236.02500000001024,2.3524309357158604e-10
whfast_hj,511.7191878449046,236.25000000001026,7.542582878445227e-10
whfast_hj,512.2065394523758,236.4750000000102,3.6578432286053647e-10
whfast_hj,512.6938910598466,236.70000000000996,1.0310802002272983e-09
whfast_hj,513.1812426673174,236.92500000000973,3.550672580075714e-10
whfast_hj,513.6685942747882,237.1500000000095,1.4391724585549489e-10
whfast_hj,514.1559458822591,237.3750000000093,2.785804101155153e-10
whfast_hj,514.6432974897299,237.60000000000906,3.32981876826049e-10
whfast_hj,515.1306490972007,237.82500000000883,7.482189016026484e-10
whfast_hj,515.6180007046715,238.0500000000086,1.2078738555565507e-10
whfast_hj,516.1053523121424,238.2750000000084,1.0577597966893587e-09
whfast_hj,516.5927039196132,238.50000000000816,5.097258273669846e-10
whfast_hj,517.080055527084,238.72500000000792,7.937011578854125e-10
whfast_hj,517.5674071345549,238.95000000000772,2.5053537392252453e-10
whfast_hj,518.0547587420257,239.1750000000075,5.193955292060644e-10
whfast_hj,518.5421103494965,239.40000000000725,1.5596700974264907e-10
whfast_hj,519.0294619569673,239.62500000000702,4.5936198409238957e-10
whfast_hj,519.5168135644382,239.85000000000682,3.2159523927859004e-10
whfast_hj,520.004165171909,240.07500000000658,4.636761222210125e-11
whfast_hj,520.4915167793798,240.30000000000635,1.4382848972837068e-09
whfast_hj,520.9788683868506,240.52500000000612,1.0281986796322453e-10
whfast_hj,521.4662199943215,240.7500000000059,5.922062584536607e-10
whfast_hj,521.9535716017923,240.97500000000568,1.0243189918888767e-10
whfast_hj,522.4409232092631,241.20000000000545,6.615909197666231e-10
whfast_hj,522.928274816734,241.4250000000052,3.8827921721269685e-11
whfast_hj,523.4156264242048,241.650000000005,8.153288478762217e-10
whfast_hj,523.9029780316756,241.87500000000477,2.696881725933511e-10
whfast_hj,524.3903296391464,242.10000000000454,2.96411536411677e-10
whfast_hj,524.8776812466173,242.3250000000043,1.0888302089739645e-09
whfast_hj,525.3650328540881,242.5500000000041,3.5054208657974637e-10
whfast_hj,525.8523844615589,242.77500000000387,8.687711648490638e-10
whfast_hj,526.3397360690298,243.00000000000364,2.8227773387444487e-10
whfast_hj,526.8270876765006,243.2250000000034,6.016903731309019e-10
whfast_hj,527.3144392839714,243.4500000000032,2.5175119036575684e-10
whfast_hj,527.8017908914422,243.67500000000297,1.0237627393261088e-09
whfast_hj,528.2891424989131,243.90000000000273,4.1867734254815664e-10
whfast_hj,528.7764941063839,244.12500000000253,1.0212315272220946e-10
whfast_hj,529.2638457138547,244.3500000000023,6.271188678392527e-10
whfast_hj,529.7511973213255,244.57500000000206,2.244956629947004e-10
whfast_hj,530.2385489287964,244.80000000000183,9.602169486925954e-10
whfast_hj,530.7259005362672,245.02500000000163,4.218749041692653e-11
whfast_hj,531.213252143738,245.2500000000014,7.892165306364535e-10
whfast_hj,531.7006037512089,245.47500000000116,5.774164544951951e-10
whfast_hj,532.1879553586797,245.70000000000093,8.973415789581549e-10
whfast_hj,532.6753069661505,245.92500000000072,4.0322899255472143e-10
whfast_hj,533.1626585736213,246.1500000000005,2.742074065891246e-10
whfast_hj,533.6500101810922,246.37500000000026,4.6107637518703247e-10
whfast_hj,534.137361788563,246.60000000000002,2.41746108436225e-10
whfast_hj,534.6247133960338,246.82499999999982,5.170877341881026e-10
whfast_hj,535.1120650035047,247.04999999999959,5.632231079965322e-11
whfast_hj,535.5994166109755,247.27499999999935,1.3517427537510548e-09
whfast_hj,536.0867682184463,247.49999999999912,4.344807509782718e-10
whfast_hj,536.5741198259171,247.72499999999891,6.385820134397182e-10
whfast_hj,537.061471433388,247.94999999999868,9.217659690861384e-11
whfast_hj,537.5488230408588,248.17499999999845,4.843209127459242e-10
whfast_hj,538.0361746483296,248.39999999999822,3.3466335758303505e-10
whfast_hj,538.5235262558004,248.624999999998,6.028251012164022e-10
whfast_hj,539.0108778632713,248.84999999999778,3.319472368808455e-10
whfast_hj,539.4982294707421,249.07499999999754,3.1078080053998023e-10
whfast_hj,539.9855810782129,249.2999999999973,1.3398862108669482e-09
whfast_hj,540.4729326856838,249.5249999999971,1.1022435465419757e-10
whfast_hj,540.9602842931546,249.74999999999687,7.852560938171844e-10
whfast_hj,541.4476359006254,249.97499999999664,2.3153202889848015e-10
whfast_hj,541.9349875080962,250.19999999999644,4.4467922355176693e-10
whfast_hj,542.4223391155671,250.4249999999962,1.1558144513289618e-11
whfast_hj,542.9096907230379,250.64999999999597,9.313077616747372e-10
whfast_hj,543.3970423305087,250.87499999999574,4.680978126902256e-10
whfast_hj,543.8843939379796,251.09999999999553,2.899989401551367e-10
whfast_hj,544.3717455454504,251.3249999999953,9.192176232496328e-10
whfast_hj,544.8590971529212,251.54999999999507,1.2062147674004447e-10
whfast_hj,545.346448760392,251.77499999999483,1.086704608299526e-09
whfast_hj,545.8338003678629,251.99999999999463,5.106157636110473e-11
whfast_hj,546.3211519753337,252.2249999999944,4.979305248534664e-10
whfast_hj,546.8085035828045,252.44999999999416,4.5922050356864803e-10
whfast_hj,547.2958551902753,252.67499999999393,9.43649138296078e-10
whfast_hj,547.7832067977462,252.89999999999372,5.371677901044583e-10
whfast_hj,548.270558405217,253.1249999999935,4.588549273951911e-11
whfast_hj,548.7579100126878,253.34999999999326,7.550454216936364e-10
whfast_hj,549.2452616201587,253.57499999999303,2.0701450590774594e-11
whfast_hj,549.7326132276295,253.79999999999282,7.468728009361145e-10
whfast_hj,550.2199648351003,254.0249999999926,1.549562891665673e-10
whfast_hj,550.7073164425711,254.24999999999235,1.0602526699464118e-09
whfast_hj,551.194668050042,254.47499999999212,6.249684995911136e-10
whfast_hj,551.6820196575128,254.69999999999192,6.993463716184754e-10
whfast_hj,552.1693712649836,254.92499999999168,3.0494600124250917e-10
whfast_hj,552.6567228724545,255.14999999999145,3.056488235564915e-10
whfast_hj,553.1440744799253,255.37499999999122,6.859316769231383e-10
whfast_hj,553.6314260873961,255.599999999991,3.3125086092166193e-10
whfast_hj,554.1187776948669,255.82499999999078,4.2421543988396824e-10
whfast_hj,554.6061293023378,256.0499999999906,2.237144665776382e-10
whfast_hj,555.0934809098086,256.2749999999903,1.399634080678488e-09
whfast_hj,555.5808325172794,256.4999999999901,1.7076071544217696e-10
whfast_hj,556.0681841247502,256.7249999999899,6.937338019206463e-10
whfast_hj,556.5555357322211,256.94999999998964,9.082574629643876e-11
whfast_hj,557.0428873396919,257.17499999998944,3.02173729397204e-10
whfast_hj,557.5302389471627,257.3999999999892,4.0025790155614875e-10
whfast_hj,558.0175905546336,257.624999999989,7.517318256861497e-10
whfast_hj,558.5049421621044,257.84999999998877,5.06633103831814e-10
whfast_hj,558.9922937695752,258.0749999999885,3.9939714354959637e-10
whfast_hj,559.479645377046,258.2999999999883,1.101336815847253e-09
whfast_hj,559.9669969845169,258.5249999999881,1.8868310855101605e-11
whfast_hj,560.4543485919877,258.74999999998784,1.0963576853288616e-09
whfast_hj,560.9417001994585,258.97499999998763,1.1210278851437774e-10
whfast_hj,561.4290518069294,259.19999999998737,2.430677808108898e-10
whfast_hj,561.9164034144002,259.42499999998716,1.478425670052022e-10
whfast_hj,562.403755021871,259.64999999998696,9.131982546358178e-10
whfast_hj,562.8911066293418,259.8749999999867,6.446593992467221e-10
whfast_hj,563.3784582368127,260.0999999999865,1.4911334710513987e-10
whfast_hj,563.8658098442835,260.3249999999863,9.51693171239456e-10
whfast_hj,564.3531614517543,260.549999999986,1.7201113863222374e-10
whfast_hj,564.8405130592251,260.7749999999858,9.760357944460444e-10
whfast_hj,565.327864666696,260.99999999998556,2.0795312909463086e-10
whfast_hj,565.8152162741668,261.22499999998536,6.600436249740011e-10
whfast_hj,566.3025678816376,261.44999999998515,5.980675217339898e-10
whfast_hj,566.7899194891085,261.6749999999849,7.44222331268323e-10
whfast_hj,567.2772710965793,261.8999999999847,5.133325628768998e-10
whfast_hj,567.7646227040501,262.1249999999845,1.3946298433045642e-10
whfast_hj,568.2519743115209,262.3499999999842,9.908937940526444e-10
whfast_hj,568.7393259189918,262.574999999984,2.397280601023766e-11
whfast_hj,569.2266775264626,262.7999999999838,5.534051399970806e-10
whfast_hj,569.7140291339334,263.02499999998355,5.557148010651157e-11
whfast_hj,570.2013807414043,263.24999999998334,1.2562386502798623e-09
whfast_hj,570.6887323488751,263.4749999999831,4.035094089884682e-10
whfast_hj,571.1760839563459,263.6999999999829,6.195935968162604e-10
whfast_hj,571.6634355638167,263.9249999999827,1.1395967797825674e-10
whfast_hj,572.1507871712876,264.1499999999824,1.829098889059649e-10
whfast_hj,572.6381387787584,264.3749999999822,8.346036183654778e-10
whfast_hj,573.1254903862292,264.599999999982,4.897992964793892e-10
whfast_hj,573.6128419937,264.82499999998174,5.38711183156018e-10
whfast_hj,574.1001936011709,265.04999999998154,4.1524991748619687e-10
whfast_hj,574.5875452086417,265.2749999999813,1.159554524598662e-09
whfast_hj,575.0748968161125,265.49999999998107,8.011139569812576e-11
whfast_hj,575.5622484235834,265.72499999998087,9.935228889650504e-10
whfast_hj,576.0496000310542,265.9499999999806,1.0144984792756887e-10
whfast_hj,576.536951638525,266.1749999999804,5.378617910908213e-11
whfast_hj,577.0243032459958,266.3999999999802,3.1588580461786356e-10
whfast_hj,577.5116548534667,266.62499999997993,7.945766746516357e-10
whfast_hj,577.9990064609375,266.84999999997973,7.204032199277615e-10
whfast_hj,578.4863580684083,267.0749999999795,2.9726177668145244e-10
whfast_hj,578.9737096758791,267.29999999997926,1.0086514658322831e-09
whfast_hj,579.46106128335,267.52499999997906,3.0010970837518537e-10
whfast_hj,579.9484128908208,267.7499999999788,1.1514882686953201e-09
whfast_hj,580.4357644982916,267.9749999999786,2.0365934787589877e-10
whfast_hj,580.9231161057625,268.1999999999784,2.565226804032614e-10
whfast_hj,581.4104677132333,268.4249999999781,3.285423740606815e-10
whfast_hj,581.8978193207041,268.6499999999779,7.441868763169298e-10
whfast_hj,582.385170928175,268.8749999999777,6.99775054212594e-10
whfast_hj,582.8725225356458,269.09999999997746,5.364045756244664e-12
whfast_hj,583.3598741431166,269.32499999997725,1.1551923780908798e-09
whfast_hj,583.8472257505874,269.549999999977,2.800450897821635e-10
whfast_hj,584.3345773580583,269.7749999999768,7.194554361314257e-10
whfast_hj,584.8219289655291,269.9999999999766,1.5168289805611512e-10
whfast_hj,585.3092805729999,270.2249999999763,9.401845618735674e-10
whfast_hj,585.7966321804707,270.4499999999761,4.796082881061875e-10
whfast_hj,586.2839837879416,270.6749999999759,5.647393585015706e-10
whfast_hj,586.7713353954124,270.89999999997565,3.5354473078864995e-10
whfast_hj,587.2586870028832,271.12499999997544,9.143577502950187e-11
whfast_hj,587.746038610354,271.3499999999752,1.2017289526650755e-09
whfast_hj,588.2333902178249,271.574999999975,1.6471369535909354e-10
whfast_hj,588.7207418252957,271.7999999999748,5.734611069033988e-10
whfast_hj,589.2080934327665,272.0249999999745,3.2709754238117685e-10
whfast_hj,589.6954450402374,272.2499999999743,1.1053328772588311e-09
whfast_hj,590.1827966477082,272.4749999999741,1.5447383040215361e-10
whfast_hj,590.670148255179,272.69999999997384,8.165911459303715e-10
whfast_hj,591.1574998626498,272.92499999997364,2.3541069879635425e-12
whfast_hj,591.6448514701207,273.14999999997343,6.234473294995182e-11
whfast_hj,592.1322030775915,273.37499999997317,8.366483003231e-10
whfast_hj,592.6195546850623,273.59999999997297,5.87321617925346e-10
whfast_hj,593.1069062925332,273.8249999999727,7.626670487567788e-10
whfast_hj,593.594257900004,274.0499999999725,3.847047134767756e-10
whfast_hj,594.0816095074748,274.2749999999723,9.40523843705082e-10
whfast_hj,594.5689611149456,274.49999999997203,3.291123675376259e-10
whfast_hj,595.0563127224165,274.7249999999718,1.2166867011301405e-09
whfast_hj,595.5436643298873,274.9499999999716,1.6833010040120688e-10
whfast_hj,596.0310159373581,275.17499999997136,7.116962302856041e-11
whfast_hj,596.085166115966,275.19999999997134,1.5518937578481776e-10
