method,time,time_over_reference_period,rel_energy_error
whfast,0.0,0.0,2.220446049250313e-16
whfast,0.5258865888913579,0.19999999999999993,0.00801522024677199
whfast,1.0517731777827157,0.39999999999999986,0.012856685706969065
whfast,1.5776597666740744,0.6000000000000001,0.0006891028645415395
whfast,2.103546355565433,0.8000000000000003,0.0007579870596202484
whfast,2.6294329444567897,0.9999999999999998,2.350915499093587e-05
whfast,3.1553195333481465,1.1999999999999993,0.007785508179537232
whfast,3.6812061222395034,1.399999999999999,0.013070796552479523
whfast,4.207092711130862,1.5999999999999992,0.0007303778256258301
whfast,4.7329793000222224,1.8,0.0007601845932238548
whfast,5.258865888913583,2.000000000000001,5.432483221650243e-05
whfast,5.784752477804943,2.200000000000002,0.007551033529256886
whfast,6.310639066696304,2.400000000000003,0.013269275757651054
whfast,6.836525655587664,2.6000000000000036,0.0007657019376374543
whfast,7.3624122444790245,2.8000000000000047,0.0007695879514063318
whfast,7.888298833370385,3.0000000000000058,9.224259928525608e-05
whfast,8.41418542226174,3.2000000000000046,0.0073105389676704005
whfast,8.940072011153093,3.4000000000000026,0.01345353660948279
whfast,9.465958600044447,3.600000000000001,0.0007966439935450038
whfast,9.9918451889358,3.799999999999999,0.0007850570138367688
whfast,10.517731777827153,3.9999999999999973,0.0001363173675087586
whfast,11.043618366718507,4.199999999999996,0.007063845863496106
whfast,11.56950495560986,4.399999999999994,0.013624939604468993
whfast,12.095391544501213,4.599999999999992,0.000825440806617819
whfast,12.621278133392567,4.79999999999999,0.0008047763407772376
whfast,13.14716472228392,4.9999999999999885,0.00018487567744166178
whfast,13.673051311175273,5.199999999999987,0.006811994123988031
whfast,14.198937900066626,5.399999999999984,0.013784576540363044
whfast,14.72482448895798,5.599999999999983,0.0008548729039675847
whfast,15.250711077849333,5.799999999999981,0.0008263290362684647
whfast,15.776597666740686,5.99999999999998,0.00023555736298188701
whfast,16.30248425563204,6.199999999999978,0.006557286327137011
whfast,16.828370844523395,6.399999999999976,0.013933095061354886
whfast,17.354257433414748,6.599999999999975,0.0008880805837599785
whfast,17.8801440223061,6.799999999999973,0.0008468442559950447
whfast,18.406030611197455,6.999999999999971,0.00028547706311893745
whfast,18.931917200088808,7.199999999999969,0.006303165584875257
whfast,19.45780378898016,7.3999999999999675,0.014070559636823575
whfast,19.983690377871515,7.599999999999966,0.0009282172686277279
whfast,20.509576966762868,7.799999999999964,0.0008633096861129757
whfast,21.03546355565422,7.999999999999962,0.0003315240840040661
whfast,21.561350144545575,8.19999999999996,0.006053890595471027
whfast,22.087236733436928,8.399999999999958,0.01419637047193418
whfast,22.61312332232828,8.599999999999957,0.0009780071124157721
whfast,23.139009911219635,8.799999999999955,0.0008729698884253275
whfast,23.664896500110988,8.999999999999954,0.00037077824901739746
whfast,24.19078308900234,9.199999999999951,0.005813963274315292
whfast,24.716669677893695,9.399999999999949,0.014309300899591837
whfast,25.242556266785048,9.599999999999948,0.001039265342177988
whfast,25.7684428556764,9.799999999999946,0.0008738141858079548
whfast,26.294329444567754,9.999999999999945,0.00040102308557473244
whfast,26.820216033459108,10.199999999999942,0.005587414134980959
whfast,27.34610262235046,10.39999999999994,0.014407687801185912
whfast,27.871989211241814,10.59999999999994,0.0011125031558597196
whfast,28.397875800133168,10.799999999999937,0.0008649678241799076
whfast,28.92376238902452,10.999999999999936,0.00042115469708976685
whfast,29.449648977915874,11.199999999999934,0.005377123099214736
whfast,29.975535566807228,11.399999999999931,0.014489724215815129
whfast,30.50142215569858,11.59999999999993,0.001196786559679537
whfast,31.027308744589934,11.799999999999928,0.0008468773175367676
whfast,31.553195333481288,11.999999999999927,0.0004314203969090199
whfast,32.079081922372644,12.199999999999926,0.005184325766280038
whfast,32.604968511264,12.399999999999924,0.014553806275547768
whfast,33.13085510015535,12.599999999999921,0.0012899077218021923
whfast,33.656741689046704,12.79999999999992,0.0008212321152612533
whfast,34.18262827793806,12.999999999999918,0.00043334559915275445
whfast,34.70851486682941,13.199999999999918,0.005008506805239558
whfast,35.234401455720764,13.399999999999915,0.014598826843009541
whfast,35.76028804461212,13.599999999999913,0.0013887934223650862
whfast,36.28617463350347,13.799999999999912,0.0007906174978416069
whfast,36.812061222394824,13.99999999999991,0.0004294096638535606
whfast,37.33794781128618,14.199999999999909,0.004847609065028328
whfast,37.86383440017753,14.399999999999906,0.014624294754583168
whfast,38.389720989068884,14.599999999999904,0.0014900527343039947
whfast,38.91560757796024,14.799999999999903,0.0007580353447717239
whfast,39.44149416685159,14.9999999999999,0.0004226000714866054
whfast,39.967380755742944,15.1999999999999,0.004698509110180945
whfast,40.4932673446343,15.399999999999897,0.014630334033506552
whfast,41.01915393352565,15.599999999999895,0.0015905016453346132
whfast,41.545040522417004,15.799999999999894,0.0007264630734332225
whfast,42.07092711130836,15.999999999999892,0.00041594634768712946
whfast,42.59681370019971,16.19999999999989,0.004557557669341395
whfast,43.122700289091064,16.39999999999989,0.014617542178809182
whfast,43.64858687798242,16.599999999999888,0.0016875262178733276
whfast,44.17447346687377,16.799999999999883,0.0006985012665909669
whfast,44.700360055765124,16.999999999999883,0.00041215149633391763
whfast,45.22624664465648,17.199999999999882,0.004421047287794624
whfast,45.75213323354783,17.399999999999878,0.014586859911073832
whfast,46.278019822439184,17.599999999999877,0.0017793166923182363
whfast,46.80390641133054,17.799999999999876,0.000676157155721073
whfast,47.32979300022189,17.999999999999876,0.00041338760995964635
whfast,47.855679589113244,18.19999999999987,0.004285580072943262
whfast,48.3815661780046,18.39999999999987,0.014539481013961705
whfast,48.90745276689595,18.59999999999987,0.0018649261252282794
whfast,49.433339355787304,18.799999999999866,0.0006607675194875761
whfast,49.95922594467866,18.999999999999865,0.00042117997752233737
whfast,50.48511253357001,19.199999999999864,0.0041483225682282816
whfast,51.010999122461364,19.39999999999986,0.014476847760738891
whfast,51.53688571135272,19.59999999999986,0.0019442774889911526
whfast,52.06277230024407,19.79999999999986,0.0006529564074120437
whfast,52.588658889135424,19.999999999999854,0.0004363614107333531
whfast,53.11454547802678,20.199999999999854,0.004007145128835044
whfast,53.64043206691813,20.399999999999853,0.01440077017507285
whfast,54.166318655809484,20.599999999999852,0.0020181170126556823
whfast,54.69220524470084,20.799999999999848,0.0006526580455992983
whfast,55.21809183359219,20.999999999999847,0.0004590741056087341
whfast,55.74397842248354,21.199999999999847,0.0038607477017825608
whfast,56.2698650113749,21.399999999999842,0.01431364386507277
whfast,56.79575160026625,21.59999999999984,0.0020879522842953972
whfast,57.3216381891576,21.79999999999984,0.000659107120868979
whfast,57.84752477804896,21.999999999999837,0.0004887408224605001
whfast,58.37341136694031,22.199999999999836,0.003708762814053246
whfast,58.89929795583166,22.399999999999835,0.014218682669147553
whfast,59.42518454472302,22.599999999999834,0.0021559932542284236
whfast,59.95107113361437,22.79999999999983,0.0006708515150669361
whfast,60.47695772250572,22.99999999999983,0.0005240768787720782
whfast,61.00284431139708,23.19999999999983,0.0035518233325263233
whfast,61.52873090028843,23.399999999999824,0.014120157576099635
whfast,62.05461748917978,23.599999999999824,0.00222506720983162
whfast,62.58050407807114,23.799999999999823,0.0006857907978924373
whfast,63.10639066696249,23.99999999999982,0.000563092913442835
whfast,63.63227725585384,24.199999999999818,0.003391615362425299
whfast,64.1581638447452,24.39999999999982,0.01402349584408559
whfast,64.68405043363656,24.599999999999817,0.002298427107686452
whfast,65.20993702252791,24.799999999999816,0.0007012738799949305
whfast,65.73582361141926,24.999999999999815,0.0006031915782074425
whfast,66.26171020031062,25.19999999999981,0.003230795243067751
whfast,66.78759678920197,25.39999999999981,0.013935110867344789
whfast,67.31348337809332,25.59999999999981,0.002379474688124782
whfast,67.83936996698468,25.799999999999805,0.0007143036822259161
whfast,68.36525655587603,25.999999999999805,0.0006413759483300869
whfast,68.89114314476738,26.199999999999804,0.0030727880016277694
whfast,69.41702973365874,26.399999999999803,0.013861905342305919
whfast,69.94291632255009,26.5999999999998,0.0024713427521134926
whfast,70.46880291144144,26.799999999999798,0.0007219022174599547
whfast,70.9946895003328,26.999999999999797,0.000674593291840862
whfast,71.52057608922415,27.199999999999793,0.0029213702621574606
whfast,72.0464626781155,27.399999999999793,0.01381037489383146
whfast,72.57234926700686,27.599999999999792,0.002576384119291661
whfast,73.09823585589821,27.799999999999788,0.0007215522055539833
whfast,73.62412244478956,27.999999999999787,0.0007001905800583007
whfast,74.15000903368092,28.199999999999786,0.0027801031219521987
whfast,74.67589562257227,28.399999999999782,0.01378553973323656
whfast,75.20178221146362,28.59999999999978,0.00269571884328191
whfast,75.72766880035498,28.79999999999978,0.0007116606920388996
whfast,76.25355538924633,28.99999999999978,0.0007164026247348206
whfast,76.77944197813768,29.199999999999775,0.0026517194194957284
whfast,77.30532856702904,29.399999999999775,0.013789943740280744
whfast,77.83121515592039,29.599999999999774,0.002828929081939741
whfast,78.35710174481174,29.79999999999977,0.0006918970539936248
whfast,78.8829883337031,29.99999999999977,0.0007226932875145376
whfast,79.40887492259445,30.19999999999977,0.002537622809694215
whfast,79.9347615114858,30.399999999999764,0.013823113238962702
whfast,80.46064810037716,30.599999999999763,0.0029740965497734428
whfast,80.98653468926851,30.799999999999763,0.0006632562878972491
whfast,81.51242127815986,30.999999999999762,0.0007198661212344529
whfast,82.03830786705122,31.199999999999758,0.0024376521978067326
whfast,82.56419445594257,31.399999999999757,0.01388167595191887
whfast,83.09008104483392,31.599999999999756,0.003128129930419419
whfast,83.61596763372528,31.799999999999752,0.0006278747671932259
whfast,84.14185422261663,31.99999999999975,0.0007098930208054094
whfast,84.66774081150798,32.19999999999975,0.002350192715640496
whfast,85.19362740039934,32.39999999999975,0.013960076393452165
whfast,85.71951398929069,32.599999999999746,0.003287330288237002
whfast,86.24540057818204,32.79999999999974,0.0005885985163570065
whfast,86.7712871670734,32.999999999999744,0.0006955073604580574
whfast,87.29717375596475,33.19999999999974,0.0022725386674798793
whfast,87.8230603448561,33.399999999999736,0.014051627434329911
whfast,88.34894693374746,33.59999999999974,0.003448010598638886
whfast,88.87483352263881,33.799999999999734,0.0005485135211980101
whfast,89.40072011153016,33.99999999999973,0.0006797511629086418
whfast,89.92660670042152,34.19999999999973,0.0022013874734834044
whfast,90.45249328931287,34.39999999999973,0.01414955085860799
whfast,90.97837987820422,34.59999999999973,0.003606999552409929
whfast,91.50426646709558,34.79999999999973,0.0005105129348867189
whfast,92.03015305598693,34.99999999999972,0.0006655328287358532
whfast,92.55603964487828,35.199999999999726,0.0021333343548078348
whfast,93.08192623376964,35.39999999999972,0.01424772171372397
whfast,93.60781282266099,35.59999999999972,0.0037619825176967146
whfast,94.13369941155234,35.79999999999972,0.00047699450629593845
whfast,94.6595860004437,35.999999999999716,0.00065534186474207
whfast,95.18547258933505,36.19999999999971,0.0020652275610336815
whfast,95.7113591782264,36.399999999999714,0.014341053550317277
whfast,96.23724576711776,36.59999999999971,0.003911667061390714
whfast,96.76313235600911,36.799999999999706,0.0004497132493857516
whfast,97.28901894490046,36.99999999999971,0.0006510697904617421
whfast,97.81490553379182,37.199999999999704,0.001994432902058673
whfast,98.34079212268317,37.3999999999997,0.014425577677983147
whfast,98.86667871157452,37.5999999999997,0.004055791841909555
whfast,99.39256530046588,37.7999999999997,0.0004297135442205843
whfast,99.91845188935723,37.999999999999694,0.0006539315390898783
whfast,100.44433847824858,38.1999999999997,0.0019189589775973587
whfast,100.97022506713994,38.39999999999969,0.014498285142719973
whfast,101.49611165603129,38.59999999999969,0.004195072072404075
whfast,102.02199824492264,38.79999999999969,0.0004173111559621595
whfast,102.547884833814,38.99999999999969,0.0006644574928635485
whfast,103.07377142270535,39.19999999999969,0.0018375494441980323
whfast,103.5996580115967,39.399999999999686,0.014556916505552549
whfast,104.12554460048806,39.59999999999968,0.004331122106242617
whfast,104.65143118937941,39.799999999999685,0.000412117335743187
whfast,105.17731777827076,39.99999999999968,0.0006824788672125067
whfast,105.70320436716212,40.199999999999676,0.0017497446937743085
whfast,106.22909095605347,40.39999999999968,0.014599715444228554
whfast,106.75497754494482,40.599999999999675,0.0044663352392326425
whfast,107.28086413383618,40.79999999999967,0.00041304536503394617
whfast,107.80675072272753,40.99999999999967,0.0007071096928396979
whfast,108.33263731161888,41.19999999999967,0.001655919281277416
whfast,108.85852390051024,41.399999999999665,0.014625272078055938
whfast,109.38441048940159,41.59999999999967,0.004603776244985076
whfast,109.91029707829294,41.79999999999966,0.0004183214503742265
whfast,110.4361836671843,41.99999999999966,0.000736767653975006
whfast,110.96207025607565,42.19999999999966,0.0015573225891907414
whfast,111.487956844967,42.39999999999966,0.014632447921316008
whfast,112.01384343385836,42.59999999999965,0.00474698011956682
whfast,112.53973002274971,42.799999999999656,0.0004255621953926275
whfast,113.06561661164106,42.99999999999965,0.0007692122336489807
whfast,113.59150320053242,43.199999999999655,0.0014560732815218982
whfast,114.11738978942377,43.39999999999965,0.01462038847675661
whfast,114.64327637831512,43.599999999999646,0.004899685524417587
whfast,115.16916296720647,43.79999999999965,0.0004319012937341963
whfast,115.69504955609783,43.999999999999645,0.000801667813483892
whfast,116.22093614498918,44.19999999999964,0.0013550187237806773
whfast,116.74682273388053,44.39999999999964,0.014588633765577038
whfast,117.27270932277189,44.59999999999964,0.005065429854814845
whfast,117.79859591166324,44.799999999999635,0.000434278098400895
whfast,118.3244825005546,44.99999999999964,0.0008310963475824364
whfast,118.85036908944595,45.19999999999963,0.0012574726686595842
whfast,119.3762556783373,45.39999999999963,0.014537266369824739
whfast,119.90214226722865,45.59999999999963,0.00524703073329769
whfast,120.42802885612001,45.79999999999963,0.00042982116901925225
whfast,120.95391544501136,45.99999999999962,0.0008545696578053481
whfast,121.47980203390271,46.199999999999626,0.001166789273178058
whfast,122.00568862279407,46.39999999999962,0.014466980832373551
whfast,122.53157521168542,46.59999999999962,0.005446060944387795
whfast,123.05746180057677,46.79999999999962,0.000416323084793885
whfast,123.58334838946813,46.999999999999616,0.0008697618396302249
whfast,124.10923497835948,47.19999999999961,0.0010858110248987078
whfast,124.63512156725083,47.399999999999615,0.014379062610771124
whfast,125.16100815614219,47.59999999999961,0.005662458669917018
whfast,125.68689474503354,47.79999999999961,0.0003926730750399894
whfast,126.2127813339249,47.99999999999961,0.0008753730721268779
whfast,126.73866792281625,48.199999999999605,0.001016368270964638
whfast,127.2645545117076,48.39999999999961,0.014275205474734992
whfast,127.79044110059895,48.5999999999996,0.005894390142134272
whfast,128.31632768949032,48.799999999999606,0.00035909537603140315
whfast,128.84221427838168,48.9999999999996,0.0008714014838856914
whfast,129.36810086727303,49.199999999999605,0.0009589145140800548
whfast,129.89398745616438,49.3999999999996,0.014157192421879754
whfast,130.41987404505574,49.599999999999596,0.0061385073137734105
whfast,130.9457606339471,49.7999999999996,0.0003171057172426681
whfast,131.47164722283844,49.999999999999595,0.000859142559315654
whfast,131.9975338117298,50.19999999999959,0.000912483899225869
whfast,132.52342040062115,50.399999999999594,0.014026580010300277
whfast,133.0493069895125,50.59999999999959,0.006390512966815869
whfast,133.57519357840386,50.799999999999585,0.0002692239944619149
whfast,134.1010801672952,50.99999999999959,0.000840913580250804
whfast,134.62696675618656,51.199999999999584,0.0008749179385574375
whfast,135.15285334507792,51.39999999999959,0.013884418125484329
whfast,135.67873993396927,51.59999999999958,0.006645869109264686
whfast,136.20462652286062,51.79999999999958,0.0002184967768614749
whfast,136.73051311175197,51.99999999999958,0.0008196105503165414
whfast,137.25639970064333,52.19999999999958,0.0008432965721471662
whfast,137.78228628953468,52.39999999999957,0.013731138158083451
whfast,138.30817287842603,52.599999999999575,0.006900495215772236
whfast,138.8340594673174,52.79999999999957,0.000168012825987981
whfast,139.35994605620874,52.99999999999957,0.0007982525746591024
whfast,139.8858326451001,53.19999999999957,0.0008144278095961065
whfast,140.41171923399145,53.399999999999565,0.013566543903972156
whfast,140.9376058228828,53.59999999999956,0.007151247473153964
whfast,141.46349241177415,53.799999999999564,0.00012052207167805037
whfast,141.9893790006655,53.99999999999956,0.000779589057548299
whfast,142.51526558955686,54.199999999999555,0.0007852616814792698
whfast,143.04115217844821,54.39999999999956,0.013389906758384324
whfast,143.56703876733957,54.599999999999554,0.007396203428995136
whfast,144.09292535623092,54.79999999999955,7.817100804762414e-05
whfast,144.61881194512227,54.99999999999955,0.0007658537495302914
whfast,145.14469853401363,55.19999999999955,0.0007531741833449113
whfast,145.67058512290498,55.399999999999544,0.013200118065309688
whfast,146.19647171179633,55.59999999999955,0.007634711557702005
whfast,146.7223583006877,55.79999999999954,4.2404976065817746e-05
whfast,147.24824488957904,55.999999999999545,0.0007586459648432298
whfast,147.7741314784704,56.19999999999954,0.0007161435362395429
whfast,148.30001806736175,56.39999999999954,0.01299585627201861
whfast,148.8259046562531,56.59999999999954,0.007867316298868804
whfast,149.35179124514445,56.799999999999535,1.3918804663933522e-05
whfast,149.8776778340358,56.99999999999953,0.0007588701278585414
whfast,150.40356442292716,57.199999999999534,0.0006728262572922612
whfast,150.92945101181851,57.39999999999953,0.012775786448976319
whfast,151.45533760070987,57.599999999999525,0.008095611487146277
whfast,151.98122418960122,57.79999999999953,7.3202200431902815e-06
whfast,152.50711077849257,57.999999999999524,0.0007667476756387841
whfast,153.03299736738393,58.19999999999952,0.0006225929092242493
whfast,153.55888395627528,58.39999999999952,0.012538800607747412
whfast,154.08477054516663,58.59999999999952,0.00832204111837017
whfast,154.610657134058,58.799999999999514,2.205909517885223e-05
whfast,155.13654372294934,58.99999999999952,0.0007817974673807675
whfast,155.6624303118407,59.19999999999951,0.0005655732505016006
whfast,156.18831690073205,59.39999999999951,0.01228427802792012
whfast,156.7142034896234,59.59999999999951,0.00854969362152978
whfast,157.24009007851475,59.79999999999951,3.174613924575825e-05
whfast,157.7659766674061,59.9999999999995,0.0008028499866212166
whfast,158.29186325629746,60.199999999999505,0.0005026641636422675
whfast,158.8177498451888,60.3999999999995,0.012012380030850225
whfast,159.34363643408017,60.599999999999504,0.008782062629777022
whfast,159.86952302297152,60.7999999999995,3.8478318033199446e-05
whfast,160.39540961186287,60.999999999999496,0.0008280566520164351
whfast,160.92129620075423,61.1999999999995,0.0004355545166128779
whfast,161.44718278964558,61.399999999999494,0.011724354538838395
whfast,161.97306937853693,61.59999999999949,0.009022718301890312
whfast,162.4989559674283,61.79999999999949,4.49138214082949e-05
whfast,163.02484255631964,61.99999999999949,0.0008549550938930112
whfast,163.550729145211,62.199999999999484,0.00036665258493825606
whfast,164.07661573410235,62.39999999999949,0.011422734005238099
whfast,164.6025023229937,62.59999999999948,0.009274895279973126
whfast,165.12838891188505,62.79999999999948,5.4086134040248265e-05
whfast,165.6542755007764,62.99999999999948,0.0008806568403475699
whfast,166.18016208966776,63.19999999999948,0.0002989258722647301
whfast,166.7060486785591,63.39999999999947,0.011111403040402751
whfast,167.23193526745047,63.599999999999476,0.009541004505774428
whfast,167.75782185634182,63.79999999999947,6.906187417155466e-05
whfast,168.28370844523317,63.99999999999947,0.0009021463896831651
whfast,168.80959503412453,64.19999999999946,0.00023558765270488078
whfast,169.33548162301588,64.39999999999947,0.010795369219289494
whfast,169.86136821190723,64.59999999999947,0.00982209224235837
whfast,170.3872548007986,64.79999999999946,9.250035354067404e-05
whfast,170.91314138968994,64.99999999999946,0.0009166988863595795
whfast,171.4390279785813,65.19999999999946,0.0001796264777107433
whfast,171.96491456747265,65.39999999999945,0.010480261559495632
whfast,172.490801156364,65.59999999999945,0.01011744586246065
whfast,173.01668774525535,65.79999999999946,0.00012618873284209802
whfast,173.5425743341467,65.99999999999945,0.0009223716634052907
whfast,174.06846092303806,66.19999999999945,0.00013329817876869617
whfast,174.5943475119294,66.39999999999945,0.010171583125931041
whfast,175.12023410082077,66.59999999999944,0.010424431497430038
whfast,175.64612068971212,66.79999999999944,0.00017065312705972244
whfast,176.17200727860347,66.99999999999945,0.0009183861352238721
whfast,176.69789386749483,67.19999999999945,9.770375553208343e-05
whfast,177.22378045638618,67.39999999999944,0.009873885715048594
whfast,177.74966704527753,67.59999999999944,0.010738740741893734
whfast,178.2755536341689,67.79999999999944,0.00022504385364455583
whfast,178.80144022306024,67.99999999999943,0.0009052856222166464
whfast,179.3273268119516,68.19999999999943,7.255749422960416e-05
whfast,179.85321340084295,68.39999999999944,0.009590127150719887
whfast,180.3790999897343,68.59999999999943,0.011054987041069296
whfast,180.90498657862565,68.79999999999943,0.0002872781785209248
whfast,181.430873167517,68.99999999999943,0.0008848349544601305
whfast,181.95675975640836,69.19999999999942,5.627608410091274e-05
whfast,182.4826463452997,69.39999999999942,0.00932137774274657
whfast,183.00853293419107,69.59999999999943,0.011367497156465251
whfast,183.53441952308242,69.79999999999941,0.00035445778613231064
whfast,184.06030611197377,69.99999999999942,0.000859645079479446
whfast,184.58619270086513,70.19999999999942,4.632273006133193e-05
whfast,185.11207928975648,70.39999999999941,0.009066880182109523
whfast,185.63796587864783,70.59999999999941,0.011671094836507473
whfast,186.1638524675392,70.79999999999941,0.00042337820548681975
whfast,186.68973905643054,70.9999999999994,0.000832722428431763
whfast,187.2156256453219,71.1999999999994,3.965985564673851e-05
whfast,187.74151223421325,71.39999999999941,0.008824434186516574
whfast,188.2673988231046,71.5999999999994,0.011961678251135092
whfast,188.79328541199595,71.7999999999994,0.000490996758055978
whfast,189.3191720008873,71.9999999999994,0.0008070085948731631
whfast,189.84505858977866,72.19999999999939,3.322596087783058e-05
whfast,190.37094517867,72.3999999999994,0.008590915131402746
whfast,190.89683176756137,72.5999999999994,0.012236468515341194
whfast,191.42271835645272,72.79999999999939,0.0005547826561520633
whfast,191.94860494534407,72.99999999999939,0.0007850535928396991
whfast,192.47449153423543,73.19999999999939,2.4268233310060797e-05
whfast,193.00037812312678,73.39999999999938,0.008362770969693189
whfast,193.52626471201813,73.59999999999938,0.012494012684848385
whfast,194.0521513009095,73.79999999999939,0.000612919867746347
whfast,194.57803788980084,73.99999999999937,0.0007688256187431299
whfast,195.1039244786922,74.19999999999938,1.0577081293158622e-05
whfast,195.62981106758355,74.39999999999938,0.008136470817280231
whfast,196.1556976564749,74.59999999999937,0.012733991322011128
whfast,196.68158424536625,74.79999999999937,0.0006643642724253284
whfast,197.2074708342576,74.99999999999937,0.0007596205074715982
whfast,197.73335742314896,75.19999999999936,9.41181121874729e-06
whfast,198.2592440120403,75.39999999999937,0.007908818485123422
whfast,198.78513060093167,75.59999999999937,0.012956919719101269
whfast,199.31101718982302,75.79999999999936,0.0007088556344180282
whfast,199.83690377871437,75.99999999999936,0.0007580356126381809
whfast,200.36279036760573,76.19999999999936,3.657538000860451e-05
whfast,200.88867695649708,76.39999999999937,0.007677228352799265
whfast,201.41456354538843,76.59999999999935,0.013163863208148387
whfast,201.94045013427979,76.79999999999936,0.0007468923149048816
whfast,202.46633672317114,76.99999999999936,0.0007639806198767695
whfast,202.9922233120625,77.19999999999935,7.107644433724606e-05
whfast,203.51810990095385,77.39999999999935,0.007439932646897649
whfast,204.0439964898452,77.59999999999935,0.01335613906602086
whfast,204.56988307873655,77.79999999999934,0.0007796902512658622
whfast,205.0957696676279,77.99999999999935,0.00077666873328788
whfast,205.62165625651926,78.19999999999935,0.00011234768430563959
whfast,206.1475428454106,78.39999999999934,0.007196173900450565
whfast,206.67342943430197,78.59999999999934,0.013535094070930452
whfast,207.19931602319332,78.79999999999934,0.0008091632187663708
whfast,207.72520261208467,78.99999999999933,0.0007946232321703169
whfast,208.25108920097603,79.19999999999933,0.0001590838198567806
whfast,208.77697578986738,79.39999999999934,0.006946375396987096
whfast,209.30286237875873,79.59999999999933,0.013701888109302925
whfast,209.82874896765009,79.79999999999933,0.0008378315938504384
whfast,210.35463555654144,79.99999999999933,0.0008157207936426813
whfast,210.8805221454328,80.19999999999932,0.0002092526202522887
whfast,211.40640873432415,80.39999999999932,0.006692230400514063
whfast,211.9322953232155,80.59999999999933,0.01385731721482912
whfast,212.45818191210685,80.79999999999932,0.0008686927691197933
whfast,212.9840685009982,80.99999999999932,0.0008372823413385423
whfast,213.50995508988956,81.19999999999932,0.00026019739207900207
whfast,214.0358416787809,81.39999999999931,0.006436672151767178
whfast,214.56172826767227,81.59999999999931,0.014001670419312724
whfast,215.08761485656362,81.79999999999932,0.0009049429734169349
whfast,215.61350144545497,81.9999999999993,0.0008563178356855395
whfast,216.13938803434633,82.1999999999993,0.00030886560031923266
whfast,216.66527462323768,82.39999999999931,0.006183656199900458
whfast,217.19116121212903,82.5999999999993,0.014134613435819192
whfast,217.71704780102039,82.7999999999993,0.0009495853087771749
whfast,218.24293438991174,82.9999999999993,0.000869867693924654
whfast,218.7688209788031,83.19999999999929,0.00035215971502889026
whfast,219.29470756769445,83.3999999999993,0.005937693263006179
whfast,219.8205941565858,83.5999999999993,0.014255175173550084
whfast,220.34648074547715,83.79999999999929,0.001004957334029458
whfast,220.8723673343685,83.99999999999929,0.0008754755752532388
whfast,221.39825392325986,84.19999999999929,0.0003874326501942038
whfast,221.9241405121512,84.39999999999928,0.0057031869153419375
whfast,222.45002710104256,84.59999999999928,0.014361864111740348
whfast,222.97591368993392,84.79999999999929,0.001072262791852813
whfast,223.50180027882527,84.99999999999929,0.0008716376675480576
whfast,224.02768686771662,85.19999999999928,0.0004129495749910886
whfast,224.55357345660798,85.39999999999928,0.005483719576768724
whfast,225.07946004549933,85.59999999999928,0.014452899773516738
whfast,225.60534663439068,85.79999999999927,0.001151298445550746
whfast,226.13123322328204,85.99999999999928,0.0008581069695965643
whfast,226.6571198121734,86.19999999999928,0.0004282458781481274
whfast,227.18300640106474,86.39999999999927,0.005281425639306271
whfast,227.7088929899561,86.59999999999927,0.01452654016907982
whfast,228.23477957884745,86.79999999999927,0.0012404680930689991
whfast,228.7606661677388,86.99999999999926,0.0008359645851624049
whfast,229.28655275663016,87.19999999999926,0.0004342061691876025
whfast,229.8124393455215,87.39999999999927,0.005096699453705405
whfast,230.33832593441286,87.59999999999926,0.014581413923035995
whfast,230.86421252330422,87.79999999999926,0.0013370690171062814
whfast,231.39009911219557,87.99999999999926,0.0008073897479038033
whfast,231.91598570108692,88.19999999999925,0.0004328614817790032
whfast,232.44187228997828,88.39999999999925,0.00492823500351988
whfast,232.96775887886963,88.59999999999926,0.014616711620853722
whfast,233.49364546776098,88.79999999999924,0.0014377933038150768
whfast,234.01953205665234,88.99999999999925,0.0007752295819046538
whfast,234.5454186455437,89.19999999999925,0.00042700079179955347
whfast,235.07130523443504,89.39999999999924,0.004773397310311723
whfast,235.5971918233264,89.59999999999924,0.014632260820031447
whfast,236.12307841221775,89.79999999999924,0.0015392854059101634
whfast,236.6489650011091,89.99999999999923,0.0007425391185706042
whfast,237.17485159000046,90.19999999999924,0.0004196910712904141
whfast,237.7007381788918,90.39999999999924,0.00462874513427772
whfast,238.22662476778316,90.59999999999923,0.014628433382600756
whfast,238.75251135667452,90.79999999999923,0.0016385804887016982
whfast,239.27839794556587,90.99999999999923,0.0007121657078974551
whfast,239.80428453445722,91.19999999999922,0.00041384750469400004
whfast,240.33017112334858,91.39999999999922,0.004490539572326846
whfast,240.85605771223993,91.59999999999923,0.014606022010803677
whfast,241.38194430113128,91.79999999999922,0.0017334242382709922
whfast,241.90783089002264,91.99999999999922,0.0006864570241623777
whfast,242.433717478914,92.19999999999922,0.00041195938463223263
whfast,242.95960406780534,92.39999999999921,0.0043551756855217515
whfast,243.4854906566967,92.59999999999921,0.014566126418012738
whfast,244.01137724558805,92.79999999999922,0.0018223995267641346
whfast,244.5372638344794,92.9999999999992,0.0006671278203796309
whfast,245.06315042337076,93.1999999999992,0.00041591801954780786
whfast,245.5890370122621,93.39999999999921,0.004219496780785765
whfast,246.11492360115346,93.5999999999992,0.014510102772507414
whfast,246.64081019004482,93.7999999999992,0.0019049714306308434
whfast,247.16669677893617,93.9999999999992,0.0006551834916522288
whfast,247.69258336782752,94.1999999999992,0.00042693547132472163
whfast,248.21846995671888,94.3999999999992,0.004080971827369451
whfast,248.74435654561023,94.5999999999992,0.01443962887340548
whfast,249.27024313450158,94.7999999999992,0.0019814583612355425
whfast,249.79612972339294,94.99999999999919,0.0006509306105533558
whfast,250.3220163122843,95.19999999999919,0.00044553596220246896
whfast,250.84790290117564,95.3999999999992,0.003937837948628364
whfast,251.373789490067,95.59999999999918,0.014356871818593981
whfast,251.89967607895835,95.79999999999919,0.0020529742205067448
whfast,252.4255626678497,95.99999999999919,0.0006539687591366523
whfast,252.95144925674106,96.19999999999918,0.00047152487295289565
whfast,253.4773358456324,96.39999999999918,0.003789212492786023
whfast,254.00322243452376,96.59999999999918,0.01426469182213491
whfast,254.52910902341512,96.79999999999917,0.002121376844483866
whfast,255.05499561230647,96.99999999999918,0.0006632003919883299
whfast,255.58088220119782,97.19999999999918,0.0005039979038457635
whfast,256.1067687900892,97.39999999999917,0.0036351690050750026
whfast,256.63265537898053,97.59999999999917,0.014166886564078374
whfast,257.1585419678719,97.79999999999917,0.002189200940987697
whfast,257.68442855676324,97.99999999999916,0.0006768547365161651
whfast,258.2103151456546,98.19999999999916,0.0005413284379297687
whfast,258.73620173454594,98.39999999999917,0.003476820435882745
whfast,259.2620883234373,98.59999999999916,0.01406835776402945
whfast,259.78797491232865,98.79999999999916,0.0022595142789485017
whfast,260.31386150122,98.99999999999916,0.0006925436750689477
whfast,260.83974809011136,99.19999999999915,0.0005812216726365804
whfast,261.3656346790027,99.39999999999915,0.0033162956082919137
whfast,261.89152126789406,99.59999999999916,0.013975073612617487
whfast,262.4174078567854,99.79999999999914,0.0023357031755992016
whfast,262.94329444567677,99.99999999999915,0.0007074090177832422
whfast,263.4691810345681,100.19999999999915,0.0006208589630068412
whfast,263.9950676234595,100.39999999999914,0.003156627321980411
whfast,264.52095421235083,100.59999999999914,0.013893761682435469
whfast,265.0468408012422,100.79999999999914,0.002421123749196181
whfast,265.57272739013354,100.99999999999913,0.0007184101154130817
whfast,266.0986139790249,101.19999999999914,0.0006571624259874785
whfast,266.62450056791624,101.39999999999914,0.0030014419458427133
whfast,267.1503871568076,101.59999999999913,0.013831196504956154
whfast,267.67627374569895,101.79999999999913,0.0025186237866344076
whfast,268.2021603345903,101.99999999999913,0.0007227193510941074
whfast,268.72804692348166,102.19999999999912,0.0006872039691686107
whfast,269.253933512373,102.39999999999912,0.002854471671079539
whfast,269.77982010126436,102.59999999999913,0.013793220154171037
whfast,270.3057066901557,102.79999999999912,0.0026300575445467496
whfast,270.83159327904707,102.99999999999912,0.0007181938628880336
whfast,271.3574798679384,103.19999999999912,0.0007086916887844429
whfast,271.8833664568298,103.39999999999912,0.00271895851324684
whfast,272.40925304572113,103.59999999999911,0.013783660313947484
whfast,272.9351396346125,103.79999999999912,0.0027558615812478047
whfast,273.46102622350384,103.99999999999912,0.0007038021982256259
whfast,273.9869128123952,104.19999999999911,0.0007203973780163268
whfast,274.51279940128654,104.39999999999911,0.002597063699356388
whfast,275.0386859901779,104.59999999999911,0.013803525399339683
whfast,275.56457257906925,104.7999999999991,0.0028949159005401018
whfast,276.0904591679606,104.9999999999991,0.0006798300119642013
whfast,276.61634575685196,105.19999999999911,0.0007224091274748494
whfast,277.1422323457433,105.3999999999991,0.0024894788000189
whfast,277.66811893463466,105.5999999999991,0.013850780201421617
whfast,278.194005523526,105.7999999999991,0.003044702912235949
whfast,278.71989211241737,105.99999999999909,0.0006478459845931638
whfast,279.2457787013087,106.1999999999991,0.0007161120150449673
whfast,279.7716652902001,106.3999999999991,0.0023953547831254713
whfast,280.29755187909143,106.59999999999908,0.013920767896138676
whfast,280.8234384679828,106.79999999999909,0.003201768854201454
whfast,281.34932505687414,106.99999999999909,0.0006103683909526095
whfast,281.8752116457655,107.19999999999908,0.0007038800428606621
whfast,282.40109823465684,107.39999999999908,0.002312532035300427
whfast,282.9269848235482,107.59999999999908,0.01400714903000544
whfast,283.45287141243955,107.79999999999907,0.003362340341751568
whfast,283.9787580013309,107.99999999999908,0.0005704136470310094
whfast,284.50464459022226,108.19999999999908,0.0006886487591524393
whfast,285.0305311791136,108.39999999999907,0.0022379817407409018
whfast,285.55641776800496,108.59999999999907,0.01410300653950569
whfast,286.0823043568963,108.79999999999907,0.003522894273341687
whfast,286.60819094578767,108.99999999999906,0.0005310205036757582
whfast,287.134077534679,109.19999999999906,0.0006734324859212654
whfast,287.6599641235704,109.39999999999907,0.002168326640360941
whfast,288.18585071246173,109.59999999999906,0.01420176884663816
whfast,288.7117373013531,109.79999999999906,0.003680605623985898
whfast,289.23762389024444,109.99999999999906,0.0004948701386060019
whfast,289.7635104791358,110.19999999999905,0.0006609667189827235
whfast,290.28939706802714,110.39999999999905,0.0021002586064492582
whfast,290.8152836569185,110.59999999999906,0.014297793239423562
whfast,291.34117024580985,110.79999999999905,0.003833609878224565
whfast,291.8670568347012,110.99999999999905,0.00046407171966306653
whfast,292.39294342359256,111.19999999999905,0.0006534640300720222
whfast,292.9188300124839,111.39999999999904,0.0020308705882165724
whfast,293.44471660137526,111.59999999999904,0.014386600106582605
whfast,293.9706031902666,111.79999999999905,0.0039810775593571435
whfast,294.49648977915797,111.99999999999903,0.0004400472849928408
whfast,295.0223763680493,112.19999999999904,0.0006524887643318192
whfast,295.5482629569407,112.39999999999904,0.001957831765174049
whfast,296.07414954583203,112.59999999999904,0.014464794267978125
whfast,296.6000361347234,112.79999999999903,0.004123193869461535
whfast,297.12592272361474,112.99999999999903,0.0004234914684442417
whfast,297.6518093125061,113.19999999999904,0.0006589309900811741
whfast,298.17769590139744,113.39999999999903,0.0018795025870612014
whfast,298.7035824902888,113.59999999999903,0.014529871693154499
whfast,299.22946907918015,113.79999999999903,0.004261097072752484
whfast,299.7553556680715,113.99999999999902,0.0004143937984282721
whfast,300.28124225696286,114.19999999999902,0.0006729897506479911
whfast,300.8071288458542,114.39999999999903,0.0017950058998863847
whfast,301.33301543474556,114.59999999999901,0.014579946016750991
whfast,301.8589020236369,114.79999999999902,0.004396763128545258
whfast,302.38478861252827,114.99999999999902,0.00041204655323845896
whfast,302.9106752014196,115.19999999999901,0.0006941547446876953
whfast,303.436561790311,115.39999999999901,0.0017042668059141393
whfast,303.9624483792023,115.59999999999901,0.014613537502807535
whfast,304.4883349680937,115.799999999999,0.004532914123088431
whfast,305.01422155698504,115.999999999999,0.00041504455334048535
whfast,305.5401081458764,116.19999999999901,0.0007212209502204151
whfast,306.06599473476774,116.399999999999,0.0016080655709412928
whfast,306.5918813236591,116.599999999999,0.014629439584226505
whfast,307.11776791255045,116.799999999999,0.004672852033202643
whfast,307.6436545014418,116.99999999999899,0.0004213358815855753
whfast,308.16954109033315,117.199999999999,0.0007522990607912285
whfast,308.6954276792245,117.399999999999,0.0015080682513394165
whfast,309.22131426811586,117.59999999999899,0.014626677380032087
whfast,309.7472008570072,117.79999999999899,0.0048202459886311725
whfast,310.27308744589857,117.99999999999899,0.00042829395684828463
whfast,310.7989740347899,118.19999999999898,0.0007848821819890855
whfast,311.3248606236813,118.39999999999898,0.0014067486392190505
whfast,311.8507472125726,118.59999999999899,0.014604585655298484
whfast,312.376633801464,118.79999999999897,0.004978794492349538
whfast,312.90252039035533,118.99999999999898,0.000432934794254228
whfast,313.4284069792467,119.19999999999898,0.0008160480113578305
whfast,313.95429356813804,119.39999999999897,0.0013072094117616711
whfast,314.4801801570294,119.59999999999897,0.014562958655785663
whfast,315.00606674592075,119.79999999999897,0.005151753692811146
whfast,315.5319533348121,119.99999999999896,0.00043223693659101136
whfast,316.05783992370345,120.19999999999897,0.0008427606896019
whfast,316.5837265125948,120.39999999999897,0.0012128404214391023
whfast,317.10961310148616,120.59999999999896,0.01450216531924399
whfast,317.6354996903775,120.79999999999896,0.005341406568641227
whfast,318.16138627926887,120.99999999999896,0.0004235890669487138
whfast,318.6872728681602,121.19999999999895,0.0008623320183936568
whfast,319.2131594570516,121.39999999999895,0.0011268061442872342
whfast,319.7390460459429,121.59999999999896,0.014423204411806057
whfast,320.2649326348343,121.79999999999896,0.005548581034379701
whfast,320.79081922372563,121.99999999999895,0.0004052675070881706
whfast,321.316705812617,122.19999999999895,0.0008728837890462903
whfast,321.84259240150834,122.39999999999895,0.0010515151239094151
whfast,322.3684789903997,122.59999999999894,0.014327605980449612
whfast,322.89436557929105,122.79999999999895,0.005772352722509096
whfast,323.4202521681824,122.99999999999895,0.00037678598362708243
whfast,323.94613875707375,123.19999999999894,0.0008737265830274648
whfast,324.4720253459651,123.39999999999894,0.0009881439117680384
whfast,324.99791193485646,123.59999999999894,0.014217157750827348
whfast,325.5237985237478,123.79999999999893,0.006010112055863271
whfast,326.04968511263917,123.99999999999893,0.0003390080643214331
whfast,326.5755717015305,124.19999999999894,0.0008655079464949117
whfast,327.1014582904219,124.39999999999893,0.0009364367934669569
whfast,327.6273448793132,124.59999999999893,0.014093582494530419
whfast,328.1532314682046,124.79999999999893,0.006257987369411599
whfast,328.67911805709593,124.99999999999892,0.000293984142734723
whfast,329.2050046459873,125.19999999999892,0.0008500623751367117
whfast,329.73089123487864,125.39999999999893,0.0008947910352115149
whfast,330.25677782377,125.59999999999891,0.01395819863947633
whfast,330.78266441266135,125.79999999999892,0.006511499631393965
whfast,331.3085510015527,125.99999999999892,0.00024454203665913834
whfast,331.83443759044405,126.19999999999891,0.000830043579209202
whfast,332.3603241793354,126.39999999999891,0.0008606043059584088
whfast,332.88621076822676,126.59999999999891,0.013811729620512945
whfast,333.4120973571181,126.7999999999989,0.00676630654820354
whfast,333.93798394600947,126.9999999999989,0.00019379226120545451
whfast,334.4638705349008,127.19999999999891,0.0008084585939529064
whfast,334.9897571237922,127.3999999999989,0.0008307626516852904
whfast,335.5156437126835,127.5999999999989,0.013654231058508784
whfast,336.0415303015749,127.7999999999989,0.0070187828386894646
whfast,336.56741689046623,127.99999999999889,0.00014469060079844718
whfast,337.0933034793576,128.1999999999989,0.0007882249160336562
whfast,337.61919006824894,128.3999999999989,0.0008020946656523866
whfast,338.1450766571403,128.5999999999989,0.013485145346189354
whfast,338.67096324603165,128.7999999999989,0.007266416711013408
whfast,339.196849834923,128.9999999999989,9.969778302100672e-05
whfast,339.72273642381435,129.19999999999888,0.0007718550121774909
whfast,340.2486230127057,129.3999999999989,0.000771728862136425
whfast,340.77450960159706,129.5999999999989,0.013303444851016191
whfast,341.3003961904884,129.79999999999887,0.0075079507680041735
whfast,341.82628277937977,129.9999999999989,6.0621906768084455e-05
whfast,342.3521693682711,130.19999999999888,0.0007612818955268953
whfast,342.8780559571625,130.39999999999887,0.0007373261375066293
whfast,343.4039425460538,130.5999999999989,0.013107792079514582
whfast,343.9298291349452,130.79999999999887,0.007743359888696177
whfast,344.45571572383653,130.99999999999886,2.853206273470467e-05
whfast,344.9816023127279,131.19999999999888,0.0007577606606229729
whfast,345.50748890161924,131.39999999999887,0.0006971929958637885
whfast,346.0333754905106,131.59999999999886,0.012896744812470802
whfast,346.55926207940195,131.79999999999887,0.007973735446256854
whfast,347.0851486682933,131.99999999999886,3.7639857484008764e-06
whfast,347.61103525718465,132.19999999999885,0.0007618670816942225
whfast,348.136921846076,132.39999999999887,0.0006503317518007003
whfast,348.66280843496736,132.59999999999886,0.012668991225077567
whfast,349.1886950238587,132.79999999999885,0.008201094130116672
whfast,349.71458161275007,132.99999999999886,1.4067415286241792e-05
whfast,350.2404682016414,133.19999999999885,0.0007734753677792443
whfast,350.7663547905328,133.39999999999884,0.0005964920079960639
whfast,351.2922413794241,133.59999999999886,0.012423599539958264
whfast,351.8181279683155,133.79999999999885,0.00842818891761528
whfast,352.34401455720683,133.99999999999883,2.6060626948216986e-05
whfast,352.8699011460982,134.19999999999885,0.0007917688434718044
whfast,353.39578773498954,134.39999999999884,0.0005361797505534817
whfast,353.9216743238809,134.59999999999883,0.012160303090557599
whfast,354.44756091277225,134.79999999999885,0.008658297622975632
whfast,354.9734475016636,134.99999999999883,3.3985270923751506e-05
whfast,355.49933409055495,135.19999999999882,0.0008152385215895894
whfast,356.0252206794463,135.39999999999884,0.00047069714091397456
whfast,356.55110726833766,135.59999999999883,0.01187981420509499
whfast,357.076993857229,135.79999999999882,0.008894937526794
whfast,357.60288044612037,135.99999999999883,4.022938644275764e-05
whfast,358.1287670350117,136.19999999999882,0.0008417125092122174
whfast,358.6546536239031,136.3999999999988,0.0004021077332105269
whfast,359.1805402127944,136.59999999999883,0.011584058592377773
whfast,359.7064268016858,136.79999999999882,0.00914150973561569
whfast,360.23231339057713,136.9999999999988,4.7671624355591694e-05
whfast,360.7581999794685,137.19999999999882,0.0008684893443690265
whfast,361.28408656835984,137.3999999999988,0.00033313583202502703
whfast,361.8099731572512,137.5999999999988,0.011276327688853643
whfast,362.33585974614255,137.79999999999882,0.009400862793391147
whfast,362.8617463350339,137.9999999999988,5.940465535941642e-05
whfast,363.38763292392525,138.1999999999988,0.0008925679225506055
whfast,363.9135195128166,138.3999999999988,0.00026693217148134583
whfast,364.43940610170796,138.5999999999988,0.010961177592225183
whfast,364.9652926905993,138.7999999999988,0.009674756184537317
whfast,365.49117927949067,138.9999999999988,7.834730535928194e-05
whfast,366.017065868382,139.1999999999988,0.0009110058198596568
whfast,366.5429524572734,139.39999999999878,0.00020666760760739718
whfast,367.0688390461647,139.5999999999988,0.010644066579016138
whfast,367.5947256350561,139.7999999999988,0.009963398011275545
whfast,368.12061222394743,139.99999999999878,0.00010678657483170005
whfast,368.6464988128388,140.1999999999988,0.0009214027378505702
whfast,369.17238540173014,140.39999999999878,0.0001550420799707242
whfast,369.6982719906215,140.59999999999877,0.010330711413553325
whfast,370.22415857951285,140.7999999999988,0.010265128849827783
whfast,370.7500451684042,140.99999999999878,0.00014591725601359557
whfast,371.27593175729555,141.19999999999877,0.0009223443938261509
whfast,371.8018183461869,141.39999999999878,0.00011380609249996488
whfast,372.32770493507826,141.59999999999877,0.010026268886362058
whfast,372.8535915239696,141.79999999999876,0.010576461371032997
whfast,373.37947811286097,141.99999999999878,0.00019559506057433744
whfast,373.9053647017523,142.19999999999877,0.000913683666141412
whfast,374.4312512906437,142.39999999999876,8.33998783344782e-05
whfast,374.957137879535,142.59999999999877,0.009734588698124005
whfast,375.4830244684264,142.79999999999876,0.01089249480766762
whfast,376.00891105731773,142.99999999999875,0.0002543266768238416
whfast,376.5347976462091,143.19999999999877,0.0008965912210715305
whfast,377.06068423510044,143.39999999999876,6.288654690197876e-05
whfast,377.5865708239918,143.59999999999874,0.009457736520906122
whfast,378.11245741288315,143.79999999999876,0.011207613359833344
whfast,378.6383440017745,143.99999999999875,0.00031957074838065305
whfast,379.16423059066585,144.19999999999877,0.0008732927911636893
whfast,379.6901171795572,144.39999999999876,5.0175220381492637e-05
whfast,380.21600376844856,144.59999999999874,0.009195864363817774
whfast,380.7418903573399,144.79999999999876,0.011516301363034687
whfast,381.26777694623127,144.99999999999875,0.00038820961394002906
whfast,381.7936635351226,145.19999999999874,0.0008466621796652179
whfast,382.319550124014,145.39999999999876,4.241785840260738e-05
whfast,382.8454367129053,145.59999999999874,0.008947460049280188
whfast,383.3713233017967,145.79999999999873,0.011813842050552859
whfast,383.89720989068803,145.99999999999875,0.00045704850767659016
whfast,384.4230964795794,146.19999999999874,0.000819736072297492
whfast,384.94898306847074,146.39999999999873,3.6507076130093184e-05
whfast,385.4748696573621,146.59999999999874,0.008709816404787836
whfast,386.00075624625345,146.79999999999873,0.012096730801006839
whfast,386.5266428351448,146.99999999999872,0.0005232441752795704
whfast,387.05252942403615,147.19999999999874,0.0007953178065666108
whfast,387.5784160129275,147.39999999999873,2.9471384962738464e-05
whfast,388.10430260181886,147.59999999999872,0.008479539208507518
whfast,388.6301891907102,147.79999999999873,0.012362820302876954
whfast,389.15607577960157,147.99999999999872,0.0005845821097502395
whfast,389.6819623684929,148.1999999999987,0.0007757161710849821
whfast,390.2078489573843,148.39999999999873,1.8780136259912885e-05
whfast,390.7337355462756,148.59999999999872,0.008253043505874883
whfast,391.259622135167,148.7999999999987,0.012611228456920535
whfast,391.78550872405833,148.99999999999872,0.0006395994892355991
whfast,392.3113953129497,149.1999999999987,0.0007625948539048769
whfast,392.83728190184104,149.3999999999987,2.5033390272215394e-06
whfast,393.3631684907324,149.59999999999872,0.008026912834431429
whfast,393.88905507962374,149.7999999999987,0.012842084320123546
whfast,394.4149416685151,149.9999999999987,0.0006876270288604995
whfast,394.94082825740645,150.1999999999987,0.0007569241319705523
whfast,395.4667148462978,150.3999999999987,2.0618041542368942e-05
whfast,395.99260143518916,150.5999999999987,0.007798205595943926
whfast,396.5184880240805,150.7999999999987,0.013056253857077697
whfast,397.04437461297186,150.9999999999987,0.0007287759911953585
whfast,397.5702612018632,151.19999999999868,0.0007589770001754175
whfast,398.09614779075457,151.3999999999987,5.113042544511505e-05
whfast,398.6220343796459,151.5999999999987,0.007564679804648011
whfast,399.1479209685373,151.79999999999868,0.013255024457018942
whfast,399.67380755742863,151.9999999999987,0.0007638946061019564
whfast,400.19969414632,152.19999999999868,0.0007683253740117456
whfast,400.72558073521134,152.39999999999867,8.885945560515229e-05
whfast,401.2514673241027,152.5999999999987,0.007324991544896207
whfast,401.77735391299404,152.79999999999868,0.013439854817214351
whfast,402.3032405018854,152.99999999999866,0.0007945548969154301
whfast,402.82912709077675,153.19999999999868,0.0007838442024842027
whfast,403.3550136796681,153.39999999999867,0.00013289248539113027
whfast,403.88090026855946,153.59999999999866,0.00707888797821493
whfast,404.4067868574508,153.79999999999868,0.013612131301376807
whfast,404.93267344634216,153.99999999999866,0.0008229805892121339
whfast,405.4585600352335,154.19999999999865,0.000803739153061073
whfast,405.98444662412487,154.39999999999867,0.00018157109140791674
whfast,406.5103332130162,154.59999999999866,0.006827333593788936
whfast,407.0362198019076,154.79999999999865,0.013772959432296748
whfast,407.56210639079893,154.99999999999866,0.0008519623409432482
whfast,408.0879929796903,155.19999999999865,0.0008255912456700316
whfast,408.61387956858164,155.39999999999864,0.00023254692459794948
whfast,409.139766157473,155.59999999999866,0.00657256713195648
whfast,409.66565274636434,155.79999999999865,0.013922993285820312
whfast,410.1915393352557,155.99999999999864,0.0008846478551694074
whfast,410.71742592414705,156.19999999999865,0.0008465366454778505
whfast,411.2433125130384,156.39999999999864,0.0002829411989664757
whfast,411.76919910192976,156.59999999999863,0.006318003184701622
whfast,412.2950856908211,156.79999999999865,0.014062271063548303
whfast,412.82097227971246,156.99999999999864,0.0009242154266156605
whfast,413.3468588686038,157.19999999999862,0.000863535602434069
whfast,413.87274545749517,157.39999999999864,0.00032961473736331813
whfast,414.3986320463865,157.59999999999863,0.006067897898954089
whfast,414.9245186352779,157.79999999999862,0.014190143785146561
whfast,415.45040522416923,157.99999999999864,0.0009734404566601535
whfast,415.9762918130606,158.19999999999862,0.0008737988323811477
whfast,416.50217840195194,158.3999999999986,0.00036961536485753443
whfast,417.0280649908433,158.59999999999863,0.005826787209248878
whfast,417.55395157973464,158.79999999999862,0.014305319755702086
whfast,418.079838168626,158.9999999999986,0.0010341906139096954
whfast,418.60572475751735,159.19999999999862,0.0008752576295977534
whfast,419.1316113464087,159.3999999999986,0.00040065341530637176
whfast,419.65749793530006,159.5999999999986,0.005598794052670528
whfast,420.1833845241914,159.79999999999862,0.014406030794854889
whfast,420.70927111308276,159.9999999999986,0.0011070409293355106
whfast,421.2351577019741,160.1999999999986,0.0008669601982222133
whfast,421.76104429086547,160.3999999999986,0.00042155196195750317
whfast,422.2869308797568,160.5999999999986,0.005386905716275879
whfast,422.8128174686482,160.7999999999986,0.014490337788825877
whfast,423.33870405753953,160.9999999999986,0.0011911270751981558
whfast,423.8645906464309,161.1999999999986,0.0008492927561206406
whfast,424.39047723532224,161.39999999999858,0.00043247723219065615
whfast,424.9163638242136,161.5999999999986,0.005192500754208716
whfast,425.44225041310494,161.7999999999986,0.014556506835141793
whfast,425.9681370019963,161.9999999999986,0.0012842755784845366
whfast,426.49402359088765,162.1999999999986,0.000823893861751225
whfast,427.019910179779,162.39999999999858,0.0004348816246617378
whfast,427.54579676867036,162.5999999999986,0.005015185893383274
whfast,428.0716833575617,162.7999999999986,0.014603288064825741
whfast,428.59756994645306,162.99999999999858,0.0013834168511356393
whfast,429.1234565353444,163.1999999999986,0.000793309202614697
whfast,429.64934312423577,163.39999999999858,0.0004312107100726311
whfast,430.1752297131271,163.59999999999857,0.004853011823239638
whfast,430.7011163020185,163.7999999999986,0.014630092372975396
whfast,431.22700289090983,163.99999999999858,0.00148514479408852
whfast,431.7528894798012,164.19999999999857,0.0007605449689905975
whfast,432.27877606869254,164.39999999999858,0.00042443962550143063
whfast,432.8046626575839,164.59999999999857,0.004702933677258634
whfast,433.33054924647524,164.79999999999856,0.014636968713873075
whfast,433.8564358353666,164.99999999999858,0.0015862165407927416
whfast,434.38232242425795,165.19999999999857,0.000728603877454987
whfast,434.9082090131493,165.39999999999856,0.0004175965082915354
whfast,435.43409560204066,165.59999999999857,0.004561333025228344
whfast,435.959982190932,165.79999999999856,0.014624495834416685
whfast,436.48586877982336,165.99999999999855,0.0016839632708547268
whfast,437.0117553687147,166.19999999999857,0.0007001169787057104
whfast,437.53764195760607,166.39999999999856,0.00041341973961382656
whfast,438.0635285464974,166.59999999999854,0.004424509594596225
whfast,438.5894151353888,166.79999999999856,0.014593640857600098
whfast,439.11530172428013,166.99999999999855,0.0017764965425954241
whfast,439.6411883131715,167.19999999999854,0.0006771485687370063
whfast,440.16707490206284,167.39999999999856,0.00041412340108930355
whfast,440.6929614909542,167.59999999999854,0.004289061222556149
whfast,441.21884807984554,167.79999999999853,0.014545648043781252
whfast,441.7447346687369,167.99999999999855,0.0018628034398691252
whfast,442.27062125762825,168.19999999999854,0.0006610763166739195
whfast,442.7965078465196,168.39999999999853,0.000421272114427722
whfast,443.32239443541096,168.59999999999854,0.004152111544903774
whfast,443.8482810243023,168.79999999999853,0.01448204133122786
whfast,444.37416761319366,168.99999999999852,0.0019427450430925667
whfast,444.900054202085,169.19999999999854,0.0006525839901675691
whfast,445.42594079097637,169.39999999999853,0.0004357584204308415
whfast,445.9518273798677,169.59999999999852,0.004011479008721903
whfast,446.4777139687591,169.79999999999853,0.014404735005871746
whfast,447.00360055765043,169.99999999999852,0.002017003630188712
whfast,447.5294871465418,170.1999999999985,0.0006516517157855067
whfast,448.05537373543314,170.39999999999853,0.0004577667147278992
whfast,448.5812603243245,170.59999999999852,0.003865804780433875
whfast,449.10714691321584,170.7999999999985,0.01431621157192849
whfast,449.6330335021072,170.99999999999852,0.0020870394991971864
whfast,450.15892009099855,171.1999999999985,0.000657562107307371
whfast,450.6848066798899,171.3999999999985,0.00048678209105354367
whfast,451.21069326878126,171.59999999999852,0.0037146350812917524
whfast,451.7365798576726,171.7999999999985,0.014219773148441816
whfast,452.26246644656396,171.9999999999985,0.002155032670739001
whfast,452.7883530354553,172.1999999999985,0.0006689156026917482
whfast,453.31423962434667,172.3999999999985,0.0005215676599801039
whfast,453.840126213238,172.5999999999985,0.0035585277572834743
whfast,454.3660128021294,172.7999999999985,0.014119771985695435
whfast,454.89189939102073,172.9999999999985,0.0022237785869392325
whfast,455.4177859799121,173.19999999999848,0.0006836495340124589
whfast,455.94367256880344,173.3999999999985,0.0005601839214956798
whfast,456.4695591576948,173.5999999999985,0.0033990720186684122
whfast,456.99544574658614,173.79999999999848,0.014021691350248658
whfast,457.5213323354775,173.9999999999985,0.0022965266931101467
whfast,458.04721892436885,174.19999999999848,0.0006991377790505396
whfast,458.5731055132602,174.39999999999847,0.0006000796262465527
whfast,459.09899210215156,174.5999999999985,0.003238848632032631
whfast,459.6248786910429,174.79999999999848,0.013932015119942291
whfast,460.15076527993426,174.99999999999847,0.0023767013192038536
whfast,460.6766518688256,175.19999999999848,0.000712401880501158
whfast,461.20253845771697,175.39999999999847,0.0006382775788239863
whfast,461.7284250466083,175.59999999999846,0.0030812161964448685
whfast,462.2543116354997,175.79999999999848,0.013857700283738946
whfast,462.78019822439103,175.99999999999847,0.0024674734654006217
whfast,463.3060848132824,176.19999999999845,0.0007204475412486622
whfast,463.83197140217374,176.39999999999847,0.0006717249954416506
whfast,464.3578579910651,176.59999999999846,0.002929909226124252
whfast,464.88374457995644,176.79999999999845,0.01380532233754381
whfast,465.4096311688478,176.99999999999847,0.002571282373498236
whfast,465.93551775773915,177.19999999999845,0.0007207147503171001
whfast,466.4614043466305,177.39999999999844,0.0006977480110470009
whfast,466.98729093552186,177.59999999999846,0.002788492014281616
whfast,467.5131775244132,177.79999999999845,0.013779978530242223
whfast,468.03906411330456,177.99999999999844,0.002689337706093232
whfast,468.5649507021959,178.19999999999845,0.000711555416115119
whfast,469.09083729108727,178.39999999999844,0.0007145240722922187
whfast,469.6167238799786,178.59999999999843,0.002659726256154455
whfast,470.14261046887,178.79999999999845,0.01378428113598261
whfast,470.66849705776133,178.99999999999844,0.0028213380280620094
whfast,471.1943836466527,179.19999999999843,0.0006925516080244197
whfast,471.72027023554404,179.39999999999844,0.0007214470426444356
whfast,472.2461568244354,179.59999999999843,0.0025450684370634303
whfast,472.77204341332674,179.79999999999842,0.013817805829199961
whfast,473.2979300022181,179.99999999999844,0.0029654628078105033
whfast,473.82381659110945,180.19999999999843,0.0006646311179763602
whfast,474.3497031800008,180.39999999999844,0.0007192571022298544
whfast,474.87558976889216,180.59999999999843,0.0024444336644126427
whfast,475.4014763577835,180.79999999999842,0.013877166147621071
whfast,475.92736294667486,180.99999999999844,0.003118696466402625
whfast,476.4532495355662,181.19999999999843,0.0006298582722102325
whfast,476.97913612445757,181.3999999999984,0.0007098552859893896
whfast,477.5050227133489,181.59999999999843,0.0023562736494436506
whfast,478.0309093022403,181.79999999999842,0.01395673448370093
whfast,478.5567958911316,181.9999999999984,0.003277393911040812
whfast,479.082682480023,182.19999999999843,0.0005910403883544142
whfast,479.60856906891433,182.3999999999984,0.0006959422472903535
whfast,480.1344556578057,182.5999999999984,0.0022779291752437823
whfast,480.66034224669704,182.79999999999842,0.014049711248947013
whfast,481.1862288355884,182.9999999999984,0.0034378734890179864
whfast,481.71211542447975,183.1999999999984,0.0005512437808416878
whfast,482.2380020133711,183.3999999999984,0.0006805284225978135
whfast,482.76388860226245,183.5999999999984,0.0022061443448091445
whfast,483.2897751911538,183.7999999999984,0.014149163398237435
whfast,483.81566178004516,183.9999999999984,0.003596945334739901
whfast,484.3415483689365,184.1999999999984,0.0005133517498216139
whfast,484.86743495782787,184.39999999999839,0.0006665209400202966
whfast,485.3933215467192,184.5999999999984,0.0021375263771287963
whfast,485.9192081356106,184.7999999999984,0.014248799681772534
whfast,486.4450947245019,184.99999999999838,0.0037522683776591162
whfast,486.9709813133933,185.1999999999984,0.00047978199306618764
whfast,487.49686790228463,185.39999999999839,0.0006564144369962863
whfast,488.022754491176,185.59999999999837,0.002068944066599426
whfast,488.54864108006734,185.7999999999984,0.014343399179131456
whfast,489.0745276689587,185.99999999999838,0.003902496212016831
whfast,489.60041425785005,186.19999999999837,0.0004523125932540027
whfast,490.1263008467414,186.39999999999839,0.0006521055545239391
whfast,490.65218743563275,186.59999999999837,0.0019977620849715564
whfast,491.1780740245241,186.79999999999836,0.014428872102265976
whfast,491.70396061341546,186.99999999999838,0.004047302384794833
whfast,492.2298472023068,187.19999999999837,0.0004320027063605855
whfast,492.75573379119817,187.39999999999836,0.0006548349674323083
whfast,493.2816203800895,187.59999999999837,0.0019219902946601983
whfast,493.8075069689809,187.79999999999836,0.014502150761293834
whfast,494.3333935578722,187.99999999999835,0.004187345185130699
whfast,494.8592801467636,188.19999999999837,0.0004192036629456334
whfast,495.38516673565493,188.39999999999836,0.000665156391875396
whfast,495.9110533245463,188.59999999999835,0.001840374377853662
whfast,496.43693991343764,188.79999999999836,0.01456094717730528
whfast,496.962826502329,188.99999999999835,0.004324158753803387
whfast,497.48871309122035,189.19999999999834,0.000413565699987093
whfast,498.0145996801117,189.39999999999836,0.0006829138235735475
whfast,498.54048626900305,189.59999999999835,0.0017524366087984596
whfast,499.0663728578944,189.79999999999833,0.01460352993643697
whfast,499.59225944678576,189.99999999999835,0.004460074526614478
whfast,500.1181460356771,190.19999999999834,0.0004140323258980155
whfast,500.64403262456847,190.39999999999833,0.000707256670905116
whfast,501.1699192134598,190.59999999999835,0.0016585335325991107
whfast,501.6958058023512,190.79999999999833,0.014628556082307145
whfast,502.2216923912425,190.99999999999832,0.004598080461735479
whfast,502.7475789801339,191.19999999999834,0.00041888146743156027
whfast,503.27346556902523,191.39999999999833,0.0007366380695714037
whfast,503.7993521579166,191.59999999999832,0.001559903832479178
whfast,504.32523874680794,191.79999999999833,0.01463497119899993
whfast,504.8511253356993,191.99999999999832,0.004741652582535852
whfast,505.37701192459065,192.1999999999983,0.0004257606332794119
whfast,505.902898513482,192.39999999999833,0.0007688428879251177
whfast,506.42878510237335,192.59999999999832,0.0014586321330817143
whfast,506.9546716912647,192.7999999999983,0.014622030923419889
whfast,507.48055828015606,192.99999999999832,0.0048944861357004404
whfast,508.0064448690474,193.1999999999983,0.00043184607222505184
whfast,508.53233145793877,193.3999999999983,0.0008011348647649054
whfast,509.0582180468301,193.59999999999832,0.0013575381434387094
whfast,509.5841046357215,193.7999999999983,0.01458940273125559
whfast,510.1099912246128,193.9999999999983,0.005060087295685522
whfast,510.6358778135042,194.1999999999983,0.0004340948746492817
whfast,511.16176440239553,194.3999999999983,0.0008304840062593161
whfast,511.6876509912869,194.5999999999983,0.0012599245392519618
whfast,512.2135375801785,194.7999999999984,0.01453727261359021
whfast,512.7394241690703,194.99999999999855,0.005241280768254845
whfast,513.2653107579621,195.19999999999874,0.00042963580630376127
whfast,513.7911973468539,195.3999999999989,0.0008539712899387581
whfast,514.3170839357457,195.59999999999908,0.0011691321049744098
whfast,514.8429705246375,195.79999999999924,0.014466430757447909
whfast,515.3688571135293,195.9999999999994,0.005439684786538711
whfast,515.8947437024211,196.1999999999996,0.0004162491218924378
whfast,516.4206302913129,196.39999999999975,0.000869246622856831
whfast,516.9465168802047,196.59999999999994,0.001088029261322063
whfast,517.4724034690965,196.8000000000001,0.01437824392216364
whfast,517.9982900579884,197.00000000000026,0.005655292404478424
whfast,518.5241766468802,197.20000000000044,0.0003927839311520573
whfast,519.050063235772,197.4000000000006,0.0008749730262809786
whfast,519.5759498246638,197.6000000000008,0.0010184698148112948
whfast,520.1018364135556,197.80000000000095,0.014274448332028811
whfast,520.6277230024474,198.00000000000114,0.005886344806110212
whfast,521.1536095913392,198.2000000000013,0.00035941434089202485
whfast,521.679496180231,198.40000000000146,0.0008711113473579011
whfast,522.2053827691228,198.60000000000164,0.0009609526738125775
whfast,522.7312693580146,198.8000000000018,0.01415686685418555
whfast,523.2571559469064,199.000000000002,0.006129567698138983
whfast,523.7830425357982,199.20000000000215,0.0003176213083489993
whfast,524.30892912469,199.40000000000234,0.0008589138048079336
whfast,524.8348157135819,199.6000000000025,0.0009145464803321637
whfast,525.3607023024737,199.80000000000265,0.014027053683521355
whfast,525.8865888913655,200.00000000000284,0.0063807051716437075
whfast,526.4124754802573,200.200000000003,0.0002698942158522061
whfast,526.9383620691491,200.4000000000032,0.0008406737593034658
whfast,527.4642486580409,200.60000000000335,0.0008771063110863645
whfast,527.9901352469327,200.8000000000035,0.013886049548147652
whfast,528.5160218358245,201.0000000000037,0.006635258172250971
whfast,529.0419084247163,201.20000000000385,0.00021926620382686752
whfast,529.5677950136081,201.40000000000404,0.0008192892373421361
whfast,530.0936816024999,201.6000000000042,0.0008457168439258524
whfast,530.6195681913917,201.8000000000044,0.013734247875124892
whfast,531.1454547802836,202.00000000000455,0.006889145890045284
whfast,531.6713413691754,202.2000000000047,0.00016884162073624884
whfast,532.1972279580672,202.4000000000049,0.000797788020234532
whfast,532.723114546959,202.60000000000505,0.0008171622359778251
whfast,533.2490011358508,202.80000000000524,0.013571393430533246
whfast,533.7748877247426,203.0000000000054,0.00713922930491932
whfast,534.3007743136344,203.2000000000056,0.00012137619514899732
whfast,534.8266609025262,203.40000000000575,0.0007789410955975591
whfast,535.352547491418,203.6000000000059,0.0007883537125957798
whfast,535.8784340803098,203.8000000000061,0.013396696925804518
whfast,536.4043206692016,204.00000000000625,0.007383577926763739
whfast,536.9302072580934,204.20000000000644,7.904583391136243e-05
whfast,537.4560938469853,204.4000000000066,0.0007650188577601775
whfast,537.9819804358771,204.60000000000676,0.0007566339642535494
whfast,538.5078670247689,204.80000000000695,0.013208965700867463
whfast,539.0337536136607,205.0000000000071,0.007621533742955301
whfast,539.5596402025525,205.2000000000073,4.330637574063148e-05
whfast,540.0855267914443,205.40000000000745,0.0007576369214674401
whfast,540.6114133803361,205.60000000000764,0.0007199428290203583
whfast,541.1372999692279,205.8000000000078,0.013006789778746345
whfast,541.6631865581197,206.00000000000796,0.007853651181439948
whfast,542.1890731470115,206.20000000000815,1.4870672509806591e-05
whfast,542.7149597359033,206.4000000000083,0.0007577327707389156
whfast,543.2408463247951,206.6000000000085,0.0006768934527185651
whfast,543.766732913687,206.80000000000865,0.012788753860343732
whfast,544.2926195025788,207.00000000000884,0.008081522026507361
whfast,544.8185060914706,207.200000000009,6.2806024984913604e-06
whfast,545.3443926803624,207.40000000000916,0.0007655386243049336
whfast,545.8702792692542,207.60000000000935,0.0006268363979833926
whfast,546.396165858146,207.8000000000095,0.012553657772922574
whfast,546.9220524470378,208.0000000000097,0.008307594878182865
whfast,547.4479390359296,208.20000000000985,2.0893808131914453e-05
whfast,547.9738256248214,208.40000000001004,0.0007805936552836487
whfast,548.4997122137132,208.6000000000102,0.0005698655851378127
whfast,549.025598802605,208.80000000001036,0.012300780719806385
whfast,549.5514853914968,209.00000000001054,0.008534977118451111
whfast,550.0773719803886,209.2000000000107,3.0400108144540537e-05
whfast,550.6032585692805,209.4000000000109,0.0008017433408427525
whfast,551.1291451581723,209.60000000001105,0.0005068655033452033
whfast,551.6550317470641,209.8000000000112,0.012030202118567333
whfast,552.1809183359559,210.0000000000114,0.00876716936590281
whfast,552.7068049248477,210.20000000001156,3.68859076319267e-05
whfast,553.2326915137395,210.40000000001174,0.0008271425845954299
whfast,553.7585781026313,210.6000000000119,0.0004395040678306559
whfast,554.2844646915231,210.8000000000121,0.01174307325198325
whfast,554.8103512804149,211.00000000001225,0.009007747512557781
whfast,555.3362378693067,211.2000000000124,4.3017371952473086e-05
whfast,555.8621244581985,211.4000000000126,0.0008543446594273836
whfast,556.3880110470903,211.60000000001276,0.0003701820391665439
whfast,556.9138976359822,211.80000000001294,0.01144186408449244
whfast,557.439784224874,212.0000000000131,0.009259973180472116
whfast,557.9656708137658,212.2000000000133,5.1828534457846285e-05
whfast,558.4915574026576,212.40000000001345,0.000880460771466222
whfast,559.0174439915494,212.6000000000136,0.00030187977822892825
whfast,559.5433305804412,212.8000000000138,0.01113040850773917
whfast,560.069217169333,213.00000000001396,0.009526270802598357
whfast,560.5951037582248,213.20000000001414,6.639970669178461e-05
whfast,561.1209903471166,213.4000000000143,0.0009024439478166935
whfast,561.6468769360084,213.60000000001446,0.00023782632260399298
whfast,562.1727635249002,213.80000000001465,0.010813711038012468
whfast,562.698650113792,214.0000000000148,0.009807725181371763
whfast,563.2245367026838,214.200000000015,8.943573091933012e-05
whfast,563.7504232915757,214.40000000001515,0.0009175367301771514
whfast,564.2763098804675,214.60000000001534,0.00018105529044012663
whfast,564.8021964693593,214.8000000000155,0.010497453948214835
whfast,565.3280830582511,215.00000000001566,0.010103642912968913
whfast,565.8539696471429,215.20000000001585,0.00012276426806677175
whfast,566.3798562360347,215.400000000016,0.000923744178137109
whfast,566.9057428249265,215.6000000000162,0.0001339032503815636
whfast,567.4316294138183,215.80000000001635,0.010187232678952123
whfast,567.9575160027101,216.00000000001654,0.010411401753364512
whfast,568.4834025916019,216.2000000000167,0.00016697887789407268
whfast,569.0092891804937,216.40000000001686,0.0009202131123055865
whfast,569.5351757693855,216.60000000001705,9.754494213344802e-05
whfast,570.0610623582774,216.8000000000172,0.009887743070593237
whfast,570.5869489471692,217.0000000000174,0.010726677576741032
whfast,571.112835536061,217.20000000001755,0.00022127329607168135
whfast,571.6387221249528,217.4000000000177,0.0009074355748074439
whfast,572.1646087138446,217.6000000000179,7.177060068212376e-05
whfast,572.6904953027364,217.80000000001806,0.009602122630140842
whfast,573.2163818916282,218.00000000001825,0.011044018368708356
whfast,573.74226848052,218.2000000000184,0.0002835989016441869
whfast,574.2681550694118,218.4000000000186,0.0008871209802561661
whfast,574.7940416583036,218.60000000001875,5.506714950311734e-05
whfast,575.3199282471954,218.8000000000189,0.009331601723935613
whfast,575.8458148360872,219.0000000000191,0.011357661759668427
whfast,576.371701424979,219.20000000001926,0.00035106477331434274
whfast,576.8975880138709,219.40000000001945,0.0008618677414762352
whfast,577.4234746027627,219.6000000000196,4.49230245384241e-05
whfast,577.9493611916545,219.8000000000198,0.009075565684971577
whfast,578.4752477805463,220.00000000001995,0.01166233200557154
whfast,579.0011343694381,220.2000000000201,0.00042043581844022313
whfast,579.5270209583299,220.4000000000203,0.000834683748539118
whfast,580.0529075472217,220.60000000002046,3.831862646228962e-05
whfast,580.5787941361135,220.80000000002065,0.00883192810259336
whfast,581.1046807250053,221.0000000000208,0.011953814157523777
whfast,581.6305673138971,221.200000000021,0.0004886285908297593
whfast,582.1564539027889,221.40000000002115,0.0008085351192799163
whfast,582.6823404916807,221.6000000000213,3.2167102552325565e-05
whfast,583.2082270805726,221.8000000000215,0.008597618584546815
whfast,583.7341136694644,222.00000000002166,0.012229243486447366
whfast,584.2600002583562,222.20000000002184,0.0005530611651679118
whfast,584.785886847248,222.400000000022,0.0007860196597671021
whfast,585.3117734361398,222.60000000002216,2.3685812124108124e-05
whfast,585.8376600250316,222.80000000002235,0.008369120772413067
whfast,586.3635466139234,223.0000000000225,0.012487118436323238
whfast,586.8894332028152,223.2000000000227,0.0006118510268206063
whfast,587.415319791707,223.40000000002286,0.0007691484921700711
whfast,587.9412063805988,223.60000000002304,1.0620268008909118e-05
whfast,588.4670929694906,223.8000000000232,0.008142885168157466
whfast,588.9929795583824,224.00000000002336,0.012727090274290295
whfast,589.5188661472743,224.20000000002355,0.0006638979362374708
whfast,590.0447527361661,224.4000000000237,0.0007592674541966154
whfast,590.5706393250579,224.6000000000239,8.652178162603168e-06
whfast,591.0965259139497,224.80000000002406,0.007915682084358618
whfast,591.6224125028415,225.00000000002424,0.012949700934121306
whfast,592.1482990917333,225.2000000000244,0.0007088933729345609
whfast,592.6741856806251,225.40000000002456,0.0007570303892777606
whfast,593.2000722695169,225.60000000002475,3.505667797505427e-05
whfast,593.7259588584087,225.8000000000249,0.00768486172274974
whfast,594.2518454473005,226.0000000000251,0.013156052586328883
whfast,594.7777320361923,226.20000000002526,0.0007472789243179219
whfast,595.3036186250841,226.40000000002541,0.000762392501881299
whfast,595.829505213976,226.6000000000256,6.881598576924687e-05
whfast,596.3553918028678,226.80000000002576,0.00744856635639628
whfast,596.8812783917596,227.00000000002595,0.01334753987773563
whfast,597.4071649806514,227.2000000000261,0.0007802422725828805
whfast,597.9330515695432,227.4000000000263,0.0007746104504603006
whfast,598.458938158435,227.60000000002645,0.00010942495322207444
whfast,598.9848247473268,227.8000000000266,0.007205946110198183
whfast,599.5107113362186,228.0000000000268,0.013525598817220605
whfast,600.0365979251104,228.20000000002696,0.0008096572188254811
whfast,600.5624845140022,228.40000000002715,0.0007922598011601063
whfast,601.088371102894,228.6000000000273,0.00015562796673730894
whfast,601.6142576917858,228.8000000000275,0.006957306421416856
whfast,602.1401442806776,229.00000000002765,0.013691490755691536
whfast,602.6660308695695,229.2000000000278,0.0008380325567639462
whfast,603.1919174584613,229.400000000028,0.0008132413883113816
whfast,603.7178040473531,229.60000000002816,0.00020544085349829636
whfast,604.2436906362449,229.80000000002835,0.006704221072628649
whfast,604.7695772251367,230.0000000000285,0.013846137652843775
whfast,605.2954638140285,230.2000000000287,0.0008683603695919093
whfast,605.8213504029203,230.40000000002885,0.0008349089089717446
whfast,606.3472369918121,230.600000000029,0.0002562543965998206
whfast,606.8731235807039,230.8000000000292,0.006449522946982916
whfast,607.3990101695957,231.00000000002936,0.01398994233849959
whfast,607.9248967584875,231.20000000002955,0.0009038515550398789
whfast,608.4507833473793,231.4000000000297,0.0008542688014726783
whfast,608.9766699362712,231.60000000002987,0.0003050249945358765
whfast,609.502556525163,231.80000000003005,0.006197078994887469
whfast,610.0284431140548,232.0000000000302,0.01412268483913536
whfast,610.5543297029466,232.2000000000304,0.0009475616933822303
whfast,611.0802162918384,232.40000000003056,0.0008683451959509556
whfast,611.6061028807302,232.60000000003075,0.00034866035587561385
whfast,612.131989469622,232.8000000000309,0.005951335509472208
whfast,612.6578760585138,233.00000000003106,0.014243506478457048
whfast,613.1837626474056,233.20000000003125,0.0010018878755163822
whfast,613.7096492362974,233.4000000000314,0.0008746384942424893
whfast,614.2355358251892,233.6000000000316,0.0003844716848822387
whfast,614.761422414081,233.80000000003176,0.0057166922436162
whfast,615.2873090029728,234.00000000003195,0.014350985407237608
whfast,615.8131955918647,234.2000000000321,0.0010681185832489913
whfast,616.3390821807565,234.40000000003226,0.0008715684892148579
whfast,616.8649687696483,234.60000000003245,0.0004106696471980286
whfast,617.3908553585401,234.8000000000326,0.005496748860201966
whfast,617.9167419474319,235.0000000000328,0.014443360409703596
whfast,618.4426285363237,235.20000000003296,0.0011461590929855705
whfast,618.9685151252155,235.40000000003312,0.0008588185656910561
whfast,619.4944017141073,235.6000000000333,0.0004267161361996026
whfast,620.0202883029991,235.80000000003346,0.005293711097836684
whfast,620.5461748918909,236.00000000003365,0.014518873334476384
whfast,621.0720614807827,236.2000000000338,0.0012344987824392916
whfast,621.5979480696745,236.400000000034,0.0008373962514337405
whfast,622.1238346585664,236.60000000003416,0.00043341075444596687
whfast,622.6497212474582,236.80000000003432,0.005108050420692713
whfast,623.17560783635,237.0000000000345,0.014576061623983422
whfast,623.7014944252418,237.20000000003466,0.0013304967066399174
whfast,624.2273810141336,237.40000000003485,0.0008094049486703027
whfast,624.7532676030254,237.600000000035,0.0004327281161140696
whfast,625.2791541919172,237.8000000000352,0.004938546348372503
whfast,625.805040780809,238.00000000003536,0.014614000446580346
whfast,626.3309273697008,238.20000000003552,0.0014308942032356842
whfast,626.8568139585926,238.4000000000357,0.0007776559797687247
whfast,627.3827005474844,238.60000000003586,0.00042741327579193385
whfast,627.9085871363762,238.80000000003605,0.004782647463997712
whfast,628.434473725268,239.0000000000362,0.014632357019213782
whfast,628.9603603141599,239.20000000003637,0.0015323331808710045
whfast,629.4862469030517,239.40000000003656,0.0007451914258814435
whfast,630.0121334919435,239.60000000003672,0.0004204942444599473
whfast,630.5380200808353,239.8000000000369,0.00463696443446987
whfast,631.0639066697271,240.00000000003706,0.014631336215593212
whfast,631.5897932586189,240.20000000003725,0.0016318412294426164
whfast,632.1156798475107,240.4000000000374,0.0007148501120980376
whfast,632.6415664364025,240.60000000003757,0.0004148843277120142
whfast,633.1674530252943,240.80000000003776,0.004497802450547332
whfast,633.6933396141861,241.00000000003791,0.014611569405385362
whfast,634.2192262030779,241.2000000000381,0.0017271209308439251
whfast,634.7451127919697,241.40000000003826,0.0006890064835053137
whfast,635.2709993808616,241.60000000003845,0.0004130812349121079
whfast,635.7968859697534,241.8000000000386,0.004361600801214128
whfast,636.3227725586452,242.00000000003877,0.014573991878528605
whfast,636.848659147537,242.20000000003895,0.0018167080451478097
whfast,637.3745457364288,242.4000000000391,0.0006693898401366229
whfast,637.9004323253206,242.6000000000393,0.00041698007535680755
whfast,638.4263189142124,242.80000000003946,0.004225218773666515
whfast,638.9522055031042,243.00000000003965,0.01451982437489542
whfast,639.478092091996,243.2000000000398,0.0019000153054600276
whfast,640.0039786808878,243.40000000003997,0.0006570434791734913
whfast,640.5298652697796,243.60000000004015,0.0004278230689008752
whfast,641.0557518586714,243.8000000000403,0.004086137430114427
whfast,641.5816384475633,244.0000000000405,0.014450641897745673
whfast,642.1075250364551,244.20000000004066,0.001977290625366421
whfast,642.6334116253469,244.40000000004082,0.0006523058983607708
whfast,643.1592982142387,244.600000000041,0.00044614753213750993
whfast,643.6851848031305,244.80000000004117,0.003942607838475855
whfast,644.2110713920223,245.00000000004135,0.014368520589957143
whfast,644.7369579809141,245.2000000000415,0.0020495860253878285
whfast,645.2628445698059,245.4000000000417,0.0006548120746019624
whfast,645.7887311586977,245.60000000004186,0.0004717953460588623
whfast,646.3146177475895,245.80000000004202,0.0037937309566965717
whfast,646.8405043364813,246.0000000000422,0.014276264928756947
whfast,647.3663909253731,246.20000000004237,0.002118698409840321
whfast,647.892277514265,246.40000000004255,0.0006635149419575443
whfast,648.4181641031568,246.6000000000427,0.0005038920628361846
whfast,648.9440506920486,246.8000000000429,0.003639573923551661
whfast,649.4699372809404,247.00000000004306,0.01417765610584788
whfast,649.9958238698322,247.20000000004322,0.0021870921708173024
whfast,650.521710458724,247.4000000000434,0.000676682884821584
whfast,651.0475970476158,247.60000000004356,0.0005408470048117296
whfast,651.5734836365076,247.80000000004375,0.0034812115784486728
whfast,652.0993702253994,248.0000000000439,0.01407759608534281
whfast,652.6252568142912,248.20000000004407,0.0022577790446380824
whfast,653.151143403183,248.40000000004426,0.000691970387170002
whfast,653.6770299920748,248.60000000004442,0.0005804122484667893
whfast,654.2029165809666,248.8000000000446,0.0033207383351065325
whfast,654.7288031698585,249.00000000004476,0.0139821188262121
whfast,655.2546897587503,249.20000000004495,0.0023341082818320465
whfast,655.7805763476421,249.4000000000451,0.0007065615065162239
whfast,656.3064629365339,249.60000000004527,0.0006197966408168784
whfast,656.8323495254257,249.80000000004546,0.003161145686721911
whfast,657.3582361143175,250.00000000004562,0.013898051212035755
whfast,657.8841227032093,250.2000000000458,0.002419404021337322
whfast,658.4100092921011,250.40000000004596,0.0007174351090487081
whfast,658.9358958809929,250.60000000004615,0.0006559484691656287
whfast,659.4617824698847,250.8000000000463,0.0030060175314439047
whfast,659.9876690587765,251.00000000004647,0.01383234430762858
whfast,660.5135556476683,251.20000000004666,0.002516533433641728
whfast,661.0394422365601,251.40000000004682,0.0007217609494950004
whfast,661.565328825452,251.600000000047,0.0006859489527069566
whfast,662.0912154143438,251.80000000004716,0.0028590756738589356
whfast,662.6171020032356,252.00000000004732,0.013791073127100359
whfast,663.1429885921274,252.2000000000475,0.0026273796427392004
whfast,663.6688751810192,252.40000000004767,0.0007173857032941842
whfast,664.194761769911,252.60000000004786,0.0007074837635635243
whfast,664.7206483588028,252.80000000004802,0.00272355860194477
whfast,665.2465349476946,253.0000000000482,0.013778337410957187
whfast,665.7724215365864,253.20000000004836,0.002752447975375284
whfast,666.2983081254782,253.40000000004852,0.0007032262537069076
whfast,666.82419471437,253.6000000000487,0.0007192869846300568
whfast,667.3500813032618,253.80000000004887,0.00260164592749488
whfast,667.8759678921537,254.00000000004906,0.013795441796346534
whfast,668.4018544810455,254.20000000004922,0.0028906901327635233
whfast,668.9277410699373,254.4000000000494,0.0006795296123197844
whfast,669.4536276588291,254.60000000004956,0.0007214145198802989
whfast,669.9795142477209,254.80000000004972,0.0024940702966252527
whfast,670.5054008366127,255.0000000000499,0.013840591053904852
whfast,671.0312874255045,255.20000000005007,0.0030396516248624938
whfast,671.5571740143963,255.40000000005026,0.0006478129384792949
whfast,672.0830606032881,255.60000000005041,0.0007152025340940352
whfast,672.6089471921799,255.8000000000506,0.002400013863115188
whfast,673.1348337810717,256.00000000005076,0.01390929336338259
whfast,673.6607203699635,256.2000000000509,0.003195939741752387
whfast,674.1866069588554,256.4000000000511,0.0006105663472711704
whfast,674.7124935477472,256.6000000000513,0.0007030130739475287
whfast,675.238380136639,256.80000000005145,0.002317323107892887
whfast,675.7642667255308,257.0000000000516,0.013995289011219464
whfast,676.2901533144226,257.2000000000518,0.003355801036048116
whfast,676.8160399033144,257.40000000005193,0.0005707967905557154
whfast,677.3419264922062,257.60000000005215,0.0006877695862277077
whfast,677.867813081098,257.8000000000523,0.0022429769694351145
whfast,678.3936996699898,258.00000000005247,0.014091632552818091
whfast,678.9195862588816,258.2000000000526,0.0035157190651199095
whfast,679.4454728477734,258.40000000005284,0.000531534478477315
whfast,679.9713594366652,258.600000000053,0.000672500193864366
whfast,680.497246025557,258.80000000005316,0.0021735659023134402
whfast,681.0231326144489,259.0000000000533,0.01419164037669959
whfast,681.5490192033407,259.2000000000535,0.0036728811819619783
whfast,682.0749057922325,259.4000000000537,0.0004954807992319308
whfast,682.6007923811243,259.60000000005385,0.0006599618072656475
whfast,683.1266789700161,259.800000000054,0.0021057576971365956
whfast,683.6525655589079,260.0000000000542,0.01428952996222001
whfast,684.1784521477997,260.20000000005433,0.0038254157400254654
whfast,684.7043387366915,260.40000000005455,0.00046476238334477435
whfast,685.2302253255833,260.6000000000547,0.000652378462787836
whfast,685.7561119144751,260.80000000005487,0.002036605013992585
whfast,686.2819985033669,261.000000000055,0.014380636239440692
whfast,686.8078850922587,261.2000000000552,0.003972481557642315
whfast,687.3337716811506,261.4000000000554,0.0004407997135866047
whfast,687.8596582700424,261.60000000005556,0.0006513434180101314
whfast,688.3855448589342,261.8000000000557,0.0019637414675189903
whfast_hj,0.0,0.0,2.220446049250313e-16
whfast_hj,0.525886588891358,0.19999999999999998,4.271692326339054e-09
whfast_hj,1.0517731777827157,0.39999999999999986,1.8388112892579356e-09
whfast_hj,1.5776597666740735,0.5999999999999998,3.0322864709161272e-09
whfast_hj,2.1035463555654315,0.7999999999999997,1.3285227874285946e-09
whfast_hj,2.62943294445679,1.0,9.11957121950027e-10
whfast_hj,3.1553195333481487,1.2000000000000002,3.1522832444444395e-09
whfast_hj,3.6812061222395074,1.4000000000000006,5.052458838113802e-10
whfast_hj,4.207092711130866,1.6000000000000005,2.193196347489777e-09
whfast_hj,4.7329793000222224,1.8,2.148234864856746e-09
whfast_hj,5.258865888913579,1.9999999999999996,1.851496011441805e-09
whfast_hj,5.784752477804936,2.1999999999999993,2.7771194985669785e-09
whfast_hj,6.310639066696293,2.3999999999999986,1.7830228505414356e-09
whfast_hj,6.83652565558765,2.5999999999999983,3.2878261004646586e-09
whfast_hj,7.362412244479007,2.799999999999998,1.6303869289394856e-09
whfast_hj,7.888298833370364,2.9999999999999973,1.1901281988268113e-09
whfast_hj,8.414185422261724,3.1999999999999984,3.3813230061675114e-09
whfast_hj,8.940072011153084,3.3999999999999995,6.029312356394308e-10
whfast_hj,9.465958600044445,3.6,1.9830944521105176e-09
whfast_hj,9.991845188935805,3.800000000000001,8.674311976626749e-10
whfast_hj,10.517731777827166,4.000000000000002,2.247889536042608e-09
whfast_hj,11.043618366718526,4.200000000000003,3.5825080863957195e-09
whfast_hj,11.569504955609887,4.400000000000004,4.987321491882104e-10
whfast_hj,12.095391544501247,4.600000000000005,3.3007286660062104e-09
whfast_hj,12.621278133392607,4.800000000000006,1.892314619188281e-09
whfast_hj,13.147164722283968,5.000000000000006,1.4813691069464206e-09
whfast_hj,13.673051311175328,5.200000000000007,3.6568789357946168e-09
whfast_hj,14.198937900066689,5.400000000000008,8.129792157504362e-10
whfast_hj,14.724824488958049,5.600000000000009,2.089619083799083e-09
whfast_hj,15.25071107784941,5.8000000000000105,6.073027369373187e-10
whfast_hj,15.77659766674077,6.0000000000000115,7.987012973896687e-10
whfast_hj,16.302484255632127,6.200000000000011,4.972037283550286e-09
whfast_hj,16.82837084452348,6.400000000000009,2.73419216198335e-10
whfast_hj,17.354257433414833,6.600000000000007,2.2432577010208663e-09
whfast_hj,17.880144022306187,6.800000000000005,1.943774303712437e-09
whfast_hj,18.40603061119754,7.0000000000000036,1.7388279916750987e-09
whfast_hj,18.931917200088893,7.200000000000002,3.9472971225946114e-09
whfast_hj,19.457803788980247,7.4,1.0723574840289475e-09
whfast_hj,19.9836903778716,7.599999999999998,2.3172514002813598e-09
whfast_hj,20.509576966762953,7.799999999999996,6.978266007050367e-10
whfast_hj,21.035463555654307,7.999999999999995,4.724213699106983e-10
whfast_hj,21.56135014454566,8.199999999999992,3.35989271399414e-09
whfast_hj,22.087236733437013,8.399999999999991,2.6462594403339695e-09
whfast_hj,22.613123322328367,8.599999999999989,1.177676852732669e-09
whfast_hj,23.13900991121972,8.799999999999988,1.0668188455430523e-09
whfast_hj,23.664896500111073,8.999999999999986,1.813448520113885e-09
whfast_hj,24.190783089002426,9.199999999999983,4.209295416170881e-09
whfast_hj,24.71666967789378,9.399999999999983,1.3483502556985944e-09
whfast_hj,25.242556266785133,9.59999999999998,2.5968984718114333e-09
whfast_hj,25.768442855676486,9.799999999999978,9.194034623443003e-10
whfast_hj,26.29432944456784,9.999999999999977,5.352905521548365e-10
whfast_hj,26.820216033459193,10.199999999999974,2.970448353992499e-09
whfast_hj,27.346102622350546,10.399999999999974,8.601734323376033e-10
whfast_hj,27.8719892112419,10.599999999999971,4.441955203048133e-09
whfast_hj,28.397875800133253,10.799999999999969,6.287275092141786e-10
whfast_hj,28.923762389024606,10.999999999999968,1.0847259033057282e-09
whfast_hj,29.44964897791596,11.199999999999966,4.312170754416786e-09
whfast_hj,29.975535566807313,11.399999999999965,1.6006986148452494e-09
whfast_hj,30.501422155698666,11.599999999999962,2.8947619720482104e-09
whfast_hj,31.02730874459002,11.79999999999996,1.196263627984401e-09
whfast_hj,31.553195333481373,11.99999999999996,7.404137576199216e-10
whfast_hj,32.07908192237273,12.199999999999958,3.013861954947902e-09
whfast_hj,32.60496851126408,12.399999999999956,3.8537504094534667e-10
whfast_hj,33.130855100155436,12.599999999999955,2.5367303161371215e-09
whfast_hj,33.65674168904679,12.799999999999953,3.2762501072615214e-09
whfast_hj,34.18262827793814,12.999999999999952,9.968743112981012e-10
whfast_hj,34.708514866829496,13.19999999999995,3.7207804670561278e-09
whfast_hj,35.23440145572085,13.399999999999947,1.7143966729749748e-09
whfast_hj,35.7602880446122,13.599999999999946,3.1732901733923327e-09
whfast_hj,36.286174633503556,13.799999999999944,1.4933255878998056e-09
whfast_hj,36.81206122239491,13.999999999999941,1.0047022947697992e-09
whfast_hj,37.33794781128626,14.19999999999994,3.212252427104958e-09
whfast_hj,37.863834400177616,14.399999999999938,3.936212528550701e-10
whfast_hj,38.38972098906897,14.599999999999937,2.004034372082153e-09
whfast_hj,38.91560757796032,14.799999999999935,1.2682542466595816e-09
whfast_hj,39.441494166851676,14.999999999999932,3.2589155782998257e-09
whfast_hj,39.96738075574303,15.199999999999932,1.4866919559896144e-09
whfast_hj,40.49326734463438,15.39999999999993,1.2272167685979327e-09
whfast_hj,41.019153933525736,15.599999999999929,3.330101447411476e-09
whfast_hj,41.54504052241709,15.799999999999926,1.7742156631025007e-09
whfast_hj,42.07092711130844,15.999999999999924,1.2904790188215779e-09
whfast_hj,42.596813700199796,16.19999999999992,3.4732179865547965e-09
whfast_hj,43.12270028909115,16.39999999999992,5.709467729660167e-10
whfast_hj,43.6485868779825,16.59999999999992,2.011151700970392e-09
whfast_hj,44.174473466873856,16.799999999999915,6.435341823128918e-10
whfast_hj,44.70036005576521,16.999999999999915,1.2103808274978979e-09
whfast_hj,45.22624664465656,17.199999999999914,5.810527792171843e-09
whfast_hj,45.752133233547916,17.399999999999913,1.0052013961102051e-09
whfast_hj,46.27801982243927,17.59999999999991,2.9670930271315076e-09
whfast_hj,46.80390641133062,17.79999999999991,1.9486809782325865e-09
whfast_hj,47.329793000221976,17.999999999999908,1.5636829590559568e-09
whfast_hj,47.85567958911333,18.199999999999903,3.757620128005478e-09
whfast_hj,48.38156617800468,18.399999999999903,8.15493849535728e-10
whfast_hj,48.907452766896036,18.599999999999902,2.203310980183865e-09
whfast_hj,49.43333935578739,18.799999999999898,6.234642237054365e-10
whfast_hj,49.95922594467874,18.999999999999897,4.717529489540382e-10
whfast_hj,50.485112533570096,19.199999999999896,3.84532370976478e-09
whfast_hj,51.01099912246145,19.399999999999896,3.0873037929269124e-09
whfast_hj,51.5368857113528,19.59999999999989,8.828733007086642e-10
whfast_hj,52.062772300244156,19.79999999999989,1.6722853824872723e-09
whfast_hj,52.58865888913551,19.99999999999989,1.7434718934473543e-09
whfast_hj,53.11454547802686,20.199999999999886,4.032383631558939e-09
whfast_hj,53.640432066918216,20.399999999999885,1.0854753255344553e-09
whfast_hj,54.16631865580957,20.599999999999884,2.4675814172079718e-09
whfast_hj,54.69220524470092,20.79999999999988,8.069300510220527e-10
whfast_hj,55.218091833592275,20.99999999999988,4.1133280358548305e-10
whfast_hj,55.74397842248363,21.19999999999988,2.989900982778449e-09
whfast_hj,56.26986501137498,21.399999999999874,1.3544542342830358e-09
whfast_hj,56.795751600266335,21.599999999999874,4.505467132311668e-09
whfast_hj,57.32163818915769,21.799999999999873,2.2593398553228393e-10
whfast_hj,57.84752477804904,21.999999999999872,1.5314017056677746e-09
whfast_hj,58.373411366940395,22.199999999999868,4.224966017258518e-09
whfast_hj,58.89929795583175,22.399999999999867,1.3484922325716625e-09
whfast_hj,59.4251845447231,22.599999999999866,2.758989976137913e-09
whfast_hj,59.951071133614455,22.799999999999862,1.0679751996774089e-09
whfast_hj,60.47695772250581,22.99999999999986,5.750951677490831e-10
whfast_hj,61.00284431139716,23.19999999999986,2.8951893147339644e-09
whfast_hj,61.528730900288515,23.399999999999856,3.5429365901518274e-10
whfast_hj,62.05461748917987,23.599999999999856,3.248204925152161e-09
whfast_hj,62.58050407807122,23.799999999999855,2.654623495615733e-09
whfast_hj,63.106390666962575,23.999999999999854,1.6427417410295169e-10
whfast_hj,63.63227725585393,24.19999999999985,4.076598901205401e-09
whfast_hj,64.15816384474529,24.399999999999853,1.5392624234094837e-09
whfast_hj,64.68405043363664,24.59999999999985,3.04584243816104e-09
whfast_hj,65.209937022528,24.799999999999848,1.3582757998447354e-09
whfast_hj,65.73582361141935,24.999999999999847,8.226979563319183e-10
whfast_hj,66.2617102003107,25.199999999999843,3.0482098319161246e-09
whfast_hj,66.78759678920206,25.399999999999842,2.0756120254764474e-10
whfast_hj,67.31348337809341,25.59999999999984,2.1249691429083938e-09
whfast_hj,67.83936996698476,25.79999999999984,2.078861447346226e-09
whfast_hj,68.36525655587612,25.999999999999837,1.7688926856896206e-09
whfast_hj,68.89114314476747,26.199999999999836,2.5966086130597266e-09
whfast_hj,69.41702973365882,26.399999999999835,1.4319797687232083e-09
whfast_hj,69.94291632255018,26.59999999999983,3.2687861802202226e-09
whfast_hj,70.46880291144153,26.79999999999983,1.64610117572047e-09
whfast_hj,70.99468950033288,26.99999999999983,1.1016354002360237e-09
whfast_hj,71.52057608922424,27.199999999999825,3.291612877841366e-09
whfast_hj,72.04646267811559,27.399999999999824,3.3548518931517875e-10
whfast_hj,72.57234926700694,27.599999999999824,1.957568910204216e-09
whfast_hj,73.0982358558983,27.799999999999823,7.949199115397866e-10
whfast_hj,73.62412244478965,27.99999999999982,2.0704674819275498e-09
whfast_hj,74.150009033681,28.199999999999818,3.4956852490542485e-09
whfast_hj,74.67589562257236,28.399999999999817,1.4454323983706347e-10
whfast_hj,75.20178221146371,28.599999999999813,3.2311474179735403e-09
whfast_hj,75.72766880035506,28.799999999999812,1.8777012708371633e-09
whfast_hj,76.25355538924642,28.99999999999981,1.3804529468531078e-09
whfast_hj,76.77944197813777,29.199999999999807,3.5688808739749004e-09
whfast_hj,77.30532856702912,29.399999999999807,5.61924823041871e-10
whfast_hj,77.83121515592048,29.599999999999806,2.095528582308752e-09
whfast_hj,78.35710174481183,29.7999999999998,5.78189519037789e-10
whfast_hj,78.88298833370318,29.9999999999998,6.034639698376523e-10
whfast_hj,79.40887492259453,30.1999999999998,4.8085215175541034e-09
whfast_hj,79.93476151148589,30.3999999999998,2.839896896485399e-11
whfast_hj,80.46064810037724,30.599999999999795,2.1555570717643497e-09
whfast_hj,80.9865346892686,30.799999999999795,1.880252875092115e-09
whfast_hj,81.51242127815995,30.999999999999794,1.6093693453076277e-09
whfast_hj,82.0383078670513,31.19999999999979,3.847722939202071e-09
whfast_hj,82.56419445594265,31.39999999999979,8.246016787800206e-10
whfast_hj,83.09008104483401,31.59999999999979,2.3402353507682435e-09
whfast_hj,83.61596763372536,31.799999999999784,7.01679103361139e-10
whfast_hj,84.14185422261671,31.999999999999783,3.2018917097221973e-10
whfast_hj,84.66774081150807,32.19999999999978,3.1601338209809295e-09
whfast_hj,85.19362740039942,32.39999999999978,2.3400392018875487e-09
whfast_hj,85.71951398929077,32.59999999999978,1.21348018520437e-09
whfast_hj,86.24540057818213,32.79999999999978,9.743590385359662e-10
whfast_hj,86.77128716707348,32.99999999999977,1.6369316006570582e-09
whfast_hj,87.29717375596483,33.199999999999775,4.0827313778602045e-09
whfast_hj,87.82306034485619,33.39999999999977,1.091130652065214e-09
whfast_hj,88.34894693374754,33.59999999999977,2.6243629094598893e-09
whfast_hj,88.8748335226389,33.79999999999977,9.422898518695818e-10
whfast_hj,89.40072011153025,33.999999999999766,4.1785026092955613e-10
whfast_hj,89.9266067004216,34.19999999999976,2.8129255268020923e-09
whfast_hj,90.45249328931295,34.399999999999764,4.980872198841465e-10
whfast_hj,90.97837987820431,34.59999999999976,4.430432740004191e-09
whfast_hj,91.50426646709566,34.799999999999756,5.883744983199796e-10
whfast_hj,92.03015305598701,34.99999999999976,8.708847273336996e-10
whfast_hj,92.55603964487837,35.199999999999754,4.139924437684401e-09
whfast_hj,93.08192623376972,35.39999999999975,1.31872638318689e-09
whfast_hj,93.60781282266107,35.59999999999975,2.913729876898622e-09
whfast_hj,94.13369941155243,35.79999999999975,1.2250602862374695e-09
whfast_hj,94.65958600044378,35.99999999999975,6.43300036005047e-10
whfast_hj,95.18547258933513,36.19999999999975,2.8920508042731654e-09
whfast_hj,95.71135917822649,36.39999999999974,6.452913065792184e-11
whfast_hj,96.23724576711784,36.599999999999746,2.44664765898128e-09
whfast_hj,96.7631323560092,36.79999999999974,3.2873055613866376e-09
whfast_hj,97.28901894490055,36.99999999999974,1.0790719888415193e-09
whfast_hj,97.8149055337919,37.19999999999974,3.504769715015631e-09
whfast_hj,98.34079212268325,37.399999999999736,1.3888971048191341e-09
whfast_hj,98.86667871157461,37.59999999999973,3.1686845257866e-09
whfast_hj,99.39256530046596,37.799999999999734,1.515028280547545e-09
whfast_hj,99.91845188935731,37.99999999999973,9.145654656063313e-10
whfast_hj,100.44433847824867,38.199999999999726,3.111582993548749e-09
whfast_hj,100.97022506714002,38.39999999999973,1.1032809712449397e-10
whfast_hj,101.49611165603137,38.599999999999724,1.95272834607252e-09
whfast_hj,102.02199824492273,38.79999999999972,1.1781835278845676e-09
whfast_hj,102.54788483381408,38.99999999999972,3.1717250901767383e-09
whfast_hj,103.07377142270543,39.19999999999972,1.390270917202114e-09
whfast_hj,103.59965801159679,39.399999999999714,8.544928169786402e-10
whfast_hj,104.12554460048814,39.59999999999972,3.2838924681668027e-09
whfast_hj,104.6514311893795,39.79999999999971,1.7744558427856024e-09
whfast_hj,105.17731777827085,39.99999999999971,1.1947533586248645e-09
whfast_hj,105.7032043671622,40.19999999999971,3.380539437602224e-09
whfast_hj,106.22909095605355,40.39999999999971,3.1086876152738367e-10
whfast_hj,106.75497754494491,40.59999999999971,1.9986753227874173e-09
whfast_hj,107.28086413383626,40.799999999999706,5.89367951322398e-10
whfast_hj,107.80675072272761,40.9999999999997,1.0012401643297911e-09
whfast_hj,108.33263731161897,41.199999999999704,5.737312398319498e-09
whfast_hj,108.85852390051032,41.3999999999997,1.277614707446549e-09
whfast_hj,109.38441048940167,41.599999999999696,2.8708766096239988e-09
whfast_hj,109.91029707829303,41.7999999999997,1.90945864753548e-09
whfast_hj,110.43618366718438,41.999999999999694,1.4479852863224493e-09
whfast_hj,110.96207025607573,42.19999999999969,3.6601406811542816e-09
whfast_hj,111.48795684496709,42.39999999999969,5.651529355437206e-10
whfast_hj,112.01384343385844,42.59999999999969,2.2152733661428207e-09
whfast_hj,112.5397300227498,42.799999999999685,6.09786561997894e-10
whfast_hj,113.06561661164115,42.99999999999969,2.939400091441405e-10
whfast_hj,113.5915032005325,43.19999999999968,3.6345006334877834e-09
whfast_hj,114.11738978942385,43.39999999999968,2.866200872169536e-09
whfast_hj,114.6432763783152,43.59999999999968,8.630088619690049e-10
whfast_hj,115.16916296720656,43.79999999999968,1.582091942292138e-09
whfast_hj,115.69504955609791,43.99999999999967,1.5903381542018613e-09
whfast_hj,116.22093614498927,44.199999999999676,3.9161859588972215e-09
whfast_hj,116.74682273388062,44.39999999999967,8.32231074346984e-10
whfast_hj,117.27270932277197,44.599999999999675,2.4904852650105925e-09
whfast_hj,117.79859591166333,44.79999999999967,8.196173405996486e-10
whfast_hj,118.32448250055468,44.999999999999666,2.7531215559278657e-10
whfast_hj,118.85036908944603,45.19999999999967,2.803895617957395e-09
whfast_hj,119.37625567833739,45.399999999999665,9.902206537168442e-10
whfast_hj,119.90214226722874,45.59999999999966,4.558091001521046e-09
whfast_hj,120.4280288561201,45.79999999999966,2.6410214436534323e-10
whfast_hj,120.95391544501145,45.99999999999966,1.3267233011657828e-09
whfast_hj,121.4798020339028,46.199999999999655,4.0728064755624955e-09
whfast_hj,122.00568862279415,46.39999999999966,1.07829021745184e-09
whfast_hj,122.5315752116855,46.59999999999965,2.7798761092109805e-09
whfast_hj,123.05746180057686,46.79999999999965,1.0929994579586375e-09
whfast_hj,123.58334838946821,46.99999999999965,4.66721370729101e-10
whfast_hj,124.10923497835957,47.19999999999965,2.751421171062892e-09
whfast_hj,124.63512156725092,47.39999999999964,6.978946366387854e-12
whfast_hj,125.16100815614227,47.599999999999646,3.16322521976685e-09
whfast_hj,125.68689474503363,47.79999999999964,2.7022491627186166e-09
whfast_hj,126.21278133392498,47.99999999999964,3.4000174835860644e-10
whfast_hj,126.73866792281633,48.19999999999964,3.872700599287166e-09
whfast_hj,127.26455451170769,48.399999999999636,1.2353934041376714e-09
whfast_hj,127.79044110059904,48.59999999999963,3.0513686247873624e-09
whfast_hj,128.3163276894904,48.79999999999964,1.3830973623912674e-09
whfast_hj,128.84221427838176,48.99999999999964,7.281403319110163e-10
whfast_hj,129.3681008672731,49.19999999999963,2.9333699254265966e-09
whfast_hj,129.89398745616447,49.399999999999636,9.597328532162167e-11
whfast_hj,130.41987404505582,49.59999999999963,2.0462858422673153e-09
whfast_hj,130.94576063394717,49.79999999999963,2.0057903410213028e-09
whfast_hj,131.47164722283853,49.99999999999963,1.6864855088181308e-09
whfast_hj,131.99753381172988,50.199999999999626,2.401313647518553e-09
whfast_hj,132.52342040062123,50.39999999999962,1.0775623613304147e-09
whfast_hj,133.0493069895126,50.599999999999625,3.242449727005447e-09
whfast_hj,133.57519357840394,50.79999999999962,1.6572431510141647e-09
whfast_hj,134.1010801672953,50.999999999999616,1.0080025510353597e-09
whfast_hj,134.62696675618665,51.19999999999962,3.1914489641098792e-09
whfast_hj,135.152853345078,51.399999999999615,6.286032473578223e-11
whfast_hj,135.67873993396935,51.59999999999961,1.923294589066253e-09
whfast_hj,136.2046265228607,51.79999999999961,7.151486778071595e-10
whfast_hj,136.73051311175206,51.99999999999961,1.8903589070172198e-09
whfast_hj,137.2563997006434,52.199999999999605,3.400315814737069e-09
whfast_hj,137.78228628953477,52.39999999999961,2.176410470567406e-10
whfast_hj,138.30817287842612,52.5999999999996,3.1551524353033424e-09
whfast_hj,138.83405946731747,52.799999999999606,1.8588921592887277e-09
whfast_hj,139.35994605620883,52.9999999999996,1.2742999454064345e-09
whfast_hj,139.88583264510018,53.1999999999996,3.47030322445725e-09
whfast_hj,140.41171923399153,53.3999999999996,3.0554283161171826e-10
whfast_hj,140.9376058228829,53.599999999999596,2.093528582595911e-09
whfast_hj,141.46349241177424,53.79999999999959,5.432931183999275e-10
whfast_hj,141.9893790006656,53.999999999999595,3.998353726303727e-10
whfast_hj,142.51526558955695,54.19999999999959,4.638604212040594e-09
whfast_hj,143.0411521784483,54.39999999999959,2.2368263797363127e-10
whfast_hj,143.56703876733965,54.59999999999959,2.058761963710917e-09
whfast_hj,144.092925356231,54.799999999999585,1.8137173262370358e-09
whfast_hj,144.61881194512236,54.99999999999958,1.4751811745871269e-09
whfast_hj,145.1446985340137,55.199999999999584,3.737837717495376e-09
whfast_hj,145.67058512290507,55.39999999999958,5.717887497385792e-10
whfast_hj,146.19647171179642,55.599999999999575,2.356254475554234e-09
whfast_hj,146.72235830068777,55.79999999999958,7.013938659181395e-10
whfast_hj,147.24824488957913,55.999999999999574,1.6162539399545716e-10
whfast_hj,147.77413147847048,56.19999999999957,2.9468080492994693e-09
whfast_hj,148.30001806736183,56.39999999999957,2.0349871275866258e-09
whfast_hj,148.8259046562532,56.59999999999957,1.2367536093339017e-09
whfast_hj,149.35179124514454,56.799999999999564,8.771055223326908e-10
whfast_hj,149.8776778340359,56.99999999999957,1.4563199449460462e-09
whfast_hj,150.40356442292725,57.19999999999956,3.94595578774227e-09
whfast_hj,150.9294510118186,57.399999999999565,8.285771595956162e-10
whfast_hj,151.45533760070995,57.59999999999956,2.6449636767202713e-09
whfast_hj,151.9812241896013,57.79999999999956,9.615554460225659e-10
whfast_hj,152.50711077849266,57.99999999999956,2.951260166760365e-10
whfast_hj,153.032997367384,58.199999999999555,2.6432553329347453e-09
whfast_hj,153.55888395627537,58.39999999999955,1.269103797243637e-10
whfast_hj,154.08477054516672,58.599999999999554,4.421049172673686e-09
whfast_hj,154.61065713405807,58.79999999999955,5.604245665178675e-10
whfast_hj,155.13654372294943,58.999999999999545,6.517521528916251e-10
whfast_hj,155.66243031184078,59.19999999999955,3.957927031209581e-09
whfast_hj,156.18831690073213,59.399999999999544,1.0311269379590757e-09
whfast_hj,156.7142034896235,59.59999999999954,2.9258486171355135e-09
whfast_hj,157.24009007851484,59.79999999999954,1.2504579719361985e-09
whfast_hj,157.7659766674062,59.99999999999954,5.414117322772446e-10
whfast_hj,158.29186325629755,60.199999999999534,2.7593345203759913e-09
whfast_hj,158.8177498451889,60.39999999999954,2.640672278106646e-10
whfast_hj,159.34363643408025,60.59999999999953,2.3460261073180677e-09
whfast_hj,159.8695230229716,60.79999999999953,3.3065181388591718e-09
whfast_hj,160.39540961186296,60.99999999999953,1.1771587526786876e-09
whfast_hj,160.9212962007543,61.19999999999953,3.278306589636343e-09
whfast_hj,161.44718278964567,61.39999999999952,1.0581246234280778e-09
whfast_hj,161.97306937853702,61.599999999999525,3.1575748996538578e-09
whfast_hj,162.49895596742837,61.79999999999952,1.533650100723642e-09
whfast_hj,163.02484255631973,61.999999999999524,8.199920517140121e-10
whfast_hj,163.55072914521108,62.19999999999952,3.000699055682496e-09
whfast_hj,164.07661573410243,62.399999999999515,1.7938534009761218e-10
whfast_hj,164.6025023229938,62.59999999999952,1.892499985015325e-09
whfast_hj,165.12838891188514,62.799999999999514,1.0809397677774525e-09
whfast_hj,165.6542755007765,62.99999999999951,3.093450646986584e-09
whfast_hj,166.18016208966785,63.19999999999951,1.2711602796184582e-09
whfast_hj,166.7060486785592,63.39999999999951,4.756867096215802e-10
whfast_hj,167.23193526745055,63.599999999999504,3.231419818447908e-09
whfast_hj,167.7578218563419,63.79999999999951,1.7715702206068506e-09
whfast_hj,168.28370844523326,63.9999999999995,1.0943859789405629e-09
whfast_hj,168.8095950341246,64.1999999999995,3.277654471629845e-09
whfast_hj,169.33548162301597,64.3999999999995,4.47938318226988e-11
whfast_hj,169.86136821190732,64.5999999999995,1.9789868788877007e-09
whfast_hj,170.38725480079867,64.7999999999995,5.294411306583645e-10
whfast_hj,170.91314138969003,64.99999999999949,7.833829427212902e-10
whfast_hj,171.43902797858138,65.19999999999949,5.668671843348169e-09
whfast_hj,171.96491456747273,65.3999999999995,1.568155358927291e-09
whfast_hj,172.49080115636409,65.59999999999948,2.768350308555194e-09
whfast_hj,173.01668774525544,65.79999999999949,1.8674956240354754e-09
whfast_hj,173.5425743341468,65.99999999999949,1.32761393004946e-09
whfast_hj,174.06846092303815,66.19999999999948,3.552390760809807e-09
whfast_hj,174.5943475119295,66.39999999999948,3.088720994263868e-10
whfast_hj,175.12023410082085,66.59999999999948,2.221042299845971e-09
whfast_hj,175.6461206897122,66.79999999999947,5.924078738641047e-10
whfast_hj,176.17200727860356,66.99999999999947,1.0831988175172842e-10
whfast_hj,176.6978938674949,67.19999999999948,3.409484491212676e-09
whfast_hj,177.22378045638627,67.39999999999947,2.6538923018824634e-09
whfast_hj,177.74966704527762,67.59999999999947,8.260835784388807e-10
whfast_hj,178.27555363416897,67.79999999999947,1.4890854087910215e-09
whfast_hj,178.80144022306033,67.99999999999946,1.4324306030615586e-09
whfast_hj,179.32732681195168,68.19999999999946,3.789391496999603e-09
whfast_hj,179.85321340084303,68.39999999999947,5.725187881446722e-10
whfast_hj,180.37909998973439,68.59999999999947,2.507392708025907e-09
whfast_hj,180.90498657862574,68.79999999999946,8.295485330119877e-10
whfast_hj,181.4308731675171,68.99999999999946,1.3330575749674797e-10
whfast_hj,181.95675975640845,69.19999999999946,2.6036191383689488e-09
whfast_hj,182.4826463452998,69.39999999999945,6.160404763759553e-10
whfast_hj,183.00853293419115,69.59999999999945,4.618194458873453e-09
whfast_hj,183.5344195230825,69.79999999999946,3.140400062581942e-10
whfast_hj,184.06030611197386,69.99999999999945,1.1172106226467254e-09
whfast_hj,184.5861927008652,70.19999999999945,3.909903674818484e-09
whfast_hj,185.11207928975657,70.39999999999945,8.015025806845094e-10
whfast_hj,185.63796587864792,70.59999999999944,2.7951635267849565e-09
whfast_hj,186.16385246753927,70.79999999999944,1.116108697259368e-09
whfast_hj,186.68973905643062,70.99999999999945,3.537996924622294e-10
whfast_hj,187.21562564532198,71.19999999999943,2.595821963621967e-09
whfast_hj,187.74151223421333,71.39999999999944,3.5104873008442544e-10
whfast_hj,188.26739882310468,71.59999999999944,3.069615092000664e-09
whfast_hj,188.79328541199604,71.79999999999943,2.7582763690516687e-09
whfast_hj,189.3191720008874,71.99999999999943,5.281475493293337e-10
whfast_hj,189.84505858977874,72.19999999999943,3.657745816286325e-09
whfast_hj,190.3709451786701,72.39999999999942,9.24304616967938e-10
whfast_hj,190.89683176756145,72.59999999999943,3.050829472104825e-09
whfast_hj,191.4227183564528,72.79999999999943,1.4057669355163573e-09
whfast_hj,191.94860494534416,72.99999999999942,6.291384205800839e-10
whfast_hj,192.4744915342355,73.19999999999942,2.8075420872669564e-09
whfast_hj,193.00037812312686,73.39999999999942,4.08223047934419e-10
whfast_hj,193.52626471201822,73.59999999999941,1.9572495264246555e-09
whfast_hj,194.05215130090957,73.79999999999941,1.928944010591441e-09
whfast_hj,194.57803788980092,73.99999999999942,1.6066765343977261e-09
whfast_hj,195.10392447869228,74.1999999999994,2.18865360103034e-09
whfast_hj,195.62981106758363,74.39999999999941,7.152841078262254e-10
whfast_hj,196.15569765647498,74.59999999999941,3.2097344557078217e-09
whfast_hj,196.68158424536634,74.7999999999994,1.6660081048263008e-09
whfast_hj,197.2074708342577,74.9999999999994,9.097569938962155e-10
whfast_hj,197.73335742314904,75.1999999999994,3.080550777208445e-09
whfast_hj,198.2592440120404,75.3999999999994,2.1747891614292045e-10
whfast_hj,198.78513060093175,75.5999999999994,1.8811123101420167e-09
whfast_hj,199.3110171898231,75.7999999999994,6.281847621804242e-10
whfast_hj,199.83690377871446,75.99999999999939,1.705407328951154e-09
whfast_hj,200.3627903676058,76.19999999999939,3.2976205791610686e-09
whfast_hj,200.88867695649716,76.3999999999994,5.92624048415865e-10
whfast_hj,201.41456354538852,76.59999999999938,3.07264808257931e-09
whfast_hj,201.94045013427987,76.79999999999939,1.8375738054818259e-09
whfast_hj,202.46633672317122,76.99999999999939,1.1632800640423704e-09
whfast_hj,202.99222331206258,77.19999999999938,3.3609068345160553e-09
whfast_hj,203.51810990095393,77.39999999999938,4.1914499758576385e-11
whfast_hj,204.04399648984528,77.59999999999938,2.085375695448141e-09
whfast_hj,204.56988307873664,77.79999999999939,5.041894012929795e-10
whfast_hj,205.095769667628,77.99999999999937,1.859384842144818e-10
whfast_hj,205.62165625651934,78.19999999999938,4.459692299346124e-09
whfast_hj,206.1475428454107,78.39999999999938,4.836779793342752e-10
whfast_hj,206.67342943430205,78.59999999999937,1.951686882807419e-09
whfast_hj,207.1993160231934,78.79999999999937,1.7441360782043659e-09
whfast_hj,207.72520261208476,78.99999999999937,1.3353286914578253e-09
whfast_hj,208.2510892009761,79.19999999999936,3.616338633528079e-09
whfast_hj,208.77697578986746,79.39999999999937,3.111085561014265e-10
whfast_hj,209.30286237875882,79.59999999999937,2.366502484352407e-09
whfast_hj,209.82874896765017,79.79999999999936,6.98455227058938e-10
whfast_hj,210.35463555654152,79.99999999999936,4.708471724473754e-12
whfast_hj,210.88052214543288,80.19999999999936,2.7159546806480903e-09
whfast_hj,211.40640873432423,80.39999999999935,1.72654352617317e-09
whfast_hj,211.93229532321558,80.59999999999935,1.249866829530702e-09
whfast_hj,212.45818191210694,80.79999999999936,7.739336501113905e-10
whfast_hj,212.9840685009983,80.99999999999935,1.2694530911601093e-09
whfast_hj,213.50995508988964,81.19999999999935,3.796883151893147e-09
whfast_hj,214.035841678781,81.39999999999935,5.575085207234581e-10
whfast_hj,214.56172826767235,81.59999999999934,2.6598744576345888e-09
whfast_hj,215.0876148565637,81.79999999999934,9.789912586667668e-10
whfast_hj,215.61350144545506,81.99999999999935,1.6650690805708815e-10
whfast_hj,216.1393880343464,82.19999999999933,2.4587760269446454e-09
whfast_hj,216.66527462323776,82.39999999999934,2.5915451991525824e-10
whfast_hj,217.19116121212912,82.59999999999934,4.413666118534768e-09
whfast_hj,217.71704780102047,82.79999999999933,5.424027462556229e-10
whfast_hj,218.24293438991182,82.99999999999933,4.2399531781361944e-10
whfast_hj,218.76882097880318,83.19999999999933,3.762886494386691e-09
whfast_hj,219.29470756769453,83.39999999999932,7.343318586215269e-10
whfast_hj,219.82059415658588,83.59999999999933,2.932150926885317e-09
whfast_hj,220.34648074547724,83.79999999999933,1.2743960943014869e-09
whfast_hj,220.8723673343686,83.99999999999932,4.34589026177048e-10
whfast_hj,221.39825392325994,84.19999999999932,2.6139154141691773e-09
whfast_hj,221.9241405121513,84.39999999999932,6.047115948189811e-10
whfast_hj,222.45002710104265,84.59999999999931,2.2329879977457053e-09
whfast_hj,222.975913689934,84.79999999999932,3.335295028180547e-09
whfast_hj,223.50180027882536,84.99999999999932,1.2912023820039822e-09
whfast_hj,224.0276868677167,85.1999999999993,3.0367274202143136e-09
whfast_hj,224.55357345660806,85.39999999999931,7.172471370694069e-10
whfast_hj,225.07946004549942,85.59999999999931,3.1400913334863462e-09
whfast_hj,225.60534663439077,85.7999999999993,1.5505928454026937e-09
whfast_hj,226.13123322328212,85.9999999999993,7.206233881892679e-10
whfast_hj,226.65711981217348,86.1999999999993,2.877998431451259e-09
whfast_hj,227.18300640106483,86.39999999999931,4.788420365112872e-10
whfast_hj,227.70889298995618,86.5999999999993,1.822936195259994e-09
whfast_hj,228.23477957884754,86.7999999999993,9.754360602041779e-10
whfast_hj,228.7606661677389,86.9999999999993,3.024525111311629e-09
whfast_hj,229.28655275663024,87.19999999999929,1.1280070267448506e-09
whfast_hj,229.8124393455216,87.3999999999993,8.5208203426958e-11
whfast_hj,230.33832593441295,87.5999999999993,3.1721890182230934e-09
whfast_hj,230.8642125233043,87.79999999999929,1.7668768965053623e-09
whfast_hj,231.39009911219566,87.99999999999929,9.89194209705042e-10
whfast_hj,231.915985701087,88.19999999999929,3.1633235509465697e-09
whfast_hj,232.44187228997836,88.39999999999928,2.2988276545312522e-10
whfast_hj,232.96775887886972,88.59999999999928,1.9528739172968054e-09
whfast_hj,233.49364546776107,88.79999999999929,4.641949269326679e-10
whfast_hj,234.01953205665242,88.99999999999928,5.536671862300652e-10
whfast_hj,234.54541864554378,89.19999999999928,5.60441459968587e-09
whfast_hj,235.07130523443513,89.39999999999928,1.8801943385151535e-09
whfast_hj,235.59719182332648,89.59999999999927,2.6576584117396736e-09
whfast_hj,236.12307841221784,89.79999999999927,1.8230302902400655e-09
whfast_hj,236.6489650011092,89.99999999999928,1.2017292241187808e-09
whfast_hj,237.17485159000054,90.19999999999926,3.4327036149648953e-09
whfast_hj,237.7007381788919,90.39999999999927,4.39872850835601e-11
whfast_hj,238.22662476778325,90.59999999999927,2.221759501283432e-09
whfast_hj,238.7525113566746,90.79999999999926,5.727258484487038e-10
whfast_hj,239.27839794556596,90.99999999999926,8.694016723476628e-11
whfast_hj,239.8042845344573,91.19999999999926,3.1654516636063565e-09
whfast_hj,240.33017112334866,91.39999999999925,2.4492165931438842e-09
whfast_hj,240.85605771224002,91.59999999999926,7.719898763211567e-10
whfast_hj,241.38194430113137,91.79999999999926,1.3923661672222036e-09
whfast_hj,241.90783089002272,91.99999999999925,1.2680962235757236e-09
whfast_hj,242.43371747891408,92.19999999999925,3.649844790463112e-09
whfast_hj,242.95960406780543,92.39999999999925,3.0374950709384976e-10
whfast_hj,243.48549065669678,92.59999999999924,2.519736223583542e-09
whfast_hj,244.01137724558814,92.79999999999924,8.388789552923566e-10
whfast_hj,244.5372638344795,92.99999999999925,1.51369683016105e-11
whfast_hj,245.06315042337084,93.19999999999924,2.3858246895370576e-09
whfast_hj,245.5890370122622,93.39999999999924,2.25927567047968e-10
whfast_hj,246.11492360115355,93.59999999999924,4.688849647701863e-09
whfast_hj,246.6408101900449,93.79999999999923,3.7570649291121503e-10
whfast_hj,247.16669677893626,93.99999999999923,8.998673932622435e-10
whfast_hj,247.6925833678276,94.19999999999924,3.733065446036802e-09
whfast_hj,248.21846995671896,94.39999999999922,5.14539207252403e-10
whfast_hj,248.74435654561032,94.59999999999923,2.8054247576608202e-09
whfast_hj,249.27024313450167,94.79999999999923,1.1389319288989809e-09
whfast_hj,249.79612972339302,94.99999999999922,2.357366798886183e-10
whfast_hj,250.32201631228438,95.19999999999922,2.425653823741391e-09
whfast_hj,250.84790290117573,95.39999999999922,7.247136315044321e-10
whfast_hj,251.37378949006708,95.59999999999923,2.9652465575635034e-09
whfast_hj,251.89967607895844,95.79999999999922,2.82692205881045e-09
whfast_hj,252.4255626678498,95.99999999999922,7.311041312287362e-10
whfast_hj,252.95144925674114,96.19999999999922,3.4272965554074766e-09
whfast_hj,253.4773358456325,96.39999999999921,6.018825836718955e-10
whfast_hj,254.00322243452385,96.59999999999921,3.0448394858018342e-09
whfast_hj,254.5291090234152,96.79999999999922,1.4283358668073732e-09
whfast_hj,255.05499561230656,96.9999999999992,5.257770747017775e-10
whfast_hj,255.5808822011979,97.1999999999992,2.6690174601729327e-09
whfast_hj,256.1067687900893,97.39999999999921,7.325552221628798e-10
whfast_hj,256.63265537898064,97.59999999999921,1.8567486422665826e-09
whfast_hj,257.158541967872,97.79999999999922,1.8473564741670945e-09
whfast_hj,257.68442855676335,97.9999999999992,1.5318108198580714e-09
whfast_hj,258.2103151456547,98.1999999999992,1.9546929157519376e-09
whfast_hj,258.73620173454606,98.39999999999921,3.403814658907364e-10
whfast_hj,259.2620883234374,98.5999999999992,3.170836515208042e-09
whfast_hj,259.78797491232876,98.7999999999992,1.6743898751247767e-09
whfast_hj,260.3138615012201,98.9999999999992,8.072862769015863e-10
whfast_hj,260.83974809011147,99.19999999999919,2.957775698559143e-09
whfast_hj,261.3656346790028,99.3999999999992,5.076868333967251e-10
whfast_hj,261.8915212678942,99.5999999999992,1.8319076958974166e-09
whfast_hj,262.41740785678553,99.79999999999919,5.343370221248632e-10
whfast_hj,262.9432944456769,99.99999999999919,1.513482709524271e-09
whfast_hj,263.46918103456824,100.19999999999919,3.1885304792914297e-09
whfast_hj,263.9950676234596,100.39999999999918,9.85216546604779e-10
whfast_hj,264.52095421235094,100.59999999999918,2.982724090355758e-09
whfast_hj,265.0468408012423,100.79999999999919,1.8150679037067921e-09
whfast_hj,265.57272739013365,100.99999999999918,1.0474198752859837e-09
whfast_hj,266.098613979025,101.19999999999918,3.2394685977800736e-09
whfast_hj,266.62450056791636,101.39999999999918,2.3094887569799978e-10
whfast_hj,267.1503871568077,101.59999999999917,2.072565556080738e-09
whfast_hj,267.67627374569906,101.79999999999917,4.626152095728333e-10
whfast_hj,268.2021603345904,101.99999999999918,4.009883891528849e-11
whfast_hj,268.72804692348177,102.19999999999918,4.268351890361676e-09
whfast_hj,269.2539335123731,102.39999999999917,7.516615095351426e-10
whfast_hj,269.7798201012645,102.59999999999917,1.8332904941584387e-09
whfast_hj,270.30570669015583,102.79999999999917,1.6723313388349741e-09
whfast_hj,270.8315932790472,102.99999999999916,1.1898021398235626e-09
whfast_hj,271.35747986793854,103.19999999999916,3.4821681778242903e-09
whfast_hj,271.8833664568299,103.39999999999917,4.1093318875197374e-11
whfast_hj,272.40925304572124,103.59999999999916,2.373226231782394e-09
whfast_hj,272.9351396346126,103.79999999999916,6.958806446301355e-10
whfast_hj,273.46102622350395,103.99999999999916,1.787147368562847e-10
whfast_hj,273.9869128123953,104.19999999999915,2.4640438053924083e-09
whfast_hj,274.51279940128666,104.39999999999915,1.4115155868090692e-09
whfast_hj,275.038685990178,104.59999999999916,1.25623139857837e-09
whfast_hj,275.56457257906936,104.79999999999914,6.651352061690669e-10
whfast_hj,276.0904591679607,104.99999999999915,1.075333606836554e-09
whfast_hj,276.61634575685207,105.19999999999915,3.633652623339964e-09
whfast_hj,277.1422323457434,105.39999999999914,2.7614155213609e-10
whfast_hj,277.6681189346348,105.59999999999914,2.6713652133660105e-09
whfast_hj,278.19400552352613,105.79999999999914,9.98115517795114e-10
whfast_hj,278.7198921124175,105.99999999999913,3.3126182663530237e-11
whfast_hj,279.24577870130884,106.19999999999914,2.257719059663383e-09
whfast_hj,279.7716652902002,106.39999999999914,6.644296863730608e-10
whfast_hj,280.29755187909154,106.59999999999913,4.409608609489615e-09
whfast_hj,280.8234384679829,106.79999999999913,5.301103218331425e-10
whfast_hj,281.34932505687425,106.99999999999913,1.8583694379260392e-10
whfast_hj,281.8752116457656,107.19999999999912,3.551961877687817e-09
whfast_hj,282.40109823465696,107.39999999999912,4.2586515066453375e-10
whfast_hj,282.9269848235483,107.59999999999913,2.934360040817171e-09
whfast_hj,283.45287141243966,107.79999999999912,1.300175166338268e-09
whfast_hj,283.978758001331,107.99999999999912,3.2412626925160604e-10
whfast_hj,284.50464459022237,108.19999999999912,2.454720956923532e-09
whfast_hj,285.0305311791137,108.39999999999911,9.602886939579756e-10
whfast_hj,285.5564177680051,108.59999999999911,2.106314460092599e-09
whfast_hj,286.08230435689643,108.79999999999912,3.376709142901854e-09
whfast_hj,286.6081909457878,108.9999999999991,1.41968657408261e-09
whfast_hj,287.13407753467914,109.19999999999911,2.7761115397900062e-09
whfast_hj,287.6599641235705,109.39999999999911,3.6273422262999225e-10
whfast_hj,288.18585071246184,109.5999999999991,3.117297370135214e-09
whfast_hj,288.7117373013532,109.7999999999991,1.5688615205717287e-09
whfast_hj,289.23762389024455,109.9999999999991,6.176721834587489e-10
whfast_hj,289.7635104791359,110.1999999999991,2.742579067069278e-09
whfast_hj,290.28939706802726,110.3999999999991,7.901564975895685e-10
whfast_hj,290.8152836569186,110.5999999999991,1.7443665017913074e-09
whfast_hj,291.34117024580996,110.79999999999909,8.612237531110607e-10
whfast_hj,291.8670568347013,110.99999999999909,2.9665500233583805e-09
whfast_hj,292.39294342359267,111.1999999999991,9.592319547002022e-10
whfast_hj,292.918830012484,111.3999999999991,3.2200149420366337e-10
whfast_hj,293.4447166013754,111.59999999999908,3.1058616849992227e-09
whfast_hj,293.97060319026673,111.79999999999909,1.7622783092323772e-09
whfast_hj,294.4964897791581,111.99999999999909,8.796379995043808e-10
whfast_hj,295.02237636804944,112.19999999999908,3.0361040570175513e-09
whfast_hj,295.5482629569408,112.39999999999908,5.152461391149586e-10
whfast_hj,296.07414954583214,112.59999999999908,1.921359416045003e-09
whfast_hj,296.6000361347235,112.79999999999907,3.947488521796912e-10
whfast_hj,297.12592272361485,112.99999999999908,3.0920560387144205e-10
whfast_hj,297.6518093125062,113.19999999999908,5.544734248819568e-09
whfast_hj,298.17769590139756,113.39999999999907,2.216303917984585e-09
whfast_hj,298.7035824902889,113.59999999999907,2.5374056690568426e-09
whfast_hj,299.22946907918026,113.79999999999907,1.7772006434184632e-09
whfast_hj,299.7553556680716,113.99999999999906,1.070348498438064e-09
whfast_hj,300.28124225696297,114.19999999999906,3.299459346547894e-09
whfast_hj,300.8071288458543,114.39999999999907,2.3133988976252573e-10
whfast_hj,301.3330154347457,114.59999999999906,2.2189329291603868e-09
whfast_hj,301.85890202363703,114.79999999999906,5.531150682092097e-10
whfast_hj,302.3847886125284,114.99999999999906,2.929111261082983e-10
whfast_hj,302.91067520141974,115.19999999999905,2.8971189678587034e-09
whfast_hj,303.4365617903111,115.39999999999905,2.252790433926873e-09
whfast_hj,303.96244837920244,115.59999999999906,7.011965617102681e-10
whfast_hj,304.4883349680938,115.79999999999905,1.2920329338744627e-09
whfast_hj,305.01422155698515,115.99999999999905,1.0966078014713623e-09
whfast_hj,305.5401081458765,116.19999999999905,3.4953422452524055e-09
whfast_hj,306.06599473476786,116.39999999999904,2.4021562661395473e-11
whfast_hj,306.5918813236592,116.59999999999904,2.5292425123341673e-09
whfast_hj,307.11776791255056,116.79999999999905,8.506508406368158e-10
whfast_hj,307.6436545014419,116.99999999999903,1.6965414765655714e-10
whfast_hj,308.16954109033327,117.19999999999904,2.147054890700107e-09
whfast_hj,308.6954276792246,117.39999999999904,1.855511928708591e-10
whfast_hj,309.221314268116,117.59999999999903,4.774594693157005e-09
whfast_hj,309.74720085700733,117.79999999999903,4.476900512536482e-10
whfast_hj,310.2730874458987,117.99999999999903,6.728929714223487e-10
whfast_hj,310.79897403479004,118.19999999999902,3.5392584135297453e-09
whfast_hj,311.3248606236814,118.39999999999903,2.1513732469478593e-10
whfast_hj,311.85074721257274,118.59999999999903,2.8125268105563874e-09
whfast_hj,312.3766338014641,118.79999999999902,1.1651445053664593e-09
whfast_hj,312.90252039035545,118.99999999999902,1.1406095923294764e-10
whfast_hj,313.4284069792468,119.19999999999902,2.23922227156176e-09
whfast_hj,313.95429356813816,119.39999999999901,1.1175977856206618e-09
whfast_hj,314.4801801570295,119.59999999999901,2.8482640326396345e-09
whfast_hj,315.00606674592086,119.79999999999902,2.9146149858857875e-09
whfast_hj,315.5319533348122,119.999999999999,9.497251524708318e-10
whfast_hj,316.05783992370357,120.19999999999901,3.1773746400716125e-09
whfast_hj,316.5837265125949,120.39999999999901,2.652584984996996e-10
whfast_hj,317.1096131014863,120.59999999999901,3.0346854436140463e-09
whfast_hj,317.6354996903776,120.799999999999,1.4542223842716029e-09
whfast_hj,318.161386279269,120.999999999999,4.19651801107349e-10
whfast_hj,318.68727286816033,121.19999999999901,2.516666647644296e-09
whfast_hj,319.2131594570517,121.399999999999,1.0710473430103814e-09
whfast_hj,319.73904604594304,121.599999999999,1.7443009048815987e-09
whfast_hj,320.2649326348344,121.799999999999,1.7608545610414194e-09
whfast_hj,320.79081922372575,121.99999999999899,1.4661548600936464e-09
whfast_hj,321.3167058126171,122.199999999999,1.6952156744452746e-09
whfast_hj,321.84259240150845,122.399999999999,5.186443414511802e-11
whfast_hj,322.3684789903998,122.59999999999899,3.1255508991170576e-09
whfast_hj,322.89436557929116,122.79999999999899,1.6846580379637016e-09
whfast_hj,323.4202521681825,122.99999999999899,7.012441868638923e-10
whfast_hj,323.94613875707387,123.19999999999898,2.8212445243239584e-09
whfast_hj,324.4720253459652,123.39999999999898,8.099215781920175e-10
whfast_hj,324.9979119348566,123.59999999999899,1.7758363303922709e-09
whfast_hj,325.5237985237479,123.79999999999897,4.3361136264604684e-10
whfast_hj,326.0496851126393,123.99999999999898,1.311761557485997e-09
whfast_hj,326.57557170153063,124.19999999999898,3.073460919433078e-09
whfast_hj,327.101458290422,124.39999999999897,1.4004752803069388e-09
whfast_hj,327.62734487931334,124.59999999999897,2.88391344985744e-09
whfast_hj,328.1532314682047,124.79999999999897,1.7927412060138588e-09
whfast_hj,328.67911805709605,124.99999999999896,9.268527552413589e-10
whfast_hj,329.2050046459874,125.19999999999897,3.103741659629674e-09
whfast_hj,329.73089123487875,125.39999999999897,5.150321468478658e-10
whfast_hj,330.2567778237701,125.59999999999896,2.0561687676775987e-09
whfast_hj,330.78266441266146,125.79999999999896,4.203690025448101e-10
whfast_hj,331.3085510015528,125.99999999999896,2.8068468370458557e-10
whfast_hj,331.83443759044417,126.19999999999895,4.0593935121481414e-09
whfast_hj,332.3603241793355,126.39999999999895,1.0277805969761268e-09
whfast_hj,332.8862107682269,126.59999999999896,1.7013430163126262e-09
whfast_hj,333.4120973571182,126.79999999999895,1.598258307108336e-09
whfast_hj,333.9379839460096,126.99999999999895,1.037608580160666e-09
whfast_hj,334.46387053490093,127.19999999999895,3.3322922044781864e-09
whfast_hj,334.9897571237923,127.39999999999894,2.4044027356501197e-10
whfast_hj,335.51564371268364,127.59999999999894,2.3776733428255234e-09
whfast_hj,336.041530301575,127.79999999999895,6.963851374973669e-10
whfast_hj,336.56741689046635,127.99999999999893,3.608116298380011e-10
whfast_hj,337.0933034793577,128.19999999999894,2.1856048209802776e-09
whfast_hj,337.61919006824905,128.39999999999893,1.0855490097344022e-09
whfast_hj,338.1450766571404,128.59999999999894,1.2583053392305304e-09
whfast_hj,338.67096324603176,128.79999999999893,5.501300878932472e-10
whfast_hj,339.1968498349231,128.99999999999892,8.720617489875533e-10
whfast_hj,339.72273642381447,129.19999999999894,3.4526654862964702e-09
whfast_hj,340.2486230127058,129.39999999999893,1.801411808106551e-11
whfast_hj,340.7745096015972,129.59999999999891,2.680468934780341e-09
whfast_hj,341.3003961904885,129.79999999999893,1.0218304052758947e-09
whfast_hj,341.8262827793799,129.99999999999892,1.046256589188566e-10
whfast_hj,342.35216936827123,130.1999999999989,2.03631023394351e-09
whfast_hj,342.8780559571626,130.39999999999893,1.094513835148136e-09
whfast_hj,343.40394254605394,130.59999999999891,4.408619392686845e-09
whfast_hj,343.9298291349453,130.7999999999989,5.198392064914322e-10
whfast_hj,344.45571572383665,130.99999999999892,6.544068380046903e-11
whfast_hj,344.981602312728,131.1999999999989,3.3203479186450015e-09
whfast_hj,345.50748890161935,131.3999999999989,1.0248214189671143e-10
whfast_hj,346.0333754905107,131.59999999999891,2.933219604523918e-09
whfast_hj,346.55926207940206,131.7999999999989,1.3308601426770806e-09
whfast_hj,347.0851486682934,131.9999999999989,2.1100908395247149e-10
whfast_hj,347.61103525718477,132.1999999999989,2.2791739988165276e-09
whfast_hj,348.1369218460761,132.3999999999989,1.3338532102832812e-09
whfast_hj,348.6628084349675,132.5999999999989,1.9636352764705656e-09
whfast_hj,349.1886950238588,132.7999999999989,3.4339063105560127e-09
whfast_hj,349.7145816127502,132.9999999999989,1.5612793650493305e-09
whfast_hj,350.24046820164153,133.19999999999888,2.4907601045090006e-09
whfast_hj,350.7663547905329,133.3999999999989,9.490114170149014e-12
whfast_hj,351.29224137942424,133.5999999999989,3.089360018562361e-09
whfast_hj,351.8181279683156,133.7999999999989,1.591336613622046e-09
whfast_hj,352.34401455720695,133.9999999999989,5.123661652024046e-10
whfast_hj,352.8699011460983,134.19999999999888,2.5925269705135455e-09
whfast_hj,353.39578773498965,134.3999999999989,1.1150511877834766e-09
whfast_hj,353.921674323881,134.5999999999989,1.6566924450598587e-09
whfast_hj,354.44756091277236,134.79999999999887,7.37725439649041e-10
whfast_hj,354.9734475016637,134.9999999999989,2.921829618996256e-09
whfast_hj,355.49933409055507,135.19999999999888,7.624707506018997e-10
whfast_hj,356.0252206794464,135.39999999999887,7.508861566297792e-10
whfast_hj,356.5511072683378,135.5999999999989,3.031707138521772e-09
whfast_hj,357.0769938572291,135.79999999999887,1.7602062941255113e-09
whfast_hj,357.6028804461205,135.99999999999886,7.667955253339678e-10
whfast_hj,358.12876703501183,136.19999999999888,2.8941795587813836e-09
whfast_hj,358.6546536239032,136.39999999999887,8.122537986530508e-10
whfast_hj,359.18054021279454,136.59999999999886,1.8858279705689242e-09
whfast_hj,359.7064268016859,136.79999999999887,3.2301189200467573e-10
whfast_hj,360.23231339057725,136.99999999999886,4.714209849452187e-11
whfast_hj,360.7581999794686,137.19999999999885,5.489605373551372e-09
whfast_hj,361.28408656835995,137.39999999999887,2.57890694679516e-09
whfast_hj,361.8099731572513,137.59999999999886,2.405526227144779e-09
whfast_hj,362.33585974614266,137.79999999999885,1.7311983393687626e-09
whfast_hj,362.861746335034,137.99999999999886,9.336589160099622e-10
whfast_hj,363.38763292392537,138.19999999999885,3.1501704077773244e-09
whfast_hj,363.9135195128167,138.39999999999884,5.183021078674552e-10
whfast_hj,364.4394061017081,138.59999999999886,2.2143710556176888e-09
whfast_hj,364.9652926905994,138.79999999999885,5.369067265055855e-10
whfast_hj,365.4911792794908,138.99999999999883,5.10048707255298e-10
whfast_hj,366.01706586838213,139.19999999999885,2.5979796013096073e-09
whfast_hj,366.5429524572735,139.39999999999884,2.066012540333555e-09
whfast_hj,367.06883904616484,139.59999999999883,6.134083843276823e-10
whfast_hj,367.5947256350562,139.79999999999885,1.1880495084962571e-09
whfast_hj,368.12061222394755,139.99999999999883,9.17003077579832e-10
whfast_hj,368.6464988128389,140.19999999999882,3.3225373920148487e-09
whfast_hj,369.17238540173025,140.39999999999884,2.685997046951958e-10
whfast_hj,369.6982719906216,140.59999999999883,2.537285643400135e-09
whfast_hj,370.22415857951296,140.79999999999882,8.683910178072777e-10
whfast_hj,370.7500451684043,140.99999999999883,3.295877575560237e-10
whfast_hj,371.27593175729567,141.19999999999882,1.882530666806149e-09
whfast_hj,371.801818346187,141.3999999999988,6.247647369975286e-10
whfast_hj,372.3277049350784,141.59999999999883,4.880033959147748e-09
whfast_hj,372.8535915239697,141.79999999999882,5.288270100790171e-10
whfast_hj,373.3794781128611,141.9999999999988,4.3388620214445464e-10
whfast_hj,373.90536470175243,142.19999999999882,3.3237676870885247e-09
whfast_hj,374.4312512906438,142.3999999999988,9.934581372057951e-11
whfast_hj,374.95713787953514,142.5999999999988,2.8172079395376755e-09
whfast_hj,375.4830244684265,142.79999999999882,1.1979450141357998e-09
whfast_hj,376.00891105731785,142.9999999999988,1.0313862447254388e-11
whfast_hj,376.5347976462092,143.1999999999988,2.032961453936521e-09
whfast_hj,377.06068423510055,143.3999999999988,1.5341761596981748e-09
whfast_hj,377.5865708239919,143.5999999999988,2.7146549375741163e-09
whfast_hj,378.11245741288326,143.7999999999988,3.0278650338102617e-09
whfast_hj,378.6383440017746,143.9999999999988,1.1860926409980188e-09
whfast_hj,379.16423059066597,144.1999999999988,2.901358633488742e-09
whfast_hj,379.6901171795573,144.39999999999878,8.995326051203251e-11
whfast_hj,380.2160037684487,144.5999999999988,3.0199276793658204e-09
whfast_hj,380.74189035734,144.7999999999988,1.4859122385149163e-09
whfast_hj,381.2677769462314,144.99999999999878,3.1138506440575643e-10
whfast_hj,381.79366353512273,145.1999999999988,2.3471116013855766e-09
whfast_hj,382.3195501240141,145.39999999999878,1.4266398465117342e-09
whfast_hj,382.84543671290544,145.59999999999877,1.617717867857347e-09
whfast_hj,383.3713233017968,145.7999999999988,1.667745588530621e-09
whfast_hj,383.89720989068815,145.99999999999878,1.4138991551446297e-09
whfast_hj,384.4230964795795,146.19999999999877,1.4040367688841573e-09
whfast_hj,384.94898306847085,146.39999999999878,4.663573142987019e-10
whfast_hj,385.4748696573622,146.59999999999877,3.07319968712142e-09
whfast_hj,386.00075624625356,146.79999999999876,1.699527612208711e-09
whfast_hj,386.5266428351449,146.99999999999878,5.928710316923416e-10
whfast_hj,387.05252942403627,147.19999999999877,2.6685937118383956e-09
whfast_hj,387.5784160129276,147.39999999999876,1.1255052299281908e-09
whfast_hj,388.104302601819,147.59999999999877,1.7135769041581452e-09
whfast_hj,388.6301891907103,147.79999999999876,3.267044460316254e-10
whfast_hj,389.1560757796017,147.99999999999875,1.0974080580958715e-09
whfast_hj,389.68196236849303,148.19999999999877,2.952903298745241e-09
whfast_hj,390.2078489573844,148.39999999999876,1.8433055119759438e-09
whfast_hj,390.73373554627574,148.59999999999874,2.774100243544769e-09
whfast_hj,391.2596221351671,148.79999999999876,1.7723006441220024e-09
whfast_hj,391.78550872405845,148.99999999999875,8.020951351565553e-10
whfast_hj,392.3113953129498,149.19999999999874,2.9508979075055742e-09
whfast_hj,392.83728190184115,149.39999999999876,8.114884585832203e-10
whfast_hj,393.3631684907325,149.59999999999874,2.037421530317969e-09
whfast_hj,393.88905507962386,149.79999999999873,3.8018068995815763e-10
whfast_hj,394.4149416685152,149.99999999999875,5.377802822209825e-10
whfast_hj,394.94082825740657,150.19999999999874,3.82626645961269e-09
whfast_hj,395.4667148462979,150.39999999999873,1.311253213528176e-09
whfast_hj,395.9926014351893,150.59999999999874,1.553187453502562e-09
whfast_hj,396.5184880240806,150.79999999999873,1.5221800125117174e-09
whfast_hj,397.044374612972,150.99999999999872,8.781074477344062e-10
whfast_hj,397.57026120186333,151.19999999999874,3.1628135381828267e-09
whfast_hj,398.0961477907547,151.39999999999873,5.353832350683584e-10
whfast_hj,398.62203437964604,151.59999999999872,2.3808101844804008e-09
whfast_hj,399.1479209685374,151.79999999999873,7.032396936377122e-10
whfast_hj,399.67380755742874,151.99999999999872,5.511209735019392e-10
whfast_hj,400.1996941463201,152.19999999999874,1.873566611610533e-09
whfast_hj,400.72558073521145,152.39999999999873,7.440276210291581e-10
whfast_hj,401.2514673241028,152.59999999999872,1.2587497550845648e-09
whfast_hj,401.77735391299416,152.79999999999873,4.283926214184573e-10
whfast_hj,402.3032405018855,152.99999999999872,6.575716642511849e-10
whfast_hj,402.82912709077686,153.1999999999987,3.2487775823228274e-09
whfast_hj,403.3550136796682,153.39999999999873,3.2751484386135364e-10
whfast_hj,403.88090026855957,153.59999999999872,2.687958792498276e-09
whfast_hj,404.4067868574509,153.7999999999987,1.053803186307854e-09
whfast_hj,404.9326734463423,153.99999999999872,2.4560022147626764e-10
whfast_hj,405.45856003523363,154.1999999999987,1.7900634143572564e-09
whfast_hj,405.984446624125,154.3999999999987,1.5552218562913365e-09
whfast_hj,406.51033321301634,154.59999999999872,4.409793461837913e-09
whfast_hj,407.0362198019077,154.7999999999987,5.071637269249776e-10
whfast_hj,407.56210639079904,154.9999999999987,3.327616980502469e-10
whfast_hj,408.0879929796904,155.1999999999987,3.061408032845268e-09
whfast_hj,408.61387956858175,155.3999999999987,2.3936376537554564e-10
whfast_hj,409.1397661574731,155.5999999999987,2.9287495153069376e-09
whfast_hj,409.66565274636446,155.7999999999987,1.3698446043454388e-09
whfast_hj,410.1915393352558,155.9999999999987,9.662424800094244e-11
whfast_hj,410.71742592414716,156.19999999999868,2.0837416777109937e-09
whfast_hj,411.2433125130385,156.3999999999987,1.72882285832344e-09
whfast_hj,411.76919910192987,156.5999999999987,1.8010736823527882e-09
whfast_hj,412.2950856908212,156.79999999999868,3.5099096372558213e-09
whfast_hj,412.8209722797126,156.9999999999987,1.7146107936117538e-09
whfast_hj,413.34685886860393,157.19999999999868,2.1729740140646618e-09
whfast_hj,413.8727454574953,157.39999999999867,4.042415337435666e-10
whfast_hj,414.39863204638664,157.5999999999987,3.0553435921242126e-09
whfast_hj,414.924518635278,157.79999999999868,1.6208327582958638e-09
whfast_hj,415.45040522416934,157.99999999999866,4.0581971066716537e-10
whfast_hj,415.9762918130607,158.19999999999868,2.424390024179586e-09
whfast_hj,416.50217840195205,158.39999999999867,1.455480663936896e-09
whfast_hj,417.0280649908434,158.59999999999866,1.5588642177709357e-09
whfast_hj,417.55395157973476,158.79999999999868,6.03408642502849e-10
whfast_hj,418.0798381686261,158.99999999999866,2.8926306501462658e-09
whfast_hj,418.60572475751746,159.19999999999865,5.335829785874287e-10
whfast_hj,419.1316113464088,159.39999999999867,1.2073346148415614e-09
whfast_hj,419.65749793530017,159.59999999999866,2.9473899490875504e-09
whfast_hj,420.1833845241915,159.79999999999865,1.762519772612342e-09
whfast_hj,420.7092711130829,159.99999999999866,6.511683275582489e-10
whfast_hj,421.23515770197423,160.19999999999865,2.7338473610058986e-09
whfast_hj,421.7610442908656,160.39999999999864,1.1224985551352406e-09
whfast_hj,422.28693087975694,160.59999999999866,1.8466732906965078e-09
whfast_hj,422.8128174686483,160.79999999999865,2.505545211500412e-10
whfast_hj,423.33870405753964,160.99999999999864,2.3661357321585954e-10
whfast_hj,423.864590646431,161.19999999999865,5.4379591678729956e-09
whfast_hj,424.39047723532235,161.39999999999864,2.9707374425260878e-09
whfast_hj,424.9163638242137,161.59999999999863,2.2587013445030917e-09
whfast_hj,425.44225041310506,161.79999999999865,1.6859856372596068e-09
whfast_hj,425.9681370019964,161.99999999999864,7.915620172850691e-10
whfast_hj,426.49402359088776,162.19999999999862,2.980614206191428e-09
whfast_hj,427.0199101797791,162.39999999999864,8.183562368012563e-10
whfast_hj,427.54579676867047,162.59999999999863,2.2090311334062144e-09
whfast_hj,428.0716833575618,162.79999999999862,5.274510154113699e-10
whfast_hj,428.5975699464532,162.99999999999864,7.392520119587398e-10
whfast_hj,429.12345653534453,163.19999999999862,2.258592230269721e-09
whfast_hj,429.6493431242359,163.3999999999986,1.891146326673097e-09
whfast_hj,430.17522971312724,163.59999999999863,5.074594906822553e-10
whfast_hj,430.7011163020186,163.79999999999862,1.0799637730523735e-09
whfast_hj,431.22700289090994,163.9999999999986,7.278350687969511e-10
whfast_hj,431.7528894798013,164.19999999999862,3.1260389606644403e-09
whfast_hj,432.27877606869265,164.3999999999986,5.760422792947406e-10
whfast_hj,432.804662657584,164.5999999999986,2.5448149106117697e-09
whfast_hj,433.33054924647536,164.79999999999862,8.962432602781016e-10
whfast_hj,433.8564358353667,164.9999999999986,4.937258597914779e-10
whfast_hj,434.38232242425806,165.1999999999986,1.5860720444164408e-09
whfast_hj,434.9082090131494,165.3999999999986,1.0986686484155185e-09
whfast_hj,435.43409560204077,165.5999999999986,5.010896328035111e-09
whfast_hj,435.9599821909321,165.7999999999986,6.173784736164524e-10
whfast_hj,436.4858687798235,165.9999999999986,1.806754554451124e-10
whfast_hj,437.01175536871483,166.1999999999986,3.0803905718399196e-09
whfast_hj,437.5376419576062,166.39999999999858,4.3136168389331636e-10
whfast_hj,438.06352854649754,166.5999999999986,2.82031872214623e-09
whfast_hj,438.5894151353889,166.7999999999986,1.242033968010924e-09
whfast_hj,439.11530172428024,166.99999999999858,1.3496557754084527e-10
whfast_hj,439.6411883131716,167.1999999999986,1.8031684188941324e-09
whfast_hj,440.16707490206295,167.39999999999858,1.9779997159999117e-09
whfast_hj,440.6929614909543,167.59999999999857,2.5599874373164906e-09
whfast_hj,441.21884807984566,167.7999999999986,3.1764103269879887e-09
whfast_hj,441.744734668737,167.99999999999858,1.4408637212345616e-09
whfast_hj,442.27062125762836,168.19999999999857,2.592112721535796e-09
whfast_hj,442.7965078465197,168.39999999999858,4.666148238894567e-10
whfast_hj,443.32239443541107,168.59999999999857,3.001083137783961e-09
whfast_hj,443.8482810243024,168.79999999999856,1.5281352106297159e-09
whfast_hj,444.3741676131938,168.99999999999858,2.0390279485725575e-10
whfast_hj,444.90005420208513,169.19999999999857,2.1576936568234337e-09
whfast_hj,445.4259407909765,169.39999999999856,1.8001047479604566e-09
whfast_hj,445.95182737986784,169.59999999999857,1.4755684659307496e-09
whfast_hj,446.4777139687592,169.79999999999856,1.5671639598398538e-09
whfast_hj,447.00360055765054,169.99999999999858,1.3825338194683295e-09
whfast_hj,447.5294871465419,170.19999999999857,1.0743857250727786e-09
whfast_hj,448.05537373543325,170.39999999999856,9.078278542502221e-10
whfast_hj,448.5812603243246,170.59999999999857,3.01238570355524e-09
whfast_hj,449.10714691321596,170.79999999999856,1.7222812674783391e-09
whfast_hj,449.6330335021073,170.99999999999855,4.839985184410124e-10
whfast_hj,450.15892009099866,171.19999999999857,2.4963765350248047e-09
whfast_hj,450.68480667989,171.39999999999856,1.4549240529770195e-09
whfast_hj,451.21069326878137,171.59999999999854,1.6454925750376345e-09
whfast_hj,451.7365798576727,171.79999999999856,2.1455812067011717e-10
whfast_hj,452.2624664465641,171.99999999999855,8.670802349402802e-10
whfast_hj,452.78835303545543,172.19999999999854,2.827413971448422e-09
whfast_hj,453.3142396243468,172.39999999999856,2.318469756974208e-09
whfast_hj,453.84012621323814,172.59999999999854,2.6504486566772853e-09
whfast_hj,454.3660128021295,172.79999999999853,1.755830556627975e-09
whfast_hj,454.89189939102084,172.99999999999855,6.74127117586614e-10
whfast_hj,455.4177859799122,173.19999999999854,2.7768272007912315e-09
whfast_hj,455.94367256880355,173.39999999999853,1.1207732665511208e-09
whfast_hj,456.4695591576949,173.59999999999854,2.017798554958274e-09
whfast_hj,456.99544574658626,173.79999999999853,3.4589083608815085e-10
whfast_hj,457.5213323354776,173.99999999999852,8.130537985381872e-10
whfast_hj,458.04721892436896,174.19999999999854,3.5604898610590097e-09
whfast_hj,458.5731055132603,174.39999999999853,1.5986123507032022e-09
whfast_hj,459.09899210215167,174.59999999999852,1.3863276571777845e-09
whfast_hj,459.624878691043,174.79999999999853,1.4455362494468662e-09
whfast_hj,460.1507652799344,174.99999999999852,7.118731968910583e-10
whfast_hj,460.67665186882573,175.1999999999985,2.9694899459144456e-09
whfast_hj,461.2025384577171,175.39999999999853,8.437783127403859e-10
whfast_hj,461.72842504660844,175.59999999999852,2.38493059467185e-09
whfast_hj,462.2543116354998,175.7999999999985,7.222360965584864e-10
whfast_hj,462.78019822439114,175.99999999999852,7.474880826632441e-10
whfast_hj,463.3060848132825,176.1999999999985,1.520327894677515e-09
whfast_hj,463.83197140217385,176.3999999999985,3.833945534248259e-10
whfast_hj,464.3578579910652,176.59999999999852,1.2619620781149973e-09
whfast_hj,464.88374457995656,176.7999999999985,3.0108904534490027e-10
whfast_hj,465.4096311688479,176.9999999999985,4.3115706261332476e-10
whfast_hj,465.93551775773926,177.1999999999985,3.0165357671442284e-09
whfast_hj,466.4614043466306,177.3999999999985,6.530916905683579e-10
whfast_hj,466.98729093552197,177.5999999999985,2.695683566742174e-09
whfast_hj,467.5131775244133,177.7999999999985,1.1001002271573417e-09
whfast_hj,468.0390641133047,177.9999999999985,3.8633126673873266e-10
whfast_hj,468.56495070219603,178.19999999999848,1.5145087684270142e-09
whfast_hj,469.0908372910874,178.3999999999985,2.05120278636237e-09
whfast_hj,469.61672387997874,178.5999999999985,4.412787042922859e-09
whfast_hj,470.1426104688701,178.79999999999848,4.847609060080575e-10
whfast_hj,470.66849705776144,178.9999999999985,6.175584479166708e-10
whfast_hj,471.1943836466528,179.19999999999848,2.7681428631421033e-09
whfast_hj,471.72027023554415,179.39999999999847,6.016782191312766e-10
whfast_hj,472.2461568244355,179.5999999999985,2.9217318012952815e-09
whfast_hj,472.77204341332686,179.79999999999848,1.422586702035916e-09
whfast_hj,473.2979300022182,179.99999999999847,1.5563284029874014e-11
whfast_hj,473.82381659110956,180.19999999999848,1.8650022996181126e-09
whfast_hj,474.3497031800009,180.39999999999847,2.1464744029785753e-09
whfast_hj,474.87558976889227,180.59999999999846,1.6146711417222654e-09
whfast_hj,475.4014763577836,180.79999999999848,3.609603076086951e-09
whfast_hj,475.927362946675,180.99999999999847,1.8760546728707567e-09
whfast_hj,476.45324953556633,181.19999999999845,1.8140906252848499e-09
whfast_hj,476.9791361244577,181.39999999999847,8.253195220659134e-10
whfast_hj,477.50502271334904,181.59999999999846,3.01435296899807e-09
whfast_hj,478.0309093022404,181.79999999999845,1.6616593249628915e-09
whfast_hj,478.55679589113174,181.99999999999847,3.0081741508865046e-10
whfast_hj,479.0826824800231,182.19999999999845,2.2345833762072707e-09
whfast_hj,479.60856906891445,182.39999999999844,1.8115006384936892e-09
whfast_hj,480.1344556578058,182.59999999999846,1.450454348869098e-09
whfast_hj,480.66034224669716,182.79999999999845,4.5762124366598735e-10
whfast_hj,481.1862288355885,182.99999999999844,2.8834021533968334e-09
whfast_hj,481.71211542447986,183.19999999999845,2.6824489088221166e-10
whfast_hj,482.2380020133712,183.39999999999844,1.6962546986863361e-09
whfast_hj,482.76388860226257,183.59999999999843,2.850591118313215e-09
whfast_hj,483.2897751911539,183.79999999999845,1.7724839560340651e-09
whfast_hj,483.8156617800453,183.99999999999844,5.348765599164595e-10
whfast_hj,484.3415483689366,184.19999999999843,2.550948542593751e-09
whfast_hj,484.867434957828,184.39999999999844,1.4455771993768017e-09
whfast_hj,485.39332154671933,184.59999999999843,1.8052005110285531e-09
whfast_hj,485.9192081356107,184.79999999999842,1.8078251576350198e-10
whfast_hj,486.44509472450204,184.99999999999844,5.456660320515238e-10
whfast_hj,486.9709813133934,185.19999999999843,5.388965079913958e-09
whfast_hj,487.49686790228475,185.3999999999984,3.393313505087771e-09
whfast_hj,488.0227544911761,185.59999999999843,2.0928470679312464e-09
whfast_hj,488.54864108006745,185.79999999999842,1.6429686986349278e-09
whfast_hj,489.0745276689588,185.9999999999984,6.446153118110656e-10
whfast_hj,489.60041425785016,186.19999999999843,2.7853836822327867e-09
whfast_hj,490.1263008467415,186.3999999999984,1.1317442534226393e-09
whfast_hj,490.65218743563287,186.5999999999984,2.2042781174005883e-09
whfast_hj,491.1780740245242,186.79999999999842,5.298739932406302e-10
whfast_hj,491.7039606134156,186.9999999999984,9.801386269230808e-10
whfast_hj,492.2298472023069,187.1999999999984,1.867294725476387e-09
whfast_hj,492.7557337911983,187.3999999999984,1.73318871135513e-09
whfast_hj,493.28162038008963,187.5999999999984,3.824625895021541e-10
whfast_hj,493.807506968981,187.7999999999984,9.682709777926282e-10
whfast_hj,494.33339355787234,187.9999999999984,5.285715544032434e-10
whfast_hj,494.8592801467637,188.1999999999984,2.89948315237163e-09
whfast_hj,495.38516673565505,188.3999999999984,8.988847233134759e-10
whfast_hj,495.9110533245464,188.5999999999984,2.553269466522388e-09
whfast_hj,496.43693991343775,188.7999999999984,9.403337545894617e-10
whfast_hj,496.9628265023291,188.9999999999984,6.591198026681851e-10
whfast_hj,497.48871309122046,189.1999999999984,1.2504665727051818e-09
whfast_hj,498.0145996801118,189.39999999999839,1.6148690877785683e-09
whfast_hj,498.54048626900317,189.5999999999984,5.174023390621121e-09
whfast_hj,499.0663728578945,189.7999999999984,7.110823112536505e-10
whfast_hj,499.5922594467859,189.99999999999838,8.914607192446221e-11
whfast_hj,500.1181460356772,190.1999999999984,2.8005537699134672e-09
whfast_hj,500.6440326245686,190.39999999999839,7.830532893668244e-10
whfast_hj,501.16991921345993,190.59999999999837,2.8218633945816997e-09
whfast_hj,501.6958058023513,190.7999999999984,1.3027462827855399e-09
whfast_hj,502.22169239124264,190.99999999999838,2.567800658274262e-10
whfast_hj,502.747578980134,191.19999999999837,1.5443123584995645e-09
whfast_hj,503.27346556902535,191.39999999999839,2.4525182614759944e-09
whfast_hj,503.7993521579167,191.59999999999837,2.3771964494408504e-09
whfast_hj,504.32523874680805,191.79999999999836,3.371864984418942e-09
whfast_hj,504.8511253356994,191.99999999999838,1.7150767755730898e-09
whfast_hj,505.37701192459076,192.19999999999837,2.239003016137528e-09
whfast_hj,505.9028985134821,192.39999999999836,8.689246505933034e-10
whfast_hj,506.42878510237347,192.59999999999837,2.9764326920292916e-09
whfast_hj,506.9546716912648,192.79999999999836,1.5851384116878469e-09
whfast_hj,507.4805582801562,192.99999999999835,9.978496641747486e-11
whfast_hj,508.0064448690475,193.19999999999837,1.9431585143271674e-09
whfast_hj,508.5323314579389,193.39999999999836,2.192586334740392e-09
whfast_hj,509.05821804683023,193.59999999999835,1.3143104659775359e-09
whfast_hj,509.5841046357216,193.79999999999836,1.4562141683245197e-09
whfast_hj,510.10999122461294,193.99999999999835,1.380775154765767e-09
whfast_hj,510.6358778135043,194.19999999999834,6.961413634630482e-10
whfast_hj,511.16176440239565,194.39999999999836,1.381972073721e-09
whfast_hj,511.687650991287,194.59999999999835,2.939882247983217e-09
whfast_hj,512.2135375801784,194.79999999999833,1.7560983357936352e-09
whfast_hj,512.7394241690697,194.99999999999835,3.765691372032749e-10
whfast_hj,513.2653107579611,195.19999999999834,2.299071043456512e-09
whfast_hj,513.7911973468524,195.39999999999833,1.7981304221848792e-09
whfast_hj,514.3170839357438,195.59999999999835,1.5713045240720549e-09
whfast_hj,514.8429705246351,195.79999999999833,9.81708459817069e-11
whfast_hj,515.3688571135265,195.99999999999832,6.159816830596215e-10
whfast_hj,515.8947437024178,196.19999999999834,2.697000126245056e-09
whfast_hj,516.4206302913092,196.39999999999833,2.8308447796849686e-09
whfast_hj,516.9465168802005,196.59999999999832,2.5082701148318936e-09
whfast_hj,517.4724034690919,196.79999999999833,1.7453184913850449e-09
whfast_hj,517.9982900579832,196.99999999999832,5.440404867136734e-10
whfast_hj,518.5241766468746,197.1999999999983,2.5753562412715924e-09
whfast_hj,519.050063235766,197.39999999999833,1.4427917055533782e-09
whfast_hj,519.5759498246573,197.59999999999832,1.9979509326475226e-09
whfast_hj,520.1018364135487,197.7999999999983,3.2197453656953645e-10
whfast_hj,520.62772300244,197.99999999999832,1.1086360410793993e-09
whfast_hj,521.1536095913314,198.1999999999983,3.2492303422064727e-09
whfast_hj,521.6794961802227,198.3999999999983,1.885901654768871e-09
whfast_hj,522.2053827691141,198.59999999999832,1.195316773178116e-09
whfast_hj,522.7312693580054,198.7999999999983,1.3679484557088293e-09
whfast_hj,523.2571559468968,198.9999999999983,5.377273939102193e-10
whfast_hj,523.7830425357881,199.1999999999983,2.7439468460770013e-09
whfast_hj,524.3089291246795,199.3999999999983,1.1668619633997136e-09
whfast_hj,524.8348157135708,199.5999999999983,2.3899258442755588e-09
whfast_hj,525.3607023024622,199.7999999999983,7.584698525884132e-10
whfast_hj,525.8865888913535,199.9999999999983,9.48828233472525e-10
whfast_hj,526.4124754802449,200.19999999999828,1.1135433574479804e-09
whfast_hj,526.9383620691362,200.3999999999983,2.692169061470148e-12
whfast_hj,527.4642486580276,200.5999999999983,1.2709949394624801e-09
whfast_hj,527.990135246919,200.79999999999828,1.673221839348965e-10
whfast_hj,528.5160218358103,200.9999999999983,1.898603065011962e-10
whfast_hj,529.0419084247017,201.19999999999828,2.745625536464987e-09
whfast_hj,529.567795013593,201.39999999999827,9.972802162462402e-10
whfast_hj,530.0936816024844,201.5999999999983,2.702595760871676e-09
whfast_hj,530.6195681913757,201.79999999999828,1.1657848133618157e-09
whfast_hj,531.1454547802671,201.99999999999827,5.243503740080344e-10
whfast_hj,531.6713413691584,202.19999999999828,1.2011732550073357e-09
whfast_hj,532.1972279580498,202.39999999999827,2.5895477668334676e-09
whfast_hj,532.7231145469411,202.59999999999826,4.413230431819403e-09
whfast_hj,533.2490011358325,202.79999999999828,4.4565385128926525e-10
whfast_hj,533.7748877247238,202.99999999999827,9.234709842249861e-10
whfast_hj,534.3007743136152,203.19999999999825,2.4281683291569964e-09
whfast_hj,534.8266609025065,203.39999999999827,9.882807310172e-10
whfast_hj,535.3525474913979,203.59999999999826,2.910125769585546e-09
whfast_hj,535.8784340802893,203.79999999999825,1.493827641742997e-09
whfast_hj,536.4043206691806,203.99999999999827,1.2257045736931016e-10
whfast_hj,536.930207258072,204.19999999999825,1.6162870593336416e-09
whfast_hj,537.4560938469633,204.39999999999824,2.588685636020153e-09
whfast_hj,537.9819804358547,204.59999999999826,1.3972814425113362e-09
whfast_hj,538.507867024746,204.79999999999825,3.737049014142635e-09
whfast_hj,539.0337536136374,204.99999999999824,2.0417522100556072e-09
whfast_hj,539.5596402025287,205.19999999999825,1.4013022378262022e-09
whfast_hj,540.0855267914201,205.39999999999824,1.2777990463161023e-09
whfast_hj,540.6114133803114,205.59999999999823,2.9632197285862216e-09
whfast_hj,541.1372999692028,205.79999999999825,1.7179833220107117e-09
whfast_hj,541.6631865580941,205.99999999999824,2.0025517022051752e-10
whfast_hj,542.1890731469855,206.19999999999825,2.0168302624143742e-09
whfast_hj,542.7149597358768,206.39999999999824,2.1825907007455207e-09
whfast_hj,543.2408463247682,206.59999999999823,1.32957631744421e-09
whfast_hj,543.7667329136596,206.79999999999825,2.983317928524667e-10
whfast_hj,544.2926195025509,206.99999999999824,2.8985369394137765e-09
whfast_hj,544.8185060914423,207.19999999999823,4.06331135497458e-11
whfast_hj,545.3443926803336,207.39999999999824,2.223912902771424e-09
whfast_hj,545.870279269225,207.59999999999823,2.7359953709670646e-09
whfast_hj,546.3961658581163,207.79999999999822,1.792564697695171e-09
whfast_hj,546.9220524470077,207.99999999999824,4.1947516441897485e-10
whfast_hj,547.447939035899,208.19999999999823,2.338256275314272e-09
whfast_hj,547.9738256247904,208.39999999999822,1.7809413360777823e-09
whfast_hj,548.4997122136817,208.59999999999823,1.7611979499523212e-09
whfast_hj,549.0255988025731,208.79999999999822,1.1688291004728573e-10
whfast_hj,549.5514853914644,208.9999999999982,8.855788202175116e-10
whfast_hj,550.0773719803558,209.19999999999823,5.339327346347719e-09
whfast_hj,550.6032585692471,209.39999999999822,3.847428972620402e-09
whfast_hj,551.1291451581385,209.5999999999982,1.901726042740717e-09
whfast_hj,551.6550317470299,209.79999999999822,1.6032731972740517e-09
whfast_hj,552.1809183359212,209.9999999999982,4.933539728102133e-10
whfast_hj,552.7068049248126,210.1999999999982,2.5562817895815365e-09
whfast_hj,553.2326915137039,210.39999999999822,1.4578746302170487e-09
whfast_hj,553.7585781025953,210.5999999999982,2.2007484645055767e-09
whfast_hj,554.2844646914866,210.7999999999982,5.5041660903311e-10
whfast_hj,554.810351280378,210.9999999999982,1.231874277556938e-09
whfast_hj,555.3362378692693,211.1999999999982,1.407754354999939e-09
whfast_hj,555.8621244581607,211.3999999999982,1.5988531722347355e-09
whfast_hj,556.388011047052,211.5999999999982,2.358276939962181e-10
whfast_hj,556.9138976359434,211.7999999999982,8.524939725929758e-10
whfast_hj,557.4397842248347,211.99999999999818,3.177480930171884e-10
whfast_hj,557.9656708137261,212.1999999999982,2.632600263861257e-09
whfast_hj,558.4915574026174,212.3999999999982,1.2379735064629858e-09
whfast_hj,559.0174439915088,212.59999999999818,2.562163688608647e-09
whfast_hj,559.5433305804002,212.7999999999982,1.0070648104768036e-09
whfast_hj,560.0692171692915,212.99999999999818,8.224557227338355e-10
whfast_hj,560.5951037581829,213.19999999999817,8.648639323059925e-10
whfast_hj,561.1209903470742,213.3999999999982,2.1826325492632608e-09
whfast_hj,561.6468769359656,213.59999999999818,5.377161743996351e-09
whfast_hj,562.1727635248569,213.79999999999816,8.070304361167537e-10
whfast_hj,562.6986501137483,213.99999999999818,3.78345388552863e-10
whfast_hj,563.2245367026396,214.19999999999817,2.4721115834381494e-09
whfast_hj,563.750423291531,214.39999999999816,1.156492388508597e-09
whfast_hj,564.2763098804223,214.59999999999818,2.820572380646395e-09
whfast_hj,564.8021964693137,214.79999999999816,1.3865019832118049e-09
whfast_hj,565.328083058205,214.99999999999815,3.7129571048931375e-10
whfast_hj,565.8539696470964,215.19999999999817,1.2488525806391002e-09
whfast_hj,566.3798562359877,215.39999999999816,2.9605156211439237e-09
whfast_hj,566.9057428248791,215.59999999999815,2.155739870197667e-09
whfast_hj,567.4316294137705,215.79999999999816,3.629508079647487e-09
whfast_hj,567.9575160026618,215.99999999999815,2.009007798839188e-09
whfast_hj,568.4834025915532,216.19999999999814,1.8281976835931276e-09
whfast_hj,569.0092891804445,216.39999999999816,1.3001967324455696e-09
whfast_hj,569.5351757693359,216.59999999999815,2.94348019355135e-09
whfast_hj,570.0610623582272,216.79999999999814,1.662754061647815e-09
whfast_hj,570.5869489471186,216.99999999999815,3.586777405423298e-12
whfast_hj,571.1128355360099,217.19999999999814,1.6970356998578974e-09
whfast_hj,571.6387221249013,217.39999999999813,2.602643272013556e-09
whfast_hj,572.1646087137926,217.59999999999815,1.1299678737033647e-09
whfast_hj,572.690495302684,217.79999999999814,1.3314706689052112e-09
whfast_hj,573.2163818915753,217.99999999999812,1.4220298343366666e-09
whfast_hj,573.7422684804667,218.19999999999814,2.5728468706434394e-10
whfast_hj,574.268155069358,218.39999999999813,1.893311666541916e-09
whfast_hj,574.7940416582494,218.59999999999812,2.851672632920448e-09
whfast_hj,575.3199282471408,218.79999999999814,1.8058359409758295e-09
whfast_hj,575.8458148360321,218.99999999999812,2.7463102603718096e-10
whfast_hj,576.3717014249235,219.1999999999981,2.0700183163951215e-09
whfast_hj,576.8975880138148,219.39999999999813,2.1522442352695297e-09
whfast_hj,577.4234746027062,219.59999999999812,1.4911438167111377e-09
whfast_hj,577.9493611915975,219.7999999999981,2.010128081091689e-11
whfast_hj,578.4752477804889,219.99999999999812,3.38730888464054e-10
whfast_hj,579.0011343693802,220.1999999999981,2.562554702673173e-09
whfast_hj,579.5270209582716,220.3999999999981,3.3840308363307124e-09
whfast_hj,580.0529075471629,220.59999999999812,2.3414017177381325e-09
whfast_hj,580.5787941360543,220.7999999999981,1.7436577727531434e-09
whfast_hj,581.1046807249456,220.9999999999981,4.1429775823037985e-10
whfast_hj,581.630567313837,221.1999999999981,2.338367186723251e-09
whfast_hj,582.1564539027283,221.3999999999981,1.7747682946021015e-09
whfast_hj,582.6823404916197,221.5999999999981,1.9791875207074162e-09
whfast_hj,583.208227080511,221.7999999999981,3.1552190591705417e-10
whfast_hj,583.7341136694024,221.9999999999981,1.4251950456922203e-09
whfast_hj,584.2600002582938,222.19999999999808,2.875784439471325e-09
whfast_hj,584.7858868471851,222.3999999999981,2.163730626431617e-09
whfast_hj,585.3117734360765,222.5999999999981,9.744949820337775e-10
whfast_hj,585.8376600249678,222.79999999999808,1.2907304950370757e-09
whfast_hj,586.3635466138592,222.9999999999981,3.565910912912237e-10
whfast_hj,586.8894332027505,223.19999999999808,2.4764961784440417e-09
whfast_hj,587.4153197916419,223.39999999999807,1.5025972168638406e-09
whfast_hj,587.9412063805332,223.5999999999981,2.3970027367126077e-09
whfast_hj,588.4670929694246,223.79999999999808,8.208509732851688e-10
whfast_hj,588.9929795583159,223.99999999999807,1.1502948284228294e-09
whfast_hj,589.5188661472073,224.19999999999808,6.393269942134915e-10
whfast_hj,590.0447527360986,224.39999999999807,4.1919172415158376e-10
whfast_hj,590.57063932499,224.5999999999981,1.2917315218509868e-09
whfast_hj,591.0965259138814,224.79999999999808,2.8539918880431628e-11
whfast_hj,591.6224125027727,224.99999999999807,6.731963089911192e-11
whfast_hj,592.1482990916641,225.19999999999808,2.4242201910845868e-09
whfast_hj,592.6741856805554,225.39999999999807,1.3594226546223044e-09
whfast_hj,593.2000722694468,225.59999999999806,2.7087971720480334e-09
whfast_hj,593.7259588583381,225.79999999999808,1.259735891014863e-09
whfast_hj,594.2518454472295,225.99999999999807,6.530201886530785e-10
whfast_hj,594.7777320361208,226.19999999999806,8.416319715851417e-10
whfast_hj,595.3036186250122,226.39999999999807,3.1746886327550857e-09
whfast_hj,595.8295052139035,226.59999999999806,4.406456876951125e-09
whfast_hj,596.3553918027949,226.79999999999805,3.7748312936986214e-10
whfast_hj,596.8812783916862,226.99999999999807,1.2514292169828837e-09
whfast_hj,597.4071649805776,227.19999999999806,2.027673136338947e-09
whfast_hj,597.933051569469,227.39999999999804,1.4001181558396008e-09
whfast_hj,598.4589381583603,227.59999999999806,2.8925025371993197e-09
whfast_hj,598.9848247472517,227.79999999999805,1.5917371270433597e-09
whfast_hj,599.510711336143,227.99999999999804,2.1756633589930328e-10
whfast_hj,600.0365979250344,228.19999999999806,1.330872337797281e-09
whfast_hj,600.5624845139257,228.39999999999804,3.0535733741498813e-09
whfast_hj,601.0883711028171,228.59999999999803,1.1406826346809917e-09
whfast_hj,601.6142576917084,228.79999999999805,3.89848339404485e-09
whfast_hj,602.1401442805998,228.99999999999804,2.2034831239332183e-09
whfast_hj,602.6660308694911,229.19999999999803,9.193102659520331e-10
whfast_hj,603.1919174583825,229.39999999999804,1.7649496824046637e-09
whfast_hj,603.7178040472738,229.59999999999803,2.8980790447426788e-09
whfast_hj,604.2436906361652,229.79999999999802,1.7961892157883719e-09
whfast_hj,604.7695772250565,229.99999999999804,1.0982578654192994e-10
whfast_hj,605.2954638139479,230.19999999999803,1.7640708635321278e-09
whfast_hj,605.8213504028392,230.39999999999802,2.564455857727549e-09
whfast_hj,606.3472369917306,230.59999999999803,1.1949057334425245e-09
whfast_hj,606.873123580622,230.79999999999802,1.2441038008331224e-10
whfast_hj,607.3990101695133,230.999999999998,2.945714596311409e-09
whfast_hj,607.9248967584047,231.19999999999803,4.0035449964184445e-10
whfast_hj,608.450783347296,231.39999999999802,2.794031434521314e-09
whfast_hj,608.9766699361874,231.599999999998,2.5978196526804547e-09
whfast_hj,609.5025565250787,231.79999999999802,1.8276513422081563e-09
whfast_hj,610.0284431139701,231.999999999998,3.0963512884186354e-10
whfast_hj,610.5543297028614,232.199999999998,2.08776837803143e-09
whfast_hj,611.0802162917528,232.39999999999802,2.123276845333658e-09
whfast_hj,611.6061028806441,232.599999999998,1.7165548241413602e-09
whfast_hj,612.1319894695355,232.799999999998,6.618933581107812e-11
whfast_hj,612.6578760584268,232.999999999998,1.260242566166762e-09
whfast_hj,613.1837626473182,233.199999999998,5.286298085668948e-09
whfast_hj,613.7096492362095,233.399999999998,4.329810931601606e-09
whfast_hj,614.2355358251009,233.599999999998,1.6780615048928564e-09
whfast_hj,614.7614224139922,233.799999999998,1.5696100442126515e-09
whfast_hj,615.2873090028836,233.99999999999798,3.404369215952259e-10
whfast_hj,615.813195591775,234.199999999998,2.283275667033774e-09
whfast_hj,616.3390821806663,234.399999999998,1.7924854935987126e-09
whfast_hj,616.8649687695577,234.59999999999798,2.2001760640742826e-09
whfast_hj,617.390855358449,234.799999999998,5.992671796828438e-10
whfast_hj,617.9167419473404,234.99999999999798,1.490232520307963e-09
whfast_hj,618.4426285362317,235.19999999999797,8.596648316404097e-10
whfast_hj,618.9685151251231,235.399999999998,1.5008742389340747e-09
whfast_hj,619.4944017140144,235.59999999999798,6.581282752110616e-11
whfast_hj,620.0202883029058,235.79999999999797,7.339556070709276e-10
whfast_hj,620.5461748917971,235.99999999999798,9.584902346526542e-11
whfast_hj,621.0720614806885,236.19999999999797,2.3129666768914232e-09
whfast_hj,621.5979480695798,236.39999999999796,1.5904072170931007e-09
whfast_hj,622.1238346584712,236.59999999999798,2.5723023264340766e-09
whfast_hj,622.6497212473625,236.79999999999797,1.1072916253545864e-09
whfast_hj,623.1756078362539,236.99999999999795,9.757585248562096e-10
whfast_hj,623.7014944251453,237.19999999999797,4.174871030869613e-10
whfast_hj,624.2273810140366,237.39999999999796,2.810496130488516e-09
whfast_hj,624.753267602928,237.59999999999795,5.631297265915931e-09
whfast_hj,625.2791541918193,237.79999999999797,8.994025666280845e-10
whfast_hj,625.8050407807107,237.99999999999795,6.881815443235012e-10
whfast_hj,626.330927369602,238.19999999999794,2.0797977758382325e-09
whfast_hj,626.8568139584934,238.39999999999796,1.550806195821355e-09
whfast_hj,627.3827005473847,238.59999999999795,2.815177644578863e-09
whfast_hj,627.9085871362761,238.79999999999794,1.5031569086961891e-09
whfast_hj,628.4344737251674,238.99999999999795,4.70003655238577e-10
whfast_hj,628.9603603140588,239.19999999999794,9.086092405308424e-10
whfast_hj,629.4862469029501,239.39999999999793,3.5012965447825997e-09
whfast_hj,630.0121334918415,239.59999999999795,1.8817725154387523e-09
whfast_hj,630.5380200807328,239.79999999999794,3.970804564662301e-09
whfast_hj,631.0639066696242,239.99999999999793,2.320315713063467e-09
whfast_hj,631.5897932585156,240.19999999999794,1.3419968548136363e-09
whfast_hj,632.1156798474069,240.39999999999793,1.7622138676498452e-09
whfast_hj,632.6415664362983,240.59999999999792,2.8982583771944657e-09
whfast_hj,633.1674530251896,240.79999999999794,1.7688992325436228e-09
whfast_hj,633.693339614081,240.99999999999793,7.726122125604285e-11
whfast_hj,634.2192262029723,241.1999999999979,1.4110711709550348e-09
whfast_hj,634.7451127918637,241.39999999999793,3.025029090700115e-09
whfast_hj,635.270999380755,241.59999999999792,9.174216911269164e-10
whfast_hj,635.7968859696464,241.7999999999979,1.187925760118646e-09
whfast_hj,636.3227725585377,241.99999999999793,1.5255728233211135e-09
whfast_hj,636.8486591474291,242.1999999999979,2.579542633481809e-10
whfast_hj,637.3745457363204,242.3999999999979,2.4458384164787284e-09
whfast_hj,637.9004323252118,242.59999999999792,2.740778168739917e-09
whfast_hj,638.4263189141031,242.7999999999979,1.8769890758174685e-09
whfast_hj,638.9522055029945,242.99999999999793,1.8373899800910179e-10
whfast_hj,639.4780920918859,243.1999999999979,1.7995068019615856e-09
whfast_hj,640.0039786807772,243.3999999999979,2.5111980990071305e-09
whfast_hj,640.5298652696686,243.59999999999792,1.4046832386244569e-09
whfast_hj,641.0557518585599,243.7999999999979,1.3668290720441325e-10
whfast_hj,641.5816384474513,243.9999999999979,2.7962512031371324e-11
whfast_hj,642.1075250363426,244.1999999999979,2.4249711537495494e-09
whfast_hj,642.633411625234,244.3999999999979,3.9799824837553235e-09
whfast_hj,643.1592982141253,244.5999999999979,2.140393787677044e-09
whfast_hj,643.6851848030167,244.7999999999979,1.7538527648708669e-09
whfast_hj,644.211071391908,244.9999999999979,2.882774939109482e-10
whfast_hj,644.7369579807994,245.19999999999789,2.0540538770955024e-09
whfast_hj,645.2628445696907,245.3999999999979,2.1112168984131002e-09
whfast_hj,645.7887311585821,245.5999999999979,1.962216277958002e-09
whfast_hj,646.3146177474734,245.79999999999788,3.3612575404990776e-10
whfast_hj,646.8405043363648,245.9999999999979,1.762397564670967e-09
whfast_hj,647.3663909252562,246.19999999999789,2.4158640947233748e-09
whfast_hj,647.8922775141475,246.39999999999787,2.4169932344842318e-09
whfast_hj,648.4181641030389,246.5999999999979,7.155606161305553e-10
whfast_hj,648.9440506919302,246.79999999999788,1.2147889141563863e-09
whfast_hj,649.4699372808216,246.99999999999787,1.695752002994713e-10
whfast_hj,649.9958238697129,247.19999999999789,2.152896224906341e-09
whfast_hj,650.5217104586043,247.39999999999787,1.846723739983231e-09
whfast_hj,651.0475970474956,247.59999999999786,2.4061327739126333e-09
whfast_hj,651.573483636387,247.79999999999788,9.207257984830666e-10
whfast_hj,652.0993702252783,247.99999999999787,1.3445435810205076e-09
whfast_hj,652.6252568141697,248.19999999999786,7.857149064429508e-11
whfast_hj,653.151143403061,248.39999999999787,8.722632893950732e-10
whfast_hj,653.6770299919524,248.59999999999786,1.331574648351129e-09
whfast_hj,654.2029165808437,248.79999999999785,1.1349638935251919e-10
whfast_hj,654.7288031697351,248.99999999999787,3.413747905234684e-10
whfast_hj,655.2546897586265,249.19999999999786,2.0350324420858962e-09
whfast_hj,655.7805763475178,249.39999999999785,1.737249429642441e-09
whfast_hj,656.3064629364092,249.59999999999786,2.7124201497049985e-09
whfast_hj,656.8323495253005,249.79999999999785,1.3929203391580402e-09
whfast_hj,657.3582361141919,249.99999999999784,7.628713923928996e-10
whfast_hj,657.8841227030832,250.19999999999786,4.241166271671904e-10
whfast_hj,658.4100092919746,250.39999999999785,3.810243612105796e-09
whfast_hj,658.9358958808659,250.59999999999783,4.382893594069886e-09
whfast_hj,659.4617824697573,250.79999999999785,2.6397711229086906e-10
whfast_hj,659.9876690586486,250.99999999999784,1.602497202520257e-09
whfast_hj,660.51355564754,251.19999999999783,1.5461547202376066e-09
whfast_hj,661.0394422364313,251.39999999999785,1.8376164242176836e-09
whfast_hj,661.5653288253227,251.59999999999783,2.8641986901720278e-09
whfast_hj,662.091215414214,251.79999999999782,1.7254828074551208e-09
whfast_hj,662.6171020031054,251.99999999999784,2.91581472897412e-10
whfast_hj,663.1429885919968,252.19999999999783,9.986599336347905e-10
whfast_hj,663.6688751808881,252.39999999999782,3.5357540494629385e-09
whfast_hj,664.1947617697795,252.59999999999783,8.327959009667851e-10
whfast_hj,664.7206483586708,252.79999999999782,4.099709295833308e-09
whfast_hj,665.2465349475622,252.9999999999978,2.3489118578665063e-09
whfast_hj,665.7724215364535,253.19999999999783,3.469701684107162e-10
whfast_hj,666.2983081253449,253.39999999999782,2.289318028168783e-09
whfast_hj,666.8241947142362,253.5999999999978,2.8114884281637575e-09
whfast_hj,667.3500813031276,253.79999999999782,1.9033945919234836e-09
whfast_hj,667.8759678920189,253.9999999999978,3.716328092855859e-11
whfast_hj,668.4018544809103,254.1999999999978,1.465358968038472e-09
whfast_hj,668.9277410698016,254.39999999999782,2.9489507961034963e-09
whfast_hj,669.453627658693,254.5999999999978,1.043574176223256e-09
whfast_hj,669.9795142475843,254.7999999999978,6.645737171611101e-11
whfast_hj,670.5054008364757,254.9999999999978,3.0335892948625734e-09
whfast_hj,671.031287425367,255.1999999999978,8.212743365106469e-10
whfast_hj,671.5571740142584,255.3999999999978,3.409958945573309e-09
whfast_hj,672.0830606031498,255.5999999999978,2.425407097204287e-09
whfast_hj,672.6089471920411,255.7999999999978,1.8819825282455694e-09
whfast_hj,673.1348337809325,255.99999999999778,2.1054643960297985e-10
whfast_hj,673.6607203698238,256.1999999999978,1.7863545573801442e-09
whfast_hj,674.1866069587152,256.3999999999978,2.4647593380239474e-09
whfast_hj,674.7124935476065,256.5999999999978,1.6708441760189751e-09
whfast_hj,675.2383801364979,256.7999999999978,3.6812703315222954e-11
whfast_hj,675.7642667253892,256.9999999999978,1.6758942394787424e-09
whfast_hj,676.2901533142806,257.1999999999978,5.222505026792376e-09
whfast_hj,676.8160399031719,257.39999999999776,4.833769267459212e-09
whfast_hj,677.3419264920633,257.5999999999978,1.4095876024902526e-09
whfast_hj,677.8678130809546,257.7999999999978,1.5433698682626147e-09
whfast_hj,678.393699669846,257.9999999999978,1.8831512058698122e-10
whfast_hj,678.9195862587374,258.1999999999978,1.950289065293097e-09
whfast_hj,679.4454728476287,258.39999999999776,2.1290483464305346e-09
whfast_hj,679.9713594365201,258.59999999999775,2.201927668444098e-09
whfast_hj,680.4972460254114,258.7999999999978,6.884984890790215e-10
whfast_hj,681.0231326143028,258.9999999999978,1.7493160517866873e-09
whfast_hj,681.5490192031941,259.1999999999978,1.9347185925607896e-10
whfast_hj,682.0749057920855,259.39999999999776,1.4567422812140336e-09
whfast_hj,682.6007923809768,259.59999999999775,1.3166416594810786e-10
whfast_hj,683.1266789698682,259.79999999999774,6.127911828758632e-10
whfast_hj,683.6525655587595,259.9999999999978,1.372500444785681e-10
whfast_hj,684.1784521476509,260.1999999999978,1.9213103788248294e-09
whfast_hj,684.7043387365422,260.39999999999776,1.951437332137216e-09
whfast_hj,685.2302253254336,260.59999999999775,2.581425688410414e-09
whfast_hj,685.756111914325,260.79999999999774,1.2535900639126818e-09
whfast_hj,686.2819985032163,260.9999999999977,1.1083006110890493e-09
whfast_hj,686.8078850921077,261.1999999999978,1.0856994590067673e-10
whfast_hj,687.333771680999,261.39999999999776,3.5082826798514216e-09
whfast_hj,687.8596582698904,261.59999999999775,5.948728542547285e-09
whfast_hj,688.3855448587817,261.79999999999774,9.804850967064543e-10
