time_inner_periods,e_inner,mutual_inclination_deg,rel_energy_error,a_inner,a_outer,hierarchy_ratio
0.0,0.07999999999999996,59.99999999999999,0.0,0.9999999999999999,10.00000000000001,6.759259259259263
10.000000000000043,0.08071760553195316,60.256480520899366,4.5097718852628716e-06,1.00028285810216,10.022495466292733,6.749313441571087
20.000000000000096,0.08275186747941234,60.51403277493531,1.1207931642708336e-05,1.0006327924475835,10.030230414613044,6.744432330177383
30.049999999999716,0.08296885865749136,60.60995956590285,1.3207149508212594e-05,1.0007558382813437,10.038372327763232,6.741200538535438
40.04999999999932,0.08179690079786354,60.181117050538596,3.3888915070591323e-06,1.0002217667966586,10.02122665103845,6.73946624631005
50.049999999998924,0.08626835852207071,60.472655964538326,1.958251753600008e-05,1.0010960699603155,10.033324152694043,6.714158151944665
60.049999999998526,0.08636134572823699,60.41197122688327,8.813378867498255e-06,1.0005314935821168,10.02683343193467,6.719981200612132
70.04999999999814,0.08605687739082184,60.31165835198384,4.476140765423698e-06,1.0002702090331532,10.02435505324315,6.719485011727591
80.04999999999774,0.08656107501275796,60.06292946166358,1.9389312398197497e-06,1.0001484455017662,10.00649242386222,6.7170937094636
90.04999999999734,0.09134317938608082,60.166403170327456,4.191327680240825e-06,1.000270347412849,10.02137740886745,6.681357483908736
100.04999999999694,0.09418477503394748,60.534049795633166,1.2921794560840588e-05,1.0007114445934262,10.033361743903665,6.674694695917097
110.04999999999654,0.09890760015755311,60.570414487227445,1.5220540990931176e-05,1.0008605221834144,10.037500251673253,6.644802377390193
120.04999999999615,0.09894681832414465,60.13793618709509,3.570105450204439e-06,1.0002359373841534,10.021769861160898,6.635235975034475
130.04999999999575,0.10573522293681192,60.22413408339112,1.1946465015802764e-05,1.0006240076035562,10.02430192065382,6.5967063950429665
140.04999999999535,0.10938211731067056,60.22627820851799,6.28265321418723e-06,1.0003670060555172,10.024196235999598,6.578389769949301
150.04999999999495,0.10960874367969788,60.28496571942716,7.264660239387184e-06,1.000428622405312,10.026300002670684,6.5785732487064035
160.04999999999458,0.11294362721667764,60.14615360497099,1.1887184187586366e-05,1.000815390981013,10.020257019857949,6.5531773493885535
170.04999999999418,0.1202519941436039,60.00556355811667,3.3774273991937804e-06,1.0002278853584554,10.020918121451661,6.5078626937664525
180.0499999999938,0.12478519513862771,60.40911862491559,1.571799779885092e-05,1.0008374639023236,10.035100069569612,6.491788214686834
190.0499999999934,0.1332543432518477,60.35114520155648,1.2294434353671235e-05,1.0006309210292794,10.034201101652402,6.444963682090985
200.049999999993,0.13343909451978656,60.00270088114187,4.944053792424743e-06,1.0003210329245416,10.022702516885802,6.434298898610525
210.0499999999926,0.14210771652981757,59.842722647655286,1.2798905762493535e-06,0.9999941997451209,10.012933385554316,6.389623358864767
220.0499999999922,0.14925517834956334,59.918428986144725,3.8919378611962135e-06,1.0002299422581837,10.02215957401786,6.347758412791524
230.0499999999918,0.15022970106206568,60.122763399965564,1.0075970733450599e-05,1.0005725184824543,10.02839104385596,6.347519246319942
240.0499999999914,0.15738440027290987,60.09542842001856,1.9377580698654463e-05,1.0011696533270897,10.034176501431961,6.3001500045362775
250.049999999991,0.1655862169639692,59.709063613361394,3.7884462956706903e-06,1.0002653895046478,10.02092453272224,6.253770062199199
260.04999999999063,0.17295344131671317,60.06425478170616,1.1867891925755175e-05,1.0005738643178737,10.035454576205984,6.224892727054384
270.04999999999023,0.1849023488724864,59.89593150068926,6.78595707940539e-06,1.0002729750684514,10.030004916257901,6.164436890434155
280.04999999998984,0.1847880857997789,59.687248042625306,6.933939399615244e-06,1.0004353404892188,10.023915047954333,6.156338673491
290.04999999998944,0.19452504829139014,59.305477914908046,5.859043100311219e-07,1.0001185422454713,10.00222521288904,6.108681803873997
300.04999999998904,0.20651055184476622,59.38963404188877,2.940117786071326e-06,1.0001967400697032,10.020763840252567,6.043647836183801
310.04999999998864,0.20902051198235122,59.70366034436369,1.025786840832494e-05,1.0005573012687716,10.03049251125065,6.040204574520952
320.04999999998824,0.22166431238443776,59.69315585848917,1.615674781926492e-05,1.0007254774320977,10.042704777142271,5.973226238382359
330.0499999999908,0.22911093943529395,59.13879447362837,5.258900679374094e-06,1.0003656761164295,10.021285411064879,5.929518190547748
340.0499999999976,0.24076010583777024,59.341461185874195,2.5247630217446143e-06,0.9999496071963914,10.03409789624657,5.885171569560353
350.00000000000443,0.2560598489848638,59.05702701389025,8.226090263232331e-07,0.9998817297574951,10.025939439473827,5.814408085842558
360.0000000000113,0.2558651243859592,59.00623137803014,6.038873265333133e-06,1.0003880625903396,10.025235707632623,5.809385842341167
370.00000000001813,0.26573257971664155,58.475289753204045,9.604323717266643e-06,1.00114138254187,9.996098809229888,5.759254131936198
380.000000000025,0.283997444644125,58.42482327035123,4.540564946039549e-06,1.000321179584382,10.019804538372485,5.675146841675821
390.00000000003183,0.2896150754082731,58.788644533148855,1.8419916706653465e-06,0.9999502511384467,10.032829663071448,5.6664003680275785
400.00000000003865,0.30910284406431476,58.63062732983879,7.126312294762101e-07,0.9992698803879665,10.044775534543492,5.584297725735164
410.00000000004553,0.3140995509236903,58.01772778345912,5.7361051399873365e-06,1.0004100537339933,10.021793321073606,5.545088075708418
420.00000000005235,0.3305972483919207,57.93999514357453,1.9365504269538114e-06,0.9994446565195882,10.030384688536829,5.486039547218543
430.0000000000592,0.3495188104275804,57.51250349398002,2.380328160065587e-06,1.000066454960956,10.02235859966159,5.4062180042721435
440.00000000006605,0.34989411744052423,57.62275958873179,3.7559492590447623e-06,1.0001661296893787,10.026865944870204,5.406506877859839
450.0000000000729,0.36035780864821715,57.05502427100892,8.103077479236399e-06,1.000909223376837,10.005128622355807,5.357891451393711
460.0000000000797,0.3837735730733361,56.62212318155947,5.421295753892717e-06,1.0004285644516266,10.019397106262964,5.262194435158104
470.0000000000866,0.3943014940303476,56.93446183318569,4.89437009751966e-07,0.9995494969401998,10.03541760889919,5.2415260808140935
480.0000000000934,0.4201164266250575,56.40304139778772,2.2504677370766836e-06,0.999094589470869,10.04033854607195,5.1484462527271795
490.0000000001002,0.42144183274729974,55.852673568063125,4.638539442473539e-06,1.0002896204910634,10.022494096283888,5.125711887417837
500.0000000001071,0.44111342397627407,55.33135698582853,3.743092495230253e-06,1.0001527029516728,10.021235544164107,5.056813012645416
510.0000000001139,0.46325637253383434,54.68880700867661,5.666034471139446e-06,1.000370556133536,10.019906782207919,4.979039212652462
520.0000000001207,0.46580722931673224,54.91243560467393,3.1931013490541416e-06,0.9998673402229791,10.028735759043046,4.979744628730237
530.0000000001276,0.4787926206797544,54.30809397010736,2.833194880775253e-06,0.9992291510219911,10.026018735028115,4.93315938817233
540.0000000001345,0.5012094521283429,53.3016050730069,8.463364006281072e-06,1.0004070490955963,10.019210511048053,4.84671103228789
550.0000000001413,0.5176717361003225,53.377458432598964,7.36790512192258e-06,0.9994953411523864,10.038305088012143,4.812127623509519
560.0000000001481,0.5453591078879396,52.22607890589698,9.775187500451045e-06,0.9997404334399351,10.034186913244225,4.72450745435412
570.000000000155,0.5428895303351599,51.864702418551346,1.2603557206912054e-05,1.0000787942902665,10.02319971424505,4.720613857321512
580.0000000001618,0.5595644010224525,50.82025906233045,9.232729157311216e-06,1.00116112501463,10.006662243164369,4.663387049230883
590.0000000001687,0.5831317321426659,49.82549868606618,1.1309693413806235e-06,1.000541890828818,10.018467444334847,4.594734717622827
600.0000000001755,0.5896635550798249,50.026570483514824,1.2738506881394924e-06,0.9996816595417957,10.031060861744576,4.5901352755547355
610.0000000001824,0.6056660030601949,49.168963421243575,3.182516265336305e-05,0.9979158153546914,10.044974633513648,4.545748617286032
620.0000000001892,0.616862002077609,47.79544118285784,4.539877832834753e-05,1.000176966057215,10.01910671504113,4.495751403724397
630.000000000196,0.6366943196844584,47.37896936080882,0.00010495338141869633,0.9998082824502678,10.040894150983535,4.454704556420038
640.0000000002028,0.6566841037901224,45.703570457790356,0.00019502999891856716,1.0002965544794693,10.02941754706757,4.3976848880844965
650.0000000002098,0.6522137343773203,45.65168764733957,0.0001843062441343613,0.9996583472231316,10.0240276412461,4.405751078765768
660.0000000002165,0.6569152049093882,44.5349187834431,0.0002148005088323147,1.0010963105840804,9.990944484118392,4.384803377254828
670.0000000002233,0.6761621860547644,43.33373751045604,0.0003190261932438631,1.0001318264708814,10.017748372446858,4.333791986167439
680.0000000002302,0.6868908483462034,43.256679135286085,0.0002744378313808229,0.99939709922307,10.03381806137562,4.322288142534078
690.000000000237,0.6995985478052721,42.21518440143075,0.00010177214257767452,0.9984543459064631,10.052258812190697,4.288310243440044
700.0000000002439,0.6931113615451435,41.647365614259336,6.658361957491763e-05,1.0000377300199943,10.019240944262588,4.287268285830756
710.0000000002507,0.7086805754120791,41.03135422292684,9.126728359390343e-05,1.0005283283560673,10.041450120506973,4.255356129601869
720.0000000002575,0.7109686692989524,40.36009643388722,8.558769161420172e-05,1.0010986146377474,10.026458481514267,4.245867975544862
730.0000000002643,0.7078760891207773,40.48410277038897,0.00017925416794839602,1.0000813873224306,10.025209204770439,4.254747400233828
740.0000000002713,0.696665917687237,40.54895701838081,6.568049589236063e-05,1.0003713716975764,9.984928750452719,4.279161683504313
750.0000000002781,0.7023548595160759,40.478962809699766,0.00012957142867378103,1.0002118087169716,10.017907445243294,4.258811737579198
760.0000000002849,0.7139677688099428,40.304732566990644,0.0003194936536818898,0.9996601541452764,10.036211592953132,4.246310394422751
770.0000000002917,0.7118201191890532,40.67481035567225,0.0004853006348771692,0.9997412204543924,10.049146398295907,4.246911103200459
780.0000000002985,0.6934096186945076,41.354583451324345,0.0002678885130270583,0.9996740196371872,10.020156034854823,4.281835065731768
790.0000000003055,0.695623431082051,41.83830365358811,0.00031108155077240495,1.0010642860431889,10.036751499147172,4.275937860234756
800.0000000003123,0.6795619948863262,43.03317691900862,8.307162450760834e-05,1.0009506540457092,10.024531048311916,4.316912743038534
810.0000000003191,0.6800682825423449,43.006137157782796,2.6347800906229985e-05,0.9999817740193429,10.026504914005484,4.319946407868547
820.0000000003259,0.6598029867749869,43.82599197097665,0.00010579263984945365,0.9991900830250543,9.994685174119384,4.372579940246123
830.0000000003328,0.6469322940876215,45.14946494684655,0.00013874032174234643,1.0004225340827662,10.018891131144372,4.3949293279173345
840.0000000003396,0.6546498201716434,45.482013379560016,0.00011351635613477578,1.0006440062734263,10.03699163780865,4.38691142764582
850.0000000003465,0.6344462521316218,46.96237680313188,6.189280158126223e-05,1.0017196441635483,10.043278418433198,4.43328515911523
860.0000000003533,0.6166449894561,47.241425467561406,2.617108346036204e-05,1.0000162361004623,10.021466931661083,4.479253821822486
870.0000000003602,0.6039919502827322,48.27804527280014,2.1237442557771253e-05,1.0018339856993483,10.027985323447801,4.509297578008978
880.000000000367,0.5797076357717328,49.492341804754936,1.9508137152144365e-05,1.000731196244205,10.023839041178004,4.584161457430798
890.0000000003738,0.582543527522832,49.466847243649156,2.9567278995271865e-05,1.0001155228361118,10.027332036306724,4.581029714087213
900.0000000003807,0.5617699355058001,50.00606231426531,5.123028824684928e-05,0.9987382500570301,10.010494514977173,4.644186956304931
910.0000000003876,0.5370114716439334,51.16335171998564,5.462963458712329e-05,1.000033596419647,10.020191683473332,4.7076778144203715
920.0000000003944,0.53804330639289,51.76788275854346,5.046321226409076e-05,1.0008828791828335,10.036226273170325,4.7123875745465105
930.0000000004012,0.5085891811125554,52.922384015848344,5.07708365132229e-05,1.0018080262758002,10.038342070373156,4.798438318969443
940.000000000408,0.4982865593051327,52.727845807685824,6.073866587368594e-05,0.999969408594466,10.022529433034075,4.83114854107363
950.0000000004148,0.47779104148860047,53.44881323736555,5.713069811403943e-05,1.0013696478675846,10.019635915477295,4.892979889947194
960.0000000004218,0.45472285019937975,54.20020835072889,6.02377991714233e-05,1.000407103474738,10.02328394709883,4.975798384216342
970.0000000004286,0.45753457958755445,54.285614519523044,6.0645206333264384e-05,1.0002855936599593,10.027888276671682,4.970679899078671
980.0000000004354,0.4382122482059007,54.63057861416426,6.105902132150936e-05,0.9999859671434342,10.02172907537828,5.035088694721021
990.0000000004422,0.4143843653936331,55.11538481815453,6.248024125244143e-05,0.999992384830767,10.021019592356996,5.114683287411815
1000.0000000004491,0.409597332662007,55.73410029117623,5.68913626009068e-05,1.0011508772292284,10.035494789781533,5.136891206077649
1010.0000000004559,0.38121554989340223,56.35842317372957,5.4218647357523843e-05,1.0014466794471135,10.034315396788733,5.240679398567489
1020.0000000004628,0.3775462251904948,56.05731275323575,6.210104396581402e-05,1.0000635828028415,10.023316119750056,5.253754981481101
1030.0000000004695,0.3576877115006612,56.32569298591511,5.949397443521559e-05,1.0005491242277527,10.011843841751485,5.329115449564592
1040.0000000004766,0.3384942060965527,56.82687388316894,6.107091773640575e-05,1.0002165271521155,10.022593035548837,5.4067899202820975
1050.0000000004834,0.33969306603015853,57.02636000063108,5.9792597198788014e-05,1.000466180680784,10.028700701105118,5.406582857766814
1060.0000000004902,0.32152932237083287,57.32701512077467,5.4797724950651624e-05,1.0012677491008235,10.031268826646953,5.473111192928677
1070.000000000497,0.30561582225250183,57.28659331075006,6.251175807130529e-05,1.0000081903720681,10.021478501170261,5.540526398064194
1080.0000000005039,0.2975589083528282,57.82828724237907,5.5184696731556826e-05,1.0012630558214577,10.03487689961901,5.577808490300439
1090.0000000005107,0.27528415670090256,58.08700854916705,5.5559443176794885e-05,1.0009852220493531,10.03059691783112,5.6772833178047595
1100.0000000005175,0.2750027469154212,57.856689440239286,6.157098385067058e-05,1.0001646703302456,10.024151785101242,5.676773880533574
1110.0000000005243,0.2601627037987695,57.77723475151745,6.315764224921456e-05,0.9997293164348799,10.004733771855106,5.746704448424162
1120.0000000005311,0.2444577958490771,58.17511166853628,6.177424040231133e-05,1.0001063848289522,10.021819434778973,5.814579397989515
1130.000000000538,0.24375394048209392,58.4739706910932,5.852867275433058e-05,1.0006141808230913,10.030021654594343,5.823739953797291
1140.0000000005448,0.22738742224813976,58.746914176517215,4.948477504367918e-05,1.0018595441715366,10.037834250157717,5.891515211900527
1150.0000000005518,0.21940192491499977,58.4213326914852,6.241278496485897e-05,1.0000493574724334,10.021913448013642,5.932658167803381
1160.0000000005587,0.210657135146762,58.83393234034677,5.438006278005833e-05,1.0012124400069582,10.03306582897859,5.976569709563309
1170.0000000005655,0.19490752537600234,58.90017969074991,5.7591207401201266e-05,1.0006024970004193,10.027068674987337,6.05986341508126
1180.0000000005723,0.19554216201345004,58.80739633602573,6.086197926156918e-05,1.000264517479753,10.025297680437484,6.0555537332902745
1190.0000000005791,0.1854921598364196,58.56296787927788,6.554315615284762e-05,0.9993896317668972,10.002972850354663,6.111978013439359
1200.000000000586,0.17339190093393997,58.847092929180775,6.230996949687075e-05,1.0000562057222142,10.02123743379771,6.1660293312093915
1210.0000000005928,0.17128895088924115,59.21948797526165,5.718729925831248e-05,1.0007348639644698,10.031632613795294,6.184506923377502
1220.0000000005996,0.15769120736491635,59.42635074726601,4.769389204008938e-05,1.001811400114275,10.03928652475849,6.2491255381121515
1230.0000000006064,0.15481617402418785,59.016631849116415,6.210601083478418e-05,1.0001061841118033,10.022601156138105,6.26552478773853
1240.0000000006132,0.14721552334367136,59.244042649479475,5.5105345260229696e-05,1.0009887251740481,10.028307010830012,6.306160998217768
1250.00000000062,0.1364387777801999,59.25556527423456,5.9644787919512804e-05,1.0003312829898037,10.024015031660076,6.371102565923527
1260.0000000006269,0.13681900742605108,59.31830016404213,5.995323662206529e-05,1.000364641582335,10.026795750263938,6.37037114095905
1270.000000000634,0.12933668286681912,59.10332344175095,6.305922074077895e-05,0.9998080551482462,10.010929070625789,6.414240298636171
1280.0000000006407,0.12147010339148709,59.18424158106887,6.256319521530629e-05,1.0000489058960544,10.021082218835307,6.451081859267202
1290.0000000006476,0.11874207630850443,59.586782324625126,5.595948981353563e-05,1.0008254551204276,10.032952862771602,6.474805700622938
1300.0000000006544,0.10831920023828435,59.69318434958163,4.949365745650288e-05,1.0014145414583098,10.036255310707698,6.531660219582638
1310.0000000006612,0.10787455153357887,59.34383750014239,6.156156682723328e-05,1.0001756980580716,10.023646107459008,6.532698262049662
1320.000000000668,0.10223948844115163,59.343318599893095,5.782943192434698e-05,1.000582928870397,10.02001310156098,6.564269931159993
1330.0000000006748,0.09476195234308997,59.3950184269818,6.130502551712804e-05,1.0001599810733104,10.021765006831835,6.61219477066175
1340.0000000006817,0.09463393935337089,59.601527104559594,5.889491795459841e-05,1.0004651285120012,10.028503751719771,6.6178400901577366
1350.0000000006885,0.08807872476660827,59.533535220178806,5.500751097752196e-05,1.0008026098851612,10.025218285284721,6.651789912777952
1360.0000000006953,0.08431714148268601,59.36471040716286,6.247609177439049e-05,1.0000743852366352,10.021451439308938,6.672258935932643
1370.0000000007021,0.0816800769080896,59.73723528300392,5.518683753014915e-05,1.0008673494793736,10.033198058203832,6.69529053076737
1380.0000000007092,0.07419465864304312,59.74099208506503,5.336412244810993e-05,1.0009256868886713,10.03102766289074,6.74195758675208
1390.000000000716,0.0745651385913755,59.53951539599031,6.0795752917667676e-05,1.0002560996203496,10.025012711835467,6.737329971047684
1400.0000000007228,0.07075366454044041,59.32047099791361,6.199720808368315e-05,1.0000618521953235,10.010414555746808,6.7606842857927285
1410.0000000007296,0.06562544550269404,59.4432553937996,6.235389517065938e-05,1.0000712837746593,10.020489184366317,6.791260224756882
1420.0000000007365,0.06520697574660023,59.7588827321208,5.781379403901732e-05,1.0005602948094225,10.030158780616727,6.801995999665724
1430.0000000007433,0.05927836633473731,59.83566198166479,4.601154170497586e-05,1.0017147154989412,10.037389507276734,6.828145193941437
1440.00000000075,0.058526189720261565,59.47660265068222,6.20516284367737e-05,1.0001259109625116,10.022320591823055,6.835651912161316
1450.000000000757,0.05647024570112437,59.75067776478107,5.530787079550669e-05,1.0008285166357673,10.031555817766428,6.852704042293024
1460.0000000007637,0.05145904161625948,59.68605444670153,5.749616237585861e-05,1.0005019818374303,10.025752486951694,6.88818370749416
1470.0000000007706,0.052000977872180366,59.66749383684114,5.987967345582154e-05,1.0003434004197809,10.026576520748819,6.88406453145664
1480.0000000007774,0.04930962608546793,59.318556348936966,6.523541402100518e-05,0.9996625999600224,10.004829614065766,6.9033153707694135
1490.0000000007844,0.046416605881389544,59.46251055045968,6.273875609426644e-05,1.0000491136323912,10.020180445386076,6.914522842418338
1500.0000000007913,0.0460875300730017,59.83534208543607,5.690863479979054e-05,1.0006379087073425,10.031422428351958,6.926558919147788
1510.000000000798,0.04130305368501672,59.972818683357076,4.249568531839502e-05,1.0019657369096189,10.041794609370804,6.94654802762751
1520.000000000805,0.04231622599231377,59.559857707588094,6.135322719838351e-05,1.0001967241372343,10.023584671626631,6.943401269399708
1530.0000000008117,0.04108568692387876,59.673531897095785,5.669348114987881e-05,1.0006756349056145,10.027465989081957,6.951562174781661
1540.0000000008185,0.03838153970505786,59.59770916710003,6.068106928951767e-05,1.0002104968269707,10.021717720807654,6.9733666981051625
1550.0000000008254,0.03903180648999388,59.75368874300229,5.893391077691377e-05,1.000430442534368,10.028160692807218,6.9719036615449514
1560.0000000008322,0.036895847523713894,59.424117437305966,6.37233833827989e-05,0.9997752188902562,10.008502430663626,6.987189707797992
1570.000000000839,0.03659620242897184,59.480753640485865,6.253586763635755e-05,1.0000777706868094,10.02070545440129,6.979336764381659
1580.0000000008458,0.03668991515469768,59.84847868414487,5.6417749962988554e-05,1.0006809922711877,10.031916977860762,6.988284308039469
1590.0000000008527,0.03398201153701219,59.952534473445,4.6001256113732e-05,1.0015659623598523,10.038521414073502,6.999888002362739
1600.0000000008597,0.03582004591239695,59.62849076883162,6.049279664645656e-05,1.000278677513634,10.025092767986212,6.988769997395583
1610.0000000008665,0.03554666489480218,59.54573836688169,5.936102029485475e-05,1.000397679601278,10.021084741852635,6.9876291312616345
1620.0000000008733,0.03529213205268779,59.514054607464345,6.248769538632892e-05,1.0000576510958419,10.019394159274322,6.991594490207952
1630.0000000008802,0.03610623180873999,59.804460610923805,5.810897773244784e-05,1.0005076820226702,10.029559063440693,6.992782255449407
1640.000000000887,0.034506365831297715,59.63072948723883,5.526925201731458e-05,1.0006182441567908,10.021107621620056,6.998408757212783
1650.0000000008938,0.036832257825036956,59.505993308621456,6.190537799264958e-05,1.000141285149953,10.021860490320291,6.977889815908142
1660.0000000009006,0.037469433428651236,59.804159917869036,5.656083735960688e-05,1.0006714246341226,10.031274316591489,6.98078328513839
1670.0000000009074,0.03750988839981999,59.822928043680754,5.2781745737094596e-05,1.0009193622508386,10.03125103604766,6.979713986506889
1680.0000000009143,0.03933227787655861,59.681873263306855,5.9609106867960897e-05,1.0003626233482066,10.026671326442669,6.966999571769927
1690.000000000921,0.040089726114946024,59.41304390076094,6.261577451687855e-05,1.0000421905311994,10.013870783751369,6.9582215275910535
1700.000000000928,0.04186783796064852,59.4505924882874,6.303053891190165e-05,1.0000182673483025,10.018718070265162,6.944901221010488
1710.000000000935,0.04281513529521924,59.81577143259345,5.755531762121373e-05,1.0005649916895625,10.030554441097454,6.94794857778114
1720.0000000009418,0.041870139885573185,59.84092113162505,4.402572655455447e-05,1.001758917712191,10.035472549044139,6.9413755156534345
1730.0000000009486,0.046103395427930204,59.533111077534755,6.104465271916518e-05,1.0002241867217831,10.023412269710038,6.916893258964169
1740.0000000009554,0.04736583162532796,59.70454541637552,5.746406863326054e-05,1.0005945340775644,10.029220074558756,6.911864592784448
1750.0000000009622,0.04984621875877681,59.64169058095388,5.875548910686395e-05,1.0003737668047388,10.023936069735235,6.898267437703789
1760.000000000969,0.05124676424596641,59.70972472111802,5.884096907243386e-05,1.0004397943897725,10.028140440795553,6.889500846802862
1770.000000000976,0.05292426509192501,59.324529076347375,6.477469460331382e-05,0.9997579763946661,10.008870827164193,6.876124974412105
1780.0000000009827,0.056225610064579525,59.40471522185042,6.267645985058366e-05,1.0000566791653729,10.019351965672204,6.848628976494561
1790.0000000009895,0.05747528297309707,59.77680970064821,5.73893383905145e-05,1.000593677337028,10.030940415232205,6.850577514061445
1800.0000000009964,0.057731618343626695,59.93223198887187,3.899548277967612e-05,1.002313330265098,10.043406739181531,6.834006429067675
1810.0000000010032,0.06281116770551422,59.54598035540782,6.0147168411227264e-05,1.0003130911275904,10.025124383706824,6.809373139953253
1820.0000000010102,0.06502718253074595,59.55085621974794,5.908364703578959e-05,1.0004438882586582,10.025711593191906,6.7943380817825325
1830.000000001017,0.06951668657922697,59.44772848745876,6.22332849982726e-05,1.000056623396398,10.018906927850978,6.769107893902396
1840.0000000010239,0.07063395907437583,59.6926672289083,5.830068444404776e-05,1.0005033957803573,10.029328862573804,6.765432003461412
1850.0000000010307,0.07279247624065366,59.31188900160084,6.338422227212612e-05,0.9998087024555499,10.009797903535786,6.750312269040758
1860.0000000010375,0.07795959145370018,59.35639539469586,6.183840864895539e-05,1.000139328134771,10.020857468351307,6.709595371023805
1870.0000000010443,0.0800065996634607,59.66914314344828,5.766464097920181e-05,1.00058776851495,10.03055405868964,6.7054426689273425
1880.0000000010511,0.08280291400284666,59.828367670524116,4.355921451447099e-05,1.001937117275635,10.041618810629279,6.6785712368711865
1890.000000001058,0.08742227896917901,59.51528006405356,5.937116662654777e-05,1.0003983049527139,10.026775816321784,6.65638320447386
1900.0000000010648,0.09098642666138035,59.34062737332339,6.114483361710225e-05,1.0002263876197042,10.02112731455073,6.630642887369131
1910.0000000010716,0.09740321539283328,59.24464099101829,6.340268206057561e-05,0.9999455359866958,10.016745536572403,6.5934906205013535
1920.0000000010784,0.09879242478013374,59.59803291213517,5.805417070548329e-05,1.0005496126392548,10.030093443659187,6.591660067900214
1930.0000000010855,0.10080339765652194,59.35188983488596,5.6742019895244353e-05,1.0004616087512959,10.0182595994182,6.575430627178979
1940.0000000010923,0.10877953909912756,59.26372017724667,6.0866643438949856e-05,1.0002409991378989,10.0227926643316,6.522842543055067
1950.0000000010991,0.11235326205762884,59.46019380673461,5.835877110319769e-05,1.000543538394099,10.0293251363839,6.507328931217893
1960.000000001106,0.11904863828825832,59.51350724326209,5.232382253533761e-05,1.0010939537241368,10.032969677368463,6.4664715559528005
1970.0000000011128,0.12234659372727541,59.390303332047615,5.882112322264613e-05,1.000474697161018,10.02817937498229,6.449780361010441
1980.0000000011196,0.12734728564566267,59.05656935955495,6.310917612747794e-05,0.9999707740266487,10.01643970636012,6.416118782187241
1990.0000000011264,0.13609314596406777,58.989481359342406,6.312002938385355e-05,0.9999701361827655,10.016947351142553,6.36539777145622
2000.0000000011332,0.13870285965825505,59.36824572447228,5.811474890152872e-05,1.000577124025659,10.030349377480288,6.3590040105652506
2010.00000000114,0.1406742966526915,59.32858287429979,4.69013017451583e-05,1.0016669426934897,10.030930781653012,6.337531599294178
2020.0000000011469,0.15193060540999623,59.049785350395204,6.00076094646567e-05,1.000346748849301,10.02476552074602,6.278411401178197
2030.0000000011537,0.15780127098420008,59.08708117444004,5.938239160848708e-05,1.0004565395797322,10.027337978914966,6.248317290934803
2040.0000000011607,0.1691136849737253,58.98170637033539,5.937650633463667e-05,1.0003396888852643,10.023293615631387,6.190730301593579
2050.0000000011673,0.17137039266427945,59.08019979478507,5.854535752842615e-05,1.0005409714216218,10.02920938657895,6.179343895532357
2060.000000001174,0.17723880326871963,58.64130578207458,6.418614986993952e-05,0.9997479862128079,10.013171290229625,6.144489670672587
2070.000000001181,0.18939689250242964,58.574268226745026,6.220763575279266e-05,1.0000686645219787,10.01857175513124,6.077146197449009
2080.000000001188,0.19449215371994555,58.89560213226843,5.8455376597693855e-05,1.0005841239411484,10.030115794672769,6.059236454892773
2090.0000000011946,0.19858531795517514,59.01773676342687,4.049867355718305e-05,1.0027836421081733,10.04108178015863,6.023029907445341
2100.000000001202,0.2117787993384428,58.5739620761931,5.940436487003037e-05,1.0004503814152352,10.02647562661406,5.967737184259742
2110.0000000012087,0.22040983241525833,58.423054066659,6.060695463734139e-05,1.000317071701835,10.024872169877238,5.924245279041829
2120.0000000012155,0.23641022482305704,58.147537852384716,6.293433701074644e-05,0.9998892804308354,10.016730773555016,5.851299189485074
2130.0000000012224,0.23915173774961712,58.41561707673111,5.8550804665604236e-05,1.000596209379979,10.029848602139483,5.839598289537296
2140.000000001229,0.24455339046734786,57.94904598199793,6.345664334518113e-05,0.9997124549785824,10.012807369568282,5.811658807364302
2150.000000001236,0.2618266181768334,57.78617411464126,6.123022824677776e-05,1.0002044780908483,10.020657226472483,5.725560577949373
2160.000000001243,0.270703539470943,57.972284211585986,5.903547902935826e-05,1.0005622376169134,10.029567124799108,5.692249383949335
2170.0000000012496,0.28112978820638385,58.078782340019785,4.2641963873378486e-05,1.0029570981106106,10.044366562297904,5.631648817009242
2180.0000000012565,0.29297811977446014,57.57568032983817,5.911983388808539e-05,1.00054897676588,10.027773491931635,5.591327094040977
2190.0000000012633,0.30393809415697065,57.215220368613075,6.188945823625333e-05,1.0001094997915716,10.02232515364091,5.541527908435382
2200.00000000127,0.3242279707221671,56.74803755253779,6.38243293482332e-05,0.999724778067193,10.013926962757601,5.458534023885487
2210.000000001277,0.3298737066756384,57.076934808013554,5.8823094883856213e-05,1.0006326670703358,10.030251398673286,5.43841229385427
2220.0000000012838,0.3332985867541825,56.66251969050039,6.030443419830209e-05,1.000138877962225,10.015617084431556,5.420979214748813
2230.0000000012906,0.3569223422120063,56.23338965868729,6.0483890723365396e-05,1.000359887520059,10.022485330934659,5.321031795117695
2240.0000000012974,0.3702088081559863,56.20313697525339,5.9790098767837125e-05,1.00048890205553,10.029036414843407,5.274939445081385
2250.000000001304,0.390306681504825,56.002394974780934,5.0896577980343174e-05,1.0019504622369289,10.041493284066751,5.191397398256468
2260.000000001311,0.39785777967937047,55.58074710228817,5.906740319532754e-05,1.000632682451173,10.028744120089371,5.169045543624002
2270.000000001318,0.4089974228777171,54.99271473778991,6.292627852117262e-05,0.9998299470141918,10.01986565097437,5.125107892008008
2280.0000000013247,0.4325078449994147,54.251138848447475,6.30605816118598e-05,0.9997821293438321,10.013290856039244,5.0398554886603115
2290.0000000013315,0.44339987288493865,54.48891580993609,5.8669801847931935e-05,1.0006269293632848,10.030763830050828,5.007303242735433
2300.0000000013383,0.4448432558056914,54.171807027836046,5.457044228094834e-05,1.0012973557201132,10.02018650433374,4.993861580553845
2310.000000001345,0.4726133734072473,53.2576358159501,5.85781624747802e-05,1.000518944207209,10.0238106292559,4.898790513375052
2320.0000000013524,0.4889624512890646,52.91364587147255,5.830583503330674e-05,1.0003290213494014,10.028841128797986,4.8502526495830525
2330.0000000013592,0.5162735976941413,52.06514560940443,5.500022617377014e-05,1.0003667113383437,10.035165149309075,4.763592475132999
2340.000000001366,0.5200423113409303,51.832348420056654,5.179274464284473e-05,1.000681454635847,10.029724361537022,4.750167701132209
2350.000000001373,0.5269446057119214,51.049038347562494,5.745471966439458e-05,0.9995516533541835,10.01688434940971,4.725102845121407
2360.0000000013797,0.5508383579278954,49.90602318449159,5.060817886084922e-05,1.000023370479479,10.013209320960001,4.648018857426303
2370.0000000013865,0.5672247098379951,49.843450498166305,3.979838316826651e-05,1.0005572479195075,10.031729209717332,4.608372060481213
2380.0000000013933,0.5697194881981799,49.54842596664552,1.988627895322956e-05,1.002890591816438,10.026148695653806,4.585916768596348
2390.0000000014,0.5923928038660446,48.11645859348408,1.8216863165359636e-05,1.0006914226007175,10.024953296208965,4.525563646417021
2400.000000001407,0.607059196585601,47.42476084080878,3.511537825465503e-05,1.0000744851347856,10.028861067068972,4.489776251891669
2410.000000001414,0.6304630673263769,45.90606551528961,4.530537968762697e-05,0.9991690782645813,10.02635783960387,4.43067453235548
2420.0000000014206,0.6347215476389247,45.81296865778966,1.3514555731282945e-05,1.0006740218914156,10.031009320906492,4.413919312299684
2430.0000000014275,0.6320882068458247,45.14974536138163,1.2477636180585509e-05,0.9995636770147667,10.012095422856415,4.414791046752483
2440.0000000014343,0.6501489182989352,43.797525595073886,3.476492080491043e-05,1.0003687189100787,10.013634863963931,4.360895205029763
2450.000000001441,0.6678250915351335,43.319742221557696,0.00010707246151497536,1.0002478803259345,10.032967424671675,4.328319982400022
2460.000000001448,0.6741946951956393,42.82113200960139,0.00017193848186257296,1.0028969791787803,10.038675441686554,4.296302344812386
2470.0000000014547,0.6786738391539777,41.863322208427924,0.00014312071851608297,1.000546216041625,10.026358990424,4.290600209461934
2480.0000000014616,0.68444333475477,41.34107215284333,0.00017364962459252763,0.9995583167493203,10.028201089713,4.280453607952506
2490.0000000014684,0.6899172970962238,40.55694597658519,0.00017510602061702194,0.9988165149243833,10.016378525997181,4.271324307512438
2500.000000001475,0.6978974889169284,40.38066912069472,0.00015011054777935043,1.0003249285010714,10.032210671311093,4.2490756337110795
2510.000000001482,0.6844852875401327,40.50843042001078,4.426513573575837e-05,0.9999154934358336,10.005715954603827,4.272107586316547
2520.000000001489,0.6886818594052032,40.296059468576516,4.874522928441842e-05,1.0006666736188776,10.015654082868728,4.256841891239124
2530.0000000014957,0.7001723427023404,40.13733703718455,1.5696281343597057e-05,1.0000672981139356,10.033492708471517,4.243932331989847
2540.000000001503,0.7048545864367483,40.078545913084184,0.0001507232276151745,1.0005424304525417,10.058442583130077,4.226003807714471
2550.0000000015098,0.6898306728909015,40.79607307310703,8.409911111950625e-05,1.0004867813056733,10.02774860710781,4.261925006213214
2560.0000000015166,0.6826698921338719,41.295074876644854,3.061728972093752e-05,0.9995057195109003,10.026263109331554,4.281376633537498
2570.0000000015234,0.6668433365791774,42.42291142793333,0.00012029644285421611,0.9994984077421397,10.010173979419779,4.323590258633778
2580.00000000153,0.6759715114487324,42.47245697089136,0.0001926967651254872,1.0000014566427917,10.03256169808993,4.305448963450075
2590.000000001537,0.65762171502788,42.85448402712777,0.00016586043997684067,1.0006677917032494,9.999933071388803,4.338732935378542
2600.000000001544,0.6448592680686693,44.21462522392795,0.00013426908145882917,1.000477786311961,10.01869308762562,4.371822150590973
2610.0000000015507,0.6457275321409147,44.87770679524881,0.0001311379287249624,0.9996471520175142,10.032842515670088,4.384840274003083
2620.0000000015575,0.6380570272002936,45.98336614241641,0.00013382109594205598,0.9980171996472771,10.066469210286588,4.409964993648741
2630.0000000015643,0.6190961480754539,46.51789508445656,9.623562632230064e-05,1.0002494331416727,10.02848418532128,4.4509975440282314
2640.000000001571,0.6026112240858674,47.20596495111356,6.87169614358512e-05,0.9995141494090882,10.02343544513174,4.494334767619424
2650.000000001578,0.5756742931851964,48.504919312546804,5.702812559813923e-05,1.000206427090134,10.009996019525392,4.569451129162952
2660.000000001585,0.5811296756396009,48.95507610579572,6.03783983929655e-05,0.9999211432789312,10.032074068554232,4.565059206990361
2670.0000000015916,0.5655829982419702,48.913575866538814,5.7238633214325134e-05,1.0012134855049564,9.999045299346296,4.596608310175823
2680.0000000015984,0.5417441998774986,50.312111330016,5.1481892509710984e-05,1.0004496521499089,10.021413923922244,4.668150745570339
2690.0000000016053,0.5340037975585941,51.07075330378464,5.092390487118717e-05,0.9996283927352425,10.031670284700793,4.704741917558501
2700.000000001612,0.5133961365287177,52.245787680701746,5.838442032673502e-05,0.9978645237813494,10.0536459085561,4.778364031431225
2710.000000001619,0.5025727886902608,52.23642655456453,5.10327823969507e-05,1.00006466358468,10.028785487751206,4.800501914478118
2720.0000000016257,0.4841444241464361,52.50306044455029,5.1725774641266155e-05,0.9999664759142199,10.019676995344268,4.852334057192698
2730.0000000016325,0.4572020695800856,53.30088749143644,4.948324678195364e-05,1.0005545762601007,10.012478424147702,4.940648030156276
2740.0000000016394,0.4573604758943022,53.88303688020085,5.284114209451122e-05,0.9997813312086574,10.031537059144053,4.955708559649357
2750.000000001646,0.44726121605259334,53.73504184471366,5.260510000535374e-05,1.000280046680159,10.009559261982801,4.983683903243382
2760.0000000016535,0.42144839267116097,54.533961772239714,5.101619748765362e-05,1.0002263641465239,10.023440344693366,5.069348847334197
2770.0000000016603,0.4100552537114178,55.06198108904829,5.384172633559447e-05,0.9997451198332034,10.03032051596478,5.118966405567511
2780.000000001667,0.385049398855427,55.77931629045387,5.593964813126869e-05,0.9992562008463272,10.034396509629412,5.217761276452812
2790.000000001674,0.38190043709720783,55.7481026060858,5.315448381138464e-05,0.9998996556051423,10.029122742664045,5.224689276969234
2800.0000000016807,0.366700832703003,55.63604521489852,4.91500900808045e-05,1.0004606714364013,10.014561300823598,5.269554136103755
2810.0000000016876,0.344716635487214,56.11441638292702,4.9604113401138795e-05,1.0005010487304793,10.01541137916783,5.356866852452591
2820.0000000016944,0.340975993699225,56.67129522432537,5.407082447527051e-05,0.9998016607398393,10.031208094486225,5.38826138043901
2830.000000001701,0.33434962551669645,56.70578118350371,6.131371601100719e-05,0.9987967061296951,10.03112243407814,5.417625187319197
2840.000000001708,0.3129867727179287,56.91583112235518,5.263140484923519e-05,1.0000260692842455,10.025099537655866,5.494367136599091
2850.000000001715,0.30182835475337966,57.18877865707522,5.2084368271907196e-05,1.0000379023570802,10.028408230147035,5.543720378827511
2860.0000000017217,0.2796861252386508,57.49978353019282,4.953747532515578e-05,1.000416868591342,10.020950644842578,5.641648778915037
2870.0000000017285,0.2794250740336046,57.64393498551257,5.396496410119946e-05,0.9998689517980344,10.029635642130598,5.647392650124649
2880.0000000017353,0.26898091050088935,57.30398169342107,4.817040590224793e-05,1.0005892341542029,10.009416757731595,5.678879158424217
2890.000000001742,0.25235497588982164,57.642922956689084,5.0960338334601167e-05,1.000268785207579,10.018200441885798,5.7564287539514005
2900.000000001749,0.24688213537506565,58.11351897623405,5.30910931461e-05,0.9999626667689613,10.030823289574666,5.79579456166379
2910.000000001756,0.240692215388742,58.36435804362763,6.215312392171402e-05,0.9985183388994545,10.04939221887154,5.830562077718015
2920.0000000017626,0.22654839749258587,58.19381658372804,5.3745306907670584e-05,0.9999308911657577,10.026648579653354,5.8870693534379495
2930.0000000017694,0.2174589228582656,58.23724539558424,4.924436619369876e-05,1.0003345913916153,10.025516840964528,5.926097615585144
2940.0000000017762,0.20082688877254107,58.31526647938843,4.696671418097284e-05,1.0007350557010262,10.014536532985156,6.008916494943783
2950.000000001783,0.20043894095989126,58.62939074043568,5.346729868611976e-05,0.9999571939537018,10.030142910466449,6.021820946263319
2960.00000000179,0.19417078670018867,58.21744129655582,5.1856723062451e-05,1.000226927186493,10.007591791300054,6.042553828542801
2970.0000000017967,0.1818003417726245,58.47362751048861,5.279232075607496e-05,1.000057791328152,10.020921849005239,6.104941703562911
2980.000000001804,0.17623845396388088,58.82240351013965,5.094299055719302e-05,1.0001776001892562,10.030015261476427,6.1431353307336005
2990.000000001811,0.16897300059720702,59.15233749864651,5.290225386539982e-05,0.9996059841196435,10.05136102354141,6.184530505365632
3000.0000000018176,0.1618142105604001,58.879324000177974,5.376869687690075e-05,0.9999522001723156,10.028073512325586,6.219443862875105
3010.0000000018244,0.1551532732117855,58.724176693840484,4.7627184904510536e-05,1.0004857308018011,10.02170444194402,6.244422738315802
3020.0000000018313,0.14377074719769758,58.71901561475206,4.8544851733087245e-05,1.0005223273589328,10.013096884699193,6.308337687028021
3030.000000001838,0.1424534884481318,59.12986353312464,5.189409270479178e-05,1.0001108769850444,10.030392049782535,6.328724320782835
3040.000000001845,0.1392181972753313,58.80039103424165,5.669719644526471e-05,0.9996912142177589,10.012591026886444,6.3434563894581615
3050.0000000018517,0.12987648911914504,58.94507265636152,5.3832462298195495e-05,0.9999621911766298,10.023568835456121,6.390059776667332
3060.0000000018586,0.12509178763147477,59.144556225603765,4.879140947080634e-05,1.0003614281661133,10.028564530533025,6.420478151755356
3070.0000000018654,0.11719947281619184,59.39298717687752,4.358122113694073e-05,1.0007837803177126,10.039144692421075,6.466401780190047
3080.000000001872,0.11488465053071327,59.25177048542398,5.2694509719140736e-05,1.0000569456961,10.029231485564287,6.484321393144947
3090.000000001879,0.1102918075472888,58.94236897385153,4.846724201622874e-05,1.0004318070515734,10.017601855856013,6.497362135411628
3100.000000001886,0.10292329660736924,58.95090006983915,5.149397450095263e-05,1.0001980233473755,10.01469633429188,6.543403112949921
3110.0000000018927,0.10093870303129879,59.370676087598056,4.9967420112556056e-05,1.0002723332871604,10.030197317792958,6.5671898016323595
3120.0000000018995,0.09968408782987635,59.24768460078686,5.676350074905599e-05,0.9995104254049442,10.02505921896599,6.577024589590405
3130.0000000019063,0.09245087436310431,59.230982574034414,5.3603395579166586e-05,0.9999882930937839,10.025987963605889,6.612947322945351
3140.000000001913,0.08870246237740177,59.265365348289905,4.763226848048711e-05,1.000459117391645,10.026444593554649,6.632768567706662
3150.00000000192,0.08150835841784132,59.35870408389129,4.1443928937730363e-05,1.001143629580613,10.023915812256995,6.677766433187298
3160.0000000019268,0.0814743123157186,59.4532873105205,5.101009004912707e-05,1.0001983708683702,10.029978580575602,6.686438939800504
3170.0000000019336,0.07841875183514889,59.05664136387046,5.118384273833367e-05,1.0002151611489218,10.014366362685168,6.69262797985992
3180.0000000019404,0.07378474052666184,59.118510309808634,5.3561156300853836e-05,0.9999924031212815,10.017881345435226,6.723240276237933
3190.0000000019472,0.07160936147019163,59.468346819952,4.839397250831089e-05,1.0003977510266764,10.029470529928126,6.745631318427064
3200.0000000019545,0.07127426007126945,59.59250804586206,5.005421588708343e-05,0.9999998571756482,10.040034714609046,6.749790166143449
3210.0000000019613,0.0658330461572178,59.414915304373615,5.232698470500727e-05,1.0000986894381878,10.027990302604637,6.781325622862236
3220.000000001968,0.06302675259027594,59.28636927108685,4.785743563277938e-05,1.000450631089585,10.023808813701395,6.791107211412347
3230.000000001975,0.05757193705556384,59.25210276138684,4.5209635338551036e-05,1.0007988510223222,10.013794673449341,6.828887866827085
3240.000000001982,0.05795386062219321,59.554876791800886,4.9296210140181505e-05,1.00033427123494,10.03022294987612,6.835693518973857
3250.0000000019886,0.056055811448747925,59.161097183964095,5.3877295225941004e-05,0.9999655705830158,10.013547623088378,6.839594650404807
3260.0000000019954,0.05306893292256632,59.262800493427775,5.3904132444785436e-05,0.9999615091988022,10.021582458663095,6.858125083351567
3270.0000000020023,0.051040917051202506,59.484974337146625,4.7609543511479195e-05,1.0004614793137754,10.028213862145696,6.875664850934997
3280.000000002009,0.05042960886120326,59.777181933294656,4.0660924822670804e-05,1.0009153632024665,10.047979836652317,6.87766545057224
3290.000000002016,0.04709221560573754,59.53508869822203,5.053377918824933e-05,1.0002443686388296,10.029430088725817,6.905086063282302
3300.0000000020227,0.044999571602262846,59.26750894392808,4.9270938116168516e-05,1.0003482324138768,10.020981948934276,6.9075369450606505
3310.0000000020295,0.04158776906327262,59.18540498076153,5.0374806465305434e-05,1.000278936183298,10.010625454368032,6.934122768100257
3320.0000000020364,0.041522384760188574,59.592974374690094,4.800926039047625e-05,1.0004340797872826,10.02993507638525,6.943113770753246
3330.000000002043,0.040651639737213245,59.30403312760226,5.430830365707021e-05,0.999866326832022,10.016702364887704,6.946164838857548
3340.00000000205,0.038417892804785685,59.393121231064065,5.270290822522364e-05,1.0000673771679622,10.025061562389503,6.957597383131371
3350.000000002057,0.036677194975833514,59.45660666892621,4.775000797972231e-05,1.000455391277799,10.026508177856822,6.968764825875556
3360.0000000020636,0.03499803261529141,59.75409155845565,3.5495909728168304e-05,1.0015574314986135,10.042439619440579,6.976280052286847
3370.0000000020705,0.034008027977823894,59.60859435533146,4.877887604251213e-05,1.0003815899480142,10.030232221083757,6.9939646007939045
3380.0000000020773,0.03242314568720969,59.24792648279305,5.123898564122207e-05,1.0001931377332478,10.018461881585127,6.992511300673741
3390.000000002084,0.03073760168667757,59.19455252575852,5.367976042242886e-05,0.9999573061439336,10.012656288286946,7.0074532396296725
3400.000000002091,0.030102277950414192,59.5881802962833,4.741303403594232e-05,1.0004806531505053,10.029142609035498,7.018879108386573
3410.0000000020977,0.030222491707517368,59.49299721111412,5.098903818546346e-05,1.0000843468258298,10.024500792686808,7.0192096168518665
3420.0000000021046,0.028124626914228523,59.50591004010154,5.0626670097801133e-05,1.0002400699760507,10.02786977946411,7.029843658917516
3430.000000002112,0.026670060869570786,59.40721831713372,4.869228494964969e-05,1.000387345960728,10.024505614566708,7.034807618209213
3440.0000000021187,0.024189244745697572,59.57165028088624,3.801878784337805e-05,1.0014251923500972,10.027507716278107,7.0512336742507795
3450.0000000021255,0.024930259669914596,59.64381637064327,4.7494620283600264e-05,1.0004792152713855,10.03039121931623,7.0565343716200575
3460.0000000021323,0.02375983095281068,59.254959001102705,5.2868784578547404e-05,1.000050620714194,10.016913670133448,7.054057890928182
3470.000000002139,0.023176329260375463,59.269616386216036,5.4061942077819776e-05,0.9999283257433992,10.017306929230447,7.059719871342098
3480.000000002146,0.02217822177734772,59.554434055896046,4.757337423535219e-05,1.0004700078825473,10.027921869989779,7.071580818236969
3490.000000002153,0.02299455568756872,59.69172450335901,4.426144024772453e-05,1.0006529770049302,10.035274209965644,7.067079965234196
3500.0000000021596,0.02093540612353645,59.59434983106818,4.8445075647817466e-05,1.0004127948378605,10.029790996568373,7.081614635050338
3510.0000000021664,0.01970326836308592,59.355186802289495,5.01127646621145e-05,1.0002792055120389,10.022426477363311,7.081674179085078
3520.0000000021732,0.017473107705291525,59.35738939789855,4.5423891969620576e-05,1.0007219013343815,10.013667969924297,7.101452949730701
3530.00000000218,0.01864197863863267,59.646490540962674,4.692675665616617e-05,1.0005209749316204,10.029959460676642,7.099907636210022
3540.000000002187,0.01791607128173948,59.306427222378424,5.322015271528322e-05,1.0000000216376246,10.017118211216285,7.09794184538333
3550.0000000021937,0.01778494086150425,59.38193213398368,5.207031230930505e-05,1.000109995682555,10.022489732009591,7.098131781806261
3560.0000000022005,0.016656288424513402,59.50324710421772,4.838033111942504e-05,1.0004099793010763,10.026390012057101,7.108087523411366
3570.0000000022073,0.01743966887511553,59.82556322663991,3.699208735022625e-05,1.0013494121627897,10.043928747931409,7.100620973186823
3580.000000002214,0.015927425301868,59.652977422733116,4.678630558697937e-05,1.000538031339482,10.030780023383047,7.1182829491261455
3590.000000002221,0.014849178499211024,59.3158619284014,5.155963084776076e-05,1.000163833066539,10.020557382595,7.11531637979487
3600.000000002228,0.013698044136819913,59.224472091667685,5.2207202367831954e-05,1.000056219125825,10.007691627515607,7.129878037839168
3610.0000000022346,0.01426524046697223,59.622412124693,4.7121887626771914e-05,1.0005048997359283,10.029033360577598,7.129664807155436
3620.0000000022414,0.014054352948963802,59.40869102623249,5.156606012222016e-05,1.0001152183538564,10.01980946237645,7.128319476599444
3630.0000000022483,0.013918148170148071,59.50118516585359,4.901148165903445e-05,1.0003664819571307,10.026921954083024,7.126902960046963
3640.000000002255,0.012779384482880487,59.445391576619755,4.959017501667814e-05,1.0003179339592767,10.024698607042069,7.1335066089351145
3650.0000000022624,0.012812420018418941,59.81685301908571,3.378093092369178e-05,1.0017180732358395,10.04373058290829,7.129264044783543
3660.000000002269,0.012467357750025958,59.67950700401461,4.6012560676292814e-05,1.0005921720376252,10.030907106950345,7.143705548696195
3670.000000002276,0.011490112103922253,59.30200027434336,5.253833499487043e-05,1.000080523867668,10.019245239655694,7.139790037002704
3680.000000002283,0.011446871549911261,59.21318397283614,5.4691268049678925e-05,0.999833069836342,10.009605519183182,7.145043703951949
3690.0000000022897,0.011250986188422971,59.57838712740367,4.795314846870756e-05,1.0004409437540505,10.02774092158251,7.149512449380725
3700.0000000022965,0.011529809532508723,59.55197589905517,4.772098803073e-05,1.000430876826397,10.025305579085362,7.148066988347882
3710.0000000023033,0.01129843604326114,59.60352575597675,4.622485029089217e-05,1.0005836533784571,10.030008984651802,7.1475851239016155
3720.00000000231,0.010149386713638138,59.39125012870916,5.088213281218816e-05,1.0002176108592327,10.023027818080063,7.150676326852811
3730.000000002317,0.009469086643462047,59.65083006041417,3.761937087530202e-05,1.0014021746501054,10.032365158285431,7.154490016165243
3740.0000000023238,0.01029649092846933,59.67515599720536,4.6194010800323145e-05,1.0005735306803254,10.030314070266185,7.159390315261097
3750.0000000023306,0.009372340719977371,59.32290410657163,5.260468733933132e-05,1.0000684118575274,10.018878736774827,7.15658201778921
3760.0000000023374,0.010141343015319165,59.300097832979716,5.256574926332349e-05,1.0000420346770216,10.015952005592203,7.152521303208988
3770.000000002344,0.009525301290065851,59.5222476202345,4.9173195667260916e-05,1.0003474541267454,10.026231291653446,7.160012836834592
3780.000000002351,0.010142881041284468,59.70517569099686,4.2439246072148224e-05,1.0008941922112027,10.03286688170722,7.157414680480032
3790.000000002358,0.010122585125010613,59.67398250154902,4.4615039587297774e-05,1.0006981626660283,10.03162516241937,7.158246080304947
3800.0000000023647,0.008932399260264968,59.35041728801352,5.1920603457810866e-05,1.0001352932807288,10.021579754912686,7.158508893693284
3810.0000000023715,0.008291245008927157,59.41339029726467,4.635094760487254e-05,1.0005741145447036,10.016367627842087,7.168403566866062
3820.0000000023783,0.00976701176584989,59.64417486254794,4.715917294980535e-05,1.0004968473048461,10.029182153934705,7.162698383364946
3830.000000002385,0.008865391401536398,59.382652471386024,5.146337987055969e-05,1.0001572257402804,10.019843710787375,7.162612976149206
3840.000000002392,0.010440568498706249,59.434675826479605,4.801056499884381e-05,1.000432657729147,10.023169115257875,7.149616820446924
3850.000000002399,0.009727429654453555,59.462334184411226,5.047959035619371e-05,1.000247104307647,10.02466567089348,7.156773789808328
3860.0000000024056,0.010694781244805366,59.815185566101775,3.7733258728902634e-05,1.0013220436682888,10.03995550785058,7.150891386111559
3870.000000002413,0.011144309107066328,59.70592819422072,4.448557553077615e-05,1.00069681669079,10.031920468395763,7.152989397009674
3880.0000000024197,0.00998784032914348,59.330829293106184,5.241318499089987e-05,1.000095534995459,10.020569516127397,7.150988963345931
3890.0000000024265,0.009962764705198492,59.23579308442996,5.377766419425588e-05,0.9998787952056669,10.005828318246971,7.160167838137273
3900.0000000024334,0.011765018894183224,59.592924298123,4.858871381322574e-05,1.0003865144139836,10.027709040511414,7.147399106031119
3910.00000000244,0.010953033933307306,59.477638793568346,4.9080484614651743e-05,1.0003545005278127,10.022430857273699,7.150321634668106
3920.000000002447,0.013423421735804972,59.56817374794008,4.385480933991153e-05,1.0007533243900615,10.028985795655975,7.129725897580912
3930.000000002454,0.012765448464054212,59.40661843037783,5.157694706432553e-05,1.0001628455717133,10.023208856040378,7.133654973049927
3940.0000000024606,0.014477621819391101,59.82014859624898,3.654929778966701e-05,1.0014284059194571,10.04222243314521,7.121720658833722
3950.0000000024675,0.015106532888982062,59.6992276565547,4.562597403380388e-05,1.0006019573516016,10.031182442376032,7.126260193056799
3960.0000000024743,0.014064962468124147,59.33752841266316,5.2160057995983885e-05,1.0001165197441633,10.020211727331668,7.122990722051025
3970.000000002481,0.014958034580749766,59.196660949386676,5.479617487178785e-05,0.9998173615572072,10.005456507609725,7.123307488851924
3980.000000002488,0.016889639287496854,59.528615275560185,5.011613176165033e-05,1.000270104400232,10.026092253570111,7.109679450200997
3990.0000000024947,0.01635418169993719,59.59367918557192,4.5824943516533004e-05,1.0006288546051842,10.02666801744269,7.114242438649178
4000.0000000025016,0.019575362391492934,59.66628979706816,4.19861333673274e-05,1.0008746154776393,10.032475071606177,7.089482082861226
4010.0000000025084,0.01901568702014817,59.36148908772266,5.222543864062325e-05,1.000114245104586,10.022020743075744,7.08862711693826
4020.000000002515,0.02163883360481824,59.68484791675847,4.096819047751678e-05,1.001010700194547,10.035700358692411,7.072454122433867
4030.000000002522,0.022407740807073993,59.657776698170686,4.753000469709752e-05,1.0004538211010912,10.029746755754676,7.075525842481581
4040.000000002529,0.021446516783226805,59.37104584732785,5.109863041450214e-05,1.0002048580220773,10.02069958696545,7.072982197587037
4050.0000000025357,0.023693363350942905,59.28412050999348,4.9440407838944786e-05,1.0002983714665725,10.012937318517194,7.0579966293705105
4060.0000000025425,0.025494363998053337,59.45764995224168,5.14082107909158e-05,1.0001731237548153,10.024516786391494,7.048011838573519
4070.0000000025493,0.025579593436465535,59.70328931750539,4.263037658595985e-05,1.0008925654432996,10.032057306513684,7.051120694391989
4080.000000002556,0.02934799686853149,59.71024519801901,4.2773274721055534e-05,1.0007934531527585,10.033640343213534,7.025489667020451
4090.0000000025634,0.028882534157008786,59.330078363023524,5.227404253428002e-05,1.0001142867557733,10.021246873216384,7.019931889430078
4100.00000000257,0.032016218327613456,59.444143166030855,4.939024732266239e-05,1.0002423434762129,10.02123284480636,7.005499634351689
4110.000000002577,0.03368790159127001,59.586520250699884,4.961761717761551e-05,1.0002959321660496,10.027942701579708,6.997403561078692
4120.000000002584,0.032773097904118434,59.42524086547469,4.9355201135839806e-05,1.000349376003855,10.022173331352583,6.997407842313843
4130.00000000259,0.03674047113469712,59.42836855480773,4.25375550974658e-05,1.0008342720966203,10.023018736381301,6.966396256524233
4140.0000000025975,0.038349298272317006,59.383292107910364,5.221514700004911e-05,1.0001152672964344,10.023145104176647,6.958707285586181
4150.000000002604,0.03961616741809863,59.76448372098486,4.106377192603844e-05,1.0009977979109366,10.03725078865823,6.955816331665381
4160.000000002611,0.043785427271311,59.69195311356957,4.544004815615423e-05,1.0005811790150283,10.032977415732512,6.930997354957832
4170.0000000026175,0.04334436081515094,59.309782347237075,5.1685835709609524e-05,1.0001663664742837,10.021007354249802,6.92258549335249
4180.000000002625,0.046680417028974075,59.20314334901218,5.582289891869818e-05,0.9997190108100408,10.006479477694146,6.910626642559549
4190.000000002631,0.05015005606545938,59.487543360001645,5.138655704713998e-05,1.0001656096949578,10.026061504037411,6.885911528107389
4200.000000002638,0.049368214991882514,59.48416375624727,4.731809902155982e-05,1.0005136194491997,10.024675850904744,6.889036885642306
4210.000000002646,0.055276859083163564,59.54865169559384,3.9374328766032816e-05,1.001027695222226,10.031302871358436,6.845492556472012
4220.000000002652,0.05683299181018893,59.30204900529954,5.239672090041939e-05,1.0001078699629047,10.022107845683953,6.835191490578716
4230.000000002659,0.06002014565910568,59.72361179575322,4.29489869427227e-05,1.000782113569568,10.039851458776598,6.8216382732045195
4240.000000002666,0.06459637826192907,59.60603601147307,4.8775545114003246e-05,1.0003296039639897,10.031151993537609,6.796774400608295
4250.000000002673,0.06404449535541076,59.28820966284296,5.056950133438386e-05,1.0002609164405467,10.021384236796342,6.788593844947981
4260.000000002679,0.06816275957184134,59.06134997930691,5.411558651929221e-05,0.9999475115320214,10.00065113116191,6.769247734326176
4270.000000002687,0.07363052502319997,59.35421328647139,5.2484677247105084e-05,1.0000890670864921,10.02433801720086,6.7329525590959
4280.000000002693,0.07331313206307292,59.51693840177697,4.57310994335621e-05,1.000628343853696,10.028096501268378,6.73773339755551
4290.0000000027,0.08142592810682041,59.57708834570647,4.166107578270727e-05,1.0008136685582218,10.035742073678442,6.684728717167133
4300.000000002707,0.08300465623391595,59.19749560811167,5.19425148698137e-05,1.0001518089800174,10.021493864743906,6.668688177311683
4310.000000002714,0.08884471142299118,59.52516978949079,4.897023056969835e-05,1.0002114361635277,10.036802281573012,6.641571828496989
4320.00000000272,0.09418925141718036,59.438594745610175,5.166899281450872e-05,1.0001176424088118,10.028804229900455,6.612577403146668
4330.000000002728,0.09339558566561104,59.235959409094846,4.9232563835376614e-05,1.0003710355994566,10.022409212437351,6.607778964192687
4340.000000002734,0.09961175097409157,59.02103438788425,4.5368978253177625e-05,1.0006779123993572,10.006918421732411,6.569350259307464
4350.000000002741,0.10669746758206239,59.161311827336256,5.273787933465444e-05,1.0000792439081903,10.022938427671091,6.529262186142528
4360.000000002748,0.10759293860470967,59.468433702959636,4.5728055954800614e-05,1.0005906376766032,10.032110719392158,6.531636180347431
4370.000000002755,0.11832955442529834,59.45445742285437,4.731899472042869e-05,1.0003736588935723,10.036409096934634,6.469496516776891
4380.000000002761,0.11973038602855147,59.029034428352574,5.100893482584333e-05,1.0002348656236233,10.021338611544323,6.44932338106588
4390.0000000027685,0.12862921019588303,59.126822665967325,5.6312243831207204e-05,0.9995938010957969,10.02601696074337,6.40855052245349
4400.000000002775,0.13575435435438063,59.15003367583606,5.335498816818825e-05,0.9999978715221128,10.026448928023848,6.368844642209095
4410.000000002782,0.13474246906713622,59.09298929618909,4.824998381666762e-05,1.0004473610561804,10.024058870952038,6.369199240102152
4420.000000002789,0.14448915198866663,58.95975211564035,3.981005111044382e-05,1.0010379106049754,10.020648674483065,6.30893532954834
4430.000000002796,0.152749472063969,58.847244560554934,5.218590798541419e-05,1.000134044596756,10.021947700361808,6.266171914342043
4440.000000002803,0.15622380518485332,59.240979297666556,4.849639645074136e-05,1.0002903295929757,10.036121796133063,6.259465046049444
4450.000000002809,0.17002652328259607,59.10266106009189,5.28384226446305e-05,0.9999493020433008,10.034541470530405,6.187303680716064
4460.000000002817,0.1707724369551304,58.71084396943063,4.997949706422207e-05,1.000327888874332,10.021612034678675,6.168373516031003
4470.000000002823,0.18255110413378317,58.50071758107787,5.817695802697206e-05,0.9995785130397271,10.009313327250668,6.115677662462449
4480.00000000283,0.1932347187527335,58.646123620536784,5.352493658482241e-05,0.9999931878810814,10.024430565985568,6.059580611749232
4490.000000002837,0.192427338814778,58.74224916813239,4.84390110336614e-05,1.000416402094027,10.026276107783822,6.064183726096591
4500.000000002844,0.20714523466148704,58.65283477824101,4.502974947725074e-05,1.0005321221208119,10.033774512333181,5.986282675836882
4510.00000000285,0.21590449213802657,58.281442310679104,5.115557998324895e-05,1.0002330487040587,10.021352466167924,5.939125477367014
4520.000000002858,0.2240189533511529,58.65801656283905,5.394778860172725e-05,0.9997075987385409,10.03915595937583,5.915217161030294
4530.000000002864,0.24100400888432844,58.373829239484124,5.552172347650349e-05,0.9997212168455081,10.031625493408576,5.834601139301368
4540.000000002871,0.24055271542254422,58.0727863160208,4.946743074621265e-05,1.0003815845937043,10.022214904388363,5.822702314770382
4550.000000002878,0.25464319672220154,57.57832092669363,5.0930882815565925e-05,1.0004574305414056,9.9946593372553,5.760269577649038
4560.000000002885,0.2707758480472561,57.72792155912916,5.24694875242535e-05,1.0000938164348163,10.022897863331435,5.687439719825216
4570.000000002891,0.2713220386423573,57.95926609315725,5.040800952512709e-05,1.0001980053303894,10.029048112165832,5.69211748545489
4580.000000002899,0.2924056479941465,57.77439344494208,5.483181447622992e-05,0.9995950857572158,10.040952079973284,5.6003494226745305
4590.000000002905,0.30014674841320543,57.20721596434769,5.027484115083567e-05,1.0003336537318606,10.02102393234105,5.553797690657748
4600.000000002912,0.3151349163611395,57.397339100483535,5.870694931955251e-05,0.9991124739976219,10.039490875532474,5.50649335637244
4610.000000002919,0.33473707998253155,56.970263536420234,5.4847203032841514e-05,0.9997607640249031,10.028824245917672,5.424267289023659
4620.000000002926,0.33286968998995425,56.79257895478503,5.001883542233774e-05,1.000333366192628,10.023009185323764,5.42211264891399
4630.000000002932,0.3490180314438908,56.10700619323722,4.5055082774120635e-05,1.001156904203613,9.993209946473696,5.3543862903058885
4640.0000000029395,0.37073668708231067,56.01320087421632,5.1127592442602457e-05,1.000252155274801,10.021784032287268,5.271228819404517
4650.000000002947,0.37474792931632817,56.32346636008003,5.35363409307181e-05,0.9997731552147309,10.032537875883069,5.269402300874573
4660.000000002953,0.4022884775012739,55.829327253832396,5.878918603261594e-05,0.9990370824137396,10.042295894285806,5.168924325705481
4670.00000000296,0.4065960044832132,55.15875303421033,5.0290766332183015e-05,1.0003756921808784,10.020732694740774,5.134517313688167
4680.000000002967,0.4288397038893435,54.90469495021063,5.785456595806478e-05,0.9991800159550313,10.033883810154428,5.066082575438507
4690.000000002974,0.44982310103028683,54.34701458042384,5.3184576061454314e-05,1.0000141562834222,10.02669997635136,4.992995485470224
4700.00000000298,0.44713947240403723,54.30587379178438,5.21426426560709e-05,1.000141853566124,10.023921994768271,4.998525123060609
4710.000000002988,0.4655552340526657,53.471981687241424,5.1953319449840734e-05,1.0002347225901924,10.008066659506124,4.933836739933393
4720.000000002994,0.4887957434112685,52.86895735302754,5.1775625666243795e-05,1.0003873124196307,10.02083577758432,4.853566729070124
4730.000000003001,0.4988478232338566,53.115223431131,5.783787607304721e-05,0.9993051744341591,10.03705028456759,4.839304817267369
4740.000000003008,0.5289171426420185,52.07862606917198,6.144976401773955e-05,0.9992202659823329,10.040938936243831,4.7450593625852875
4750.000000003015,0.5274455029603964,51.437121976330744,5.4569371332823924e-05,1.0003068608917272,10.020273845736378,4.731414963443599
4760.000000003021,0.551837096736549,50.47089000626823,4.8306308981138656e-05,1.0004104937477405,10.018526865847178,4.659908403676803
4770.000000003029,0.5726625380540388,49.775972736065846,4.899805593849574e-05,1.000334305797065,10.025160529709195,4.603908222591303
4780.000000003035,0.5708789802545098,49.853801225595234,5.606849151375967e-05,0.9998513170450525,10.025096689670011,4.6115432275145345
4790.000000003042,0.5901628450044026,48.78888713999988,6.149285114805613e-05,0.9986288859631354,10.027704074223035,4.5583469262500955
4800.000000003049,0.6061252449381401,47.68993986476065,3.65826487468104e-05,1.0004475644407151,10.01982090087309,4.501759394749857
4810.000000003056,0.6228719615843261,47.5623802886034,7.04398373646736e-06,0.9992654905149718,10.042239884403463,4.474462173282048
4820.000000003062,0.6458578154679374,46.05330482474081,5.710195817085975e-05,1.0000452884984952,10.038947547916958,4.410462249104157
4830.0000000030695,0.6381647466190093,45.708276014196734,5.031010584409258e-05,1.0002672358535858,10.019758774063241,4.416848777627322
4840.000000003076,0.6530756098703813,44.3302079233891,7.256253075430272e-05,1.0019212360177403,9.996912956740971,4.373998699117314
4850.000000003083,0.6712724724205755,43.5591103713527,0.0002138979326655216,1.0008829415594502,10.023805826607207,4.334289151513025
4860.00000000309,0.6726188924506311,43.6219811271126,0.0002491668456006979,0.9999844907179888,10.026921546457217,4.338096124735619
4870.000000003097,0.6864614918487402,42.57908646224726,0.00015441822572080145,0.99865639542176,10.040207853714454,4.30644157336649
4880.000000003104,0.6865177873813868,41.87879859376138,8.378377474253654e-05,1.000464251032572,10.018988157808337,4.292544094307977
4890.0000000031105,0.7045106663755241,41.285948039465445,4.4647338258579466e-05,0.9999989179656773,10.045238655705445,4.26223189826716
4900.000000003118,0.7098101150069872,40.65822777663756,0.0003198128095406886,1.0002828449242904,10.03612628877554,4.251229236312085
4910.000000003124,0.6989056707845837,40.823505181892656,0.000412708330270571,0.9994715773840048,10.019741211259864,4.269845842869183
4920.000000003131,0.6948388165994318,40.68441069673607,0.00040932963728920486,1.0007848349605046,9.986069697893372,4.2798069654976185
4930.000000003138,0.704728152299478,40.57380439423492,0.0003435944375269907,1.00022187217078,10.022569660116233,4.257884550702081
4940.000000003145,0.7096660122997346,40.465099128307386,0.00020479428214579184,0.9994625350692582,10.029020140536609,4.25516055292708
4950.000000003151,0.709545941866304,40.868244790787465,0.0001274147105377821,0.9996397767065478,10.044914825173445,4.2542456282326215
4960.000000003159,0.6941189753366117,41.44202723248727,0.00019294449429131089,1.0005249520448867,10.01866996138842,4.280115487913186
4970.000000003165,0.7033176103811015,41.67762087550242,0.000138997937459889,1.0013540298215187,10.044099720712829,4.264980590075317
4980.000000003172,0.6906961282391162,42.80682227904867,0.00018398674001992863,1.0012098901252535,10.032797770270257,4.301441569640293
4990.000000003179,0.6814336929558048,42.9126573801467,7.274686952564257e-05,1.0000114947558247,10.02041376283892,4.320437662030863
5000.000000003186,0.6617693607369243,44.106472654709734,4.142752043355238e-05,0.9993910276306431,9.993243225824317,4.378474618202533
5010.000000003192,0.6577505724517367,45.06281652654138,0.00014132544756272156,1.0003464315405954,10.021970514541174,4.384051092260775
5020.0000000032,0.6635459352919049,45.11023164517333,0.0001926711967490678,0.9998304503687975,10.030951250818834,4.379326309590165
5030.000000003206,0.6470313519383938,46.605209164150644,0.00029565316725226564,1.0003505862719129,10.042358227731922,4.42109028025198
5040.000000003213,0.62601664038289,47.13921700197631,0.00031811457685306557,0.9997448063776535,10.019262551783186,4.470216450837026
5050.00000000322,0.6199371403975344,48.27317339968146,0.00029855290211750434,1.001832686876136,10.037866208780274,4.486848468943385
5060.000000003227,0.5996510948826238,49.36673359956848,0.00029686443217648523,1.000624653289832,10.029691839369917,4.55303579477157
5070.000000003233,0.5949229313636442,49.21211653396305,0.0002983713118884097,0.9995985190278085,10.021552848428943,4.564194177092499
5080.0000000032405,0.5709080048655867,50.16119079598,0.000272983608233321,0.9985721191393797,10.00504860121042,4.6408995623394
5090.000000003248,0.5545274958698445,51.21899803489615,0.0002581904926818739,1.0001406950570044,10.021733255579038,4.680772581758614
5100.000000003254,0.5578821862004368,51.55877512279938,0.00025749791668009634,1.0001226967008945,10.032928388759276,4.6806120449497755
5110.000000003261,0.5324044714692465,52.74612507612044,0.0002479759974680746,1.000857765800599,10.038911481493686,4.75499373068828
5120.000000003268,0.5152224387707258,52.73082300417697,0.0002487711773646166,0.9998329628795972,10.01997476345119,4.802200439015322
5130.000000003275,0.49712033363362157,53.78393945961164,0.00023878924164434968,1.0022145875883957,10.029639327199897,4.855790317995374
5140.0000000032815,0.47878824546745913,54.390462123426545,0.00024709507572396455,1.000574264851663,10.027451964025193,4.927529508858622
5150.000000003289,0.4778107929065233,54.220029795661254,0.0002507144318610618,0.9997507823951041,10.022881152298698,4.930660689125598
5160.000000003295,0.456659460270624,54.730691616240165,0.000254666867566931,0.9989348558746375,10.01575989996926,5.006837021538287
5170.000000003302,0.43542442571992024,55.36848742171798,0.00025051231593022067,1.0000849411395003,10.021619024394033,5.07216171851508
5180.000000003309,0.4344580674784791,55.87226012864295,0.0002480308333767808,1.0004165859062302,10.035151129563511,5.08490084498394
5190.000000003316,0.40870179271529583,56.52333154416536,0.00024634318842368843,1.0008558521955526,10.035882041921042,5.175547599766551
5200.000000003322,0.39854317004717815,56.22959760887812,0.00025241892816057923,0.9998373409373833,10.020598900350162,5.206411348842566
5210.00000000333,0.37676870903828213,56.851498153226906,0.00023906369276483708,1.001793912009248,10.019458910378036,5.284063882005158
5220.000000003281,0.3628165010244112,57.247326466381836,0.0002485170774727581,1.0004067539643244,10.025780075950852,5.348133363847678
5230.000000003171,0.36335198329630236,57.18341417678689,0.0002528185579505061,0.9998061733808745,10.024502018375069,5.348271263139667
5240.000000003063,0.3459790760566056,57.48134128527929,0.00025441909360649997,0.9994559167206539,10.024269610377265,5.418394302505419
5250.000000002954,0.3274831637638986,57.67639478456544,0.00025094323750878694,1.0000357365780004,10.021351336608177,5.485845792162281
5260.000000002845,0.32246562045481536,58.24083669954865,0.00024756522815600634,1.0004849273775853,10.037478180434523,5.51601143730833
5270.000000002736,0.30168190787459254,58.51524490565775,0.000246975340250441,1.0006113189575596,10.033476860093488,5.603740442819054
5280.000000002627,0.29712214255581176,58.15882859563468,0.00025263266529135296,0.9998438277919481,10.021216802024705,5.615844395538294
5290.000000002518,0.2786496550367755,58.36088369256058,0.0002419494411107368,1.0010268929445165,10.008872140694036,5.695065962172977
5300.000000002409,0.26722829219205196,58.72414285718549,0.0002489746203219547,1.0002593870173415,10.024226783668166,5.751351837587543
5310.0000000023,0.2675604300711767,58.80270442095388,0.00025349961900284575,0.9997927405418288,10.026658239048688,5.7556846488507745
5320.000000002191,0.2529790551654965,59.02084203382191,0.0002547229630565691,0.9996728878273785,10.031692231390368,5.821695370032589
5330.000000002082,0.24054298378101882,58.88542680470999,0.00025113777437682185,1.000002332503948,10.021058113274474,5.870524269811204
5340.000000001974,0.23286618686333896,59.43066975910186,0.00024888120333536564,1.0003652408584034,10.038688239944731,5.916435930293248
5350.0000000018645,0.21853484697162287,59.494098152633164,0.00024856417846050186,1.0003488421229945,10.030925701321285,5.9874691392358015
5360.000000001755,0.21705059039251542,59.1933354086396,0.00025304104495411825,0.9998309362103222,10.022106794285067,5.987513447705274
5370.000000001646,0.20468486882102543,59.103961460084804,0.0002468813138450706,1.0003335716340152,10.0015924428096,6.049775222397176
5380.000000001537,0.19411978636327998,59.45245276161923,0.0002496397467622199,1.0001572765883027,10.022772190679708,6.102091745798688
5390.000000001429,0.1935365758195901,59.674480197176514,0.0002549961286943745,0.9997076053607432,10.029383481967747,6.115759362840876
5400.00000000132,0.1814690289680028,59.84874727603286,0.000256482162162183,0.9996243083071378,10.036851592582336,6.177067757273192
5410.0000000012105,0.17462600119558377,59.51153919450614,0.00025141689497258407,0.9999761458054747,10.020989971500732,6.200045849514576
5420.000000001101,0.16598383966391458,59.953864375175584,0.00025132664942766915,1.0001879351129013,10.03678969737936,6.254042666936098
5430.000000000992,0.15734026006023824,59.937355437408634,0.00025005829770845744,1.0001694493113351,10.028061589657714,6.303420520957694
5440.000000000884,0.15704873169546618,59.75788776177902,0.00025367981574204036,0.9997926792870547,10.02345382935729,6.300642690313869
5450.000000000775,0.14990635588825363,59.54522963956573,0.00025228034315762717,0.9998083115736075,10.00242043927408,6.341395506555165
5460.000000000666,0.14043971430640836,59.799012183633096,0.00025018968465142724,1.0000961512362294,10.021608477502355,6.387407046662053
5470.000000000557,0.13898943244840273,60.14101954368343,0.00025694869684113607,0.9995759588054262,10.032389130056876,6.411164873273636
5480.0000000004475,0.12985117829713394,60.258154844395804,0.00025785960567577655,0.9995322948538257,10.038238414379308,6.462366078392478
5490.000000000339,0.12657550866167377,59.8438500486876,0.00025175328852188576,0.9999488498754857,10.021327012096929,6.465112197394364
5500.00000000023,0.11858982684942226,60.09907384487126,0.0002525693039894964,1.0000937755632282,10.02995751954186,6.516163931365902
5510.000000000121,0.11403537544406508,60.10633159068526,0.0002508604418101456,1.000079024282748,10.025222842381272,6.546031498504931
5520.000000000012,0.11401388466311599,60.080151865955465,0.0002544928029812722,0.99973106443704,10.025289317340032,6.547170747248905
5530.049999999903,0.11033500913333487,59.89560152864918,0.00025479966711195297,0.9997059815818482,10.012350676446497,6.567378908322985
5540.049999999794,0.10279989068832489,59.95753437212713,0.00025071467745375344,1.00005045264743,10.020883891502315,6.603727328850016
5550.049999999685,0.10110733424878023,60.373750483111415,0.0002602010635023475,0.9993335914911532,10.035014911632846,6.6337203504769855
5560.049999999575,0.09538302283914339,60.41112764895305,0.00026218232178832604,0.9992167405897759,10.036426783177815,6.668950741159555
5570.049999999466,0.09385409050095515,60.030551524703405,0.0002512874046458866,0.9999885047520297,10.022087114103321,6.659439832698363
5580.049999999358,0.08779527521138338,60.03759312583864,0.000257262301528598,0.9996994379444832,10.018345666903079,6.701107292324384
5590.049999999249,0.08610562678614625,60.13788092169246,0.00025272406561439235,0.9999154505282984,10.022874260942372,6.711919446056786
5600.04999999914,0.0863387869107639,60.27083203729373,0.00025429824201432945,0.9997449815044879,10.027421469042102,6.7166292078143215
5610.049999999031,0.08493835215045226,60.20470541413626,0.00026079855756748775,0.9992665873722423,10.027807268368141,6.72413760467708
5620.0499999989215,0.08018556329791557,60.029655444162735,0.0002507165355549491,1.000046377512122,10.020761132274707,6.740966540153915
5630.049999998813,0.07927801152842741,60.449310848322035,0.00026096757768088704,0.9992310400184907,10.036381301620048,6.76693574464362
5640.049999998704,0.07759611412866885,60.40774859216393,0.0002596476663027064,0.9993623130078986,10.032132327961985,6.777098620429026
5650.049999998595,0.07669571991377451,60.142292014500015,0.0002515330464309116,0.9999650886839307,10.023351411443134,6.767844943863647
5660.049999998486,0.07383615510519695,59.91604972091969,0.00025231977890063126,1.000019664576261,10.005211138450047,6.786134120632843
5670.049999998377,0.07480629860078931,60.10480996237713,0.00025201948080145104,0.999957316791229,10.021196718201018,6.778842120641961
5680.0499999982685,0.0755665292875007,60.37435473849547,0.0002548442175722394,0.999680261205073,10.029801795153794,6.7867041894113695
5690.049999998159,0.07765301209447638,60.41596331697968,0.00026425711136866527,0.9989507694794918,10.03979027479708,6.773792635536765
5700.04999999805,0.07514212854765501,60.053555956542155,0.0002507127175526043,1.0000446462359238,10.021181888025238,6.77268818348316
5710.049999997941,0.0764238643433587,60.39345007109423,0.00026107122478081666,0.9991733229547187,10.03533506148329,6.781932215357758
5720.049999997832,0.0789122052631981,60.3034289441024,0.00025712060751926184,0.9995287818361868,10.02748010359675,6.764998710658775
5730.049999997724,0.07841619164498807,60.1989672935765,0.00025178496735045984,0.9999371826832344,10.02497535767475,6.7599605790058614
5740.049999997615,0.07909451285307655,59.832666080392094,0.0002481004218430541,1.0003251764678773,9.997994959454248,6.752727166312308
5750.049999997505,0.08305825613261265,60.0286144450491,0.0002514335548640131,0.9999991438193911,10.02031872005271,6.724464807504498
5760.049999997396,0.08494789776041059,60.3931982994031,0.00025538248332875496,0.9996056722252905,10.032047553460304,6.729996520875975
5770.049999997287,0.09110445316069726,60.46572289477715,0.0002645892043624913,0.9988382073503993,10.043625770513055,6.6942500198827215
5780.049999997179,0.08997424871425894,60.03166629277987,0.00025073401451991507,1.0000410172737275,10.02207493943689,6.681794198643561
5790.04999999707,0.09405352072280525,60.205368297169045,0.0002603497217147275,0.9991914530921764,10.03073095148815,6.668472162394108
5800.049999996961,0.10000487855352522,60.11943836700773,0.00025499775767350724,0.9996866836298972,10.023583614386208,6.630749319747398
5810.0499999968515,0.0999965000368259,60.18636271217946,0.00025207237893597087,0.9998998384172855,10.026826957376118,6.630578449347098
5820.049999996742,0.10403575886076644,59.826572170046795,0.0002471074720796118,1.0004036988336407,10.0032125768621,6.600980221098406
5830.049999996634,0.11031663167484297,59.895618482097184,0.0002509924863551276,1.0000360868895637,10.020188954467796,6.5580083138170355
5840.049999996525,0.11392562542072893,60.295671833656876,0.0002559611903542849,0.9995151802278752,10.033763853983745,6.555819567826329
5850.049999996416,0.12371460664238111,60.310387709476615,0.00026281532593194545,0.9989069919658039,10.040363409977099,6.501921520470439
5860.049999996307,0.12322009390763569,59.92957240710741,0.0002508049103804802,1.0000309202337285,10.023318283499117,6.486323389453962
5870.049999996198,0.12994926806237192,59.86630039253582,0.0002584986986718677,0.9993385840303081,10.02205367118741,6.452549673765394
5880.049999996089,0.13907770119574328,59.83264340327739,0.0002533395090171112,0.9998271401492591,10.020929560770025,6.399274140145001
5890.04999999598,0.1398291676619682,60.05118335634925,0.00025245995438787387,0.9998434391503419,10.028749895440537,6.402176878642193
5900.049999995871,0.1475148898180888,59.815064702673524,0.0002503810915607681,1.0000788282855464,10.019999034712345,6.353280469112413
5910.049999995762,0.1551577132498469,59.64551917449846,0.000250686052953843,1.0000657840183935,10.020648591503285,6.30356306640547
5920.049999995653,0.16140727957977985,60.005909362065275,0.0002566023474487425,0.9994054585749141,10.034499025625998,6.287695740300207
5930.049999995544,0.17493383399487314,59.90195169630979,0.0002601412001382109,0.9990942909763596,10.033932984838376,6.217903442223462
5940.049999995435,0.17446871292847452,59.66149874714171,0.00025097648399751793,1.0000062149483369,10.024759343246355,6.206437360007138
5950.049999995326,0.1835919371208594,59.32940120925824,0.00025513598107366933,0.9996880358706797,10.010398242801072,6.157409266539732
5960.049999995217,0.19652041267137285,59.35210898125869,0.00025206797170034575,0.9999519567010065,10.01951315250955,6.089384589665428
5970.049999995108,0.19879737328344121,59.678974119807236,0.0002530396262903849,0.9997536195025668,10.030600853640113,6.090579908328535
5980.049999994999,0.21106592698359794,59.56785282422138,0.00025636123155319804,0.999379421237087,10.038628790593293,6.025330248330286
5990.049999994891,0.2191095111369045,59.14361401666293,0.0002505296984536995,1.0000832123166272,10.021464211068235,5.974440819520808
6000.0499999947815,0.2293001700870278,59.372222887940566,0.00025716959032304746,0.9992933829811623,10.033796826235518,5.9396954813577505
6010.049999994672,0.24694325067488873,59.11968406943606,0.00025726206208798587,0.9993535915349979,10.027723175484006,5.856769189898219
6020.049999994563,0.24630363765246946,59.05340361995658,0.0002513364854845614,0.9999534411825369,10.026245973335863,5.852604913623975
6030.049999994454,0.25719932220925934,58.47748674483631,0.0002504238732267103,1.0002567610034017,9.99932182357822,5.796289812253959
6040.049999994346,0.2749816298397602,58.473404306451215,0.0002511162486996278,1.0000627736987284,10.0190026909768,5.713739981717071
6050.049999994237,0.2802168919416363,58.84411064162481,0.0002538694522374878,0.999616862673201,10.032317222010422,5.7067632345112465
6060.049999994128,0.29854787394605126,58.71990990416073,0.00026144199554865237,0.9986414654399265,10.049140650264984,5.62718955606822
6070.049999994018,0.3052940434897859,58.125085096595384,0.00025059298783790127,1.000077267219225,10.022364510746334,5.5828119868205786
6080.049999993909,0.32054003191993835,58.103007201101406,0.00025714480938823813,0.9992524784622986,10.03120902999843,5.528344537079859
6090.049999993801,0.3420660262155595,57.676845989296275,0.00025448740593607004,0.9996617210162823,10.02323503402206,5.439727874505917
6100.049999993692,0.34188175547733524,57.77248431220501,0.0002519813122637161,0.9998562369800128,10.0276862993228,5.440506303642221
6110.049999993583,0.3534324676003478,57.02757048407222,0.0002466620169364607,1.0007783374827712,9.994447675973714,5.386209072728387
6120.049999993474,0.37632976233763427,56.80248007886159,0.00025054961777092147,1.000152159237214,10.018887361300482,5.29391725856409
6130.0499999933645,0.38640931748230517,57.11907161918886,0.0002548502978111166,0.9994402912628922,10.033996720552494,5.273765177800925
6140.049999993256,0.4115501942747639,56.745192622279575,0.0002623060143202175,0.9983246718907863,10.050243530221836,5.1838840193037345
6150.049999993147,0.414621405080789,56.106970779980735,0.00025099885149407246,1.0000314804664454,10.023114511195852,5.155484086146078
6160.049999993038,0.43434874999932976,55.673411658943174,0.00025564991920871906,0.999453844829506,10.02608418599005,5.088652073970802
6170.049999992929,0.45820112420508563,55.02109819410007,0.0002516877598477434,0.9999940498423233,10.020326422198512,5.005936490088057
6180.04999999282,0.46011463536661795,55.2251498960604,0.000252080177124729,0.9997101226754616,10.02913364459559,5.005929635081587
6190.0499999927115,0.47144338945612363,54.38688571844054,0.00024770338275646785,1.0005612097160905,10.001113767171816,4.960403211970897
6200.049999992602,0.4961881822252458,53.68173402164274,0.0002472296890926059,1.000203973710122,10.018680919243423,4.872499179881457
6210.049999992493,0.5123356472450215,53.77087824927171,0.000249403424577377,0.9993009184219773,10.03584800465689,4.839432222598121
6220.049999992384,0.5411886615614072,52.87613492013249,0.00024909919964085855,0.9986844865004982,10.046557159797327,4.752707809731908
6230.049999992275,0.5391428388228838,52.3381826978718,0.00024155423522940892,0.999947415551411,10.02365356406598,4.743955995753525
6240.049999992167,0.5586369847921884,51.34002832871175,0.00023213072956538243,1.0001353949825116,10.017158898423144,4.681731970539964
6250.049999992058,0.5815490186116254,50.39442591454508,0.00023274176307295198,1.0003169737430015,10.018125601745412,4.616744713895838
6260.049999991948,0.5875694516080783,50.574600166029455,0.00024820074550229484,0.9995523440918062,10.030794452347884,4.611420566883163
6270.049999991839,0.5984914591938814,49.66531218347671,0.0002582013755020519,0.9992512224616195,10.020537017267229,4.57689230768556
6280.04999999173,0.6159553096968783,48.42272023838101,0.0002834309593607266,1.0001409546232165,10.018262204200648,4.516096151837382
6290.049999991622,0.6361594484102568,48.0188861427398,0.0003307480541840016,0.9992433229445237,10.037741489858721,4.478526391507853
6300.049999991513,0.6595142899926072,46.582030182306276,0.00043676095543327667,0.9992729089544216,10.041046294980278,4.418273995524994
6310.049999991404,0.6537236181971805,46.33145311891549,0.0004041353245355946,0.9996375309039938,10.024172168287173,4.423271637900822
6320.0499999912945,0.6633736927773304,45.06528266473535,0.00047002082015218843,1.0008293664628365,10.003980465329319,4.388805742135161
6330.049999991185,0.6806526920636574,44.00704370060388,0.00030691385216301265,1.0004150442881679,10.016208225845185,4.348112035739896
6340.049999991077,0.6912431551301115,43.904431514525285,0.00016124997737687206,0.9996022323700007,10.03269218179821,4.336315241286998
6350.049999990968,0.6997556887169823,43.11432107092628,2.9264929463871693e-06,0.9985433078495799,10.044674932545774,4.313223779896882
6360.049999990859,0.6999571340373808,42.22495882388785,0.0001771867676478418,1.0006559669684758,10.018069995724806,4.2965998709723205
6370.04999999075,0.7169163507999677,41.52151364330104,0.00012706988521738792,1.0002327638638966,10.038575617075171,4.268729677550281
6380.049999990641,0.7239843747709358,40.80240474622476,0.00019914497556967228,1.001019758241893,10.033638810646075,4.2516351423308025
6390.049999990532,0.7184684075208169,40.8627960699787,6.864108232516582e-05,1.000077080494878,10.025120568789,4.26253929543953
6400.049999990423,0.710444201280307,40.75724691157057,3.5376752240033815e-05,1.0019707977766226,9.989840112983073,4.271216234394507
6410.049999990314,0.7165351074913354,40.65005937216006,0.00038012917962984024,1.000276096556609,10.015410748537448,4.262431921744791
6420.049999990205,0.7282030575413257,40.42685052630918,0.0006652079258098482,0.999054440889185,10.034499267681335,4.253253184798759
6430.049999990096,0.7285587592428087,40.78039980681447,0.0002388767780346765,0.998400488391588,10.059382245421173,4.249976976619448
6440.049999989988,0.7114661802199987,41.33569557776411,5.9892422522768084e-05,1.0002071118321056,10.018847965917299,4.27636153206585
6450.049999989878,0.7158804579365319,41.75656899432373,0.0001216919645018577,1.0006323036382057,10.036606237438574,4.27318901087988
6460.049999989769,0.704282398835715,42.89372499491974,0.0002403294816626811,1.0015292275990708,10.02681263747238,4.302056471902721
6470.04999998966,0.7022875691594613,42.893533196231594,0.00021084513500694042,1.0002587054912309,10.026241087040553,4.309280673389137
6480.049999989551,0.680475629642058,43.92023995711024,0.00014454588383939934,1.001415395925832,9.987107507081637,4.358061836827106
6490.049999989443,0.6724081936384234,45.05576646181978,7.481075928986628e-05,1.0004854348538477,10.01611994507826,4.378443256020678
6500.049999989334,0.6800762309201563,45.426805908186196,8.28341946172075e-05,1.0001063072474556,10.035311265720315,4.375197812406301
6510.0499999892245,0.66760370463691,46.75265560765338,0.00023544725159620569,0.9999081718871905,10.055851326847744,4.40585851163149
6520.049999989115,0.6453328538899344,47.229767851427184,0.00034209550865481076,0.9997177476325646,10.020359614911852,4.456322970073748
6530.049999989006,0.6347551861085625,48.395385680647514,0.00030036258836132075,1.0010731648244344,10.031565068984309,4.484741120301924
6540.049999988898,0.612655284620396,49.63394728617911,0.0003216979678287403,1.000789074393953,10.022757193498505,4.550582306653457
6550.049999988789,0.6137570355819204,49.641664515527765,0.0003511936505791101,0.9996280213406901,10.027287596698693,4.553200062778261
6560.04999998868,0.5899935339033057,50.2723617781114,0.0003051041110192904,0.9999385499421015,9.996656343706983,4.617808426551691
6570.049999988571,0.5701682277669176,51.428520474045,0.0002803293095843909,1.0001253085657065,10.01748152486493,4.668213657882513
6580.049999988461,0.571028647659478,52.145921451577074,0.000285626468919834,0.9999891519816487,10.035586176601257,4.681109745684696
6590.049999988353,0.549411108319846,53.259613121616326,0.0002718626144379269,1.0003923151833245,10.047182571791677,4.743308672635678
6600.049999988244,0.5327992461255172,53.164213789420614,0.00026635039457822746,0.9998424958076473,10.021776313321958,4.786476821638371
6610.049999988135,0.5131253388365349,54.048735214386234,0.0002597944663715823,1.0010906844490013,10.025816552786925,4.844799765183633
6620.049999988026,0.4904508744348667,54.78166552337113,0.000264492982963283,1.000564463992831,10.020842737171167,4.923786873826463
6630.049999987917,0.49221422390069,54.92030247251643,0.0002700866561134826,0.9997626284516115,10.028277672823412,4.9255907740860785
6640.049999987808,0.47391174824364884,55.12135616568989,0.00027327293251352524,0.9994545185818265,10.011131336266523,4.98518913676043
6650.049999987699,0.44929186451054504,55.78317756740225,0.00026984928081710493,1.0000671310242344,10.018789240422098,5.059061776637926
6660.04999998759,0.444254447212457,56.50461781369393,0.0002721395003103097,0.9999227415737355,10.03555463779935,5.0914994355259875
6670.049999987481,0.4203404405876835,57.16316133635794,0.0002711191179146763,1.0002124621751691,10.039380494928714,5.175643717448387
6680.049999987372,0.4119059518925883,56.87109116007392,0.0002728334000443009,0.9998413889245041,10.023065080787774,5.198104175229519
6690.049999987264,0.3909443978388866,57.28147923221666,0.000265186073526165,1.0007462528537077,10.018963904588038,5.271039228162834
6700.0499999871545,0.3722216816707824,57.70652327750056,0.0002684958527037216,1.0002915985128211,10.019881409096639,5.347190261339313
6710.049999987045,0.3727685583871952,57.96925627689079,0.00027524427717650637,0.9997062495452325,10.029362999899337,5.35515406284001
6720.049999986936,0.359830820878354,58.03945440360938,0.0002804460944541106,0.9991686844347311,10.024481487934931,5.404502522432113
6730.049999986827,0.33792400986061455,58.22424993498099,0.00027058818337160186,1.0000236732755408,10.01982870026989,5.480381232313037
6740.049999986719,0.32954917418629237,58.836108818241264,0.00027740982037717873,0.9996996019949991,10.035212750279621,5.52959768231156
6750.04999998661,0.3087901755956412,59.15469957142077,0.00027680375111637076,0.999858060956862,10.033633310613824,5.617159127244033
6760.049999986501,0.30586260073019084,58.899445407802624,0.00027327950276444685,0.9998279321567468,10.024349626923252,5.621273387736984
6770.049999986391,0.2887537047376606,58.92300075798417,0.00026835836957024795,1.0004507291222644,10.011345138336916,5.689788307157256
6780.049999986282,0.2740412617249243,59.22366070279416,0.00026983489187934056,1.0001394180846341,10.019179885833625,5.757129896846602
6790.049999986174,0.2729636678257858,59.581119560763554,0.00027700261095525155,0.9996258528077642,10.03060805037795,5.775499711277986
6800.049999986065,0.2625703344520399,59.67048924920564,0.00028789734287203346,0.9989030997421394,10.035687773813255,5.821865903002499
6810.049999985956,0.24747460809448732,59.515155736158974,0.0002707862093725854,0.9999960923059517,10.020844981871859,5.877606273008494
6820.049999985847,0.23818145525594686,59.98100171622784,0.0002807033198362526,0.9995209879640903,10.034038222632091,5.935211939802451
6830.0499999857375,0.2228101267107474,60.089473732763736,0.000278296944339839,0.9997106206828943,10.028470534801372,6.0100198951278685
6840.049999985629,0.22220299550981967,59.97022979125857,0.0002735279076233804,0.9998075159542043,10.025784631389259,6.007171467368739
6850.04999998552,0.2107862348875353,59.73072825398039,0.00026804847810176955,1.0003456787571232,10.004364984250556,6.05691510748087
6860.049999985411,0.1988140080454483,59.982719813183124,0.000270325829587473,1.000076103024658,10.018832073889591,6.115774016344172
6870.049999985302,0.1966644925549839,60.40133058626695,0.00027765508212025626,0.9995663097956718,10.031860182767199,6.14368330643528
6880.049999985193,0.18762434083574903,60.54115553815877,0.00029191428747345,0.9987174889510391,10.043708326825579,6.19071144198808
6890.0499999850845,0.1792215365403858,60.19190573266736,0.0002709522853881016,0.9999768473890744,10.022065847127246,6.218151842302116
6900.049999984975,0.17073022632785234,60.48262160980556,0.0002810532562134536,0.9994529573449077,10.031262809810874,6.273316808080411
6910.049999984866,0.1606953075238637,60.482079672862746,0.00027658534723869633,0.9997357078147319,10.023741002293653,6.327333048862798
6920.049999984757,0.16066635508749025,60.53215513007546,0.0002735021437679251,0.9997922691754932,10.027366350635806,6.327054044660644
6930.049999984648,0.15445244288758106,60.16681638912085,0.00026650099388062567,1.0003307098693959,10.001577821914273,6.35372530264213
6940.04999998454,0.144683444939079,60.35801589221254,0.0002703725120244994,1.0000539716719754,10.019061994748851,6.4028726152123925
6950.0499999844305,0.142421113439592,60.79448306351593,0.0002774753232148733,0.9995359693648361,10.032798992193797,6.434508870881632
6960.049999984321,0.13564415330214666,60.94458927723282,0.0002905266706679119,0.9987253590194037,10.045473397172298,6.475196070012638
6970.049999984212,0.13153277586975076,60.55120198851105,0.00027102702720485617,0.9999648948167044,10.023544662569257,6.481420450238865
6980.049999984103,0.1250099553209604,60.63749644442515,0.00027962659613899466,0.9994820360739377,10.02626027148174,6.52367526592144
6990.049999983995,0.11963866948982654,60.60990239850292,0.00027438798187868926,0.999820278895977,10.02012918659586,6.554131600902044
7000.049999983886,0.11987147598276933,60.82075651403226,0.00027332710184463713,0.9997842760905385,10.028966159093322,6.559029257887733
7010.049999983777,0.11760762933329272,60.47896654631824,0.0002665834679695928,1.0002835708929412,10.00720017106923,6.56472623971059
7020.0499999836675,0.11070404981641746,60.54187631667218,0.00027029943283726255,1.0000486882459387,10.01992130631704,6.597854066949069
7030.049999983558,0.1095401081558205,60.94303151928894,0.000277020884505661,0.999524635045165,10.033029687561896,6.623299596711892
7040.04999998345,0.10679487223838585,61.0398640000343,0.00028624934700135276,0.9989013515659834,10.040460488840841,6.643629328652154
7050.049999983341,0.1048006177800934,60.738431956701945,0.0002710137631051047,0.9999588196853976,10.02520290190911,6.640281915096383
7060.049999983232,0.1012280885823776,60.605743563399535,0.0002773817547332928,0.9995884267871762,10.019036161276915,6.660537321676868
7070.049999983123,0.10053126809060921,60.61125535985091,0.0002727081401946625,0.9999071093262583,10.018095467240245,6.663206108723622
7080.049999983014,0.10157506825236196,60.944471338863174,0.00027313081494477346,0.9997784273373467,10.030400145396486,6.669267207004972
7090.049999982905,0.1029420369157169,60.74934184034795,0.0002689525818906674,1.000123949959566,10.021824405809703,6.65338794706852
7100.049999982796,0.09978313838364385,60.61840530527727,0.00027018290227276794,1.0000511682639166,10.021293215049953,6.663940779603343
7110.049999982687,0.10105436270266058,60.926223583212945,0.0002765976700819729,0.9995200848755731,10.032155039922944,6.671542068594148
7120.049999982578,0.10363251374051805,60.93051487916991,0.00028173787442808577,0.9991507652138653,10.031988713281278,6.66010653866695
7130.049999982469,0.10286370344725049,60.80900576967373,0.00027095594736844305,0.9999539095680965,10.026902579840632,6.654572215362906
7140.0499999823605,0.1027363589874262,60.47721032720871,0.00027453901716278445,0.9997752305498073,10.010809522318471,6.649290003583696
7150.049999982251,0.1070089492557547,60.537068973731415,0.00027154502195850353,0.9999825723212129,10.017608837899322,6.621040262948304
7160.049999982142,0.10956871131824496,60.93539621007906,0.0002730222345221955,0.9997652326728427,10.031477075854813,6.622106491003761
7170.049999982033,0.11507855714052637,60.92290550343744,0.00027275026493868226,0.9998004779643349,10.039067134071539,6.583206868911491
7180.049999981924,0.11500986316318701,60.60206689266,0.0002700408936174512,1.0000557272157773,10.022975810047368,6.5748857078650875
7190.049999981816,0.11930755888889459,60.760088932998684,0.00027631984507826433,0.9995165386651739,10.02984168012067,6.55951527222449
7200.049999981707,0.12681295644180782,60.674894806318335,0.00027810086457816236,0.9994067564676424,10.024007920905996,6.518884774846901
7210.0499999815975,0.127093179640094,60.75655273846283,0.00027092790140774284,0.9999414315999658,10.028497922359444,6.514466078134129
7220.049999981488,0.12969903091499813,60.293379951946854,0.000270879014326331,1.0000656900072766,10.004425090143428,6.490796883553569
7230.049999981379,0.13842907482731406,60.37081572636976,0.00027069295824407394,1.0000475354102791,10.018305960309938,6.437137533519084
7240.049999981271,0.14305168311634356,60.76743025107688,0.00027310895391657023,0.9997332411041845,10.032032885035113,6.428611429514045
7250.049999981162,0.1529189827530391,60.86017764085195,0.00027674870359843906,0.999352302003614,10.049139696053507,6.371547915606678
7260.049999981053,0.15430195145394665,60.44751506604095,0.0002699149022727846,1.0000543052487554,10.024749967055318,6.3541367327013605
7270.0499999809435,0.16152881966864552,60.40619585360274,0.0002761286459149342,0.9995258168480834,10.025905523727667,6.318153003276134
7280.049999980834,0.17318009238013798,60.259912902098776,0.0002753221507731924,0.9996502945427834,10.018640907587011,6.256873653475189
7290.049999980726,0.17474265387248017,60.51301494677262,0.0002710356843580434,0.9999089635023074,10.029874049357181,6.253361671870455
7300.049999980617,0.179245716968255,60.02690851141264,0.00026633622258581804,1.0004423416961172,10.003844241333697,6.21993553638016
7310.049999980508,0.19199161504797074,60.02256963865098,0.0002700150367099206,1.0001012832827219,10.019691389611303,6.148701539843608
7320.049999980399,0.19952145074800204,60.34568170165341,0.00027349113279628563,0.9996736071296404,10.03196761689021,6.126314605751221
7330.04999998029,0.21438393143284012,60.396003886310126,0.0002798135994855368,0.9989647060132242,10.047832517977564,6.054493169478091
7340.0499999801805,0.21592315795332062,60.03229890511249,0.00026989568301273115,1.0000344791794655,10.02642778711783,6.036030265766931
7350.049999980072,0.22590337395059323,59.751428393822806,0.0002756752280839444,0.9995950141002242,10.020392761902414,5.9844390020938905
7360.049999979963,0.24163085297151773,59.56141557317352,0.00027304648341315205,0.9998837353872387,10.016048242475144,5.908818708067796
7370.049999979854,0.24543329772443429,59.91911677685752,0.0002714188423426228,0.9998423877718892,10.030990235610924,5.901829154579326
7380.049999979745,0.25186568723973557,59.51626295854279,0.00026240666974698814,1.0006945615859013,10.012004790786165,5.8620509206922975
7390.049999979636,0.26812642867447384,59.29365008594218,0.0002695030279299242,1.0001352192031128,10.02127539851436,5.782051435271368
7400.0499999795275,0.2796756878289885,59.46259606755782,0.0002741933294211447,0.9995907034983688,10.031279286618336,5.74318941651095
7410.049999979418,0.30035918164012226,59.31811046382985,0.0002807724666835469,0.9988637875640661,10.039386157723008,5.658060337802898
7420.049999979309,0.30138545975897074,59.105958214171714,0.00027013896555159355,0.9999801223619184,10.027902093588649,5.644311827073288
7430.0499999792,0.31328595789777547,58.55388958992018,0.0002741348653297736,0.999820348854283,10.013542684031574,5.5856120174437764
7440.049999979091,0.33335990329036835,58.28471390443248,0.0002710482840237448,1.000103098386154,10.015287756733745,5.501150824896797
7450.049999978983,0.34105496085339204,58.655528328359786,0.0002722222846249366,0.9997327220634092,10.031930346143055,5.484987186655569
7460.0499999788735,0.3508165890673992,58.362571053892715,0.00026352734923000825,1.0003468777342366,10.02822426725127,5.4379434753708376
7470.049999978764,0.36840780612349516,57.80366404893181,0.0002693224770641971,1.0001318983011136,10.022680184485461,5.3621720924884215
7480.049999978655,0.38457650776496555,57.71193660520268,0.00027500701266157694,0.9995238380324608,10.030033037710934,5.309189321955282
7490.049999978546,0.41037897522520783,57.23243742314382,0.0002788253749130938,0.9991579753387064,10.029993277216992,5.218074378917348
7500.049999978438,0.4115019149310947,57.19694351580022,0.0002708391950595983,0.9998776555802132,10.029204139154677,5.209513436638793
7510.049999978329,0.42284800469288364,56.356797482825684,0.00027050351602370896,1.0003057065929462,10.005561181807302,5.156150730145164
7520.04999997822,0.44705155980007444,55.88177863793977,0.0002691110414552578,1.0002830069685302,10.01518306223437,5.0697151635130435
7530.0499999781105,0.4602591542948911,56.13241473083789,0.00027253528033930203,0.9995955125541214,10.032909749647748,5.042042287897378
7540.049999978001,0.47569504110750915,55.81647473148097,0.00027179876435044753,0.9991776037963104,10.04808968886779,4.986790910214859
7550.049999977893,0.4894970904938992,54.89541963176761,0.00026672737117108635,1.0000753864319383,10.02375901778529,4.931245187539688
7560.049999977784,0.5087594212769392,54.39123177908443,0.0002694807974897239,0.9995816695783221,10.02813580418461,4.873540309165154
7570.049999977675,0.5357066602998226,53.441011666925014,0.0002643643151430255,0.9997788053859804,10.022173555485272,4.792068123257132
7580.049999977566,0.5390270494937724,53.52237167437304,0.0002641388951253118,0.999743899103857,10.03051319467011,4.7843208996342605
7590.0499999774565,0.5455386288113553,52.45356640040106,0.00025229160500842126,1.0009812669509406,9.996963957080752,4.749297287252778
7600.049999977348,0.5712866932638322,51.559275228326854,0.00026421383600786635,1.000380426196527,10.015044771058202,4.671308796847279
7610.049999977239,0.5897634058961699,51.467088057455875,0.00028024177462033427,0.9994857747901434,10.034100683872511,4.63672574500182
7620.04999997713,0.6104877805999884,50.81648056973003,0.0003250365923385592,0.9980053986740997,10.064830428412026,4.579684751450364
7630.049999977021,0.6144756754126307,49.74357044902601,0.00033396159934324194,0.9998784605424338,10.024671100633379,4.555937587830267
7640.049999976912,0.6311637243066354,48.737531155718884,0.0003689188969111128,0.9997552258130934,10.025001536948642,4.509265517723127
7650.0499999768035,0.6518703148439433,47.367938771903454,0.00040534109691324125,1.0002347212880403,10.015717664558027,4.455668906690291
7660.049999976694,0.6594848857518115,47.36917534205158,0.00037089900542556283,0.9995034368095321,10.031944599501395,4.444565860077737
7670.049999976585,0.6574244510478836,46.43143088267931,0.0003690760521033173,1.0011946888074972,9.991445619011921,4.435305049563689
7680.049999976476,0.6774075888614014,45.14290527098747,0.00018319788695393582,1.0004751886476329,10.015063719062871,4.379114101326068
7690.049999976367,0.6967527290426985,44.53229745793149,9.228951619625132e-05,0.9997677151286116,10.035246524281833,4.348067191093109
7700.049999976259,0.7150220999610581,43.517570023221914,0.00020490501235121615,0.998845317849524,10.069805743383254,4.304010081908236
7710.04999997615,0.7082666162427943,42.969095223914785,0.0003069459633112315,1.0005404600037116,10.025754047831672,4.30898368011972
7720.04999997604,0.7133583190757661,42.12157258016006,0.0002707877540084973,1.0011957579277448,10.01935280364532,4.2889302023459255
7730.049999975931,0.7205947736304791,41.30997730957139,0.00010376469455279239,1.0013150336348693,10.010887454559079,4.274616470425169
7740.049999975822,0.7316288252530223,41.042439176333495,0.00022987665073828363,0.9996094686408763,10.03335444551871,4.264975266960564
7750.049999975714,0.7223329355932777,40.99566259718819,0.0002604529998848721,1.0003120103004695,9.999429472603257,4.279575419591782
7760.049999975605,0.725554619042432,40.634087496945796,0.00047637036708884277,0.9998853779511078,10.016378551932911,4.263870698452719
7770.049999975496,0.7373206537218789,40.37404930496133,0.0006899024719903391,0.9992759795825226,10.035407766401548,4.251854432808356
7780.0499999753865,0.741117430396879,40.612816111579804,0.00020062066457392873,0.9996473805566258,10.057973183013472,4.2426942639377785
7790.049999975277,0.7302594537019874,40.840998954657415,0.00013310891225133564,1.000240328728366,10.026981420766816,4.2608981805513375
7800.049999975169,0.7186965529675646,41.47715632924928,0.00016549531795377912,1.001597212892368,10.012277939052558,4.276101301562443
7810.04999997506,0.7112013351336638,42.33889851511288,0.0005295216365648073,1.001802467028466,10.009811813182802,4.296724694384917
7820.049999974951,0.7211177796425734,42.43315839649317,0.0003896193404142714,1.0005323276573292,10.034016814949625,4.290676977006915
7830.049999974842,0.7094820822189815,43.07494391219513,0.00014692054365677906,0.9994936939558803,10.022040318202427,4.319007431684521
7840.049999974733,0.692837309797146,44.22817188583081,9.364690955128537e-05,1.000349747881207,10.01870972132272,4.348371385894494
7850.049999974624,0.6916813875508016,45.12211677550608,8.789172478421412e-05,1.0007837461127462,10.033776205239906,4.360250004188904
7860.049999974515,0.6770960394918172,46.60047308487345,0.00016010214916117147,1.0017559498019817,10.038836036225575,4.397210621288405
7870.049999974406,0.669680533973674,46.72395516365083,0.0003047783686850402,1.0004308062221614,10.028038521740124,4.417945193430184
7880.049999974297,0.6468917459308329,47.636613486653516,0.0003675906333085618,1.0018991881766701,10.006215316063532,4.463969119497503
7890.049999974188,0.629046452640174,48.90306403022229,0.00030799760729497186,1.001048468595629,10.012533208987318,4.5169732302049495
7900.04999997408,0.6331231886922483,49.530456347563494,0.0003024645561156846,1.0007756435339368,10.033611559844667,4.520931354441078
7910.04999997397,0.6216713530063674,50.14098275461365,0.00026770582743282926,0.9995758885608245,10.0413670149123,4.5524285944272
7920.049999973861,0.5947976496602545,50.99588672618987,0.0002582459433395782,1.0003794367073167,10.021064821071015,4.618090593873973
7930.049999973752,0.5828580095361977,52.002277111845764,0.00026158586043702013,1.0014538210926023,10.031001769430516,4.654889845136289
7940.049999973643,0.5582074128554217,53.14389443480087,0.00029478969606189806,1.0022299492206055,10.027994193752306,4.7276223463765765
7950.049999973535,0.5552742560406704,53.18900237225711,0.0002859847860426049,1.0006024947776495,10.028537065088216,4.742584964586314
7960.049999973426,0.5320560587592668,53.515760071947,0.0002841096050995717,1.0008853805916673,10.00542217658677,4.805776541711649
7970.0499999733165,0.5099750241362826,54.41768388478376,0.0002760601746540587,1.000535895020291,10.01553703352263,4.87517800440671
7980.049999973207,0.5076439788109613,55.14023374356509,0.00027860969995610217,1.0010996654692343,10.032794044598955,4.893403997111595
7990.049999973098,0.49472013756409755,55.63976577941785,0.00028096260497764106,1.001340551098964,10.044630325950695,4.929456686540703
8000.04999997299,0.47094960206114134,55.824458647764935,0.00027748434200698354,1.0004535699448953,10.022751081899358,5.0070709092063925
8010.049999972881,0.4547896597166107,56.48775346240688,0.0002833340595510713,1.001494652462014,10.028359637645815,5.0615309792546235
8020.049999972772,0.4299959085183367,57.09432776019692,0.00028289043800446673,1.0014911147339713,10.023849568562294,5.15117026294425
8030.049999972663,0.4286916007313104,57.21642270697617,0.00027976491582441777,1.0008529433593192,10.028902691691123,5.160328385057062
8040.049999972553,0.41154379882763714,57.125430251905115,0.0002754467426824291,0.9999523315586729,10.007376499461502,5.221360971065942
8050.049999972445,0.3895248549316817,57.67519195351027,0.0002770953854889071,1.0003402246759503,10.017498591309469,5.297342436504043
8060.049999972336,0.3833362469944858,58.316926581336055,0.0002819818653343251,1.001278352874022,10.032146722614335,5.329145580527014
8070.049999972227,0.3687195907035012,58.72891473783229,0.0002882131447724284,1.0027443012403758,10.043793240923709,5.3742358846923715
8080.049999972118,0.3536823527243628,58.544423807361596,0.00027855575964167605,1.0006440473911395,10.024076069841476,5.439284113744481
8090.049999972009,0.3386314311374851,58.87569431616696,0.00028075324838345016,1.0010732294650893,10.025953021317557,5.4997249081579955
8100.0499999719,0.31848533111078453,59.14052071813129,0.000279282126653898,1.0006632072393464,10.020951606691272,5.587201690541115
8110.049999971791,0.3167445807672869,59.37712200243153,0.00028084253191496136,1.001041694865458,10.029448086344155,5.596576894926889
8120.049999971682,0.305908697236417,59.0990603563647,0.0002760763153668418,0.9999496602198309,10.008807135913468,5.6429824187693685
8130.049999971573,0.28684776948053475,59.41188063219913,0.0002773828296928432,1.0004145873588042,10.018880753438497,5.717685993424707
8140.049999971464,0.2797208052430451,59.94169085981781,0.00028162593113051734,1.0011825883954857,10.031707332721293,5.75808976632317
8150.049999971356,0.26592099488841675,60.274440984989546,0.0002881879569463157,1.0024736683540232,10.044741987495238,5.8103863879953925
8160.0499999712465,0.2576820564652183,59.975718153841434,0.0002798256259023013,1.0008445269500643,10.02541965665106,5.85293884656601
8170.049999971137,0.2461345785553912,60.03876076213622,0.00027740365434463426,1.0004558099315701,10.023047389346809,5.907891036117497
8180.049999971028,0.23107313974890892,60.134356234683956,0.00027677187321529574,1.0002390578226565,10.018130181033621,5.981909043505931
8190.049999970919,0.22885461593010822,60.4785278768247,0.0002810694273263549,1.0010491128658732,10.030185230022846,5.995784006546283
8200.04999997081,0.22166919524832562,60.18083177892199,0.00028080557955421367,1.0009748712261484,10.010815576506596,6.02582370582678
8210.0499999707,0.20744321848749464,60.311799858431215,0.0002786165370161252,1.0006314911553702,10.02035214301478,6.09100793592667
8220.049999970592,0.2013666336240868,60.71840422522387,0.0002793333775425151,1.0008229429335946,10.031146755093264,6.132620362210854
8230.049999970484,0.19085321287516474,60.94723192229871,0.00028215426882644945,1.0010539381299972,10.041998303706514,6.184371773554719
8240.049999970375,0.18586025979779386,60.71406597168802,0.00028044521903889313,1.00091644159813,10.02690924867541,6.207430667201704
8250.049999970266,0.17792542123978358,60.55153355176468,0.00027525000662136973,1.0000863999764817,10.01872285040545,6.24857781251746
8260.049999970157,0.1672292666832864,60.59759514934484,0.0002765567452884397,1.0003038552338321,10.016292627058489,6.30417076581826
8270.049999970048,0.16550913161054467,61.01605024516953,0.0002795059813761333,1.0008279533567819,10.030936964119531,6.322358390936563
8280.049999969939,0.16034395571045748,60.83586867069108,0.00028477633622126425,1.0018039277697324,10.019308625980088,6.339486806186467
8290.04999996983,0.1512009108583898,60.7790603516039,0.000279816837777829,1.000795425008413,10.022211604068502,6.387511760085136
8300.04999996972,0.14713832302430704,61.03992356700052,0.00027606077198166887,1.0003860957795205,10.02995121395979,6.421585831622885
8310.049999969611,0.14076468990944516,61.138519165997444,0.00027454851749551167,0.9999404048335762,10.03308736353945,6.462036500348223
8320.049999969502,0.13762003765725944,61.08652989402575,0.00027935216933592144,1.0007786716611495,10.028462801929253,6.472884294298595
8330.049999969395,0.1325195554071515,60.74131384197351,0.0002766001131467044,1.0003115065585488,10.012819825495455,6.495277894210233
8340.049999969286,0.1263838854308414,60.80679199329794,0.0002784299301845243,1.000601691212106,10.016211032945074,6.527387634634405
8350.049999969176,0.12613717896630966,61.24475597701087,0.0002764873963517315,1.000482589895403,10.03141497049109,6.544807935883386
8360.049999969067,0.12390312769061063,61.25954267510066,0.0002799201615403988,1.0010331247936177,10.036067858237185,6.54946255509837
8370.049999968958,0.11882871817363584,61.01842587327989,0.00027939560858193327,1.0007535090174902,10.024398167441412,6.5742489324156885
8380.049999968849,0.11729478600335087,61.10377971341173,0.0002742127581711872,1.0001813283702654,10.027548142244845,6.590132629182891
8390.04999996874,0.11572889214439049,61.08421358934076,0.0002724145938674379,0.9999375645996258,10.02237083194147,6.604235258869303
8400.04999996863,0.1146365475204401,61.24837054333698,0.00027658700023343373,1.000504348929303,10.029861375993079,6.609957316872768
8410.049999968522,0.11226994004255819,60.797607919270376,0.00028025665768142776,1.000871200464291,10.00752023075061,6.610649723069814
8420.049999968413,0.11174312317106265,60.88847561974439,0.00027977277798628885,1.000760606668977,10.017874410599779,6.611087530801805
8430.049999968305,0.11364200912624511,61.27814555487665,0.00027397137425798915,1.0002489651391406,10.031278185860062,6.618283875468722
8440.049999968196,0.11567180717530479,61.445209319980385,0.0002652824832042083,0.9993879922242278,10.04969936423985,6.608182817251812
8450.049999968087,0.11424240365666688,61.11168205112879,0.0002768456173520371,1.0005388217729785,10.026608110188246,6.605728046495621
8460.049999967978,0.11585130214188843,61.00038903019306,0.00027584565536459027,1.00037391834652,10.023640346393169,6.5933285631362395
8470.049999967869,0.12001157296628398,60.91494261190228,0.00027742316827592163,1.000545150771027,10.015214841503427,6.570836745663371
8480.04999996776,0.12086115277186815,61.251199629450156,0.00027400625693893023,1.0003048463106585,10.030842591572439,6.576165027822939
8490.04999996765,0.12129953018207747,60.817885006172936,0.0002795850512718965,1.0009270084870387,10.007772914072618,6.561044356082166
8500.049999967541,0.12642449961251706,60.870016532135146,0.0002780036418504221,1.0006447685408004,10.02056230217103,6.527057086681786
8510.049999967432,0.13102466754160536,61.14441492320052,0.00027446242267359567,1.0003107279349306,10.030272716509947,6.514035529856353
8520.049999967323,0.13804518859198675,61.32299310410009,0.00025793659215539124,0.9991819560720521,10.047950607330304,6.481161411077412
8530.049999967216,0.13888135564847576,61.05760645699055,0.00027412728906116936,1.000368968813711,10.028484911822513,6.467490200453698
8540.049999967106,0.14355654327872874,60.752829251075596,0.0002801555651737269,1.0007537126722923,10.018674742847713,6.428882652760066
8550.049999966997,0.1525651738825111,60.656809005671256,0.00028126715904621015,1.0008369309934595,10.013236113123309,6.380300262417443
8560.049999966888,0.15564822407693032,61.0725588935901,0.00027454473523913774,1.0003593052584665,10.031241532400848,6.378957406232027
8570.049999966779,0.15767575021066368,60.7864366421403,0.00026845465180897935,1.0002212561530543,10.01718335125855,6.363818033065948
8580.04999996667,0.16773921644564804,60.696854887747776,0.00027466712789372673,1.0004811153994488,10.023340543625526,6.300405800754181
8590.04999996656,0.17555296977705778,60.801986899133404,0.00027909838410226316,1.0006010087491921,10.028405767348383,6.263419661641085
8600.049999966452,0.1887481212565105,60.86075482173831,0.0002790318467699659,1.00053417543858,10.035771539792405,6.198122649297783
8610.049999966343,0.18953019637166696,60.77936677961225,0.0002752833369854314,1.0004471349188702,10.029836626148548,6.195147150980737
8620.049999966233,0.19599451759515174,60.31266684033754,0.00028118776848115183,1.0008637560880014,10.013913458706188,6.146920077950878
8630.049999966126,0.20903181482777272,60.21531339173933,0.00027708159293246104,1.0006834952116233,10.014454839705786,6.082670540055392
8640.049999966017,0.21577172748180312,60.60912808089743,0.0002801582610036271,1.0006152150578886,10.031112638644379,6.062832110764095
8650.049999965908,0.2199749970568088,60.52333235514438,0.00026829063753753125,1.0002594432626892,10.031489864816145,6.041505986600075
8660.049999965799,0.23335690386854754,60.22155311511958,0.0002764514948617437,1.0005765889423388,10.025632156336767,5.968700778383453
8670.04999996569,0.24440119757443732,60.115449621318085,0.0002831890365108029,1.000763022639392,10.025986806850279,5.914840029553622
8680.04999996558,0.2632503811913287,59.98257787623376,0.0002915191629084441,1.0008979179068196,10.024919765701519,5.8313181740988025
8690.049999965471,0.2650085249199163,60.09568769677196,0.00028222832534185516,1.0006924989120403,10.030761754911964,5.827551468831905
8700.049999965362,0.27144682061119774,59.51279216173134,0.00027513296790577455,1.0007029131843943,10.01031320570282,5.786164092730013
8710.049999965253,0.28931493516831774,59.35018263875618,0.0002767249639544001,1.000726647872011,10.016405599342953,5.705018395382609
8720.049999965144,0.3008575093464529,59.62768672264318,0.0002833755874139541,1.0006908182750798,10.030744962853225,5.6671815791056215
8730.049999965036,0.3109837558219625,59.66571341622985,0.00031014999388187504,1.0014148268080953,10.044318892167157,5.617898640344032
8740.049999964927,0.32407681832593294,59.15397771192953,0.00028345293827150873,1.0008074290566238,10.027462993024999,5.562929924425106
8750.049999964818,0.33752550478246846,58.78655150699592,0.00027740063474561714,1.0005505234477827,10.023227724213264,5.504266556411395
8760.049999964709,0.3604922993942173,58.39201926271954,0.00027332215413748554,1.0003995315638088,10.016432406656458,5.417983647330943
8770.0499999646,0.36602687585932214,58.644033661957366,0.000281728884778138,1.0006294692074498,10.031600373868011,5.40088462893453
8780.04999996449,0.37101343837369244,57.98549445861503,0.00028259862513963467,1.001135606571123,10.007018813312715,5.368436872584317
8790.049999964382,0.3941442636931995,57.62209070449052,0.0002825772040196746,1.0009925380991709,10.018366671281594,5.277124953438738
8800.049999964273,0.41076842276538045,57.66571815416167,0.00027668603280371916,1.0003742246900613,10.03037128827722,5.2292725332578565
8810.049999964163,0.4292874340599477,57.62676854791018,0.0002745046905494472,0.9995472948204494,10.057861355610196,5.165017276615491
8820.049999964054,0.43916462307773685,56.96124395494289,0.0002798489221203144,1.000598881822186,10.029192816880473,5.124311933732902
8830.049999963947,0.4528891598685938,56.255771734209446,0.00027700713533910056,1.0005760990753874,10.019368810162536,5.067685214573112
8840.049999963838,0.4778888011352974,55.50452525424362,0.000279692231655294,1.0009930815701051,10.009368062007905,4.984764529294537
8850.049999963729,0.489324558001456,55.76055272811928,0.00027639471410794087,1.0002492416552284,10.032540671927872,4.960122445683786
8860.04999996362,0.4920143049975621,55.092519108946455,0.00028202536903106307,1.0012079608489208,10.00624608144509,4.93949391216729
8870.04999996351,0.5179345469143134,54.311006520737486,0.0002748255598609413,1.0007199709580552,10.020610236237216,4.851880680677226
8880.049999963401,0.5379386735112243,53.937639081404356,0.000274728014447156,1.0003123235495093,10.029667649134826,4.799082412593363
8890.049999963292,0.5634303220323285,53.44818012344329,0.00028143652112743486,0.9987466909238922,10.059433510943407,4.730078767208419
8900.049999963183,0.5684882752769592,52.78823760045513,0.0002945968815831169,1.0002047820945754,10.030820069500347,4.709318683495936
8910.049999963074,0.5777883406814392,51.729859950974976,0.00029142540878403353,1.001029623317264,10.013589395210994,4.665746140643255
8920.049999962965,0.600643664424553,50.56397479362206,0.0002725042509469327,1.001210691910559,10.006695915162052,4.60154128397306
8930.049999962857,0.6179775073199076,50.52380719375411,0.00023578745462596976,1.0001660895773816,10.033320753288566,4.570263993719321
8940.049999962748,0.6193950317520986,49.97095546906241,0.00021710169151309972,0.999503995012773,10.016429327320532,4.565484709922997
8950.049999962639,0.6401676393279436,48.62466106527415,0.00025286482073153785,1.0001760220243348,10.02271816980781,4.497386950216488
8960.04999996253,0.65786626966679,47.721421722161956,0.0002916242679626649,1.0007261229872557,10.02817838187311,4.4515120109502915
8970.04999996242,0.6813488871825323,46.53372777796313,0.00033844735817838845,1.000964107669908,10.045394547097436,4.393591148309424
8980.049999962312,0.6832674273783672,46.094780522591975,0.0003255347849535601,1.0002185552154326,10.031989030793913,4.393033420532226
8990.049999962202,0.6826403835035467,45.11498959776026,0.00032647106133447596,1.0010134212937518,10.00762534593972,4.377937521484496
9000.049999962093,0.6969771528590156,43.87429051266551,7.774815057840317e-05,1.0003194229107863,10.007718390304893,4.345192419508083
9010.049999961984,0.7154476682153619,43.30428436904567,0.00012298779887402148,1.0003905568293499,10.033564329238768,4.312460660391881
9020.049999961875,0.7168980284390017,42.99964729035689,3.999533454264933e-05,0.9983934316324184,10.035044037448058,4.314483454125099
9030.049999961768,0.7222308686134564,41.94410753205902,0.00033285615970014544,1.0001158259926972,10.02425897134639,4.287337808404763
9040.049999961659,0.7296685760651603,41.24907809793563,0.0003434640257024235,1.0011144036918522,10.02613381778441,4.2659378504330165
9050.04999996155,0.7390909592991938,40.588323003478266,0.00048477057181553945,1.002254886028463,10.031412597370634,4.244151707731532
9060.04999996144,0.740268688997897,40.491165601879565,0.0001489309258968709,1.0003341811282982,10.03243566663165,4.251447852091183
9070.049999961331,0.7278987214438142,40.65813184399777,4.986216622050303e-05,0.9999501207466558,10.004717346146851,4.271269935527699
9080.049999961222,0.7279742626412464,40.71725948127219,0.00038812212201886845,0.9991681567508558,10.010191305323156,4.273314331266101
9090.049999961113,0.7398269032189992,40.58373007955666,0.00036038904072597594,1.0001359794517317,10.033168637302532,4.253914029718577
9100.049999961004,0.7399659064062775,40.809636365421056,0.0008062644342974967,0.9984533165219296,10.049603322359191,4.257638180598466
9110.049999960895,0.7266011117563187,41.54670722367539,0.0006840822965609763,0.9990213198024087,10.025563704386665,4.283347360537
9120.049999960785,0.7195405274535265,42.256868692973754,0.000813368423635278,0.9997791117272676,10.024059168433192,4.296380880279859
9130.049999960678,0.7095108783396873,43.4526063019398,0.0007646293092369999,1.0006213841902778,10.020426379988614,4.323329420635157
9140.049999960569,0.7115486775795926,43.66893090631261,0.0008756880025346687,0.9992377771241475,10.032666652792265,4.328127372950108
9150.04999996046,0.6921864881305735,44.33311784846396,0.0006647672522992355,0.99909933030295,10.003257093840958,4.367161994189557
9160.04999996035,0.6782985184092908,45.62172418054597,0.0004363813275139583,0.9993283951620338,10.013248611944231,4.398596720685123
9170.049999960242,0.6791307635409267,46.508794059592226,0.0004643300835072321,1.0001830405530097,10.032523278459902,4.405903765152686
9180.049999960132,0.675175284845579,47.3014504315732,0.0003989583092698016,0.9999798676246551,10.05956856289491,4.414146904763036
9190.049999960023,0.6517999100670749,48.15560639178363,0.0005301188996310681,0.9993895484936527,10.027054845650516,4.476125354864891
9200.049999959914,0.6339741864704382,49.08712385766354,0.0005260538047619221,1.0003521262424353,10.02183442713666,4.516224223365472
9210.049999959805,0.6109426635072688,50.392360140913254,0.0005413575955622617,1.0007822455472135,10.012794951750635,4.583067995529643
9220.049999959696,0.6124055483294534,50.86667744141701,0.0005728982484224972,0.9997210886218,10.0324610406215,4.590233272945689
9230.049999959589,0.5945133011458228,51.006281417915865,0.0005346335855443224,0.9992979698079171,10.005911292056613,4.634579154707454
9240.04999995948,0.5714720724656435,52.1584360833524,0.0005252305234819616,0.9993854611130095,10.016929110146,4.69640401465902
9250.04999995937,0.5629070627807986,53.1346083609529,0.0005261294581567747,1.0001124188122497,10.031450017165644,4.730035198050327
9260.049999959261,0.5519350091705968,54.0104906374778,0.0005289956710772127,1.0004133483783526,10.057321436824894,4.760282347283253
9270.049999959152,0.5315411925233162,54.20835590113869,0.0005513286638047085,0.9994364533520156,10.028138700715383,4.826343446168053
9280.049999959043,0.5110026660747542,54.63506328907664,0.0005401297263210903,1.0002894752718423,10.019716980806193,4.880507948774519
9290.049999958934,0.48549634719012913,55.38456061444202,0.0005354484753406262,1.0004160291858148,10.01046969157616,4.966595489315527
9300.049999958825,0.4841742684972296,55.98220642679907,0.0005414919198012971,0.9996170570436047,10.032127965489678,4.984110347237692
9310.049999958715,0.47248036326838366,55.81287656218291,0.0005434852720367189,0.9993702388799562,10.011317260438442,5.017793460175085
9320.049999958606,0.44688140878236554,56.50554973058871,0.0005437414452502017,0.9994958490795214,10.019958662957173,5.098879625380598
9330.049999958499,0.4340720916525586,57.2016120549195,0.0005419363808677547,0.9997573194893961,10.030313845738865,5.152044233817233
9340.04999995839,0.4177931751163169,57.88303178795711,0.000546178043877703,0.9995880359439179,10.04850119133461,5.212763187398589
9350.04999995828,0.40581456341999306,57.80844607906988,0.0005460767650995082,0.9993749690148583,10.028967415408898,5.256578991834678
9360.049999958172,0.3884103005799411,57.81653679225385,0.0005391781845476119,0.9999836393398729,10.017501854455231,5.309549123204905
9370.049999958062,0.36645636964489264,58.185352613161285,0.0005382131406210162,1.00005263039196,10.010943519528322,5.3959989187158515
9380.049999957953,0.3622474925836652,58.793296343204204,0.0005480238256718937,0.9993456340369818,10.031812302372408,5.428080108352552
9390.049999957844,0.35622691245413246,58.59724522389261,0.0005445108769449159,0.9994044629885395,10.018524584138087,5.44639212906212
9400.049999957735,0.3330626797138252,58.91364368905154,0.0005425083210583127,0.9995789717760405,10.022384790898487,5.532552860076549
9410.049999957626,0.32022020739065526,59.3287209594803,0.0005491849383662572,0.9993970961966011,10.028964001922727,5.59356584706782
9420.049999957517,0.30304146670330656,59.76471756470513,0.0005669397463674055,0.9987660152178423,10.038393469782926,5.673952576039475
9430.04999995741,0.2977437349535165,59.71021268736965,0.0005458017195477049,0.9993973789390932,10.02969468187937,5.692580060959689
9440.0499999573,0.28538976223649937,59.466842498274,0.0005443379870120068,0.9997203935637891,10.01500272910355,5.7339920041081065
9450.049999957191,0.2683250610166252,59.65635290716455,0.0005405222428338965,0.9998429811132885,10.012707599998384,5.810360287801254
9460.049999957082,0.26281127836035323,60.21658441707692,0.0005472481890412922,0.9993515099029494,10.031417992235804,5.851996000315339
9470.049999956973,0.2598243614031607,60.13768986693967,0.0005377351375690521,0.9995911580389905,10.027947506563425,5.86045826856232
9480.049999956864,0.2417199373829687,60.18112774631483,0.0005398816804080504,0.9996676465030802,10.024611668865967,5.938691145798917
9490.049999956755,0.23105423625836263,60.362573461326605,0.0005477812044838151,0.9994004284275766,10.027091577915531,5.994044984816925
9500.049999956645,0.21687385550552388,60.58371242483644,0.0005574636784047083,0.9990557841376836,10.027765781762621,6.070678648180762
9510.049999956536,0.21450944813188955,60.674168090337076,0.0005410021841898233,0.9995743730504011,10.030367260586257,6.080592610005523
9520.049999956427,0.20670121486937681,60.29344328532162,0.000544786690345936,0.9996286367849151,10.012469308295163,6.107296215739265
9530.049999956318,0.19400512950105447,60.4209483200723,0.0005413447236801146,0.9997367902159535,10.015356486960894,6.16990171228364
9540.04999995621,0.18897630156563622,60.89516925719768,0.0005418228608372165,0.9995596632321293,10.030773206048373,6.210767294508781
9550.049999956102,0.18743075453180655,60.997665302657026,0.0005235566514705853,1.0001783691376402,10.039536927744075,6.212254542255495
9560.049999955992,0.17469568420599493,60.84112148981945,0.0005385144966605527,0.9997413824964354,10.026746472839317,6.277992028429426
9570.049999955883,0.16693819683387331,60.8175319293042,0.0005435528621474699,0.9995577675551662,10.024510561411931,6.318000258563048
9580.049999955774,0.1572525916388023,60.87125680133482,0.0005461252146654735,0.9994558757158228,10.017961672396599,6.3766024268393995
9590.049999955665,0.15609089214985364,61.14035943597009,0.0005383441949945652,0.999731743467927,10.030848904202301,6.386242374861723
9600.049999955556,0.15160141277027656,60.71912988825889,0.0005442665261476737,0.999562856354417,10.011283010167887,6.4008231144675705
9610.049999955447,0.1430662686723684,60.82717942994561,0.000541749888767142,0.9996666723331494,10.018707598633062,6.444682756009983
9620.049999955338,0.13987750340859698,61.175347481256516,0.0005390229425382252,0.9997312168781743,10.029697884430941,6.473796428823658
9630.049999955228,0.1401787511738449,61.42707008975753,0.0005141280147305945,1.000762793380122,10.047926424093072,6.464308181035409
9640.049999955121,0.13194259111932607,61.17412722319877,0.0005387208174519568,0.9997510325749553,10.028619707271796,6.516933349938858
9650.049999955012,0.12725472110298175,60.969206281428455,0.0005416463406123918,0.9996688762135404,10.02128947688922,6.536109667837426
9660.049999954903,0.12259972491902286,60.92752508100179,0.0005435434197717678,0.9995716562679778,10.012141347633658,6.567933354869879
9670.049999954794,0.1229542350573305,61.32869184456725,0.0005380778265437602,0.9997795623420396,10.030970625284047,6.573825452497526
9680.049999954685,0.12089686578825619,60.972102136506855,0.0005447532089040555,0.9994568319252689,10.013709225549277,6.579774268295533
9690.049999954575,0.11736044569538899,61.039043375443896,0.00054262776207924,0.9995854404870327,10.022274558950787,6.595010126687963
9700.049999954466,0.11715434191978316,61.22690699063589,0.0005384815785592686,0.9997913582800041,10.028103756462203,6.6017280786580015
9710.049999954357,0.12070336638295931,61.49963883329723,0.0005180553098846057,1.0007151938238343,10.045852754292207,6.576706808551039
9720.049999954248,0.1164273536765015,61.306730668548575,0.0005402431009105661,0.9996651586351145,10.0300459780882,6.610365601597405
9730.049999954139,0.11498569485383707,60.95580603094539,0.0005412491616596136,0.999714280441071,10.017815414565582,6.6057773537290405
9740.049999954032,0.11608200732233818,60.89353659327673,0.0005437588787918452,0.9995728248977815,10.011212565686238,6.602670627387235
9750.049999953922,0.11878748942194958,61.33308665614162,0.0005394364114149061,0.9997061211069713,10.030647548546106,6.598080791415392
9760.049999953813,0.1187546468535642,61.13714987239082,0.0005482709532793864,0.9992167984475463,10.021335186322572,6.597593135744704
9770.049999953704,0.12107778487271269,61.10846725996428,0.0005445518400778534,0.9994605205650657,10.025521846766726,6.577027043363764
9780.049999953595,0.12436255219839842,61.117434435043876,0.0005392472294209884,0.9997548519908468,10.026037394200873,6.556725291125905
9790.049999953486,0.13208845572138808,61.28026148986626,0.0005305039439743369,1.0001378290204237,10.034224030898669,6.515037324825725
9800.049999953377,0.13117854943358706,61.27303822966498,0.0005431183879492587,0.9994945220277299,10.030936091393837,6.527512316423623
9810.049999953268,0.13248615449992676,60.82782442389591,0.0005413354480005141,0.9997392782266661,10.014769734782895,6.503857677766765
9820.049999953158,0.13891535355192247,60.78372364896562,0.0005444211951806323,0.9995659200041348,10.013618677947912,6.46907781676177
9830.04999995305,0.14440304732832213,61.16653417791004,0.0005421295312474243,0.9995496200660744,10.029896203188093,6.4506217515510835
9840.049999952942,0.1460753866550756,61.174821105059856,0.0005574481002795088,0.9987506403252134,10.032780276255119,6.4460594831588995
9850.049999952833,0.15356211938106426,61.01188114988784,0.0005473445300909712,0.9993239523111902,10.028109051786974,6.396483858706189
9860.049999952724,0.15977335883916158,60.839703737923635,0.0005407743034305623,0.9996720149715728,10.023668489396961,6.355116788105032
9870.049999952615,0.17190905131164297,60.83862737092837,0.0005400748629428537,0.9996676261060784,10.021269164349148,6.296805005886251
9880.049999952505,0.17344798917280882,61.0342085075275,0.0005466754460323415,0.9993204692313711,10.031308049182046,6.295471391566518
9890.049999952396,0.17618106482691695,60.55663869338541,0.0005411900578899333,0.9997939372856497,10.01295429559258,6.264548601933506
9900.049999952287,0.18718772131236822,60.51451732019191,0.0005444231556164192,0.9996054152412422,10.017309908881385,6.206904012586765
9910.049999952178,0.19592752807639682,60.76510070842399,0.0005452187414703237,0.999398586392256,10.028811956971524,6.173097585392951
9920.049999952069,0.20024616857271188,60.940487148283125,0.0005644510611535229,0.9984267236841902,10.043463012725132,6.158644194702138
9930.04999995196,0.211218540615233,60.648764162631196,0.0005482890155746743,0.9993173475155838,10.029932915392704,6.095983082411801
9940.049999951852,0.21951703542203768,60.3008391034368,0.000542366840281693,0.9995948349818733,10.021224029046612,6.043686552619319
9950.049999951743,0.2359778827954009,60.134311058666235,0.0005428630085887038,0.9995433845170733,10.012711657430357,5.970700387970035
9960.049999951634,0.2405243698506154,60.45899640715991,0.0005476174183956275,0.9993021161790844,10.031259072207028,5.957028184911736
9970.049999951525,0.24333740222808098,60.011049581137485,0.0005397334227201982,0.9999533581626296,10.013044051723778,5.929603840658301
9980.049999951416,0.2592856427628359,59.899814235099775,0.0005414111766434379,0.9998012731296706,10.020927278554193,5.853254749246083
9990.049999951307,0.2718195812289511,59.952265719007045,0.0005459097124084518,0.999364897402336,10.027507614985625,5.8048990120480735
10000.049999951198,0.28178675084040117,60.18083580952676,0.0005525940876305951,0.9990067284267491,10.049353278899531,5.764664927734693
10010.049999951088,0.2937580657157375,59.79717952209748,0.0005438602487133704,0.9995932624418551,10.031080968039566,5.709400777159885
10020.04999995098,0.3029855480254125,59.27411183243443,0.0005431487467565496,0.9995332789280307,10.018844973994405,5.657713524164831
10030.04999995087,0.3232059931470306,58.928578514388,0.0005428936857129622,0.9995349764998133,10.008882717861658,5.5769568519820645
10040.049999950763,0.332794220890114,59.25918963940989,0.0005439925686015557,0.9995210025171705,10.03092653555716,5.5452808520524535
10050.049999950654,0.3349012802759282,58.898716986824404,0.000536907614792502,1.0003325159609842,10.015627205756429,5.525910843879088
10060.049999950545,0.3562648171667449,58.587682329065345,0.0005378088109078693,1.000135337250974,10.023945367006664,5.436883723440782
10070.049999950435,0.37233304476273615,58.35989215836319,0.0005440542175287958,0.999438574488571,10.026027359972781,5.379793647082009
10080.049999950326,0.39079295292716903,58.435033271024714,0.0005389244318435569,0.9999732746550489,10.049256750654825,5.3093839582261335
10090.049999950217,0.40153743063528613,58.01664520014872,0.0005396214341663076,0.9999839377269394,10.031789750310779,5.2721604880772235
10100.049999950108,0.4096992314692504,57.31659073113811,0.0005433184584884068,0.999437782843769,10.016461498839186,5.231779183415451
10110.049999949999,0.43257547954536374,56.72821714126561,0.0005435106387046325,0.9994844847006301,10.008103308544008,5.15192421312751
10120.04999994989,0.44880557912727753,56.88183225579172,0.0005419380819279949,0.9997530324681189,10.030482021469712,5.101988341453279
10130.04999994978,0.45088326547988344,56.6473936829393,0.0005363035941683981,1.0008634142498654,10.021362861284745,5.0863891135523716
10140.049999949673,0.4758684246525021,55.94209486998493,0.0005372435656157079,1.0003274374423596,10.026337335384017,4.999727812492651
10150.049999949564,0.49314968440049006,55.33270461124593,0.0005404588828512249,0.9994488212958751,10.024330167091486,4.9450868652718345
10160.049999949455,0.5190373424715284,54.93750308403521,0.000540543801468378,0.9999331850155009,10.043316666548426,4.863825388915984
10170.049999949346,0.5282923066821765,54.53765484092366,0.0005453863778576312,1.0001362194357808,10.03238044158614,4.837821489036462
10180.049999949237,0.5323065490378207,53.70571460623889,0.000549833591336295,0.9992688739584079,10.013882837037462,4.8162812555337595
10190.049999949128,0.5554338618355595,52.75156748679394,0.0005460274605785689,0.9994027390324592,10.008860242870998,4.746165528270669
10200.049999949018,0.5769626172254657,52.465869734978334,0.000528496182053551,0.999793698441261,10.03007486668444,4.688855309075997
10210.04999994891,0.581477431929823,52.30479235201503,0.0005361219834607964,1.0012526342538273,10.030856009460829,4.668454164891798
10220.0499999488,0.6035213872101021,51.055519378147046,0.0005409396197223314,1.0002525220423555,10.028311266068318,4.605982093324117
10230.049999948691,0.616739826458495,50.05127744727444,0.0005314591831480105,0.9993280920610778,10.02231989329303,4.567916482648741
10240.049999948584,0.6421588035262936,48.94205239347463,0.0006070297808015282,0.9989697714659107,10.032478442405464,4.505756468485928
10250.049999948475,0.6516621891412658,48.51632942783594,0.0005805650603253621,0.9999976776718692,10.033009725591077,4.479897397433226
10260.049999948365,0.6485812637484627,47.80294046709054,0.0006083440758280209,0.99900615259008,10.01130145391616,4.479966892386755
10270.049999948256,0.6668646551255305,46.49250250276391,0.0004960458195819019,0.9993914108896063,10.010655975012634,4.429261868245284
10280.049999948147,0.6873802436194992,45.632069893422496,0.00038323960102152146,0.9998421260782112,10.029644789476887,4.382504892010213
10290.049999948038,0.6958712929581607,45.31564300865475,0.0006540857198667801,1.0011699982971893,10.043728896224412,4.3559451117232175
10300.049999947929,0.7051292227472943,43.99991317100074,0.0008404595283742748,0.9996821568228818,10.030024054349106,4.336474616227028
10310.04999994782,0.7076218270998409,43.167922608867826,0.0009223558859054313,0.9986522361206347,10.020019636643973,4.327050702527862
10320.04999994771,0.7207545898914152,42.074456132366045,0.0006635138067770462,0.9981737530261803,10.019148717331658,4.303363938343167
10330.049999947601,0.7310805024978834,41.59028117760417,0.0005182942805617627,0.9999136071535812,10.033380441381725,4.275576192863652
10340.049999947494,0.7210847359034985,41.56102484182267,0.0006856203091191979,0.9987366664854462,10.010107952654131,4.294054125779981
10350.049999947385,0.7271451476914136,40.892467855506425,0.0008042591838310656,0.9989079239091995,10.014025277335339,4.2761570747505395
10360.049999947276,0.7372519100901938,40.45772298249476,0.0009634680480680109,0.9990178139105635,10.028870206235768,4.258832435113359
10370.049999947167,0.7460898841678983,40.19981435714685,0.0011385703120079707,1.0003208318142136,10.055438450778988,4.2332876571277485
10380.049999947058,0.7382652375207189,40.41727730012319,0.0015029236758766337,0.9986310162884509,10.03137000809449,4.258661386406657
10390.049999946948,0.7273747054539048,40.86104099175158,0.001787186883791579,0.9975408832992001,10.017628606766907,4.280337715782887
10400.04999994684,0.7211022718944562,41.5285277791121,0.0021463125519035424,0.996581320259753,10.008521061550653,4.30538319032421
10410.04999994673,0.728985641848642,41.66086743482236,0.002219475847582328,0.997807813233194,10.033154618396818,4.287838507882564
10420.049999946621,0.7171728007912123,42.04486885972362,0.0024731796597091318,0.9960924728713499,10.013028609975885,4.317105324017788
10430.049999946512,0.7067874388171648,43.09277074793157,0.0030016613433782907,0.9958607897545959,10.020651903458104,4.339463821446109
10440.049999946405,0.7016374764004157,43.994981464824036,0.00297765617260155,0.9970264869377313,10.027539534556553,4.352328289281708
10450.049999946295,0.7028533462130825,44.87312212489222,0.0031946977694561314,0.997070158294022,10.065398507469927,4.3510765508494975
10460.049999946186,0.6859148094883626,45.67049315234063,0.003311452806849362,0.9959013270302647,10.033500424096518,4.402444669707571
10470.049999946077,0.6659673812702714,46.33510103530154,0.0032550674826972597,0.9968111406484494,10.014712908118966,4.436607439724618
10480.04999994597,0.6449330243774662,47.62978028504087,0.0035957861497739056,0.9965926140947944,9.998465360346769,4.498631164794663
10490.04999994586,0.6478636763882385,48.50147620880146,0.003590264106686519,0.995614334406177,10.033451076805777,4.505592700264104
10500.049999945752,0.6378247863498613,48.53552531416167,0.0035856430348747952,0.996187975676718,10.013608046836428,4.5239409313416745
10510.049999945642,0.6154948163483615,49.84552358138689,0.0034356738644455978,0.9960415897162473,10.022639585892442,4.580472338270245
10520.049999945533,0.6012987852084478,50.852660016745205,0.003451106178779945,0.9955413119518121,10.027944191517193,4.62815299407358
10530.049999945424,0.5926669916017109,51.94214156455427,0.0034488390224478665,0.9937417825474751,10.062164490558974,4.663369696636397
10540.049999945315,0.5745900335135015,52.353635363379034,0.0034489493348538783,0.9958179704172573,10.032492975928259,4.709001221555786
10550.049999945206,0.5555477750934504,52.55806156448869,0.00344823808168194,0.9953775994420316,10.01692320007138,4.7566476123328245
10560.049999945097,0.530525319557639,53.437588656287026,0.003481389856970247,0.9950324996047732,10.007285477590656,4.838173293235079
10570.049999944988,0.5247096584759581,54.353959174828795,0.00347515014969259,0.9960775847229368,10.031768585956275,4.86104454320192
10580.04999994488,0.5188319426422267,54.32034711885148,0.003474292228265816,0.9960033737100096,10.0236652671963,4.876186561672179
10590.049999944771,0.49185808003610487,55.13701427108699,0.0034674184705871165,0.9959725137724366,10.025880674194696,4.959332511342896
10600.049999944662,0.4743780950941115,55.67183475278931,0.0034658120797624137,0.9963574768688458,10.025492908343113,5.01603397067297
10610.049999944553,0.45460845534032485,56.50761739370319,0.0034556213565656363,0.9979548273732203,10.033378508533193,5.080894088606928
10620.049999944444,0.44585832519098745,56.732770999220136,0.0034694180285850186,0.9958097311995769,10.032400197581204,5.125292350630447
10630.049999944335,0.4316978257668065,56.50896466680202,0.003463113358859467,0.996262170456207,10.014142528128877,5.159936627546173
10640.049999944225,0.40856907473346743,56.995143571542364,0.0034656896955938365,0.9962362070957088,10.010680379707413,5.244267685587651
10650.049999944116,0.39886933028880783,57.762238706445785,0.0034624518406348725,0.9959496213594928,10.030899973990957,5.293722837068131
10660.049999944007,0.3963861424661168,57.811015637189335,0.003473523179281114,0.9952722184152315,10.03322756887626,5.305563085513517
10670.049999943898,0.3713784961743956,58.1443826954309,0.003471087782582088,0.9955784974731242,10.028206778192102,5.395495401506288
10680.04999994379,0.3561238739958654,58.32321452205889,0.003467875243576522,0.9958776046233956,10.024939721573988,5.451276219442727
10690.049999943682,0.3382993853985246,58.798324675234944,0.00347647767694094,0.9946670716812852,10.029084769018514,5.5371447161104115
10700.049999943572,0.3307246253239851,59.04317659079949,0.0034704772806092234,0.995541356944195,10.032241877631364,5.56655716020639
10710.049999943463,0.3212496315806648,58.68416712518586,0.003468204140032231,0.9958276214889262,10.01447707868457,5.591455351405009
10720.049999943354,0.30137266882221175,58.96309702284558,0.0034675641118632884,0.9959651498645034,10.014459629528062,5.674656512834826
10730.049999943245,0.2920217396154275,59.52386889141573,0.0034679519852751904,0.9959624987387837,10.02986213452987,5.726849136986108
10740.049999943136,0.28663195076763753,59.7293235423886,0.0034594147295938116,0.9976066937493803,10.037117536035913,5.740925270321461
10750.049999943027,0.26977589928929263,59.762740213379324,0.0034657509348169136,0.9962400514833927,10.029450722306237,5.822574128839176
10760.049999942918,0.2589394538531243,59.66468476166729,0.0034658528369680814,0.9961421252192656,10.022456690146283,5.866008454799259
10770.049999942808,0.24244356252904334,59.82130061094371,0.0034616294457447236,0.9967473912911379,10.012266263843582,5.945990186010624
10780.049999942701,0.23785346293796894,60.226673262288045,0.0034723916586364366,0.9956821747134557,10.031652553578104,5.980437608962967
10790.049999942592,0.23421275194854166,59.846418752827915,0.003464294028634423,0.9961203516001547,10.014448529754368,5.984648151115493
10800.049999942483,0.21879555471519496,60.03637161489588,0.0034635413615360577,0.9961163908781634,10.020337797232017,6.0573761035389415
10810.049999942374,0.20971497375792195,60.36358577515783,0.003466128010723772,0.9959676201778017,10.028419679970716,6.111559466836766
10820.049999942265,0.2074571390627164,60.70719635296559,0.0034469571115405555,0.9965217850776029,10.04922096122039,6.120860081859438
10830.049999942155,0.19434915028733174,60.56999401152586,0.0034689488415815452,0.9957419222769801,10.03106130321163,6.193914574377983
10840.049999942046,0.18644832003173312,60.30060673115855,0.0034663392312365804,0.9960716236776962,10.020518941813293,6.221093650874548
10850.049999941937,0.17445103851933533,60.299455762878594,0.003466547074192684,0.9960937213553889,10.007192241143706,6.29007883110607
10860.049999941828,0.17144062353589495,60.782973418286005,0.003471495199764479,0.9955242867859985,10.031380369726495,6.318415966217628
10870.049999941719,0.16813251596533602,60.46163191119409,0.0034658646419348156,0.9962865567325573,10.015242493028428,6.322796574984504
10880.049999941612,0.15703376827224022,60.601384164165054,0.003465177739539456,0.996267769317191,10.023781561383643,6.380000389080561
10890.049999941502,0.15169382308294901,60.74160885180526,0.003468267645025653,0.9958756363633764,10.026947463691112,6.416537162831145
10900.049999941393,0.14624186687703966,61.10233707166372,0.0034543045203672567,0.9978415487835567,10.044172878021017,6.437483611376471
10910.049999941284,0.14093227625920843,60.97268365674094,0.0034652715262729625,0.9962380747143956,10.031434030731559,6.480837844067822
10920.049999941175,0.13685989898604634,60.596306937353425,0.0034673744358874204,0.9959451218847528,10.018364700853287,6.492036348438911
10930.049999941066,0.12966843702022227,60.54348410697743,0.0034666144536629694,0.9960547690945781,10.009164628770087,6.53465788700537
10940.049999940957,0.12721392939493312,61.00387563192838,0.00347191394882602,0.9956549013937117,10.030127391743871,6.562473722740581
10950.049999940848,0.12795084412114807,60.87079462313598,0.003467954936863784,0.9959029219316335,10.022838151129758,6.554305736732984
10960.049999940738,0.12094996469827014,60.92096023799461,0.0034643673234248363,0.9960727700187122,10.028107625880695,6.589979324163294
10970.04999994063,0.11720806640364309,60.851186989451364,0.0034682981942685937,0.9958912473238386,10.02484385807441,6.610601299026365
10980.049999940522,0.11781583544485899,61.11198107167725,0.0034464568804731164,0.9969296997731756,10.035741798918462,6.6062932778065395
10990.049999940413,0.1139095137198904,61.127476331473986,0.003466779878886963,0.9959144283316027,10.031825860232065,6.6409680401300575
11000.049999940304,0.11120343370407045,60.70574258025284,0.0034671548073612,0.9960263546775024,10.016607871559762,6.641141366228976
11010.049999940195,0.10853532177957348,60.67028672341578,0.0034674200211730257,0.9960141397533017,10.012535361692294,6.657763392769913
11020.049999940085,0.10992332539520236,61.04641595448346,0.0034713780039360566,0.9956022118392405,10.029115159354081,6.6631388216094445
11030.049999939976,0.10981166303601247,61.09735184710375,0.003464872247027666,0.9964528460965902,10.029626524619152,6.659847859629085
11040.049999939867,0.10905407800033455,61.05276948705983,0.0034640803566096325,0.9963376468036101,10.0301866286315,6.661590603466512
11050.049999939758,0.10936561508917432,60.8305431656323,0.0034687861681272016,0.9958010276184567,10.022972854655285,6.655892150803983
11060.049999939649,0.11149662344137756,60.912146966071326,0.0034618086277100795,0.9966539321571473,10.020125097470832,6.644968536021393
11070.04999993954,0.11326810335952626,61.121942222896244,0.003465719435515486,0.9961928442877254,10.031111947967611,6.642630038329727
11080.049999939432,0.11320434262055737,60.74347362355555,0.0034697546800059433,0.9956771885882005,10.017036467122997,6.634767294629682
11090.049999939323,0.11670154286546558,60.75478110263454,0.003470855541951723,0.9955543116218605,10.02038505062333,6.6138059666083695
11100.049999939214,0.12025717578365384,60.92772333846573,0.0034704140605665867,0.9957188994633999,10.027191608521386,6.597932065716554
11110.049999939105,0.12537998379690365,61.19224169143338,0.003478916703608786,0.9950535781866133,10.043249646695752,6.577901807299603
11120.049999938996,0.1278227704086641,61.03940464829429,0.0034661352410157525,0.9959436232114094,10.032193137692667,6.557323570812585
11130.049999938887,0.12945147728171524,60.677125257492946,0.0034695848399114763,0.9958306092652204,10.020798440397929,6.535864249724372
11140.049999938778,0.1377807339085133,60.60250399560077,0.003467486819198478,0.9959139158163172,10.009841881403656,6.495423410520676
11150.049999938668,0.14138229863181156,60.95922907250104,0.0034655914467297917,0.9959751965295606,10.030495716930456,6.480486773940701
11160.04999993856,0.14135179487485333,60.66369596033216,0.003471236346460655,0.995812824753977,10.018074417982415,6.473864809790773
11170.04999993845,0.1490705751422618,60.67262540109294,0.00347194884650888,0.9957528850191155,10.02457186140408,6.428741019081587
11180.049999938343,0.15655279423072932,60.67652378658903,0.0034705168991927093,0.9957048422175291,10.025793647298721,6.389817471926063
11190.049999938234,0.1614590305099551,61.02704838537277,0.00346489615488211,0.9963855119430491,10.04542169578539,6.364768391595511
11200.049999938125,0.16928719451374977,60.82391173560492,0.003463835881754475,0.9963819612553504,10.032303104042983,6.324255929387755
11210.049999938015,0.17311331131959282,60.386418324183325,0.0034693006515414447,0.9957036533187508,10.019522231044636,6.29430207586331
11220.049999937906,0.1843813133963192,60.21328325223273,0.0034699912243544113,0.9954238202793377,10.008066796592933,6.241165574117696
11230.049999937797,0.19177470187693946,60.56411711519129,0.0034663586533063436,0.9961631977315275,10.028918968314471,6.204266424442707
11240.049999937688,0.1938771877697493,60.44866738056437,0.003472395910574953,0.9952011543708298,10.024391997137128,6.198452156984813
11250.049999937579,0.2067083537666869,60.39305469896732,0.0034728065761484967,0.9952452375953392,10.030278998886045,6.130699455406447
11260.04999993747,0.21480898713484753,60.14089054419576,0.0034686650614786326,0.9958530969783055,10.0234726421954,6.080491289322055
11270.04999993736,0.22851212440781415,60.415986193121284,0.0034831693231205173,0.9941901172556175,10.046676555086806,6.029790210767235
11280.049999937253,0.23565526746784796,60.2767571188584,0.003468763925192848,0.9957136744296141,10.032667904553504,5.991574791032187
11290.049999937144,0.23843021528518055,59.79398544511718,0.0034685958123146163,0.9959504193523843,10.017870831426256,5.962268323914902
11300.049999937035,0.2529839038063937,59.54323679583504,0.0034711243593903217,0.9960213443103106,10.00828478176996,5.895372316494399
11310.049999936926,0.26582789459485195,59.79273838686727,0.0034647356397761175,0.9959589162972268,10.028029106856339,5.842806430846965
11320.049999936817,0.26655595109202695,59.81732261339552,0.0034818722911275947,0.9955126774250924,10.02767067966885,5.844787070524533
11330.049999936708,0.2845168979470615,59.60754533390821,0.0034730912172566335,0.995757117332219,10.031810603503573,5.759194472016378
11340.049999936598,0.2959284889028589,59.18051651499613,0.003469384547416041,0.9957850463125943,10.022426980005203,5.700987482682459
11350.04999993649,0.3136186123786165,59.253039591379476,0.0034670017538761264,0.9958890324240073,10.035566999153483,5.630984976453897
11360.04999993638,0.3237639983988172,59.144782195868586,0.0034648656044624143,0.996380567608495,10.031646173385479,5.590086519372135
11370.049999936271,0.3266729850814026,58.677238732746375,0.003469337076511883,0.9955896004003205,10.018507844471134,5.5712771481372725
11380.049999936164,0.3456655997934008,58.346531909695514,0.0034714544913139957,0.9951100261616824,10.016772673456451,5.496643271485736
11390.049999936055,0.36225594203016004,58.271398387869795,0.0034670528869135677,0.9961131688584614,10.026123856947416,5.427364884767588
11400.049999935945,0.36886103995811875,58.46927463923504,0.003471821540107349,0.9949133445971907,10.040995614035838,5.41391565197811
11410.049999935836,0.3899934857497752,57.96879382706072,0.003471793226194954,0.995249865113979,10.034060363702991,5.330614254442897
11420.049999935727,0.3989833309817531,57.293896935710485,0.0034676452210206077,0.9960071302132408,10.01973794106461,5.27902495308443
11430.049999935618,0.4232633629683252,56.85154159618958,0.003470090668915491,0.995840141591274,10.01442328561482,5.1991344984979815
11440.049999935509,0.4368689165983478,56.892005096627834,0.0034707633192119854,0.9955282889083966,10.03153697999225,5.156559168299716
11450.0499999354,0.43640453828996656,56.46650168350848,0.003462879727002183,0.9963378114120016,10.016430243517462,5.1443435777847935
11460.04999993529,0.4583534512814334,55.88266498572529,0.0034567559670932455,0.9963637319060548,10.018860891912855,5.065086438255427
11470.049999935181,0.48008973138909466,55.44881944992828,0.003461408659777044,0.9959462520676531,10.025588798145353,4.996906202996683
11480.049999935072,0.48974971092875513,55.62972232561508,0.0034900107516221764,0.9953052192205762,10.043667706663577,4.975727267377946
11490.049999934965,0.5120633384649199,54.75246160463998,0.0034726081988641923,0.9959722079741995,10.034967261441269,4.89826782517741
11500.049999934856,0.5191617399210553,53.8979371099018,0.0034716785123046485,0.9958244549747963,10.019067345189876,4.86325671740553
11510.049999934747,0.5445174449920128,53.02660474410853,0.0034809632365237083,0.9947607448788423,10.013869119435515,4.7966710584177665
11520.049999934638,0.561678760536342,52.76858656076912,0.0034737391029883,0.9961580423419946,10.030749725651855,4.741526383188591
11530.049999934528,0.5598934126975526,52.46462762400113,0.003477852375068346,0.9956607161916553,10.019780444041125,4.743245519091813
11540.04999993442,0.5836901482109562,51.44471858246868,0.0034148814587208406,0.9956611747600403,10.024274316525817,4.671399700681832
11550.04999993431,0.6018604444799446,50.470076896229685,0.0034225338054482187,0.995998879370542,10.023658028317833,4.615071131032978
11560.049999934201,0.6205225626611234,50.257724546507404,0.0034435223701509213,0.9961702103778514,10.054812547018269,4.567472263292867
11570.049999934092,0.6359665823747256,49.060687832958784,0.0034960894914455778,0.9956328493806545,10.034998142599388,4.531040680721509
11580.049999933983,0.6346000461807909,48.24635987047284,0.003475462684965283,0.9959455811352623,10.015653864858349,4.517937059625684
11590.049999933875,0.6508029821567636,46.889035682126796,0.0035994175326718855,0.9967747142166561,9.993005517079615,4.475302333313976
11600.049999933766,0.6733496354588508,46.23846464158202,0.0035815040642790245,0.9956432277399326,10.030384457148864,4.426619051049948
11610.049999933657,0.6701398682800274,46.14345874122093,0.003562777813968349,0.9960466646857388,10.018572848418808,4.43077125938391
11620.049999933548,0.6876565139802155,44.78691057795183,0.003171747538746105,0.9963320591182173,10.029268178608172,4.378959701750306
11630.049999933439,0.696317950082705,43.755176924009014,0.003291261667887941,0.9962338875508866,10.022691742035041,4.354636870725449
11640.04999993333,0.7168170500146483,43.13979288562269,0.0033524855775371185,0.994691503684467,10.069157566665584,4.316658928670029
11650.04999993322,0.7202293243234213,42.18639159974675,0.0032248545546355568,0.9960403834114969,10.036526322898974,4.306538708255084
11660.049999933111,0.7102547925702947,41.97532805518737,0.0031869843947701267,0.9964373625755762,10.014493725219726,4.313142748155112
11670.049999933002,0.7134197920355372,41.31200509113556,0.003403107295126802,0.9958944124481003,9.993122940891832,4.313158514977598
11680.049999932893,0.7299059019814526,40.66961494703644,0.0036439001754696096,0.9954545498442455,10.030193529231985,4.279645635901288
11690.049999932786,0.7280224669436132,40.69754519156814,0.0036663107706973387,0.9961032110550005,10.024834185913956,4.279881677908732
11700.049999932677,0.7301946687949221,40.40756008552047,0.0035476759119120738,0.9961289847068138,10.029500567320476,4.270901718158492
11710.049999932568,0.7241452149777274,40.64583778951045,0.0035635689869408056,0.9955069467561708,10.021668076081399,4.283333368630004
11720.049999932458,0.732494115357176,40.69692449833896,0.00329273895231857,0.9976861070645135,10.046478377869148,4.259616563779847
11730.04999993235,0.7274985467347729,41.130369270421454,0.0028076360487187244,0.9970941672491166,10.034298178444175,4.2787514215104725
11740.04999993224,0.7129235143106784,41.585312938672864,0.0029177090732214746,0.9961912687710354,10.01393677845429,4.30550812566156
11750.049999932131,0.7015745057769076,42.45657794767151,0.002644416369473839,0.996216573884238,10.00375630718984,4.333206057035491
11760.049999932022,0.7037745168078063,43.188355757319755,0.0024384447992961055,0.9976615475300071,10.027949623930505,4.328523760148743
11770.049999931913,0.7060214822260152,43.323574428878786,0.0024762761033459077,0.9962572798246764,10.037002698152216,4.333314460087563
11780.049999931804,0.6896275327542927,44.63086002193698,0.002119243580089253,0.9971995262877918,10.034253661387604,4.366725617042075
11790.049999931696,0.6712975558731116,45.46091155964873,0.0019914994760921686,0.9982260253938959,10.019592978622125,4.399529389413517
11800.049999931587,0.6617236503356091,46.77910166904819,0.002009237468358185,0.9982368865786218,10.032890173592634,4.4327233104666535
11810.049999931478,0.6540829903769887,47.51841638922301,0.0017815225091227758,0.9977789160814828,10.033801297617407,4.460476337629346
11820.049999931369,0.6399151694466175,47.58282316436959,0.0017009991551687794,0.9984223283325429,10.013228697856103,4.482007396705965
11830.04999993126,0.6188034758781968,48.73244600261755,0.0017430603853296376,0.99842996052032,10.007945070119378,4.538381350954859
11840.04999993115,0.6084143201250612,49.94333103675092,0.0017736550786385074,0.998108397406136,10.027370873709321,4.5767100946548664
11850.049999931041,0.6105945341417897,50.23381001184319,0.0018232421374258696,0.9971798545875667,10.041856464750914,4.579687654265523
11860.049999930932,0.5834679393269055,51.379995154616466,0.0018280981865544882,0.9975237031222901,10.03386647758152,4.6528885682555705
11870.049999930823,0.5629777460952015,51.7684541935752,0.0018135430344021946,0.9982246122280245,10.019944609232414,4.699310052665428
11880.049999930714,0.5424339068114393,52.858851176412216,0.0017972271818888004,0.9977221925252265,10.020000032058618,4.77266072909166
11890.049999930607,0.5334191317663436,53.54524777615042,0.0017916111556349587,0.9975408875071055,10.032597418681254,4.805887549363581
11900.049999930498,0.5236332666752472,53.29884582431134,0.0017831064969139998,0.9983811302275318,10.014750847216266,4.820310871088388
11910.049999930388,0.4990734822583666,54.07751049626276,0.001788983851234415,0.9983108809715777,10.013698821979313,4.896778043241792
11920.04999993028,0.4832907318796432,54.97147094225139,0.0017940572829570072,0.9976177161214131,10.02702882063885,4.959479332417949
11930.04999993017,0.48188398110061736,55.370919085404225,0.001796612873412706,0.9975380481576039,10.041558410554497,4.969443103509986
11940.049999930061,0.4549875505675064,55.95295172737445,0.0017949024995250358,0.9977802910138672,10.033106274128901,5.05726452984256
11950.049999929952,0.43887656331026087,55.93198275302175,0.001794622480697412,0.9977014765028109,10.020379776862255,5.1035515411350545
11960.049999929843,0.41609318525720745,56.51851146917737,0.0017986344359154178,0.9963783843295007,10.013909998632668,5.1993844537008
11970.049999929734,0.40632744220951666,57.14462546580002,0.0017938119314922709,0.9978234350753941,10.031207025584141,5.232360083937769
11980.049999929624,0.40145651320453046,56.85482686005273,0.0017921862903594974,0.998084436280333,10.01742838777548,5.240276586997785
11990.049999929517,0.3777950539692395,57.353785194476565,0.0017908791790297695,0.9984229800161131,10.02082883622528,5.325339375116336
12000.049999929408,0.36264672059025066,57.798174180891465,0.0017936503690695654,0.9978590905486926,10.025849864305668,5.391640400552848
12010.049999929299,0.35548629747077964,58.324950125153904,0.0017854444952679982,0.9999037194951186,10.04290915290712,5.413610663499765
12020.04999992919,0.3361666076256019,58.48396412008468,0.0017892482898880296,0.9986464253952961,10.032189036474058,5.499118185448826
12030.04999992908,0.32632587576151484,58.21570704345623,0.0017940064090345607,0.9977715882464051,10.019649148336278,5.533136087241522
12040.049999928971,0.3062958625649613,58.41602331575106,0.0017939637654628454,0.9975713796189695,10.006913126859633,5.623039906443813
12050.049999928862,0.29644381374550166,59.014130909913646,0.001789390692262509,0.9984642286971591,10.029250908097104,5.666460339298303
12060.049999928753,0.295604224478289,58.85163186967012,0.0017946237062968487,0.9977018353172185,10.022579750118586,5.671202523578473
12070.049999928644,0.2754716305832553,59.16236488683348,0.00179534606456112,0.9978049229122095,10.02783937112031,5.757811055494059
12080.049999928535,0.26303138803193243,59.21752182076832,0.0017905012452203999,0.9982372894460124,10.02393056639438,5.808885917067735
12090.049999928427,0.25296573263362837,59.73585731820631,0.0017961617123416602,0.997944418805682,10.045779509147405,5.862550120183033
12100.049999928318,0.24148230596228057,59.75473948017406,0.0017983840702910326,0.9977289975972725,10.032112602879222,5.922930203504544
12110.04999992821,0.2362101119074994,59.37515056590297,0.001790703013222644,0.9981664169563395,10.01826226077314,5.931245041602816
12120.0499999281,0.22131295716936877,59.38937710491506,0.001787910268409742,0.99846908284742,10.004950936697002,6.004013408822041
12130.049999927991,0.21191683174082207,59.92242035281267,0.0017971830501776348,0.997825034553842,10.028232160724617,6.061951199017102
12140.049999927882,0.21292543805117978,59.89085293456821,0.0017847913929771812,0.9982442976152432,10.025641967926921,6.054674476656902
12150.049999927773,0.1971177708456353,60.061237915335376,0.0017861501206562754,0.9982133633842278,10.030451071538044,6.132385278597885
12160.049999927664,0.18793604043761775,59.91879045918687,0.0017935654228616064,0.9980164399149798,10.022841920732432,6.174317997875199
12170.049999927554,0.18012195299660963,60.29712801261536,0.0017723287104058354,0.9989000774047475,10.03624868736842,6.2164049238074535
12180.049999927445,0.1721064651408889,60.361484919451556,0.0017879552734517076,0.9982129760476914,10.031333747858188,6.268445584127829
12190.049999927338,0.1687569805804774,59.983139136363,0.0017942863050113764,0.9979586988884306,10.018135843939167,6.274731787646631
12200.049999927229,0.1576898878662619,59.981279237676,0.0017969587818195659,0.9977465410486613,10.012247620915716,6.336348437002012
12210.04999992712,0.15133218347747585,60.332954625064566,0.001791144501978398,0.9981116520285409,10.026715246879185,6.375364354565851
12220.04999992701,0.15179960583773885,60.48811693820704,0.0018023463725108054,0.9971258095253952,10.03359777414029,6.384398789116065
12230.049999926901,0.14072503155417712,60.52708989259657,0.0017981287383006493,0.9974876548570791,10.032680103125005,6.442398822208742
12240.049999926792,0.13491133246141968,60.22994387482567,0.001792084538892627,0.9980793484396276,10.021313652230324,6.459538320628356
12250.049999926683,0.12969005263209513,60.38385559159518,0.0018007223991408088,0.9971967887279944,10.021803122257229,6.503867311552418
12260.049999926574,0.12432289855435463,60.62307097164825,0.0017966000124963496,0.9976231035533618,10.030600651209248,6.537338895442585
12270.049999926465,0.12221674328385887,60.2999326679653,0.001791391116469189,0.9982041562045572,10.018166294172728,6.534363690978595
12280.049999926356,0.11446910030266802,60.33056929656091,0.0017898940881775373,0.9983790448270339,10.018740575172073,6.577308514588178
12290.049999926248,0.11156639114249091,60.49416428813867,0.0017947805575015353,0.9977848251978066,10.025466448427641,6.603003825808109
12300.04999992614,0.11094872333859855,60.80596203186338,0.0017877590115408075,0.9987804706375888,10.03781770880356,6.607947134454991
12310.04999992603,0.10507629673160097,60.74719925234556,0.0017891917110653122,0.9984236544042504,10.032803242047779,6.644773754204281
12320.049999925921,0.10269358297763025,60.37269168684005,0.001794002165454605,0.997840273579151,10.020523018233154,6.649447626727654
12330.049999925812,0.09934020976911076,60.348470783422705,0.001794533993539602,0.9975596359000121,10.009620419544197,6.679309210845887
12340.049999925703,0.09766178376243136,60.69258289390195,0.0017897319694739774,0.9983280397746926,10.028643007314475,6.68844248081769
12350.049999925594,0.09774640879255256,60.52419394379701,0.0017931067792174625,0.9979103805228684,10.021995689692249,6.686152652502939
12360.049999925484,0.09467587159375324,60.60758779134259,0.0017934543898690699,0.9979660995538349,10.027640789858378,6.704053994280931
12370.049999925375,0.09375809568789435,60.49837791182248,0.0017912726232396949,0.9981518026180678,10.02337514799619,6.70451632139441
12380.049999925266,0.09529718467531412,60.9111919189094,0.0017899122081070178,0.9982870252101007,10.045066961003004,6.702309647028439
12390.049999925159,0.09438113832762121,60.80018976852986,0.001794791713217592,0.9979066908729073,10.032115116709683,6.715067967055845
12400.04999992505,0.09352046342469052,60.39895134902865,0.0017924084434977603,0.9980326565742558,10.019377029087472,6.703887441812096
12410.04999992494,0.09387623135387699,60.229890812524744,0.0017899109096097352,0.998432331176712,10.000598875580115,6.704399286451232
12420.049999924831,0.09644597965542548,60.630499630169055,0.0017950590212560504,0.9978463156017635,10.026920231490086,6.696857292085033
12430.049999924722,0.0979536935009969,60.62610496011391,0.0017958580379556879,0.9977716421036962,10.025177746396942,6.6899663857523315
12440.049999924613,0.10017973496713395,60.69326808686196,0.0017951452231141907,0.9977129084227102,10.032557439693573,6.675320626678348
12450.049999924504,0.1010909256563904,60.42226082309203,0.001793992976769603,0.9979341658381966,10.022068455884183,6.659786028380477
12460.049999924395,0.107400271801695,60.79039863309576,0.0018036335497287309,0.9971289532955837,10.042492160853351,6.636094481508096
12470.049999924286,0.10895299906877431,60.726104728866794,0.0017922658137512404,0.9979642736608804,10.031309763082175,6.626335208287572
12480.049999924177,0.10857164692652053,60.36921301348813,0.0017925334440797257,0.9980458150305169,10.019621216617775,6.614862686387109
12490.04999992407,0.11282112484168426,60.2237288764867,0.0017923261190290704,0.9981547837719028,10.007797946582555,6.591127240705233
12500.04999992396,0.11902869811810927,60.47789001527868,0.0017912138593849571,0.9980861792760385,10.02533445312673,6.558028101340072
12510.049999923851,0.12052031182679018,60.658896086743475,0.001788152017304893,0.9982056038440208,10.031216176357887,6.555392255538792
12520.049999923742,0.1272127663596703,60.65177024426073,0.0017900693409237955,0.9980883272706814,10.034024862338896,6.516743827786414
12530.049999923633,0.13057265773071455,60.253044211872606,0.0017919461879437027,0.9980878286066467,10.020923042985697,6.484484997524124
12540.049999923524,0.1402703723281982,60.42059751602139,0.0017871958866864594,0.9982439441172829,10.027666610180457,6.436487470041254
12550.049999923414,0.14398820807346424,60.49933397226418,0.001794665978484359,0.9978614919396608,10.029528390894662,6.423361041725462
12560.049999923305,0.14415118723975423,60.23312899807719,0.0017932407722416068,0.9980517844220756,10.020382299206968,6.412126363289399
12570.049999923196,0.1512529758870952,60.1208415976084,0.0017943463008918475,0.9981055674282818,10.016375275972507,6.371440610483978
12580.049999923087,0.16088448027742727,60.17598731621469,0.0017942859977865995,0.9978984770717347,10.0238943146883,6.321231452929418
12590.04999992298,0.16283832705297363,60.49018162638173,0.001794106417046738,0.9980674307678309,10.035357776893058,6.319885104655855
12600.04999992287,0.17401113922570344,60.39019072143936,0.001792890698212316,0.9980926376028241,10.034548934271248,6.259110506538545
12610.049999922761,0.1785869116719721,59.93205818929415,0.0017931709422220545,0.99795717521152,10.020489616127575,6.221912424019195
12620.049999922652,0.19064317364896968,59.89481738980214,0.001796011911510651,0.997424324818507,10.016440320966021,6.169984496686608
12630.049999922543,0.19834602100841814,60.05053357407717,0.0017915805780182414,0.998157648609527,10.027762382357514,6.12874814373794
12640.049999922434,0.19894464170461934,59.925459103217115,0.0017914232600873587,0.9981368502557819,10.023178239964162,6.122504668276613
12650.049999922325,0.21049726710599204,59.86522650479944,0.0017895711123749318,0.998446784053279,10.026351503977233,6.06188453899816
12660.049999922216,0.22175396140919054,59.612800486951556,0.0017927023937750577,0.9980011081745631,10.022396464531138,6.004222527787552
12670.049999922107,0.22806470904322254,59.99936149731755,0.001786621281228784,0.9990017820692992,10.041202054486208,5.976951677130715
12680.049999921997,0.24276048857030408,59.75847374008251,0.0017906604884223808,0.9984469192111908,10.032244073350608,5.912615407486703
12690.04999992189,0.2461144242199297,59.30177127351793,0.0017938371471767057,0.9978067602787376,10.020246789216543,5.8871848937544735
12700.04999992178,0.2606545592270807,58.94872765648242,0.0017919367884453223,0.9982076782260725,9.999513915909384,5.822888305407671
12710.049999921672,0.2740050863717488,59.15556360825561,0.0017921987715776304,0.9981393148043243,10.025266693802825,5.762703109134454
12720.049999921563,0.27536480197337754,59.21061043063676,0.0017964973764432982,0.9973749060083844,10.02683487276998,5.76463122379939
12730.049999921453,0.2930853226245881,59.063487185867515,0.0017993841936513283,0.9968911520828784,10.035206088529343,5.687498222778362
12740.049999921344,0.30399391273299997,58.54375263769691,0.0017923258015938807,0.9980824608587315,10.020861045864972,5.623695155858697
12750.049999921235,0.31835757227588257,58.834610016112485,0.0018011831370755736,0.9966123871954329,10.045278640081557,5.58038673976086
12760.049999921126,0.3346075488025715,58.47928779961064,0.0017965254209363394,0.9974792468556761,10.031791539540713,5.51203405169868
12770.049999921017,0.33542325220752583,58.058072885876435,0.0017918885542797939,0.998136030235539,10.01969695611991,5.4927293612283545
12780.049999920908,0.3521846670720401,57.497866677529466,0.0017884169548123762,0.9988847898606966,9.996248549336544,5.424093121423511
12790.0499999208,0.3722937467256655,57.520910007744725,0.0017944707639860884,0.9978569246293307,10.024285768942397,5.350552154281287
12800.049999920691,0.37427344715519145,57.69394097804288,0.00178876706599617,0.9981819128636118,10.028570373660628,5.347834907842409
12810.049999920582,0.3975123719616277,57.30679442357707,0.0017865119089706851,0.9980098528150814,10.03751373341058,5.25814201731868
12820.049999920473,0.4081473230225173,56.56993550502424,0.0017937887244313213,0.9980728636961524,10.02019718480798,5.207436963502014
12830.049999920364,0.42993908586944585,56.5829020047524,0.0017818282843896443,0.9977140050617431,10.04248638699276,5.138655640055492
12840.049999920255,0.4474020173588677,56.04770235481015,0.0017856453876118168,0.9979881019984644,10.030830328132183,5.079280977034153
12850.049999920146,0.4456842875256652,55.694145552506846,0.0018005180044043932,0.9980762217047285,10.019902509075836,5.075075151364887
12860.049999920036,0.4627799712297558,54.92999106695196,0.001812201693324753,0.9984506610719195,10.000622560075087,5.014636622648262
12870.049999919927,0.48895573754144633,54.501059355918244,0.0017899670720247537,0.9980525886350753,10.023309732394775,4.92876286988257
12880.049999919818,0.49335450239638384,54.7244062429599,0.001793195046645176,0.998079275045939,10.03180795135973,4.923032716565571
12890.049999919709,0.5201514819553408,53.88244923787943,0.0017942598185132284,0.998040492004986,10.038847167125219,4.834834266661482
12900.049999919602,0.5268870705340681,52.966253335140166,0.001797085064955859,0.9981032328522462,10.019342868352854,4.80079748866852
12910.049999919493,0.5525774508075492,52.46803704867046,0.0018193664425678996,0.9971564984269458,10.039106002331177,4.733399981146119
12920.049999919383,0.570348489485125,51.65473263703438,0.0017979944075701463,0.9979306236037992,10.029961119853967,4.680162605713702
12930.049999919274,0.5667910413623332,51.4318314180574,0.0017881902783889719,0.9983701397189244,10.020446132911244,4.6810314578407235
12940.049999919165,0.583331812049743,50.431501081549946,0.0017681445775455588,0.9990487514258384,10.008535877624007,4.62873977622693
12950.049999919056,0.6071354596773271,49.35703642197107,0.001761165962746227,0.9977893453117941,10.022319447736216,4.564417637693557
12960.049999918947,0.6176545597925539,49.420967205743516,0.0017215831734856205,0.9992958296182488,10.038396498808227,4.537267013461104
12970.049999918838,0.6402685845095177,47.95839011286487,0.0018272762310721068,0.9987889001575129,10.036615557419667,4.476464029002566
12980.049999918729,0.6383997343219464,47.21348598450842,0.0018703515483038389,0.9975280584825185,10.018735232597564,4.473971210748485
12990.04999991862,0.6581625805897804,46.021212890585794,0.002046333788101016,0.9972350981330453,10.018311478284026,4.428130783638894
13000.049999918512,0.6743903050929199,45.066728439974895,0.0019186751254330174,0.99797989196214,10.027789193956824,4.384000880497237
13010.049999918403,0.6711844502477622,45.08892068579279,0.0019021344413823085,0.9974067623512551,10.022827532741978,4.392126179675512
13020.049999918294,0.6837038408390728,43.95080740971709,0.0017388839649208193,0.9969502137364127,10.023893337573698,4.359084200061954
13030.049999918185,0.6929529762569406,42.88545792751142,0.0015680344316658524,0.9981814976085055,10.020659552536694,4.325273108812268
13040.049999918076,0.7088535379929114,42.49275207011561,0.001317476060702319,0.9988190123132819,10.048686691956783,4.293097747137647
13050.049999917966,0.7161361489456867,41.40108911960717,0.0017278311837850703,0.9983882125687721,10.036303360338765,4.27678335940795
13060.049999917857,0.7053403011862242,41.420029080666524,0.001683380152177996,0.9978297791306193,10.017539633818961,4.291893076686751
13070.049999917748,0.7072070642595331,40.917779130456225,0.0017114692054566005,0.9990092623411716,9.994197098998344,4.287716443007405
13080.049999917639,0.7188373842336155,40.49386218388934,0.0012975475908395342,0.9990245397712261,10.026251285603772,4.259136329599712
13090.04999991753,0.7180071298855996,40.56473957925046,0.0014012419336031914,0.9978408395136692,10.024889182672789,4.267516759355745
13100.049999917423,0.7184400502639536,40.52391757839354,0.0014845830937826755,0.9972834558004332,10.033897714155284,4.264313372038203
13110.049999917313,0.7092136516336849,40.917312420085004,0.0012278530756385535,0.9990500924290955,10.01943916362271,4.2727190868885465
13120.049999917204,0.722303273123618,40.93508656303414,0.0009437044974094439,0.9990033367067311,10.057058893557988,4.2513698249941285
13130.049999917095,0.7107095728392328,41.72025358156265,0.0011709545839250508,0.9989913855529389,10.035670793349887,4.281689347065121
13140.049999916986,0.6964168764608212,42.077202254647545,0.000963947556341557,0.9991866927230616,10.017006742739122,4.302079950438096
13150.049999916877,0.6794840313880202,43.05885500277105,0.0009783749765928877,1.0009025755307321,9.982147422569549,4.342323414694547
13160.049999916768,0.6806925436527792,43.92983008671288,0.0008716906239601261,0.9996048555876079,10.02522422657577,4.345113303363356
13170.049999916659,0.6830264122475811,43.92343966694927,0.0009279281433305329,0.9987228760703937,10.027868403470139,4.347076998443228
13180.04999991655,0.6683269840835893,45.20773498078476,0.0007255132068406763,0.9987407593254355,10.037723683733669,4.3809712141261725
13190.04999991644,0.6471355035920142,46.07901280213031,0.0008272314323996276,0.9996076577845419,10.019333874671489,4.423933121064814
13200.049999916333,0.6487530044377559,47.034956887406345,0.0008396707997271334,0.9987133731228933,10.056495873895331,4.432139008964484
13210.049999916224,0.6265252958719215,48.16964734221364,0.0008812870585304369,0.9989962243654965,10.0335425725595,4.495351893750505
13220.049999916115,0.6151394891234033,48.123249128842794,0.0008382462692029813,0.9994744938807107,10.01801793897847,4.5116589724836444
13230.049999916006,0.5900121904264131,49.04098295039003,0.0008782823461701198,1.0003007614318633,9.988372396445639,4.580981094663004
13240.049999915896,0.5786293672006305,50.3204210904091,0.0008890884346000231,0.9991442586327597,10.024718569814462,4.620541619781938
13250.049999915787,0.5825861126183021,50.418936775217446,0.000848652366629485,0.9991016471947604,10.030894599471932,4.615075639626508
13260.049999915678,0.5571729600514325,51.62880906300756,0.000848047490748072,0.9989932676817522,10.0372309974284,4.687764102331918
13270.049999915569,0.5352665498917768,51.94655295032909,0.0008782781134390151,0.9992903341071614,10.019995032257174,4.742337594977259
13280.04999991546,0.5248440344950662,52.97848938471257,0.0008341398394352591,0.9991665240435991,10.045703180554444,4.781841836046668
13290.04999991535,0.5029859479099981,53.66205908280597,0.0008576772798078936,0.999220583311437,10.031378127594033,4.8561751223766665
13300.049999915243,0.49668678984176445,53.40334896025439,0.0008717289550875397,0.999250556496202,10.019468693383846,4.865891259287812
13310.049999915134,0.4724141848142357,53.887924620979305,0.000874827406583094,0.9994460293359411,10.001611974238257,4.944564785274146
13320.049999915025,0.45419972528698216,54.8433243752821,0.0008634590958926866,0.9993807620296365,10.024304034643862,5.0086701617454095
13330.049999914916,0.45691087849546014,55.0819966734314,0.0008712753755650733,0.9987136100715176,10.033852715912834,5.010072949352176
13340.049999914807,0.4292969111272232,55.82691615406556,0.0008682823638282957,0.9988507774057834,10.036259370820416,5.104483380726575
13350.049999914698,0.41308033017159745,55.71052056971329,0.0008665891522101441,0.9993847328177087,10.020334406781947,5.147955664644281
13360.049999914589,0.3964463076732711,56.420071756644376,0.000853330041510257,0.9997724734492633,10.032059540007767,5.213190366550803
13370.04999991448,0.379386207783636,56.850170728389855,0.0008666110736974879,0.9991870537296427,10.02970425617566,5.285901814804947
13380.04999991437,0.37708176845957636,56.57869745507633,0.0008694305059896526,0.9991550179091211,10.020459579750348,5.286635806127614
13390.049999914261,0.3565006211705312,56.83208931302317,0.0008727952638821554,0.9988535733824131,10.013322468386356,5.366404003532388
13400.049999914154,0.33859096282432666,57.35704268677879,0.0008669287889880387,0.9993128991739623,10.023701051088022,5.4371356997922105
13410.049999914045,0.33891452196600974,57.71802088492035,0.0008759852214248837,0.9982169373160733,10.03736405969959,5.451111972730637
13420.049999913936,0.3150213485064375,58.08558432662628,0.0008724076364793294,0.9985804170003447,10.035474106892545,5.547568008323058
13430.049999913826,0.30502462752160847,57.76315760044442,0.0008674045266407114,0.9993226910781899,10.02027489264694,5.57194494665261
13440.049999913717,0.2882685961462922,58.07515451145532,0.0008680075774834619,0.9992177920720265,10.015767136036494,5.6517745037722085
13450.049999913608,0.275680945519474,58.493384179847986,0.0008696687252545848,0.9989752246243744,10.028257096148902,5.712664416662467
13460.049999913499,0.27528807833588453,58.305917315019435,0.0008692276886488213,0.9991134541849286,10.021545981762685,5.708343969194924
13470.04999991339,0.2585513223161867,58.49155244926192,0.0008731951582605118,0.9986223775565508,10.023731853128789,5.784380481264876
13480.04999991328,0.24474488635832695,58.64459197997121,0.0008683969688506282,0.9991657248340011,10.02293181260698,5.844604345846415
13490.049999913172,0.24293515059731144,59.094075859332605,0.0008777480468444924,0.9979474409280482,10.041030669615383,5.871331574154437
13500.049999913064,0.22472105053981944,59.21633048801824,0.0008734814804570328,0.9985046386840001,10.034321396222142,5.95565048777535
13510.049999912955,0.21926021388318037,58.832087141455155,0.0008677228768957189,0.9992710086508743,10.020192212639547,5.9630658888208625
13520.049999912846,0.20523409845553714,58.83407216666739,0.0008703088931788234,0.9989108873905072,10.002120170654523,6.041738654380951
13530.049999912737,0.1960167518367979,59.29248807641323,0.0008707320858155937,0.9988587216653956,10.026794287783126,6.090400269177858
13540.049999912628,0.1960099580511065,59.238956928739306,0.0008682301338779115,0.9992668059927883,10.02347823567211,6.086983665576928
13550.049999912519,0.1826555303742542,59.4101189146779,0.000870733797181638,0.9989874934586562,10.03118000131673,6.154860413249339
13560.04999991241,0.1736934400295481,59.28163289885612,0.0008690718780276169,0.9990676179482413,10.022162093660445,6.196725779302676
13570.0499999123,0.1703489675390949,59.756655813730475,0.0008745332747362786,0.9983840547826717,10.042249455761237,6.229922862667702
13580.049999912191,0.15755647872259756,59.750317660448786,0.0008716715312825714,0.9987915690438395,10.032446704829654,6.297761297664447
13590.049999912082,0.1550498759185494,59.39549604206114,0.000867670348019992,0.9992631968911498,10.020559836568847,6.295126855154292
13600.049999911975,0.1441585500368528,59.25126355170593,0.0008689057012756416,0.9990085238895781,9.999222723048964,6.361680768299822
13610.049999911866,0.13763065212284442,59.656845282405826,0.0008702993944429145,0.9989290741388079,10.025224068405137,6.399276834098938
13620.049999911756,0.13731541532902042,59.76806348223342,0.0008652860796170937,0.9996487147561532,10.02692980043538,6.40079983120033
13630.049999911647,0.12679265320057748,59.91116831000079,0.0008636359032395647,0.9997800558541998,10.034735962745895,6.458045023414437
13640.049999911538,0.12214411524312331,59.59313997018021,0.0008693391165182235,0.9990376385857478,10.021564501821592,6.480308543228753
13650.049999911429,0.1177525973578535,59.9839804199596,0.0008657475926878642,0.9994792516944841,10.037089128956847,6.51218221945755
13660.04999991132,0.10963325742817594,59.96855609553869,0.0008673431245863242,0.9992806224502007,10.029805912713861,6.564151585324836
13670.04999991121,0.10904823287071257,59.714784865527726,0.0008677133768567862,0.9992369401429583,10.021769743201187,6.5585590534868
13680.049999911102,0.10107482469027404,59.590969461540375,0.0008677446272449603,0.9991250843469598,10.008578436487447,6.608165680508883
13690.049999910992,0.09667180415915105,59.800660032400984,0.0008688321556901655,0.9991040483496777,10.023594320304044,6.633991008087305
13700.049999910885,0.09612428457396321,60.080428257749915,0.0008621358171351033,0.9998968977314564,10.032049258703186,6.641473348793565
13710.049999910776,0.08841272261557591,60.14940550375047,0.0008594634174889856,1.0000964758361097,10.034826578659551,6.686967509603909
13720.049999910667,0.08674537533081503,59.74810701038042,0.0008694231125380107,0.9990461774778032,10.021275083799512,6.691100205067165
13730.049999910558,0.0824083587492234,59.9185587563413,0.0008598379531635479,1.0001672233738748,10.023146209130626,6.717235298128072
13740.049999910449,0.07808685806354604,60.01563505756836,0.0008649022869134997,0.9994986158602106,10.026915175662623,6.751670035710047
13750.04999991034,0.07865508479291636,59.91476546903174,0.0008691255897845755,0.999074461344425,10.023881300815816,6.747764684575222
13760.04999991023,0.0735462324930795,59.89541625400329,0.0008721585251224775,0.9987496949595893,10.023043060203424,6.780900438843687
13770.049999910121,0.07094767730748128,59.83799602417711,0.0008676618674288071,0.9992251934149105,10.022181663725227,6.789873039119899
13780.049999910012,0.07099908771907788,60.23518738695418,0.0008658477545619453,0.999374209339539,10.037351166386761,6.801107979777426
13790.049999909903,0.06654070556261696,60.20987657895009,0.0008667828200434021,0.999439973019715,10.03310548839674,6.830242691722174
13800.049999909796,0.06626176359282653,59.83038534847525,0.0008693154576812275,0.9990767965700592,10.021390140680772,6.820216799847189
13810.049999909686,0.0634926975581581,59.73277585883935,0.0008623602955992626,0.9999872978173165,10.005827711893785,6.837466475876615
13820.049999909577,0.06241606019602087,59.98060976306957,0.0008669808845590682,0.9993213144495355,10.024566687567747,6.849326229294087
13830.049999909468,0.06372730781053684,60.043078974076515,0.000872105337283639,0.9988275132952833,10.026454747626849,6.847687506586079
13840.049999909359,0.0619727159861503,60.10429930083896,0.0008791785669864782,0.9981739460342494,10.033943790513293,6.861453981927622
13850.04999990925,0.060927439035973,59.83179859562193,0.0008674732538488294,0.9992486293347683,10.021313419598009,6.852263390593533
13860.04999990914,0.06276996595604284,60.251825904327454,0.0008767067933310111,0.9983766748056143,10.039933761540125,6.859253123603591
13870.049999909032,0.061743005858505895,60.17058782972527,0.0008736829331475285,0.9987897001610468,10.030873722490457,6.8650000556075295
13880.049999908922,0.06184572850885484,59.878483455225094,0.0008685067215905781,0.9991609087727624,10.021998139852446,6.849725451246336
13890.049999908813,0.06149635368820307,59.6122176656566,0.0008647704238634045,0.9997543590493998,9.996388626399009,6.852429559509476
13900.049999908706,0.06347550037017552,59.91141328880574,0.0008693623725063508,0.9991132818589984,10.022979897201523,6.841229478860416
13910.049999908597,0.06539461870971915,60.11827624153202,0.0008722362430337889,0.99888132236621,10.029075083286694,6.839499893101687
13920.049999908488,0.06716286216165394,60.207466464139735,0.0008748193266737141,0.9984824644393375,10.038771859486197,6.829040253646788
13930.049999908379,0.06724965659423382,59.80677260731282,0.0008677099135991778,0.9992311552583982,10.021105160233152,6.811509559549483
13940.04999990827,0.07132386555081051,60.15203956245697,0.0008803513947176594,0.9981735834329021,10.037479265344206,6.803354745960607
13950.04999990816,0.073030932600354,60.06864214551872,0.0008724720121172232,0.9988124146960923,10.028231722876269,6.790363032456276
13960.049999908051,0.07316741152210043,59.904736213245876,0.0008665508145927085,0.9993115057303321,10.023275123544988,6.77900849021919
13970.049999907942,0.07489121207909781,59.628248240778895,0.0008631896093247121,0.999817858444119,10.000865509559874,6.766180502210818
13980.049999907833,0.07947581969905844,59.8128032003475,0.0008698536935219391,0.9990676888295007,10.021910180315066,6.73793338327403
13990.049999907724,0.08192964159791152,60.13917032286923,0.0008649683683496627,0.9994192185187242,10.031838660492461,6.732960588991012
14000.049999907616,0.0867290673380308,60.19467926621046,0.0008637897432227157,0.9993610202318396,10.038363937069768,6.702713399419446
14010.049999907507,0.08741167948868712,59.75710387443901,0.0008681881073788782,0.9991974656027696,10.021519619444241,6.686308345439304
14020.049999907398,0.09373779636703618,59.92474341472456,0.000870473621534686,0.9989256333059491,10.028798377128298,6.655905577341573
14030.049999907289,0.09739412790681344,59.8953894228052,0.0008683988779130955,0.9991322613361768,10.025324517760017,6.634190421898303
14040.04999990718,0.09741892954455655,59.89194070601636,0.0008652131603091621,0.9993737295971314,10.02533638047862,6.6318753299665945
14050.04999990707,0.1006045731688571,59.72706080813058,0.0008614247252093512,0.9997588967172876,10.015953780710904,6.608068556454655
14060.049999906962,0.10778562626269193,59.66284254226557,0.0008694348367845529,0.9991195736435249,10.021243339535165,6.563736943457619
14070.049999906852,0.11102028251319306,60.05829882702828,0.0008575549706202661,0.999750227944963,10.034575787435568,6.554262570630258
14080.049999906743,0.11888093204140154,60.02389625290721,0.0008590487001029349,0.9996654912519791,10.034765834130292,6.509026995156468
14090.049999906634,0.11958423562042572,59.64684961943622,0.0008695610770239467,0.9991280495716768,10.022416238796431,6.496200748244925
14100.049999906527,0.12854711575453973,59.557014410521134,0.0008612000376660685,0.9995058235455432,10.015495595241132,6.445003875019445
14110.049999906418,0.13409130151926063,59.62195407818245,0.0008659283454340905,0.9993156007086939,10.022808601615601,6.414807316814182
14120.049999906309,0.13392176239669634,59.77888094897214,0.0008698377313064447,0.9991034108082651,10.027784660270216,6.422881688576236
14130.0499999062,0.13882598874207544,59.73266970862622,0.0008739208822566502,0.9988491181912084,10.031439992054398,6.393079657530819
14140.04999990609,0.1487140052157761,59.41136173122982,0.0008685368328964323,0.9992025002248748,10.021004858027883,6.328289236109671
14150.049999905981,0.15334604180161468,59.788636286248725,0.0008699801068231591,0.9990492322233724,10.035988812725693,6.316404694008121
14160.049999905872,0.16478351301190247,59.65287967591466,0.0008674809152788383,0.9991615493327265,10.030740001993866,6.254541533338785
14170.049999905763,0.16520590503105248,59.39782679910525,0.0008707823139165864,0.9990963335329611,10.023497468704653,6.243614953503605
14180.049999905654,0.17630989495264984,59.07658626174974,0.00086096367358173,0.999598651894077,10.00427432411148,6.1826933407312215
14190.049999905545,0.1851336340851089,59.18272526738367,0.0008668250139099549,0.9992779409849072,10.021251450410892,6.135747394603328
14200.049999905437,0.18548276567212146,59.45923541553819,0.0008750063584952054,0.9988716296762364,10.029765946262556,6.146448992015074
14210.049999905328,0.19419442868764178,59.4527844102728,0.0008876391322975717,0.9982499513636285,10.040414091745369,6.101639224125274
14220.049999905219,0.2050628256707971,58.953489325445936,0.0008671167814973106,0.9992894859246292,10.021207343492689,6.031321707873818
14230.04999990511,0.2130367332158422,59.226107854027184,0.0008799896303786481,0.9985108682086963,10.034767252422954,6.0064721492776005
14240.049999905,0.2280986481131501,58.9882318170984,0.000873881841338086,0.9988226919281451,10.027575549913701,5.931471250301172
14250.049999904892,0.2279622919644983,58.87188407319243,0.0008671926421860509,0.9993152711312256,10.024649930411762,5.924306287585127
14260.049999904782,0.23952913016143643,58.418991296746725,0.0008625982744248651,0.9995907116197189,10.000957845918997,5.8675471095008875
14270.049999904673,0.25409355338147127,58.41773265145368,0.0008688477463771855,0.9991423521419357,10.020613928088796,5.796733029573499
14280.049999904564,0.25666975589273533,58.760477357833786,0.0008665391211061698,0.9994362021955718,10.031254968876896,5.794859422089022
14290.049999904455,0.2718913614118897,58.67985334011173,0.0008643514979728707,0.9997593827262949,10.041886620891548,5.72123415529206
14300.049999904346,0.2806470094104008,58.08199407827172,0.00086731925110151,0.9992869274421212,10.02186445704357,5.675133364527293
14310.049999904239,0.29395238071992014,58.13865209843823,0.0008685912657821742,0.9991958806883435,10.030578332078763,5.6236128900581415
14320.04999990413,0.31218563625821355,57.77023023628239,0.0008695451814036424,0.999026622422252,10.024538665334418,5.5463925636843
14330.04999990402,0.31178782833766505,57.80769424958306,0.0008658063458518168,0.9995252048463035,10.026168224388217,5.545111474148092
14340.049999903911,0.32302767713280883,57.33253935265145,0.0008652268320370686,0.999443181104236,10.008198580507122,5.497056686432778
14350.049999903802,0.3440668621496791,57.0019934907634,0.0008693909461711268,0.9990038135882204,10.020423181721435,5.406977244634147
14360.049999903693,0.3508002746682568,57.33039227174085,0.0008638769291497447,0.9999776377008085,10.033039828500778,5.386389141324412
14370.049999903584,0.3732113776105897,56.965790324788976,0.0008600709336350191,1.0006052368103406,10.03753605194473,5.2946167850185555
14380.049999903475,0.37803895792391745,56.39957615131709,0.0008685085625357994,0.9991355431025915,10.022755030480571,5.274180933248716
14390.049999903365,0.3960713239157335,56.071586188201515,0.0008665914830194616,0.9995116552014004,10.023150589888939,5.206330980959921
14400.049999903256,0.417205317822172,55.528205586402166,0.0008683637461923693,0.9990914205518404,10.021874728126859,5.13020384057915
14410.049999903149,0.4181288452933836,55.705775251574195,0.0008672679638509521,0.9993998006423808,10.028015875363252,5.129490699941821
14420.04999990304,0.43084905663403056,55.2213609318836,0.0008701352270349831,0.9988466504846506,10.022801129731677,5.083827389918369
14430.04999990293,0.45372237871798204,54.38017098444952,0.0008695531689962218,0.9988765675096195,10.020314553262352,4.996463166722923
14440.049999902822,0.4665351070253178,54.53874886155524,0.0008663750679054946,0.9999039842079276,10.035275996596688,4.958482767929622
14450.049999902712,0.49346058280896254,53.64285127886928,0.0008674156020120967,1.0001344173661775,10.032385597576035,4.8679214134365125
14460.049999902603,0.4934132454655413,53.24861338440026,0.0008712903735844647,0.9989236844590114,10.023518446521214,4.865696144713199
14470.049999902494,0.5117362994576353,52.41083924192623,0.0008657794748318796,0.9992052674558923,10.012479455301202,4.8050749725626325
14480.049999902385,0.5347103742692169,51.58529202423444,0.0008704057578918517,0.99903033162813,10.020123177144178,4.731874265281433
14490.049999902276,0.5390795960677827,51.804215087238155,0.0008660336080406479,0.9991098272572426,10.030078289700286,4.725818601121505
14500.049999902167,0.5551078178505249,51.09881153411168,0.0008680611935155503,0.9981457516420934,10.036498707444556,4.677957956781119
14510.04999990206,0.5703957667813261,49.84508470296306,0.0008529628171059235,0.9988237719955715,10.020073107691667,4.620641767065371
14520.04999990195,0.5886576528243707,49.59296903756936,0.0008789146886960964,0.9996238146781617,10.037824415219513,4.573803732596985
14530.049999901841,0.612166986091281,48.09216772176092,0.0008432899231467317,0.9997378319653024,10.029041607967123,4.505773210316096
14540.049999901732,0.6085562211055534,47.9759489350974,0.0008690555143459017,0.9987719396211032,10.024141478587016,4.514204186444736
14550.049999901623,0.6185077417128012,46.82758810979288,0.0008522606036518644,0.9989547740011612,9.999199549001435,4.48428327280498
14560.049999901514,0.6397039413080746,45.66955996479868,0.0009420986936468844,0.9989756625535695,10.018982723323385,4.421888227637475
14570.049999901405,0.6487951122809109,45.705912445682245,0.0008692771539940439,0.9988797920698562,10.032597268603626,4.408746046347867
14580.049999901295,0.664381912826816,44.608193404655516,0.0009961923248020578,0.9978991263724165,10.045736345522155,4.367532971140964
14590.049999901186,0.6636994458535583,43.708173640561235,0.0009150136842493304,0.9987776947927755,10.019838284832854,4.355182297090272
14600.049999901077,0.6815351217933852,43.01983202158542,0.0008347813957547685,0.9996824335843568,10.039742934076619,4.3137895437424145
14610.04999990097,0.6907848514829122,41.79017742496801,0.0007602055545995329,0.9998812164826248,10.026662530018912,4.287861121844811
14620.04999990086,0.6871137746178922,41.91470555684836,0.0009060793401878642,0.9986864423696736,10.024974364755959,4.298993264752513
14630.049999900752,0.6814479741759312,41.473537008870714,0.0009093044252533147,0.999023253909463,9.987467211603414,4.310001808699343
14640.049999900642,0.6933795835561607,40.79113564377307,0.0007571437879476798,0.9994001905957745,10.018290706649589,4.271563041107275
14650.049999900533,0.7053648195549747,40.55682476551879,0.0008341438570444798,0.9988902555395485,10.035444975344948,4.257053884990713
14660.049999900424,0.7100347041824333,40.196922257701374,0.0010363318058717074,0.9985397871966546,10.049381560599011,4.242771287767692
14670.049999900315,0.6945986265807937,40.58882420703618,0.0008785604153803247,0.9989654368767944,10.020099454835984,4.267981154462299
14680.049999900206,0.7022099715429109,40.580973716591195,0.0007394673358332997,1.0002392311558377,10.038508017053045,4.249569600641135
14690.049999900097,0.6922929619940749,41.19739281217456,0.0009991167071084707,0.9998317350579423,10.024289695961393,4.275460688862573
14700.049999899988,0.6920979480287511,41.20903016261706,0.0008666979035052793,0.9988307109850544,10.026143163286628,4.279886200254814
14710.04999989988,0.6738965588320189,41.88434621753676,0.0009714948229570331,0.999241562463156,9.987546053624445,4.3214301675301074
14720.049999899771,0.6684277314740905,42.796214583632036,0.0009428259810970294,0.9994156339289714,10.018338831405096,4.327696203180272
14730.049999899662,0.6786717765336758,42.92447056466882,0.0010329170563045389,0.9986718978521714,10.037739564507698,4.31904477236347
14740.049999899553,0.6651377466185523,44.205534404223215,0.0008480169360789977,0.9991455079429182,10.047293843051708,4.349521652876552
14750.049999899444,0.646070164310387,44.62056025030306,0.000990786722746056,0.9990702888836968,10.020911548995452,4.387616946875654
14760.049999899335,0.638102720329067,45.59112308181693,0.0009755713477667597,0.9998720237612662,10.033379097517615,4.4080838433040235
14770.049999899225,0.6164482072062609,46.8423662565369,0.0009144560070028098,0.9996482598775372,10.022514263888345,4.469362090622999
14780.049999899116,0.61961234781315,46.78851019760275,0.0009407789560895868,0.9989400111587692,10.02714049141445,4.465908835170251
14790.049999899007,0.5989341637457584,47.39102307803936,0.0008891190910023033,0.9998029275281863,10.001010068712894,4.515206233979942
14800.049999898898,0.5773408803362032,48.71384055035493,0.0009024002380789822,0.9993873900834089,10.019224188964616,4.572879863904738
14810.04999989879,0.5818643993031841,49.26342191226531,0.0009047071854360667,0.9987066544748042,10.038252287992247,4.576781288236176
14820.049999898682,0.554710409746611,50.5943466959937,0.0009457820058907042,0.9985555160853737,10.041119715684438,4.656547002597822
14830.049999898572,0.541783982849603,50.485247619812746,0.000905514423987153,0.9992250267247276,10.021962789368986,4.680449768768762
14840.049999898463,0.5224277488768178,51.34473328695102,0.000955654934020665,0.9989908251311075,10.024494197918354,4.741687632122218
14850.049999898354,0.49949697485879563,52.232755800040515,0.0009190530523589228,0.9992124723078264,10.022322233977485,4.81509405269837
14860.049999898245,0.5036298926779258,52.27735862477882,0.0009140774289154588,0.9990558979462634,10.027763481492403,4.806470327620023
14870.049999898136,0.4850571162279585,52.64896953411616,0.0009183053475853031,0.9989830844660296,10.01919344333424,4.862014872987763
14880.049999898027,0.45863219720825604,53.38908100088843,0.0009166872569700916,0.999243840338171,10.020397729960846,4.943743013881853
14890.049999897918,0.457095972013151,54.0208266600949,0.0009071363745244395,0.9990105689957459,10.037741900079332,4.962418520181969
14900.049999897808,0.42748108192156925,54.81976091607161,0.0009045870650193768,0.9992914908744001,10.035314275271801,5.06427943918881
14910.049999897701,0.4214595937252659,54.52576247944109,0.0009171018549714795,0.9990835759076208,10.022859663088322,5.076352265079436
14920.049999897592,0.400219043552199,54.92552231121244,0.000898372581077822,1.000181029691972,10.013424342440112,5.147366267452681
14930.049999897483,0.3802948726520213,55.519934734919076,0.0009117335871461111,0.999417054652677,10.021924641930976,5.226975911600005
14940.049999897374,0.3830604065953026,55.681439981139,0.0009182717550024833,0.9988186063896004,10.02854219603262,5.2256800669056656
14950.049999897265,0.36640054995938487,55.98506265228544,0.0009238902125005548,0.9980270159748992,10.033381213407276,5.288986749334886
14960.049999897155,0.3450975813313605,56.121169324380226,0.0009146612966869208,0.9992440363797657,10.020958882986221,5.360333825845074
14970.049999897046,0.3395491195858044,56.704022366753094,0.0009188390401320959,0.9985667587638944,10.037966840061307,5.397697833659946
14980.049999896937,0.31434591403122747,57.068892063522405,0.0009153888513829172,0.9989893250954246,10.031224675051805,5.499776787307225
14990.049999896828,0.31270507054813557,56.80523814134893,0.0009163785007803706,0.9990320496930754,10.023558410870624,5.497644304409554
15000.049999896719,0.29492052444304784,56.77889643416486,0.0009099972598836702,0.9998322333738827,10.001270771755644,5.568498621419271
15010.049999896612,0.2789332142315109,57.270649182328484,0.0009143844323272389,0.999260129780586,10.021379716658585,5.640384331496584
15020.049999896502,0.2797895590526487,57.538471940712675,0.0009189583380876764,0.9986777934855362,10.029649145653995,5.648797833609111
15030.049999896393,0.2649561150706399,57.82054938721647,0.0009261870023758113,0.9975962825162619,10.04218037381796,5.717560452289642
15040.049999896284,0.25137064701976136,57.584033284882615,0.0009148702576107642,0.9992065838857526,10.021365236944495,5.762311021394079
15050.049999896175,0.24454297984602408,58.055775146592616,0.0009231032248711619,0.9980895577438109,10.03712240541412,5.810616634662253
15060.049999896066,0.2255295621484471,58.17277306173839,0.0009186085527869803,0.9986723186515386,10.027951049298508,5.898215410546452
15070.049999895957,0.2255044182246721,58.027826904004336,0.0009158055018420469,0.9990871251856366,10.024458223364343,5.890148461091532
15080.049999895848,0.2123531045717396,57.76049682964794,0.0009130436820676763,0.9995259383287388,9.994316170086062,5.951736868519017
15090.049999895738,0.20032955807166525,58.164674596030785,0.000915457156163044,0.999110660813663,10.021015802228654,6.009569599988941
15100.04999989563,0.19942285622930292,58.51563376389007,0.000917968199092986,0.998816438593705,10.030994486364378,6.027666323637273
15110.049999895522,0.18662158144210556,58.75033322567659,0.0009241875216037069,0.998018507895631,10.044100821508918,6.095163898443098
15120.049999895413,0.17960972078045534,58.358550192341575,0.0009147390207395376,0.9992146066297708,10.022011255836217,6.114065643295899
15130.049999895304,0.17311195382408567,58.665673783207076,0.0009224082695444119,0.9981304425534847,10.032988803399316,6.161936241439615
15140.049999895195,0.1596532855687323,58.6859048532078,0.0009187596829885362,0.9986586623543393,10.025147636687278,6.230876989381508
15150.049999895085,0.15972579974889603,58.68979002755285,0.0009144065050798992,0.9992790198402296,10.025801146875299,6.225544647277936
15160.049999894976,0.15026860201875675,58.411489502810724,0.0009108864598982996,0.9997704074183995,10.000732091483894,6.272861141513039
15170.049999894867,0.14215459773770167,58.62116967619389,0.0009159251373565631,0.9990377273727955,10.02102801085431,6.3157472342303445
15180.049999894758,0.13976687982261093,59.01958388616098,0.0009141849619765191,0.9993223619048881,10.032317341648561,6.34048012070998
15190.049999894649,0.12899188585030785,59.164952528528175,0.0009149495863561083,0.9991731589554795,10.03977298018148,6.400894683269691
15200.04999989454,0.12681914135147346,58.78511045412884,0.0009144976776229231,0.9992286819633369,10.023114965416369,6.4027131469499965
15210.049999894432,0.12121408486286347,58.86737935294774,0.0009177062799193376,0.9987371127307408,10.024150325185307,6.4407830949167035
15220.049999894323,0.11220069489726206,58.90380403672134,0.0009171383762773708,0.9988800681380978,10.022700907031933,6.492378842710882
15230.049999894214,0.1117783475101526,59.06291340386278,0.0009125853937042205,0.9994512119909505,10.027693923239742,6.495850708432641
15240.049999894105,0.10468136132948802,58.955825323326664,0.0009056594936729609,1.0001395641019841,10.019719919110894,6.530046381159556
15250.049999893996,0.1002300199865089,58.86404253625708,0.0009163288042887144,0.9990072012641705,10.021463804035047,6.557023422052033
15260.049999893887,0.09689684602806045,59.251266195480525,0.0009093631957102843,0.9997738959982503,10.033188351874982,6.5842160527619935
15270.049999893778,0.0885790001640455,59.275415418460184,0.0009066882038182731,0.9998916109825524,10.032105085026435,6.633862539787719
15280.049999893668,0.08895823337134635,59.037442742245005,0.0009152605961003112,0.9991306646224576,10.024652522594916,6.629079689921166
15290.04999989356,0.08492657212582674,58.86139542324066,0.0009133770946225161,0.9993025071762464,10.011729844188386,6.651245438814699
15300.04999989345,0.07892356412385149,58.98278800976479,0.0009152082057722483,0.9991016942763976,10.020884250247843,6.688333351557501
15310.049999893343,0.07778173026035123,59.273837126091436,0.0009138606886222659,0.9992520859533655,10.029866811188262,6.704786385963523
15320.049999893234,0.07184357324490905,59.344597265235635,0.0009164830870548544,0.9991593296265922,10.038012759460365,6.738953892397164
15330.049999893125,0.07071356416142748,59.00494938414996,0.0009167832353957949,0.9989980717815437,10.022238247385578,6.7389589317006635
15340.049999893015,0.06725669947453142,59.30503459733927,0.000911445411306425,0.9994540656362695,10.032699859306733,6.766632337603805
15350.049999892906,0.06181135283222956,59.23748061060208,0.0009112622308902507,0.9995030197065252,10.025553544489792,6.801762932791751
15360.049999892797,0.06250760321682007,59.19371169875296,0.0009178951023670274,0.998925549046607,10.0262870806237,6.798709044884889
15370.049999892688,0.060888743590185694,58.830406663160595,0.0009122011420902073,0.9995254954565322,10.001677655515696,6.8018266936741405
15380.049999892579,0.05654698645381744,59.01335970284977,0.000914201399018452,0.9992009426892403,10.020118035356116,6.827426262699774
15390.04999989247,0.05451679713384075,59.379744508005395,0.0009200577824576563,0.9987657253263069,10.031551518229463,6.857749536661317
15400.04999989236,0.04904022879258677,59.510159350471156,0.0009340348674903017,0.9977881456753986,10.044924919723723,6.89770598864547
15410.049999892253,0.05101380891565943,59.099203581220785,0.0009160402585009481,0.9990754569927648,10.023240979805125,6.866412748650683
15420.049999892144,0.048001921986430225,59.25544054133323,0.0009209255969599399,0.9987015353326641,10.029836172547045,6.893278600652632
15430.049999892035,0.045480058785893486,59.17074218807785,0.0009180378873033078,0.9989760417846213,10.02194342257283,6.908664571941369
15440.049999891926,0.045560809619913344,59.29488370130662,0.0009177731320849817,0.9989682777521831,10.027705510899862,6.911291604710181
15450.049999891817,0.046247408568935326,58.90895063264134,0.0009103111877489809,0.999735659123438,10.001587065291893,6.898193018361944
15460.049999891708,0.04326099127088461,59.04149029958931,0.0009142620163367409,0.9991996624298394,10.020462468696866,6.913988689385762
15470.049999891598,0.04103944970690574,59.4193251236629,0.0009199364499346634,0.9988363797118113,10.03213909031239,6.946161513343214
15480.04999989149,0.03763969211027396,59.528309650608584,0.0009217810640742229,0.9984936968386354,10.041765129986493,6.970109546203662
15490.04999989138,0.040399677613075634,59.179275121909555,0.0009135551639859568,0.9992478137818274,10.024562957921688,6.93771119394433
15500.049999891271,0.03890498608181853,59.1560032740797,0.0009217052362281953,0.9986393675297487,10.02400231301439,6.951600544159679
15510.049999891164,0.03894205758274989,59.108755703395914,0.0009180531270303648,0.9989079962047531,10.02002232693482,6.9495056032243605
15520.049999891055,0.03838335482452413,59.367035279467885,0.0009123487976877186,0.999349581956857,10.02905122119781,6.958566504449282
15530.049999890945,0.040294031921181694,59.13304116703538,0.0009056565068802607,1.0000459243356516,10.01501882920775,6.937130630912579
15540.049999890836,0.03924062983601471,59.080647440307025,0.0009152611897808479,0.9991185603791525,10.021661617673951,6.942453589074191
15550.049999890727,0.03820100411666026,59.40351630941313,0.0009109034147362308,0.9994883302631961,10.031623768190126,6.9587343615720805
15560.049999890618,0.03799510885534066,59.42927705431154,0.0009085220344490262,0.9996661177247613,10.032637939974013,6.959405949075376
15570.049999890509,0.03966919697938022,59.25372513146862,0.0009134347510231821,0.9992606440771643,10.026278639549766,6.945799541269182
15580.0499998904,0.04001124000320695,59.023181714775625,0.0009162016249663474,0.9990184224589272,10.01543748074025,6.9399761549142
15590.04999989029,0.04216561054699552,59.054202437081294,0.0009165359305772188,0.999000448082323,10.019120649166242,6.924816748490088
15600.049999890181,0.04171401260345738,59.40562884037953,0.0009116079229975517,0.9994229599514095,10.030433655742245,6.937423401586473
15610.049999890074,0.04467986236585605,59.3983431127617,0.0009090856701687898,0.9995869187163989,10.035098565262246,6.912119265822808
15620.049999889965,0.045112130243514216,59.123257038506225,0.000916823480490442,0.9989773369473054,10.023307934469376,6.906702503501277
15630.049999889856,0.04564943775471632,59.318756793983155,0.0009097324103132672,0.9996131421953771,10.029936472682914,6.90492503443716
15640.049999889747,0.0481512140845505,59.253307059654496,0.0009097372591482938,0.9997435478961894,10.023393872084213,6.889165852340366
15650.049999889638,0.04909829714730936,59.30488954038869,0.0009167875485899559,0.9989918343851165,10.028041689986784,6.888638204629143
15660.049999889528,0.050240481965466335,58.90923246694165,0.0009147257262765892,0.9991584425363139,10.00722338251653,6.872359256446952
15670.04999988942,0.054218644881836635,59.01402233196041,0.0009157068613081749,0.9990776293173302,10.019334765394788,6.843883158608159
15680.04999988931,0.05501430428521734,59.39185171406483,0.0009170606884190374,0.9989842848143103,10.031382549421272,6.853721787271346
15690.049999889201,0.05989625880277583,59.52432737635363,0.0009239097863191607,0.9981132318868438,10.047321894849365,6.824896782066103
15700.049999889092,0.059983188310568064,59.15216775783212,0.0009175473777224659,0.998900029425369,10.024985337995048,6.813105342409632
15710.049999888985,0.062256503425845565,59.17588891396584,0.0009158242186676431,0.9991103505526427,10.026791848631241,6.797155704372053
15720.049999888875,0.06674009672125068,59.07366887760311,0.0009139523309045884,0.9993513794243544,10.01799794650615,6.768478432173285
15730.049999888766,0.0674342233747307,59.31362817461895,0.0009188492838624736,0.998785151760599,10.029396816330092,6.774442561860733
15740.049999888657,0.06923672949595117,58.87851406308399,0.000914533787192134,0.9992438251068632,10.004497437788274,6.753232825020673
15750.049999888548,0.07452781464832722,58.98114642266689,0.0009148909690502064,0.9991720353791406,10.020503900663767,6.714382689125094
15760.049999888439,0.07698280476527658,59.31679390164245,0.0009200971561800464,0.9986701131961562,10.031367733733788,6.715774467329771
15770.04999988833,0.08383243221058438,59.45973729880536,0.0009317231561726332,0.9974406469891782,10.046630429628632,6.680894105729361
15780.04999988822,0.08344292629112328,59.148667033779304,0.0009162131239832106,0.9990277521305583,10.02651431020721,6.667767128359882
15790.049999888111,0.08737306164049585,58.991852451223885,0.0009191897040178638,0.9987631031554911,10.022175881749485,6.640539910969525
15800.049999888002,0.09372997240557039,58.908273163443305,0.0009157504490879757,0.999128644905297,10.01632099627671,6.600357905269156
15810.049999887893,0.09473236869176176,59.26043047842284,0.0009169972590870486,0.9989418474562338,10.03021323947012,6.6063963899538
15820.049999887786,0.09764861646652756,58.93723604448417,0.0009098546612817408,0.999713448484563,10.011306343183179,6.579243014311043
15830.049999887677,0.10413079191780265,58.92535884615864,0.0009136895637224472,0.9992869198248792,10.022295237403128,6.535847532277805
15840.049999887568,0.10844916964981406,59.15677303350193,0.0009178543925286405,0.9988540517328767,10.030234984523796,6.522740927195654
15850.049999887458,0.11765807043836495,59.216771863952424,0.0009234340891881975,0.9982671449461543,10.037079780099162,6.474464570885225
15860.04999988735,0.11715315200544921,59.07628765658334,0.0009132663600782346,0.999273881198816,10.027903423558575,6.468325227928028
15870.04999988724,0.12256067980189407,58.74728799822853,0.0009189852073368312,0.9988176763850544,10.016554167243562,6.43185246519029
15880.049999887131,0.1310724486456783,58.71128623138941,0.0009163970507092282,0.9990787527154293,10.016903754524932,6.381933692744463
15890.049999887022,0.13338492168659935,59.09674694905435,0.0009126303100242963,0.9992683967048871,10.030577254795553,6.380304316728043
15900.049999886913,0.13761254829183783,59.00079406564454,0.0008963495009667228,1.000370539340398,10.02766959172421,6.34628215469242
15910.049999886804,0.14555496270659665,58.779925682357934,0.00091323441823926,0.999286425597355,10.024341841717591,6.303148519865272
15920.049999886696,0.1523854658296288,58.848788503385784,0.0009126685306983497,0.9992319316578476,10.028087282849256,6.269991374563546
15930.049999886587,0.16501275581941088,58.77173089952008,0.0009106827344212081,0.9992043480309508,10.025412052251196,6.20522503467727
15940.049999886478,0.1641949771751526,58.853886108445515,0.0009119172258777576,0.9992936872680009,10.029125588659605,6.2103833125327546
15950.049999886369,0.17072199423179243,58.38955802276612,0.0009179299336103976,0.9990595743175668,10.011269317327722,6.167739082548115
15960.04999988626,0.1819354725972177,58.383369214048,0.0009178675382508559,0.9990613524548771,10.018512231126461,6.1084283470853125
15970.04999988615,0.1868269564372653,58.72468487585412,0.0009112766560531759,0.9992587637519087,10.030588164595093,6.09413412377727
15980.049999886041,0.1928136978469983,58.8057719115414,0.000914144367553809,0.9991827336530262,10.043679205245,6.06150924347198
15990.049999885932,0.2023304334239116,58.4175344677243,0.0009179254685316651,0.9990337617486994,10.026195891555425,6.011261206738528
16000.049999885823,0.2122011673530677,58.28574147056396,0.00091083097849833,0.9992812662452374,10.025325785481506,5.95925040581273
16010.049999885714,0.2284767723997821,58.07600478670999,0.0009078001215094084,0.9993877551277562,10.017932198149307,5.883043280366935
16020.049999885607,0.22833712349387414,58.33465272984484,0.0009194951289934276,0.9989302953765371,10.03004631962259,5.891747737724239
16030.049999885498,0.23505590713894042,57.80657635709571,0.0009145978903983605,0.999405067399523,10.00812426350953,5.848461585476703
16040.049999885388,0.25019987245470504,57.74534335200215,0.0009167848376421172,0.9991691830842379,10.020114740797231,5.776592119856035
16050.04999988528,0.2587963582636123,57.97666840163822,0.0009204872527714081,0.9988631268466257,10.030294103359024,5.7494772797467375
16060.04999988517,0.269764792619237,58.06122761463772,0.0009430769109469424,0.9978174910264275,10.049867218553379,5.70447284586195
16070.049999885061,0.2786283454124987,57.62688283739457,0.0009182704356400041,0.9990655261923698,10.027466006865938,5.656540496468056
16080.049999884952,0.29094144400913907,57.28028254692153,0.0009177185717691254,0.9989673808351315,10.022505650633736,5.598274818866069
16090.049999884843,0.3103498232489846,56.94465845243125,0.0009154555792388975,0.9990968053827539,10.015523944969187,5.51771825198009
16100.049999884734,0.3135146349456097,57.26857450363931,0.0009171575007156176,0.9990870853446875,10.030499232968806,5.512225464501312
16110.049999884624,0.31883616847966423,56.7699971660561,0.000908026998485849,0.9999632615037847,10.009416769214559,5.479102123518398
16120.049999884517,0.3389018556054535,56.50826415471079,0.0009118314203994867,0.9994646423265491,10.021589948150625,5.396003577560204
16130.049999884408,0.3521415813881367,56.53960138507862,0.0009165726820967854,0.9990719258927643,10.029492612082924,5.353245488556707
16140.049999884299,0.3713625279460519,56.434699495148806,0.0009111943992492145,0.9995547988511941,10.046475946465579,5.2762111838760175
16150.04999988419,0.37648299014976366,56.05381487250929,0.0009119687387354864,0.9995609653299833,10.028346741799128,5.256410031319995
16160.04999988408,0.38937855579127134,55.45712627524742,0.00091758460148187,0.9987759677773032,10.019107189863876,5.204792041883607
16170.049999883971,0.41103049315313284,54.94812317133583,0.0009174284958115455,0.9987516496560229,10.015230779793544,5.127682335164594
16180.049999883862,0.41964302827391653,55.20235984673107,0.000912644021186373,0.9995720617017062,10.030696086356407,5.101201777721173
16190.049999883753,0.4238818807889712,54.82774504657578,0.0009097941850776139,1.0001745816478378,10.018314742669368,5.079221887778141
16200.049999883644,0.4467359934904659,54.17693684803537,0.0009140039522843327,0.9993544891204854,10.023219777763904,4.9994378025733095
16210.049999883535,0.46359120555349387,53.86587793507477,0.0009133202416464898,0.9993571789468807,10.02811729566342,4.945987616893209
16220.049999883428,0.48873943852979373,53.306115403107256,0.0009128462350094106,0.9999408423480699,10.036731285606697,4.862835542077419
16230.049999883318,0.4913110282409911,53.10302692570951,0.0009130013545171,0.999550533165525,10.029274001824305,4.857004575503993
16240.04999988321,0.5009474028894154,52.267684917843695,0.0009157071987174541,0.9984876606505451,10.014615356827715,4.822622858838615
16250.0499998831,0.5230375100080369,51.498334906972204,0.0009211528410308691,0.9984593483529566,10.015490350568822,4.754582297480438
16260.049999882991,0.5376348114561025,51.480663939810675,0.0009189023418150697,0.9995500385294028,10.030998096117855,4.713795681404323
16270.049999882882,0.5439132552711611,51.177994082618376,0.0009256643426737697,0.9996916348917982,10.03259192663858,4.6915458920312005
16280.049999882773,0.561992018611534,50.11625220918182,0.0009283712232417326,0.9989907831391128,10.024659092672648,4.637530053473303
16290.049999882664,0.5783782728789456,49.379763543204085,0.0009444502100338861,0.9992777422936354,10.026310110552537,4.58884885422424
16300.049999882554,0.6018757716831824,48.287852956362435,0.000895977488180065,0.9994594945689215,10.02694357109509,4.525404505718984
16310.049999882445,0.6052865505612344,48.22187065391277,0.000924247708631452,0.9992540909999473,10.030272253371164,4.518832370107945
16320.049999882338,0.6068102753845449,47.40046571504347,0.00091045621038653,0.9981465488246797,10.009480521236599,4.51101951210455
16330.049999882229,0.6252567745179863,46.38102423149193,0.0008657290235364845,0.9984065324514289,10.015923022434423,4.458489398380247
16340.04999988212,0.64291384723386,45.907141675940586,0.0007937623212085121,0.9995462474416208,10.031363062082772,4.415715351817259
16350.04999988201,0.6527883285936175,45.4605614054367,0.0008966770736087546,0.9992768812291704,10.047658456419084,4.388720612712207
16360.049999881901,0.6572583453411629,44.53768660529679,0.0008573147074810977,0.9988577648493696,10.025855688570388,4.376269854433406
16370.049999881792,0.6663243215977395,43.715322486527526,0.0008783048077068245,0.9993511722128366,10.023977164259772,4.3485913563687255
16380.049999881683,0.6780828667164454,42.76130422438881,0.0009473004934565876,0.9992243405898644,10.01902985065723,4.322996394125763
16390.049999881576,0.6849517828018619,42.59539779738905,0.0011339714637527718,0.9988286823010372,10.03118648192262,4.311536765582081
16400.049999881467,0.6761362849506792,42.424873442821465,0.0012582961666438611,0.997555908677342,10.005316721030669,4.332142257032996
16410.049999881358,0.6846511610079808,41.80164342689625,0.001341333610128457,0.9979168507829155,10.016937994962309,4.305666289743706
16420.04999988125,0.6984777180624646,41.29647275027553,0.0013912356362362095,0.9987806615663234,10.031619591619775,4.277470295438665
16430.04999988114,0.7070614926190523,41.03358893975605,0.0018332961530243507,0.9979153671049441,10.060650389028716,4.258336727851846
16440.04999988103,0.6969197091307568,41.16758977608024,0.0015092135475428539,0.9979609020725846,10.027251587274307,4.281559877304403
16450.04999988092,0.6926552422143103,41.28766686502536,0.0013556535745401887,0.9992297363290541,10.021040787940015,4.282299404416372
16460.04999988081,0.6878210409514097,41.68204924703693,0.0011421381946492433,0.9997485199737168,10.011452969023999,4.29546284513116
16470.049999880703,0.6973828020196394,41.54501912976624,0.0011348722852901662,0.9987249849216703,10.032071904117842,4.283391147621183
16480.049999880594,0.6819622558139806,42.05162324383973,0.0008915158552034819,0.9988549062039377,10.002805327359914,4.315611184131072
16490.049999880484,0.6763584251238475,42.68946984867427,0.0007449415336173811,0.999126619607326,10.018387589640707,4.322867349758967
16500.049999880375,0.6802535926499215,43.100901055390835,0.0006664355103036305,0.9997485458347685,10.031660527453125,4.320462336801756
16510.049999880266,0.678823221131897,43.88527185171815,0.000892050724000631,0.9994945593883626,10.060894523862975,4.325124493745219
16520.049999880157,0.6634949793087985,44.31218329044422,0.0008052541086015075,0.9989914137946742,10.028111540002588,4.364765011803845
16530.049999880048,0.6468644583951783,45.14073170789523,0.0008610589379778096,1.00012787323027,10.018289281493518,4.396644079777905
16540.04999987994,0.6296829302622491,46.228093579535724,0.0009338914369102107,1.0000780784236138,10.009375445966592,4.445164891812496
16550.04999987983,0.6366143828152867,46.56145893502449,0.0009954868742571635,0.9988822569953644,10.032201817016519,4.441752582147568
16560.04999987972,0.6226104132397958,46.84938301129648,0.0009221871555264396,0.9992724979363176,10.009493528561554,4.473293250255069
16570.049999879615,0.6033893319365762,47.97371788195743,0.0009708599544564695,0.9991276656981503,10.020366558805607,4.51997761317515
16580.049999879506,0.5964298144896747,48.85414426925754,0.0009540815804932285,0.9990270281468133,10.031136847398512,4.548719049576057
16590.049999879397,0.5822674584711495,49.95908811878184,0.0009567788408489758,0.9985057636084165,10.047838489968148,4.593683301392085
16600.049999879287,0.5716387913873872,50.04207377721452,0.0009121721114654083,0.9990133950667508,10.02855514388295,4.619186366938706
16610.04999987918,0.5501630076530069,50.56544818037268,0.0009253776416165236,0.9993119848849177,10.016349646127521,4.673096022496619
16620.04999987907,0.5286722216000187,51.41784364708616,0.0009099619022715703,0.999432638521412,10.011379863873,4.739127537491899
16630.04999987896,0.530042895693327,52.02298390253803,0.0008955011998547821,0.9990205029609339,10.031776802339326,4.747962941443414
16640.04999987885,0.5211915067698247,52.06862848404021,0.0009020152124885058,0.9991525486641109,10.020897063410533,4.770800782645607
16650.04999987874,0.4954158932376794,52.83128601925748,0.0009041208600826631,0.999172191168533,10.02221205148613,4.845395478489582
16660.049999878633,0.482409666139177,53.559425343533526,0.0008960272442635371,0.9992133536074345,10.029899257860661,4.8939182663839755
16670.049999878524,0.46162471354555984,54.35645761369049,0.0008735013550097364,0.9996992154886912,10.033981414288586,4.964006983754375
16680.049999878414,0.45658372887635135,54.34394842946614,0.0009049928965465616,0.999040362382295,10.028889155415253,4.981975353032194
16690.049999878305,0.437797523359087,54.42378176747702,0.0008997478133486087,0.9996563714881616,10.014103862653572,5.034538311434702
16700.049999878196,0.4169724090333404,54.95070329257607,0.0009052518458690508,0.9993940218834024,10.013977301160969,5.109436042749492
16710.049999878087,0.4133155249305021,55.58398026198937,0.0009038613947094679,0.9990584147699593,10.03144261662689,5.136390881639313
16720.049999877978,0.40762262687870604,55.63330887823639,0.0009154712608520555,0.9981165575236435,10.0330636927662,5.1581388332700815
16730.04999987787,0.3835881018915209,55.915272879518255,0.0009077892573786916,0.9989730708510961,10.023925904114222,5.236739251760346
16740.04999987776,0.369745893183536,56.359901942725,0.0009025250948841079,0.9992602401961566,10.028585533036283,5.291577904007549
16750.04999987765,0.349226280228117,56.77938190934021,0.0008981096704353666,0.9996791873759884,10.023945510052773,5.373399789182443
16760.04999987754,0.3468380893412579,56.875608942793356,0.0009076984179033306,0.9988507893281594,10.02947740168759,5.386889333556398
16770.049999877436,0.3337524278244065,56.642930247229344,0.0009022125700093255,0.9996528527271731,10.011050156573504,5.424983908082112
16780.049999877327,0.31549601178387693,56.984320949519095,0.0009050008082218856,0.9992674352959563,10.016031672904257,5.500676617519609
16790.049999877217,0.30938737553580875,57.555113529626226,0.0009074375918181714,0.9988317117933793,10.031244614650483,5.54169821086198
16800.04999987711,0.3040688155288702,57.71920105018624,0.0009190505355430796,0.9972831645068151,10.044758060734976,5.569059889731707
16810.049999877,0.28625107356083107,57.651942925033765,0.0009076874206572588,0.9988927244988524,10.02556079980068,5.6323342094446796
16820.04999987689,0.27459606558035843,57.83395879023887,0.0009062869486752642,0.9989767789758288,10.026746107433178,5.683373100195988
16830.04999987678,0.25775727868079945,57.979323941657334,0.0009067914250406217,0.99906574327249,10.01718526473688,5.762031366087212
16840.04999987667,0.2556753479226355,58.2419191759048,0.000908567064819869,0.9987521303854461,10.030076415269143,5.77665985184919
16850.049999876563,0.2478454701374377,57.85509698594183,0.0009037668651214891,0.9995100975833282,10.00822007806679,5.7983015782025396
16860.049999876454,0.23263104272914661,58.10688068015283,0.0009051032102992194,0.999215844928109,10.018456504193523,5.868199376864759
16870.049999876344,0.22625742729210221,58.56683698537993,0.0009089981458595169,0.9986753424498286,10.030737592330537,5.9145156984598035
16880.049999876235,0.22023304350039966,58.83218093178755,0.0009181261103349286,0.9972645817547834,10.051762945724114,5.948928526857775
16890.049999876126,0.20891886644297897,58.59482759038224,0.0009069002522624725,0.9989993633405907,10.027093636720892,5.991471543603631
16900.049999876017,0.20053952182814416,58.55646292126138,0.0009081258639118515,0.9987377494417684,10.02402106905082,6.030916494466706
16910.049999875908,0.18771319791226268,58.5640918766977,0.0009078163665601306,0.9988268952821593,10.014012810450549,6.097096079307907
16920.0499998758,0.18513218944646756,58.94960850461941,0.0009078275093349039,0.9988956778998204,10.030412365705608,6.117736344316587
16930.04999987569,0.18080359246560426,58.56566152052845,0.000903180487332191,0.9996186435710342,10.008852087006604,6.127685701599762
16940.04999987558,0.16883247830027653,58.73633800516925,0.0009042612096902332,0.9993093415850783,10.021247405793927,6.187124323577792
16950.04999987547,0.16321809390118835,59.051149456849004,0.000908467681514171,0.9988021123096473,10.02957737204187,6.230084815837859
16960.049999875362,0.15655646364359452,59.32426745863747,0.0009093488805912988,0.9984071382751913,10.047906102965822,6.267510037392641
16970.049999875257,0.1503304476395303,59.106615664732935,0.000904492138058855,0.9993006040100837,10.028416301014369,6.294874676225196
16980.049999875147,0.14518898890629484,58.88861284768674,0.0009084660351761935,0.9987101145240883,10.0204889835787,6.319022710616628
16990.04999987504,0.13563853210503354,58.86674035102506,0.0009074525593616308,0.9988446558199254,10.01406737100119,6.371421262364488
17000.04999987493,0.13244890048471172,59.29938142704977,0.000904600214836847,0.9992817539009573,10.030319162379602,6.397652486937188
17010.04999987482,0.1298230603974145,59.07185745743985,0.0008997054883194627,0.9999883557173023,10.017001530779265,6.403262607962736
17020.04999987471,0.12130807738367383,59.11043867005496,0.0009032392396326293,0.9993927848215511,10.024195420185261,6.449954472656501
17030.0499998746,0.11669458162564122,59.24841728365153,0.0009052155425043415,0.9991800037227625,10.027596544276786,6.482422146952578
17040.049999874493,0.11034183137590033,59.41130104191138,0.0008996283794389291,0.9996625967378096,10.033608066161497,6.518785384739761
17050.049999874384,0.1071592657819164,59.38360310532553,0.0009019578327836018,0.9995095209835032,10.029477439016818,6.539529765562079
17060.049999874274,0.10473097748602332,59.03489038833844,0.0009077874326401305,0.9988385119782536,10.016707511547153,6.547523664062319
17070.049999874165,0.09755408475596011,59.05260818170099,0.0009076318811908138,0.998881339288033,10.016444197662683,6.589290638675487
17080.049999874056,0.09403915101716821,59.44747250493592,0.0009016111036228209,0.9995085790953072,10.029794316356737,6.6180370429709665
17090.049999873947,0.09168976031105823,59.47073876481467,0.000898483826812585,0.9998160982679408,10.032652376747835,6.628233969675337
17100.049999873838,0.08658110916183936,59.34116383347237,0.0009052500963610857,0.9991868398196176,10.026931713167738,6.659839555537044
17110.04999987373,0.08312196456870158,59.28917734654407,0.0009023350141196176,0.9994078052380452,10.024951241404445,6.6768767179226245
17120.04999987362,0.07824499385008064,59.295853201147416,0.0008982585581206287,0.9998942321191642,10.018073663817022,6.708396005462247
17130.04999987351,0.07592624684899689,59.519979937639384,0.0009047655185490575,0.9992367027898685,10.030194559774955,6.731621625106277
17140.0499998734,0.07556100399133017,59.11814780031253,0.0009069900925817521,0.9989860573788296,10.013909615212238,6.724129961583587
17150.049999873292,0.06982944568686109,59.19041389293266,0.000908365153379122,0.9988868703216904,10.019847197574412,6.759257243023168
17160.049999873183,0.06647763011486468,59.480917332540095,0.0009049111729953993,0.9992168009173913,10.028915561389017,6.788073682863399
17170.049999873074,0.06345398383777312,59.70691857720695,0.0009145133455693772,0.9982750626457312,10.046817056220602,6.813672240104546
17180.04999987297,0.06132313520674006,59.47765371248087,0.0009096885693437672,0.9988381235869064,10.028975566721122,6.822956116392337
17190.04999987286,0.059204746922024674,59.2647750555539,0.0009041379971041114,0.9992582888164655,10.02216728924168,6.824816698732979
17200.04999987275,0.055896417836703065,59.178641267915175,0.0009022571697602224,0.9995479306826142,10.010066669982045,6.848302514868664
17210.04999987264,0.05339545047914531,59.57212790143184,0.000909827771841304,0.9988421159191991,10.030371752574842,6.877957455881961
17220.04999987253,0.05452813889594054,59.21290480439534,0.00090530037775045,0.9991834062247086,10.013681376986913,6.859040291483087
17230.049999872423,0.04968422891187562,59.30721403717428,0.0009066107803236875,0.9990543173870364,10.023230445073247,6.888765198818362
17240.049999872313,0.04673938221725449,59.46068503162829,0.0009092197381832123,0.9988880368729126,10.027629479751347,6.915377173300188
17250.049999872204,0.04335684625701442,59.76198582673106,0.0009282525720297216,0.9974408883663766,10.049874018708108,6.949775353525943
17260.049999872095,0.04316288720331042,59.55878513207719,0.0009080468788268052,0.9989345655091433,10.030115699665734,6.942542884135253
17270.049999871986,0.04210729703894261,59.23544301112992,0.0009069210833878616,0.9990484151328587,10.019655599565416,6.9363090054943415
17280.049999871877,0.039789909290046735,59.14578616562391,0.0009045245411392909,0.999304174507544,10.0098768843503,6.952140970879233
17290.049999871768,0.03741604349820787,59.578090707415015,0.0009077098080514323,0.9989626618895767,10.02984774471887,6.981622657782127
17300.04999987166,0.03926026750554501,59.364670377424076,0.0008992019575776867,0.9996229789951726,10.018193020967795,6.960064263823589
17310.04999987155,0.03516541132314459,59.420643571721314,0.0009023483751648796,0.9993808705421606,10.026299999381385,6.985640348451196
17320.04999987144,0.03283312721173384,59.41438103013217,0.0009074847742069856,0.9989884377186056,10.025779103849569,7.0045589229613725
17330.04999987133,0.030870336728895865,59.66026888499357,0.0009084978671053805,0.998866428609192,10.039057815765183,7.023338794434324
17340.049999871222,0.030318940094294516,59.60571593831711,0.0009027432811743102,0.9993335877895888,10.030477779858934,7.027145189605654
17350.049999871113,0.02981540808350504,59.22358449038882,0.0009076076575311093,0.9989711737585552,10.017607941701208,7.019500817736491
17360.049999871004,0.027904327134222903,59.19364388413373,0.0009059103632228503,0.9991232057877822,10.01421602450805,7.032151151655713
17370.049999870895,0.02618035480601757,59.5493904550579,0.0009032957341709899,0.9993042917368221,10.028692018806591,7.053189845023523
17380.04999987079,0.02804377850975942,59.577320825933704,0.0008944887990201358,0.9998754738199725,10.029587102946056,7.036767762454245
17390.04999987068,0.02459092774799596,59.522130146458096,0.0009020631417761978,0.999407515452732,10.028855965157314,7.061127933535862
17400.04999987057,0.023000483250988028,59.35044305654929,0.0009045719141985542,0.9992217755224472,10.023463419316887,7.066839704315887
17410.04999987046,0.02202982582413804,59.42267582191595,0.0008958179806818722,0.9998264854376954,10.019981138281645,7.0763917364942115
17420.049999870353,0.0210551792059124,59.61705240497251,0.0009023896642098213,0.9993837481157257,10.030279821497967,7.0907169531486725
17430.049999870243,0.02084667600248259,59.24304352510674,0.0009077777463663112,0.9989436948847946,10.016562092771945,7.0830024550002255
17440.049999870134,0.01931362049013025,59.28926293153017,0.0009086019045781577,0.998858090272037,10.02009745786425,7.0942082554980574
17450.049999870025,0.018143220875872345,59.4934035885342,0.0009032010636256007,0.9993336289062085,10.027182712031012,7.105638551984184
17460.049999869916,0.020166995103302943,59.750004161988656,0.0009091432811331254,0.9987949853959496,10.04342929553962,7.098972302889728
17470.049999869807,0.017110991554864723,59.59067589052057,0.0009069473760250776,0.9990026094442525,10.030601256754931,7.119170474223844
17480.049999869698,0.01600082741209635,59.28797278127555,0.0009039895753966313,0.9992894239554113,10.021145216639907,7.112396351462864
17490.04999986959,0.01463399609516174,59.208197697944804,0.0009001711023745718,0.9996185849378137,10.006950215071276,7.126692984385262
17500.04999986948,0.014703629551331246,59.596585249722246,0.0009065272160802352,0.9990465864120007,10.02968788139174,7.136812563828943
17510.04999986937,0.01444277880478789,59.30580856389834,0.000907686903519145,0.9989781938697802,10.017278792650018,7.130710143551924
17520.04999986926,0.013814793860388091,59.39477424594736,0.0009106646814805709,0.9987040367876251,10.025305994425615,7.136177474761406
17530.049999869152,0.012924492722140924,59.42862740291723,0.0009059403833565991,0.9991058383133887,10.025593011242234,7.14099303356773
17540.049999869043,0.016054079198027787,59.78726551258897,0.0009250571538350018,0.9974475666421613,10.049455286302658,7.136172668245216
17550.049999868934,0.012673013439595662,59.62472394088023,0.0009105807902095884,0.9987183904647183,10.031361454917974,7.154276974470451
17560.049999868825,0.011733918264117805,59.25106256849406,0.000904637135208936,0.9992361226634616,10.019371976624903,7.141779877443126
17570.049999868716,0.010141483273888884,59.131275038486905,0.0009026187075043823,0.9994170274698101,10.005264812702432,7.156243154221514
17580.04999986861,0.01151487286301461,59.557511506603234,0.0009091033643371034,0.9988407854878835,10.028708422928524,7.159181536412242
17590.0499998685,0.010850387949686551,59.41857254659019,0.0009047840575659955,0.9992879056211423,10.020645508806806,7.1578694416915205
17600.04999986839,0.011602778592672915,59.49756413840307,0.0009069443522539409,0.9990442067003594,10.028980950740333,7.152423741756961
17610.049999868283,0.011164337348314545,59.3696046350856,0.0009075984459096328,0.9989615463042508,10.023997903118504,7.152027917049391
17620.049999868173,0.014169115160950745,59.691212735265985,0.000916670080229876,0.9979720661098289,10.042606112369306,7.144483173791186
17630.049999868064,0.011778889286764231,59.63214815462863,0.0009074932230884589,0.9989902188390708,10.03106453804149,7.158995755789727
17640.049999867955,0.011238567936101078,59.2527584218726,0.0009053321871592839,0.999161888324634,10.018580676992057,7.14674832049283
17650.049999867846,0.011048842575769121,59.1843044263437,0.0009025216141780446,0.9993833752339351,10.011226408563342,7.148257907046318
17660.049999867737,0.012441050956130791,59.50414108488474,0.0009070415679729197,0.9990147011462198,10.02724991412509,7.148832938643314
17670.049999867628,0.011640127555133911,59.576597019117614,0.0008979027778829191,0.9998659930945121,10.027854187715844,7.151521240787307
17680.04999986752,0.013676928560396205,59.587523318508325,0.0008997349028343136,0.9995828819061071,10.031074936875287,7.137461264512706
17690.04999986741,0.013771238412181858,59.31785571091428,0.0009070796356339993,0.9990048241834557,10.02237541465524,7.131310847596087
17700.0499998673,0.016066190515826726,59.46943505516581,0.0009023293198762328,0.9992867637440009,10.0247262467512,7.121076331776296
17710.04999986719,0.015488864641246587,59.60840824601964,0.0009019264988328123,0.9994023434154771,10.029869860003792,7.12890267042401
17720.049999867082,0.015003195070414548,59.29475465397313,0.0009064308684539461,0.9990505034013627,10.019145455597227,7.123700309820207
17730.049999866973,0.01636923222026061,59.315999232457216,0.0009049803766085104,0.9991631578204349,10.020122041922106,7.113772559692997
17740.049999866864,0.017817169480230335,59.43439701668936,0.0009038862031161728,0.9992520106553291,10.025444519212966,7.106162284696449
17750.049999866755,0.01698451789554937,59.721191205294424,0.0008963642058488927,0.9998224193293318,10.037875553472215,7.115266336931971
17760.049999866646,0.019758691482684058,59.63515411544822,0.0009012927786345415,0.9994673155109188,10.03185916458592,7.0987265566311395
17770.049999866536,0.020348806515240302,59.27531083702289,0.0009058240943953128,0.9991108874129743,10.020902177904862,7.08321973600618
17780.04999986643,0.022916171917339117,59.21442656757213,0.0008998646363234592,0.9997065703433836,10.006663092181629,7.069391240926648
17790.04999986632,0.023142726730876733,59.55152206300316,0.0009028838187725705,0.9993344189420853,10.028320726287545,7.07413330975735
17800.049999866213,0.022278426370703836,59.365922200909246,0.000908879307478547,0.9988646980492442,10.021123764061361,7.078028501313872
17810.049999866103,0.02463702027967132,59.44637467730449,0.0009120487922099113,0.9986474356453189,10.027703044685806,7.063225363620846
17820.049999865994,0.02686939177407796,59.35850185537874,0.0009039636489530741,0.9992494709116195,10.023743859575497,7.040554130016217
17830.049999865885,0.025736262687672748,59.761395918959195,0.0009111013908788551,0.9985263964626181,10.04507424111217,7.062384421272135
17840.049999865776,0.029460855627931857,59.62953741945455,0.000909643366413939,0.9988690991633394,10.031742214190878,7.037349427561268
17850.049999865667,0.0305311716500147,59.250048247264225,0.0009048231679793288,0.9991939068086616,10.019966357334123,7.0124422807700295
17860.049999865558,0.03358631957538441,59.07819097495302,0.0009016017944103006,0.9996467795596236,10.00035792469617,6.994391383668587
17870.04999986545,0.03467915004449169,59.47587341457625,0.000907513014217298,0.9990043917412127,10.02686931378104,6.995256760701835
17880.04999986534,0.033510511597281065,59.44783829020201,0.0009100257272933529,0.9988589669559287,10.02413668437806,7.004866120504294
17890.04999986523,0.0373125958070219,59.53406101372113,0.0009118862978728994,0.9986316319202687,10.032140426880671,6.9800895746108
17900.04999986512,0.03999221637015163,59.289229189333184,0.0009058572860749304,0.9991131830030336,10.022485532082374,6.9506615881263745
17910.049999865012,0.03983413611871813,59.67227762611911,0.0009236319710230243,0.9976813557844081,10.043574879226938,6.970482568963058
17920.049999864903,0.04426712624686701,59.58223469552503,0.0009100866777097878,0.9987791967314912,10.030793193325287,6.937605785610294
17930.049999864794,0.045132032153786306,59.2457802694543,0.0009041282075010564,0.9992432567911224,10.019983250083541,6.915379552360779
17940.049999864685,0.04896006039281305,59.09557660459882,0.0009009784392613057,0.9996816229512532,10.006183260594764,6.889384602086693
17950.049999864576,0.0514946456151661,59.38413322967601,0.0009079705587125852,0.9989418401743551,10.025440477480462,6.8812192904851885
17960.049999864466,0.05035511907614361,59.532618743759606,0.0009023262928654722,0.9995114298109651,10.02855971130443,6.890814484955147
17970.049999864357,0.05607836447870771,59.57040178453684,0.0009029425642188969,0.9993517429540569,10.0336294620836,6.853683182387168
17980.04999986425,0.058696149055579176,59.21926898236922,0.000906764423167653,0.9990257677781494,10.02165198201977,6.827414700446039
17990.049999864143,0.06084836564938826,59.449681135248994,0.0009109419588443493,0.9986455255366876,10.030974033142211,6.823931259953168
18000.049999864033,0.06564720542584632,59.483263909254454,0.0009048497874279335,0.9991939408430214,10.02896952168255,6.793500045040407
18010.049999863924,0.06599049798956627,59.2524274668307,0.0009045255577672151,0.9991942000889075,10.021343018939765,6.783037099947792
18020.049999863815,0.07143364215012192,59.19901075382306,0.0009008057165378504,0.9996328855035497,10.017959897492082,6.745557959819392
18030.049999863706,0.07533839817779232,59.25519852998628,0.0009059334624814234,0.9990975722015604,10.023905603568542,6.724698535893305
18040.049999863597,0.07511770952190852,59.580790041921404,0.0008939823500891906,1.0002008140420684,10.03526782650573,6.7281846231228775
18050.049999863488,0.08282610221528983,59.51545002345195,0.0008998171833286822,0.9997461843417422,10.032964857866116,6.683468679860097
18060.04999986338,0.08513724266493002,59.122969038008314,0.0009067688512084281,0.9989975635706674,10.02117503171873,6.660938483535089
18070.04999986327,0.08963243071867207,59.08718639778946,0.0009020627544168468,0.9993870479523981,10.011126888514866,6.637783695919139
18080.04999986316,0.09580985635719426,59.30372377667279,0.0009031625996637504,0.9994100023960008,10.02676519021001,6.602099840603437
18090.04999986305,0.09590626362015213,59.2297988414795,0.0009069691711619625,0.9989402845893215,10.02404042028909,6.602960554234313
18100.049999862942,0.10426863092648132,59.250929359304614,0.0009058604207519444,0.9990577302677334,10.0287917499667,6.551662810265509
18110.049999862833,0.10881491063828189,59.05833317576455,0.000905039659434819,0.9991970735581813,10.022510180722463,6.518363016065088
18120.049999862724,0.11162456159718273,59.47169586772184,0.0009020580074055558,0.999569219218441,10.041563116891753,6.509484403844425
18130.049999862615,0.12085495361444852,59.31746874252741,0.0009037914462150174,0.9993993027994424,10.031325426442438,6.459146732120464
18140.049999862506,0.122285898495648,58.95611083661656,0.0009065691993319442,0.9990020994352591,10.021103233762993,6.440842013219747
18150.049999862396,0.1295748820271902,58.69763269159,0.0009041777303917813,0.9992399745472413,9.998445998676406,6.40305332060837
18160.049999862287,0.13813604092073145,59.003791210616775,0.0009044932881610995,0.9992965789025108,10.02487078431866,6.354275280028455
18170.049999862178,0.13839503026324312,59.09774138436329,0.0009097785003253476,0.9986016969014628,10.027435907367511,6.3618346233927685
18180.049999862073,0.15083590217733758,59.106825816208804,0.0009118850496168551,0.9983270306550146,10.035118152873128,6.294309136549526
18190.049999861963,0.15547930527604906,58.73550259768481,0.0009050290186544681,0.9992114266697875,10.021553700010498,6.253221423021065
18200.049999861854,0.16332937995188623,59.08060386752701,0.0009134750181228594,0.9982879907088279,10.042081414050019,6.225126533554435
18210.049999861745,0.1738133322025105,58.911186177329874,0.000907550061551874,0.9989298185350036,10.029590542180845,6.169480369979197
18220.049999861636,0.17398773820799085,58.63156125232067,0.0009060807914941988,0.999070994728841,10.02148512059784,6.157844125159628
18230.049999861527,0.18485565212775187,58.29078122848701,0.0009052108753380346,0.9991694009080168,10.00077749789023,6.102705697938492
18240.049999861418,0.19653828173763388,58.48951251817875,0.0009057511537085698,0.9991369077263162,10.023546685362154,6.042661000794813
18250.04999986131,0.19767131548083985,58.729247088630835,0.0009102308604294948,0.9985252181890047,10.031006520029377,6.049718173106586
18260.0499998612,0.2150396813696688,58.62756400880087,0.0009133664119891826,0.9981698903294934,10.037234094119926,5.964673425947543
18270.04999986109,0.2194864433538723,58.15376562030162,0.0009049955179402674,0.9992257338602142,10.021080529259564,5.924151058001464
18280.04999986098,0.23337752544910775,58.27021620190421,0.000916075385334383,0.9978200722870939,10.034291604367942,5.87187657678351
18290.049999860872,0.2458396680281023,58.144527118560035,0.0009087405539072755,0.9987725282394172,10.028036216467902,5.812072750464656
18300.049999860763,0.24470807428960215,57.97514501458831,0.0009047658327894282,0.9992392937550383,10.022324389238323,5.80860414837098
18310.049999860654,0.25990006659968345,57.63229880667745,0.0009015872579089526,0.9995457035942482,10.012642108868658,5.735488668389883
18320.049999860545,0.27510900940154487,57.549543332792815,0.0009063175108278224,0.9990826661942688,10.022682633538386,5.669067028568663
18330.049999860435,0.2787441720033109,57.88728148166246,0.0009067416550171487,0.9988484451119863,10.03475155533101,5.665629941717771
18340.049999860326,0.3015666242623465,57.562332003890994,0.0009096957946061581,0.9985785683336788,10.036737832060057,5.567032628703251
18350.049999860217,0.3047486590568372,57.04449772360198,0.0009046426935455232,0.9992710533692748,10.0209139216295,5.53690544492519
18360.049999860108,0.32492783521163177,56.77217251423435,0.0009138943076104649,0.9982989332419053,10.019728735248743,5.462715746935459
18370.04999986,0.34044476464597734,56.694484294749856,0.000908310180399871,0.9988804204977995,10.026761826129027,5.400122141287647
18380.049999859893,0.3382434387736373,56.649370986372475,0.0009016479808247132,0.9994235999069987,10.023524438137125,5.403682619943027
18390.049999859784,0.3586883028614254,56.24230010038121,0.0008887575468469569,0.9999665748430012,10.024978724489545,5.316941025240609
18400.049999859675,0.3760812710812996,55.78029465426956,0.0009069275072248876,0.9991190957185256,10.022032404185161,5.252355176282762
18410.049999859566,0.3850954460938916,56.10757535049563,0.0008956299895811325,0.9992289503563164,10.038853422900651,5.229395298239555
18420.049999859457,0.41207570602001203,55.43070067072728,0.0008999313147730718,0.9990232169063038,10.035533665009128,5.130498208146127
18430.049999859348,0.41209837152675105,54.919417277974624,0.0009054075784793849,0.9992655538179777,10.020687028619315,5.116921425204291
18440.04999985924,0.4358820742758794,54.13823687340066,0.0009137586077175935,0.9992362430068162,10.003253461451134,5.037011323043203
18450.04999985913,0.4560208511083145,53.986542818978286,0.0009044042922215029,0.999093609345249,10.02579865251064,4.970584735723173
18460.04999985902,0.45368246856201394,54.05506410965642,0.0009044237869133185,0.9992255258825851,10.024820529915848,4.978418723739745
18470.04999985891,0.4794006080384284,53.35092647128316,0.0009168237751473542,0.9989597284225086,10.034073390087018,4.8909570731031575
18480.049999858802,0.4946322529748067,52.52443145214721,0.0009056631249143217,0.9992193481700394,10.021197125225996,4.835836581677261
18490.049999858693,0.5114613987927684,52.61409315031126,0.0009152765169191507,0.9986123994203394,10.044045201439113,4.796736753162947
18500.049999858584,0.5375053321565992,51.4958013174159,0.000914470640953166,0.9988191149670292,10.035204554145569,4.716110369567438
18510.049999858475,0.5331131864923434,51.056822722800845,0.0009097835096305536,0.9993116064438755,10.019862088108718,4.714655899467223
18520.049999858365,0.5532513695116485,49.791601897644576,0.0008803247381000985,1.0003731255627335,9.987882883020124,4.653994115096348
18530.049999858256,0.5780260206463037,49.295167744756256,0.000925106764727058,0.9990581918858238,10.025018333218734,4.588608494851991
18540.049999858147,0.5779806133098246,49.41548975546258,0.0009048804056085374,0.9994671358580571,10.02595793631681,4.58966310024183
18550.049999858038,0.6050552766801129,48.19093173324813,0.0009280235416577862,0.999374785416432,10.04063802932852,4.5114598986757475
18560.04999985793,0.6108549711897187,47.21285451413808,0.0009010900431649046,0.9992770932940515,10.020092688000753,4.489016539582379
18570.04999985782,0.6338777382093259,46.71179549496282,0.0009421775006510263,0.9985551545550164,10.04882032840678,4.440419886421617
18580.049999857714,0.6505114340322915,45.3966639645648,0.000822674927830056,0.9989098961562564,10.034746457874178,4.3978821351274116
18590.049999857605,0.6421844648038559,45.21727842028733,0.000883756079846666,0.9996118940402491,10.01909745746487,4.4043759616194444
18600.049999857496,0.6510208986798519,44.00621765992232,0.0008699735313091625,1.0005207843834927,9.983010099447872,4.382271544635842
18610.049999857387,0.6733549900081957,43.09672068796888,0.0008539524292170867,0.9989291351623678,10.024074025611343,4.331922272324262
18620.049999857278,0.6778038602648173,43.067505634416044,0.0008366368448039153,1.0001388406743816,10.028624795903454,4.320376252890372
18630.04999985717,0.6947060948108604,41.853986686139876,0.001063286669184783,0.9995439955771698,10.043300091222605,4.280685374937897
18640.04999985706,0.6874213606248789,41.526352088679175,0.0009681015745677967,0.9989680631966974,10.019206592718941,4.291671935820859
18650.04999985695,0.7057785606244615,40.76924922539484,0.0007659035849134531,0.9983103031363773,10.04723410786909,4.258097968815664
18660.04999985684,0.7078657564055726,40.45768537055695,0.0010771497032234815,0.9985549963648256,10.032906872641405,4.2576583068268015
18670.049999856732,0.6989187066207958,40.596328574645796,0.000894833973017935,0.9993798195911069,10.019236632561574,4.2655407325070955
18680.049999856623,0.6943169845579483,40.6095990679339,0.0010264570595663936,0.9997772437236099,9.99298835534432,4.279475170865656
18690.049999856514,0.7015781099278019,40.60899148336642,0.0009406752305718631,0.9986722113225781,10.02303492871444,4.266824556237167
18700.049999856405,0.7092650388516324,40.397005403041696,0.0010408013019979736,0.9996766285883744,10.031945968019391,4.250996543704145
18710.049999856295,0.7058569961878756,41.097823661654175,0.0008534921541257256,0.9995548761950485,10.04214212351252,4.26180111006505
18720.049999856186,0.6894037472711145,41.629425674917655,0.0010571918886747474,0.9986356459303856,10.018923761935183,4.2953005614676645
18730.049999856077,0.6895096442847936,42.380176782675335,0.00118118204361346,0.9970940241796366,10.037448840698184,4.310324094179217
18740.049999855968,0.6816997644407404,43.22546583434134,0.000976580783585769,0.9987304208754948,10.03046770645812,4.328849320084483
18750.04999985586,0.6755591960247557,43.210566368502526,0.0011333846987116021,0.9987937229912873,10.02020570267589,4.336588576618951
18760.04999985575,0.6602359328793318,44.348693517099,0.0009310973297710509,0.9993295058009762,10.009501141502186,4.376479337702027
18770.04999985564,0.6491190084662117,45.45407988640366,0.001029667917468465,0.9985677736725527,10.022402585308766,4.409289759707801
18780.04999985553,0.6549475958451844,45.67460242808598,0.0010845613360069013,0.999588183883584,10.034567903348528,4.398786795436563
18790.049999855426,0.6336528565227841,47.290473064072266,0.0009694753864617492,0.9994906916117171,10.038654773008018,4.457776334890878
18800.049999855317,0.6168190589496457,47.51895702276847,0.0009913370674564028,0.9986359998586688,10.01928653241432,4.495879369895223
18810.049999855208,0.5982746163414989,48.902333157257466,0.0009585037330028896,0.997566627701784,10.023635743283574,4.560548944133874
18820.0499998551,0.5870621259366989,49.75351379810401,0.000956303128098153,0.9990185407442053,10.028198575289283,4.589991932834255
18830.04999985499,0.5850416764785413,49.60348598003411,0.0009400830955852823,0.9989628739075763,10.021729642895478,4.591944378145789
18840.04999985488,0.5634425579602903,50.70976802979897,0.0009568375760007978,0.9993801924842624,10.022596019673449,4.654222318180338
18850.04999985477,0.543237938018527,51.518301992597095,0.0009402345710365961,0.9988462896051508,10.022038717881887,4.715629174929679
18860.049999854662,0.5425945350722267,52.1547936340828,0.0009333825321508938,1.0003549238761826,10.03734942770746,4.72092595617825
18870.049999854553,0.5156247246325282,53.16532589387142,0.0009421925335907153,0.9998172913768268,10.034927325254674,4.808194254500718
18880.049999854444,0.5040867913996105,52.98611378050835,0.0009454311825765715,0.9987729494951053,10.019827463678388,4.83846654322231
18890.049999854335,0.4782061198183424,53.85770052620236,0.0009493258328876903,0.9983405235057979,10.010586440056283,4.93189917996893
18900.049999854225,0.4659344126117873,54.568679166160116,0.0009460004599197441,0.9993285152580093,10.026349378690515,4.970275089514364
18910.049999854116,0.4663898127206758,54.50560555184443,0.0009476940749905148,0.9990162476354538,10.02408408770689,4.97008919666671
18920.049999854007,0.44340957542329307,55.2783982886169,0.0009445995901798311,0.9995569572995615,10.030370210887122,5.046656894396957
18930.049999853898,0.4242070035349704,55.50400580265462,0.0009476184903262501,0.9990637854216576,10.02160559098002,5.111815087408977
18940.04999985379,0.4163047073563899,56.26711049356929,0.0009374328870909095,1.0007560351754672,10.040883970212347,5.141583236021621
18950.04999985368,0.39374814255006324,56.66759858149962,0.0009431627289656169,0.9998028073258713,10.031973116739437,5.231656449607802
18960.04999985357,0.38806764420201834,56.34902638756491,0.0009484172860258784,0.998921678783036,10.02031378291435,5.246564929164086
18970.04999985346,0.3657190104157302,56.6612869948904,0.000945919807563068,0.9990803504240936,10.002426668966162,5.336910499131461
18980.049999853352,0.35188305418339694,57.277481260188,0.0009447600532429257,0.9994038257930753,10.024785695340306,5.390098387661832
18990.049999853247,0.3526684156891979,57.37373619684155,0.0009495692933915687,0.9988542682008565,10.02732333745969,5.394064527925943
19000.049999853138,0.33157121326675215,57.8543090152264,0.0009499487257921706,0.998914888429637,10.034471156020617,5.479126145251275
19010.04999985303,0.3180108165549364,57.702026942127425,0.0009459527901700005,0.9992134472780966,10.021072520480754,5.524417363920423
19020.04999985292,0.305366231858331,58.36555384216386,0.0009506518067027149,0.9992020293520112,10.041485665649834,5.586640863729797
19030.04999985281,0.2903496679671126,58.49504222098628,0.0009487231574919453,0.9990974944748019,10.030072334542375,5.656191080072098
19040.0499998527,0.2885537753399138,58.19471269447662,0.0009472033000667852,0.9990987130800326,10.020845482406452,5.6539669987192855
19050.049999852592,0.2733446654402054,58.223921542158166,0.000940728594850377,0.9994444029829712,10.003227618951179,5.722964159418444
19060.049999852483,0.25875649387878813,58.6832256580599,0.0009481333709311884,0.9991133396951796,10.023686580673367,5.790509696341457
19070.049999852374,0.25858649615359347,58.91743057816203,0.0009528227971100722,0.998761462323908,10.03028661780711,5.801283076048023
19080.049999852265,0.24113699581978207,59.186147414230405,0.0009590626031999387,0.9985355482777595,10.035997028826214,5.883535607383397
19090.049999852155,0.23320048729816095,58.86025078929533,0.0009467341080588183,0.9991614202706134,10.020823277716676,5.90571992681354
19100.049999852046,0.21941514001401183,59.32233722253652,0.0009655308481933352,0.9983331963387213,10.035022453669068,5.985184641503145
19110.049999851937,0.21060948519767517,59.405446584805574,0.0009529031042703359,0.9988686732989361,10.028565489681442,6.029764607858208
19120.049999851828,0.2105729692612481,59.19328708573155,0.0009445374639286357,0.9992136451725914,10.02195612530954,6.020512024847132
19130.04999985172,0.20064945256973274,59.16484889460742,0.0009389392210564072,0.9994157298745373,10.011755173073498,6.069951729566237
19140.04999985161,0.1878519706988848,59.39123707097824,0.0009494045498469468,0.9990261141084784,10.022776220253359,6.13589295922159
19150.0499998515,0.18691054685112937,59.745280533287584,0.000938496869581277,0.9993897722800554,10.033713749840256,6.149568720641215
19160.04999985139,0.17402536076397837,59.86400584451602,0.0009365717501168779,0.9994951841048132,10.035277228405816,6.21588639904298
19170.049999851282,0.16909839613025418,59.47074838083643,0.0009483915423356895,0.9990515739757432,10.020927243319028,6.231382030086356
19180.049999851173,0.15801798496956646,59.67489413506466,0.000939854593792631,0.9996084021338897,10.021505811099738,6.293757397753787
19190.049999851068,0.15221419249070406,59.82592085543063,0.0009438467727440458,0.9992688064463565,10.026352226006214,6.3307982468681585
19200.04999985096,0.15224918027982048,59.75530979950906,0.0009470009071591326,0.9990612787308847,10.024095215222063,6.329775679957572
19210.04999985085,0.14526927507847495,59.78098928657949,0.000948471524824167,0.9988543618473978,10.024480195097228,6.368375840286476
19220.04999985074,0.1358892778935057,59.73142327949813,0.0009469528427707386,0.9991203776928328,10.021773168750636,6.4144983131532385
19230.04999985063,0.13443440462677134,60.1724557763773,0.0009418725839163044,0.999265492900119,10.037903193370019,6.434884522462157
19240.049999850522,0.12565768489648022,60.16768798715292,0.0009426610228362648,0.999357638811921,10.033128546867866,6.4850043369452575
19250.049999850413,0.12240648807065685,59.80008620179367,0.000948575628010882,0.9989947831565067,10.021337234935116,6.4924147967437165
19260.049999850304,0.11453631906438859,59.72016284066713,0.0009404570978606737,0.9998524491480176,10.005121790860317,6.537886563339934
19270.049999850195,0.11056688611193975,59.99058294460257,0.0009451875791278336,0.9992338954860395,10.024158742101726,6.565601875205568
19280.049999850085,0.1104516685548143,60.081652240242455,0.0009508576195650725,0.998750065239109,10.026806229551196,6.573632167037457
19290.049999849976,0.10571193137522056,60.16193510685065,0.0009582929354692658,0.9980882685645809,10.034790767704944,6.603863873661201
19300.049999849867,0.0993443070208753,59.89260488099182,0.0009465197398459862,0.9991461462061353,10.021103285823008,6.626364229966505
19310.049999849758,0.09809977574649795,60.33634152632985,0.0009535270351250527,0.9983480120227057,10.039929801803696,6.652205413998482
19320.04999984965,0.09286199588082653,60.263885523395686,0.0009516106337971078,0.9987258971645939,10.030691648684549,6.683060587388771
19330.04999984954,0.09047177558687006,59.98944788865099,0.0009479721390128014,0.9990366598163932,10.02213604607276,6.684182891014375
19340.04999984943,0.08549157703463095,59.730459888881065,0.0009437629014913011,0.9996592487862884,9.996100460818525,6.714831987736101
19350.04999984932,0.0834772925207966,60.039313407440744,0.0009478162235000994,0.999028684631601,10.02266933985176,6.728472073041397
19360.049999849212,0.08327106059342665,60.27174126000078,0.0009518397181984709,0.998730123477647,10.029439318767743,6.741438761312209
19370.049999849103,0.08104533352489085,60.3661514221495,0.0009549512197303941,0.9982942678717388,10.03929718623962,6.755799958251644
19380.049999848994,0.07725681265417156,59.973829829242725,0.0009466280574201711,0.9991331129412836,10.021054660037414,6.762152666796219
19390.04999984889,0.0767344656585361,60.32868699806678,0.0009583414651723016,0.9980176048543382,10.037054718796954,6.7836707219872086
19400.04999984878,0.07522538587184154,60.25399372822392,0.000951322943380174,0.998674392247347,10.028083075493239,6.790557910147515
19410.04999984867,0.07351375134139314,60.11072360786355,0.000945977823306697,0.9992191162404018,10.023529422845709,6.791087165786499
19420.04999984856,0.07171776305224546,59.84277300789449,0.0009428905291468799,0.9997268817245496,10.001060211367657,6.800398069167943
19430.049999848452,0.07220784871164326,60.03147707054669,0.000948600473620968,0.9989382467341577,10.021787799407688,6.797688573330051
19440.049999848343,0.07202563913851485,60.3766849853285,0.0009451684033884017,0.9993940373237424,10.032020987409448,6.808877094661314
19450.049999848234,0.07335118657746782,60.43364022720878,0.0009437005015340582,0.9994110236501044,10.03828205639955,6.798769956097772
19460.049999848125,0.0721525558620668,60.01450661406449,0.0009470876198730969,0.9990816900392891,10.021685457578865,6.795809663451033
19470.049999848015,0.07270393376747972,60.18116312943221,0.0009494336373836713,0.9988552854677103,10.027552733449806,6.800108990802354
19480.049999847906,0.07568228179203414,60.16702443571069,0.0009474973331276694,0.9990289055223306,10.025141813044842,6.781714847761355
19490.049999847797,0.07491802880448654,60.18904101912766,0.0009445709982465769,0.9993334905302845,10.025833154318093,6.784713565464945
19500.049999847688,0.07714470106544569,60.04535679128715,0.0009416209176831521,0.9997202926128378,10.017359655840925,6.766080026526776
19510.04999984758,0.07980566487893731,59.97788697941478,0.0009483225480824884,0.9989512030900389,10.021302237926587,6.748295331482777
19520.04999984747,0.0807153962476887,60.38571097523487,0.0009387050632767352,0.9999576346964263,10.034787231829121,6.74953002868242
19530.04999984736,0.08619697971680147,60.35251133172723,0.0009402597164532772,0.9999049476252838,10.033773837959659,6.715896766120816
19540.04999984725,0.08639264781157048,60.01166294022432,0.0009482212624354656,0.9989605531385508,10.02285572788408,6.709691563704216
19550.049999847142,0.0888564667071941,59.89911696148345,0.0009432548938253262,0.999454053527007,10.012273807216724,6.693162397996056
19560.049999847033,0.09563393213946475,60.00544727804509,0.000945929150600069,0.9992299486620457,10.022493085442091,6.653211949871091
19570.049999846924,0.09608647402408182,60.196378578569536,0.000947640458684735,0.9990358077218217,10.028760978011107,6.659054550043128
19580.049999846815,0.10277571696960028,60.18181885694585,0.0009485253689400513,0.9988433624270804,10.033916671054481,6.616594399113592
19590.04999984671,0.10593336678266395,59.86286918934418,0.0009478761204013604,0.9989959989231634,10.02120666837461,6.587975759279251
19600.0499998466,0.1097497872240164,60.237092544392205,0.0009455465864857577,0.9993411425468929,10.036314190827763,6.574576774912388
19610.04999984649,0.11846988495807255,60.119668836356816,0.000945206724949622,0.9994215053758566,10.028965153189787,6.524295734786237
19620.049999846382,0.11861196586999502,59.924965392875194,0.0009492221023721739,0.9988468040496501,10.024232343263186,6.519754957509097
19630.049999846273,0.12354492919228997,59.56940517719486,0.0009448184902799679,0.9993747150023199,9.99910505395039,6.487899781304087
19640.049999846164,0.13336073049910757,59.75178104499021,0.0009463305066174997,0.9992091748520006,10.0208723285214,6.4292192579525755
19650.049999846055,0.13529460604847274,60.06777056980696,0.0009516224730924776,0.9985958999809296,10.031378865646635,6.434538188048927
19660.049999845945,0.1465604916108068,60.08775311865973,0.0009579269212375256,0.9977848906045592,10.042522244090485,6.373695372316265
19670.049999845836,0.14927225201288427,59.63375319778999,0.0009473291175169888,0.9990693007783747,10.021530747847013,6.339586985483626
19680.049999845727,0.15709861581585888,59.8739755753198,0.0009536739420342461,0.9984235843480577,10.034509936067446,6.308677334430108
19690.049999845618,0.16868209417741942,59.713323409388984,0.0009492503344830123,0.9989108955144264,10.025531444588562,6.245251191292167
19700.04999984551,0.16835793165659488,59.67537540006968,0.000948721101799704,0.9989042695596332,10.025623721402557,6.244521763581112
19710.0499998454,0.17614413335930507,59.21587301694602,0.0009447667758644411,0.9994382125922976,9.996681217293897,6.1992645625368175
19720.04999984529,0.1891077810522898,59.321875807269045,0.0009467856582649859,0.9991608570168344,10.020283078186095,6.126999035226462
19730.04999984518,0.19307478650759957,59.70188805864313,0.0009514425475966328,0.9985752045930382,10.033272067820587,6.124719776634094
19740.049999845072,0.20922956225596567,59.64992487153876,0.0009582526844296143,0.9978394305408549,10.04338700287082,6.045647074486266
19750.049999844963,0.21138194970587848,59.16816210756227,0.0009463775042938771,0.9991824986209209,10.022213279631972,6.015524560192788
19760.049999844854,0.2237754764248622,59.181536727840566,0.000954666048602644,0.9982694934641522,10.028651565903527,5.963898524005237
19770.049999844745,0.2386992245331851,59.00011571691774,0.0009501788247838163,0.9988141672258745,10.023278274849394,5.8912003881292145
19780.049999844636,0.23830865215622452,59.105432768014,0.0009461328430444536,0.9991408560063877,10.027090438655755,5.893367442466273
19790.04999984453,0.24924254528257872,58.671104236709084,0.0009375441251916123,0.9999539837192801,10.006961985669863,5.834705042536914
19800.04999984442,0.26557775230109804,58.51664747791863,0.0009469791027713973,0.9991586448937684,10.02029430578353,5.757233815341421
19810.049999844312,0.27302830972931114,58.88648013115413,0.0009461920405989876,0.9989629019495585,10.034645024389116,5.738904600092778
19820.049999844203,0.29485822845085186,58.64507781453017,0.0009480782236886545,0.9986690611182023,10.039761071822413,5.643353740584173
19830.049999844094,0.2955348620993767,58.21549294392693,0.0009449716409059332,0.9992598362023509,10.023072052766148,5.627035851393483
19840.049999843985,0.31277425322260444,57.89544138218055,0.0009515451106393659,0.9987581814602198,10.01925444830194,5.55637901611291
19850.049999843875,0.3313962322351133,57.67629930224863,0.0009496851751259741,0.9989752299967416,10.021720029527634,5.479747017205165
19860.049999843766,0.3319979069289059,57.89556789241179,0.0009416298736343623,0.9992652153212132,10.02868320242234,5.481667826394695
19870.049999843657,0.3465308637669529,57.49518831826222,0.0009273864066297915,0.9998806783710467,10.023537749636317,5.4150835462200835
19880.049999843548,0.36503976757995715,56.953119695752235,0.0009487750778485384,0.9991459344693987,10.020372666376424,5.339510583896575
19890.04999984344,0.378031380046079,57.19912979047139,0.0009357063523073205,0.9991379396113415,10.0358762103636,5.302034160751307
19900.04999984333,0.4049980490956197,56.633109745585436,0.0009314921431376952,0.9990799748459097,10.035696375432188,5.201532564500292
19910.04999984322,0.4031359114995487,56.304636116098926,0.0009509802306999485,0.9990924035593843,10.023756979731543,5.199918368411263
19920.04999984311,0.4233058091278787,55.55395436320311,0.0009389575099627078,0.9994985530587911,10.007880833631202,5.122885513036664
19930.049999843002,0.4457561610470264,55.19334735395139,0.0009434493301401951,0.9992117704510424,10.020400082608562,5.046342024464488
19940.049999842893,0.44903446890756904,55.46263147550736,0.0009588002629143306,0.998858864513152,10.030294313916135,5.045531345635523
19950.049999842784,0.4682696120823425,54.902033369981986,0.000980870888738114,0.9984860753027088,10.037875639058525,4.976171477432627
19960.049999842675,0.48422344026897174,53.98308318764102,0.0009442667147357495,0.9992710993913688,10.019958172724925,4.912791187165681
19970.049999842566,0.5034665836001149,53.92961049750325,0.0009599689305153051,0.9985739260451852,10.037425023427897,4.8654080380810925
19980.049999842457,0.5314077542620508,52.90781525280685,0.0009480346585761041,0.9986310085117633,10.033672679312378,4.778644001139047
19990.04999984235,0.5277439563613466,52.693002270031364,0.0009422838826387169,0.9993644981401832,10.023979572695461,4.778981508492641
20000.049999842242,0.544360375424899,51.51416295419779,0.0009370260985068563,0.9996537142734375,9.996651460061807,4.725109973437324
