time_inner_periods,e_inner,mutual_inclination_deg,rel_energy_error,a_inner,a_outer,hierarchy_ratio
0.0,0.07999999999999996,19.999999999999993,0.0,0.9999999999999999,10.00000000000001,6.759259259259263
10.000000000000043,0.08547578312362668,20.105194240121108,1.5728789640465268e-05,1.0011309300704325,9.988010000488782,6.730658697045461
20.000000000000096,0.08808874304914355,20.22198176030373,2.8047223393710527e-05,1.001876137468538,9.991213037854536,6.708835654869234
30.049999999999716,0.09084244192164417,20.270336584021052,3.1009545667514355e-05,1.0020632978766166,9.997065160787109,6.687220689808304
40.04999999999932,0.08592198865390344,20.080720414015026,1.6764004995624483e-05,1.0012338838079642,9.987253843706217,6.7272265841302925
50.049999999998924,0.08890359424881007,20.159113845870245,7.934708201507851e-06,1.000578408422292,10.000081246484978,6.706092117769172
60.049999999998526,0.09023204739701253,20.14479673266214,1.3949697722998572e-05,1.0009620674933333,9.990097877467067,6.703787010509835
70.04999999999814,0.08891077231327381,20.15478619626023,2.5006463311620535e-05,1.0017614969041406,9.988443756082523,6.705985949702809
80.04999999999774,0.0886492863513304,20.099572552316637,3.4772496048781246e-05,1.0027267738408263,9.997207535687739,6.689491832128583
90.04999999999734,0.09045276905490462,20.04804974435242,2.0760962955003972e-05,1.0015309282648244,9.987095493689061,6.697771775934845
100.04999999999694,0.09369113057379676,20.2172885225662,1.1937053204591407e-05,1.0007314280454709,9.99486676037773,6.683540165070066
110.04999999999654,0.09586086165664105,20.19080184162075,1.0951188746029906e-05,1.0006119269958211,9.995037545799478,6.671489464568507
120.04999999999615,0.09254982787389886,20.073490032929666,2.1787053832285102e-05,1.0016000869411517,9.987408048874393,6.685518362559322
130.04999999999575,0.09250713367679017,19.946714787055562,3.012639616687193e-05,1.002761531831947,9.993624868878348,6.666619581585466
140.04999999999535,0.09676331158336872,20.012797772118763,2.3383523223338357e-05,1.001822308080783,9.987778461768048,6.65783043458979
150.04999999999495,0.09648719250888692,20.148960997390994,1.4470230914246e-05,1.0008603955280952,9.99079346658804,6.66856926171252
160.04999999999458,0.09906923566364804,20.18483599491748,6.411874342928521e-06,0.999852888138235,10.004616318844151,6.6513533214429525
170.04999999999418,0.09847698262400582,19.98918019785301,1.924947415599306e-05,1.0013826794491951,9.987459579145877,6.651816736978621
180.0499999999938,0.10031403721539418,20.060994119918377,2.457868898437123e-05,1.002024675460764,9.994765781116351,6.6309851423489174
190.0499999999934,0.10263648965200607,20.00638650288876,2.5964840658936662e-05,1.002165220579217,9.98995962135472,6.6198460953339895
200.049999999993,0.10071636166442009,20.05015961731758,1.619391039266272e-05,1.0010054903861998,9.988886619217665,6.642842852866324
210.0499999999926,0.1030806871478976,19.932427658463336,8.078879123049978e-06,0.9997928324880516,10.004915786816717,6.623082683440816
220.0499999999922,0.10519993382187486,19.911569881267095,1.7243314071320787e-05,1.0011676885477139,9.988311140205187,6.613676007973627
230.0499999999918,0.10338535003346366,20.06521083694967,2.348421068790868e-05,1.0018373471785549,9.991047542341427,6.619054732986259
240.0499999999914,0.10447779191266135,20.062629962915096,3.1859567497653715e-05,1.0027923518064337,9.994233437444441,6.601662215453361
250.049999999991,0.1060019799810411,19.95258853859469,1.779032953209762e-05,1.001182548295802,9.988129061260839,6.610296981396093
260.04999999999063,0.1083382829058828,19.863847676458064,1.6173275732544804e-05,1.0011052812187458,9.995423423495383,6.589438686077652
270.04999999999023,0.11066765543453994,19.86215459129143,1.461891507396946e-05,1.0009385581712944,9.990263210086232,6.582827873846419
280.04999999998984,0.10659257997136011,20.00568043267897,2.3686813854987322e-05,1.0017696891625079,9.98887518088475,6.602493032132764
290.04999999998944,0.10638102503170695,20.022868104978745,4.003005073981972e-05,1.0031523575274985,9.998511584616686,6.583243582050558
300.04999999998904,0.11120376355961999,19.869557552693184,2.029961945048214e-05,1.0014045063584678,9.988061036397976,6.577990520216268
310.04999999998864,0.10905612539919268,19.933271718005003,1.5816491922506306e-05,1.0011478181469349,9.991754966712456,6.5901311124671045
320.04999999998824,0.1118184857071798,19.88613026025503,9.632195570778615e-06,1.0006443840722312,9.994358134959327,6.57606697032641
330.0499999999908,0.11015439733948532,19.94643382221471,2.2627410176148474e-05,1.0015939708111516,9.988216078859306,6.583744545478261
340.0499999999976,0.1156049970677136,19.787369176943052,3.272596634457632e-05,1.0020365727066682,9.998337887188077,6.537592087645276
350.00000000000443,0.11501737246426216,19.810885965668696,2.4488836971778217e-05,1.00163534258803,9.988758541817859,6.553366279177478
360.0000000000113,0.10955100183945127,19.959354783549024,1.327899478935205e-05,1.001041798890076,9.989897155483995,6.590680517783685
370.00000000001813,0.1071376344714274,20.01377943913956,9.489072459460981e-06,1.0007274346731585,10.000710870792483,6.598220026365731
380.000000000025,0.1128535998803736,19.91000424920868,1.551915645129064e-05,1.0011237461155778,9.988569082227306,6.572054260214014
390.00000000003183,0.11423872920969022,19.8171944689058,3.1065298146855554e-05,1.0020405535217278,9.991590514254968,6.551608327478626
400.00000000003865,0.11560192928795357,19.806472626404606,2.277604766576193e-05,1.0015001553231344,9.991034207558695,6.549267605025005
410.00000000004553,0.11078923517421833,19.979619726196336,1.9167372466766744e-05,1.0014101973597933,9.988766420833844,6.582222974070775
420.00000000005235,0.11118031507951479,19.96698092943558,7.400592105153859e-06,1.0003086576004407,10.005680471860098,6.574297468981951
430.0000000000592,0.11432704346539914,19.897321555422913,1.5119813784074212e-05,1.0010615431026004,9.989148642700922,6.563832111336597
440.00000000006605,0.1109013745164435,19.931415576160376,2.46762560649813e-05,1.0018053708470365,9.989246341276015,6.57653680164871
450.0000000000729,0.11164220912316884,19.923488895612348,2.270379510689252e-05,1.001498142684279,9.996426153172726,6.568575499533509
460.0000000000797,0.11150595803119574,20.0101513946548,2.2681439539895815e-05,1.0017189725311026,9.988407769053046,6.5766923013882606
470.0000000000866,0.11409024043824637,19.855047064800424,1.0711858179446723e-05,1.0003578740038148,9.997287765273558,6.562945595467264
480.0000000000934,0.11327868547116887,19.89631972949044,1.6391488236423925e-05,1.0011465981527459,9.989965639807444,6.567969138979811
490.0000000001002,0.10934064984337973,20.03048290871981,2.0677415257468506e-05,1.001537463626261,9.988717458693522,6.590265403693689
500.0000000001071,0.1082419672260963,20.137038135442747,2.9460258301448304e-05,1.0027103148311307,10.001988968441955,6.576625534267437
510.0000000001139,0.11108782780404912,20.04298988560493,2.3575724098079413e-05,1.0018627097151032,9.98868973417013,6.578241439619974
520.0000000001207,0.10917192178843285,19.94459506382233,1.428924244806108e-05,1.0007399453355972,9.991213564784902,6.593856114161158
530.0000000001276,0.10899655231788065,19.9241751407958,1.554366544019216e-05,1.0010567262470689,9.991756763953585,6.591035366811337
540.0000000001345,0.10863757882912035,20.115347064394523,1.819827581553421e-05,1.00128398994065,9.988952665670626,6.598201515628338
550.0000000001413,0.1087436098333341,20.038565502979974,2.998609955650675e-05,1.0029732589316747,9.99492433802032,6.575509127377806
560.0000000001481,0.10902869906974397,20.058068242789176,2.3691990923599693e-05,1.0018899006547382,9.989468621726939,6.588858465733828
570.000000000155,0.10611253791293085,20.06978815626578,1.6341374273049048e-05,1.0010022605560724,9.989393713667747,6.613005432001356
580.0000000001618,0.10667144864132602,20.10904240030859,7.6221903358810005e-06,1.0000830619353374,10.002728534528158,6.6069705781432395
590.0000000001687,0.1079332546673285,20.181794833161593,1.6164909573429148e-05,1.0010734287037453,9.989596093942566,6.6049635933236885
600.0000000001755,0.10441927166642737,20.000608638517072,2.6140172336078402e-05,1.0021620984157171,9.989432394342867,6.610356097863189
610.0000000001824,0.10460327747253861,20.037362062657802,2.3956856771746518e-05,1.0018801395101757,9.990382787670738,6.61186913634983
620.0000000001892,0.10532029362706581,20.17267842848903,1.850955414106644e-05,1.0012484692520305,9.988908341593804,6.618169535870594
630.000000000196,0.10816850637748603,20.27946013824176,1.352231254309507e-06,0.9996036966277442,10.010574189907215,6.60014311153161
640.0000000002028,0.1066603532100541,20.214476672587327,1.4543616824864245e-05,1.0009672051855585,9.990487055109064,6.612880477083064
650.0000000002098,0.10244078045765613,20.081664187197642,2.4342107140435743e-05,1.0017837385259845,9.988087694343678,6.627855212745637
660.0000000002165,0.10037055089415232,20.044222479714563,2.662844437542527e-05,1.001994393167078,9.992307628937072,6.63275014531783
670.0000000002233,0.10593684680230527,20.241191399564848,2.202307351290479e-05,1.0015078775737891,9.988993873214238,6.614101727868427
680.0000000002302,0.10253590070467487,20.14971150101828,7.007376731380269e-06,1.0005408606566835,9.9948232421995,6.6338949103225096
690.000000000237,0.10442962690801467,20.187927588660628,1.5747008891303126e-05,1.0010955745919943,9.991332616123481,6.6226081399905725
700.0000000002439,0.10380966280658337,20.157020494869283,2.095916384049632e-05,1.0014588606179844,9.988215852756005,6.624892424049083
710.0000000002507,0.10760123111028501,20.263765615832277,3.580463328553658e-05,1.0022631279506335,10.00411271089326,6.585247794125566
720.0000000002575,0.10708594828807735,20.266402908995424,2.417643869894058e-05,1.0016185718945558,9.989664586598984,6.606827832238
730.0000000002643,0.10175530615331844,20.08982391191944,1.2958868191345403e-05,1.0010104462825353,9.989350793699266,6.637566855891595
740.0000000002713,0.10195782600308496,20.080685943651794,2.0544495198198736e-05,1.0014916238323988,9.991495307030458,6.63000114823471
750.0000000002781,0.10687089149555444,20.193581058016086,1.6392602545396134e-05,1.0011448477063358,9.988776655213195,6.611193731907555
760.0000000002849,0.10822182743639819,20.269430672841953,3.270773121713716e-05,1.0022319466760405,9.998452336172171,6.587342590494978
770.0000000002917,0.10790670326857846,20.235481274323025,2.142789921455773e-05,1.0014417006016143,9.991107598631453,6.601814350262086
780.0000000002985,0.10589414016101516,20.076865173596826,1.8521588291881302e-05,1.0013615150414685,9.988119937541446,6.612363933430754
790.0000000003055,0.1057048793328745,20.033673926449534,1.9489644581554262e-05,1.0015502562226868,9.995933896655654,6.603610565753833
800.0000000003123,0.11040129090823535,20.19211810579101,1.5381218989857315e-05,1.0010300610941165,9.989451959219076,6.592265038405534
810.0000000003191,0.10674797209582165,20.091421913828178,2.4733185785512857e-05,1.0019029623941331,9.989625590330679,6.6018874661882405
820.0000000003259,0.10864869966629646,20.125321937143852,1.8564590139911785e-05,1.0011630106351692,9.993420932521465,6.595404610010481
830.0000000003328,0.11118417982269387,20.060915918575038,2.1467463166047917e-05,1.0016288204769281,9.98786438447309,6.580959922305674
840.0000000003396,0.11359176221390872,20.20832976153333,1.196840213745924e-05,1.0003505827011112,10.0084305412884,6.564299558829931
850.0000000003465,0.1131445213556871,20.16161651549602,1.6306152397067404e-05,1.0011002729930059,9.9903077401087,6.57525637935184
860.0000000003533,0.11152152828399306,19.987587206304877,2.1148772103940118e-05,1.0016221234091869,9.987879257424003,6.577386946592693
870.0000000003602,0.11247013640975277,19.933641201265186,2.008381119641917e-05,1.0013411128251968,9.996548580480122,6.565613170177581
880.000000000367,0.11567342751789095,20.03711563398929,2.281810079498765e-05,1.001794892976336,9.988059563851836,6.554555405940196
890.0000000003738,0.11383387896648796,20.111806410411216,1.2842266454588127e-05,1.000455483462591,9.99722899953117,6.5697377496962694
900.0000000003807,0.11463425787409003,20.1004902502006,1.7290728320820648e-05,1.0012325088665088,9.991672717500462,6.563341584844258
910.0000000003876,0.11733074604281818,19.92802983730035,1.9137207020851965e-05,1.00139729247109,9.987853896051249,6.546717110147283
920.0000000003944,0.11764311787005671,19.94090391833908,2.9135550063811667e-05,1.0028876289054507,9.997757765973674,6.523506559168152
930.0000000004012,0.11832346387281303,20.015991445493757,2.362859961790594e-05,1.0018630887486752,9.988738313716357,6.538693299738988
940.000000000408,0.117529389293153,19.951920672207486,1.5583772364141695e-05,1.0008866624949184,9.990772287422084,6.548073985907047
950.0000000004148,0.11752821761831486,19.96951999633633,1.6679386657161266e-05,1.0011637837376237,9.994784566569104,6.542479858901378
960.0000000004218,0.12136179707444007,19.89181491088757,1.7169972499770666e-05,1.001197306003039,9.988190946821689,6.525904644411322
970.0000000004286,0.11657031633298078,20.05889488869266,3.055462548482684e-05,1.0026666238725472,9.995759898357637,6.535762681877554
980.0000000004354,0.1186296922288993,20.00696015196373,2.3559640629646183e-05,1.001791990549069,9.990248197358774,6.536109342643046
990.0000000004422,0.1219838762075968,19.857099451627153,1.8036853299227096e-05,1.0011948276881875,9.988750660413451,6.521310306983641
1000.0000000004491,0.12493091784343087,19.789754947959835,8.357713635945383e-06,1.0003420720536216,10.003435492638358,6.498588996271997
1010.0000000004559,0.12260535756081288,19.882531821252297,1.510418075489567e-05,1.0010665531908838,9.988672761434502,6.519837521768553
1020.0000000004628,0.1191642741937362,19.967543557447115,2.6487704196078672e-05,1.0018978589544334,9.991339979520625,6.53041605101906
1030.0000000004695,0.11770118894030805,19.99153158266463,1.95517776919859e-05,1.001464729783858,9.993498784379906,6.540613537860517
1040.0000000004766,0.12424578987474086,19.817856082547017,2.157454750568461e-05,1.0014617410269095,9.98795783812824,6.506884927878515
1050.0000000004834,0.11978953881576487,19.89777981043592,1.5378756010688496e-06,1.0002556034819376,10.001930886323583,6.530291717125669
1060.0000000004902,0.12102091185384406,19.912029983552877,1.6059247917229555e-05,1.001161530686555,9.989374963736905,6.527438085795041
1070.000000000497,0.12219869781254687,19.889508949905927,2.0755379930343076e-05,1.0014232242169816,9.989371486788746,6.518410219880877
1080.0000000005039,0.12116918130459776,19.88260821735807,1.1680335047886831e-05,1.000900168332806,10.000032311976142,6.518706770263954
1090.0000000005107,0.12350726473586773,19.82808613509212,2.345862649178109e-05,1.0015803391153546,9.98777948258845,6.5101262184443565
1100.0000000005175,0.11650281432848807,20.01048757148046,1.058923327327815e-05,1.000906345234228,9.995176957502817,6.5508423347013744
1110.0000000005243,0.11762198958463191,19.989074546907247,2.1985753360760362e-05,1.0015810612456655,9.990992892472772,6.542209252381929
1120.0000000005311,0.12243488117645583,19.87247548392431,1.6302263927908605e-05,1.001129946857034,9.988609678280643,6.519997129338841
1130.000000000538,0.12385324443489218,19.796698311923876,1.850264678924476e-05,1.001155980824937,10.0019639456394,6.498629049734864
1140.0000000005448,0.11993039134856424,19.887018751666723,2.1237687809366855e-05,1.0014636085376285,9.988311095833904,6.530923712331926
1150.0000000005518,0.1179781254609321,20.015336532016832,1.8828463670584858e-05,1.0014030855224303,9.991250444958435,6.542272255640484
1160.0000000005587,0.11545064591522064,20.06607121557907,2.6750067011237413e-05,1.002234592813256,9.995056988349937,6.54631593105885
1170.0000000005655,0.11972064479817356,19.899075598872567,1.5969488332726865e-05,1.0010616860971095,9.98817677862436,6.535954953797126
1180.0000000005723,0.11477257364051806,20.007833151684697,2.4515811311885026e-05,1.0019459118824836,9.994343698714326,6.551698671759906
1190.0000000005791,0.11486968333049628,19.994968975049858,1.878167857271855e-05,1.0012331112398902,9.990180712070009,6.560847582617937
1200.000000000586,0.11691950204753483,20.01916831417425,2.1779370010688155e-05,1.0016679049479034,9.98907378610809,6.547652930871658
1210.0000000005928,0.11591631972514754,19.96018209235061,2.408778718947277e-05,1.0021108314769085,9.999302270320209,6.538559053511586
1220.0000000005996,0.11466417664853172,19.952409265910518,1.6868391391248857e-05,1.0011271978868888,9.987933896571056,6.563875247645865
1230.0000000006064,0.11234653255935105,20.135016150042055,2.1935988303020137e-05,1.0017714079794855,9.99168434793493,6.571776499673414
1240.0000000006132,0.11121698728183492,20.145942994446205,1.7153399429764488e-05,1.000986034236766,9.995862309393608,6.581288675392807
1250.00000000062,0.11303356028125998,20.03835981736859,2.270605584948735e-05,1.0017757715960718,9.987881555224858,6.569101985726441
1260.0000000006269,0.11012641203061958,19.968083874567718,1.4523941136141028e-05,1.0005590374866722,9.99963026723522,6.583247899619261
1270.000000000634,0.108689999184189,20.02599594156442,1.7823001895238132e-05,1.001246937176545,9.988189174966449,6.59674233256486
1280.0000000006407,0.11064011274596025,20.174366632803828,1.9257230355776936e-05,1.0014489865889247,9.990078762269894,6.5862722984101305
1290.0000000006476,0.11006650283025018,20.21405592672179,1.872459256687232e-05,1.0012172520383906,10.004870359234886,6.579093661762508
1300.0000000006544,0.10765406880443171,20.06139166023913,2.299042185224199e-05,1.0017733488226568,9.987321379125369,6.599419447172037
1310.0000000006612,0.10664162371881827,20.168947152564243,1.39949618603814e-05,1.0006686829883364,9.995480182139548,6.609966727271899
1320.000000000668,0.10462165567438277,20.132051616719785,1.911597913823306e-05,1.0013937253727139,9.990356777629389,6.61841690108376
1330.0000000006748,0.10715883208414197,20.184951987083707,1.685765744608742e-05,1.0011942380898766,9.989056710549512,6.608709018209231
1340.0000000006817,0.10190649999614436,20.02629417161483,2.6609058579438113e-05,1.002334620608739,9.994330919073315,6.618932834596443
1350.0000000006885,0.102426127413442,20.07919870794399,2.2192528595224392e-05,1.0016438191312602,9.987418857077584,6.629723656344426
1360.0000000006953,0.10562492855727824,20.25716262244509,1.7256632034288003e-05,1.001104180391325,9.992090120866084,6.616966128033247
1370.0000000007021,0.10567861188057817,20.280032837457,2.143086288302287e-05,1.0015063056474034,9.998844734419269,6.607573271453872
1380.0000000007092,0.10302568625035073,20.172036295557756,1.5179780723676912e-05,1.0010858087570311,9.98838503264251,6.632757279233621
1390.000000000716,0.09997816677964243,20.09029013023976,2.7312250988836084e-05,1.001981792422028,9.992255634867947,6.636231175199293
1400.0000000007228,0.09939645055634078,20.09916484071273,1.807043048161358e-05,1.0013281492944732,9.988877207588267,6.648572062952623
1410.0000000007296,0.10403320183393591,20.26017223574346,2.1945096004386767e-05,1.0014778010624976,9.989851586312028,6.62455778980215
1420.0000000007365,0.10298635776815245,20.247685164739014,2.0202553738075633e-05,1.0013991939535902,10.005049368320156,6.6170015680474785
1430.0000000007433,0.09997134355716866,20.12873949441193,1.7207351030054474e-05,1.0012365044862297,9.987883849680852,6.64781047850999
1440.00000000075,0.10288153870996862,20.20324335743545,2.1294973349691567e-05,1.0014338551139472,9.992023150545679,6.627934099472262
1450.000000000757,0.10101709476756343,20.160591813716376,1.0252860601129732e-05,1.000767208752249,9.994686408411658,6.6407320048406495
1460.0000000007637,0.10240054629030688,20.211536569727677,2.3621149105733033e-05,1.001624425257153,9.988611208489095,6.632227518867144
1470.0000000007706,0.09677193349531431,20.0199514243867,1.6197284276803623e-05,1.0012785654360608,9.9945291414815,6.656650862124926
1480.0000000007774,0.0994275269891564,20.056695158014833,2.169304850483635e-05,1.00158057748865,9.987772796834104,6.646114039180326
1490.0000000007844,0.10415681761014849,20.2117819115676,1.647322940185898e-05,1.0010962578203493,9.99069482533513,6.625281197791551
1500.0000000007913,0.10543069710438495,20.259060602283217,4.369587898737556e-06,0.9999823684918977,10.008964269283092,6.612775932751935
1510.000000000798,0.10170710268821638,20.12711724292246,2.1270681586406138e-05,1.0015054135463743,9.988215468795381,6.635402881423803
1520.000000000805,0.10270570336857064,20.029768325553178,1.8405135903155043e-05,1.0013741071929512,9.992477208249529,6.624748853591956
1530.0000000008117,0.1020907018315513,19.9891849385284,2.4648641874703415e-05,1.0020014195372198,9.989109559741074,6.624669511659735
1540.0000000008185,0.10461514191512417,20.158960974856445,1.5626603179709778e-05,1.000995592075373,9.989609932947085,6.623318912036726
1550.0000000008254,0.10307626776077555,20.060625220408934,1.3279987287491074e-05,1.000837319092542,10.001151760285392,6.620371140206858
1560.0000000008322,0.10284095217866679,20.01965735118133,1.8910777706413778e-05,1.001288608183077,9.988617704658765,6.628010674925625
1570.000000000839,0.10641057354307142,20.05477566990312,2.082697417715291e-05,1.0015834590936437,9.990582877370295,6.604789294443706
1580.0000000008458,0.10580689956932489,20.027552323821546,2.7098444537651597e-05,1.0025533505440964,9.994660365622288,6.595216356641818
1590.0000000008527,0.10504778489912467,20.079185820498555,1.6324579955883524e-05,1.0010565256242914,9.988941122577513,6.619031871949989
1600.0000000008597,0.1058403811404947,19.881375618851592,2.0897397607623624e-05,1.0017287582644123,9.991137352848437,6.601909828263158
1610.0000000008665,0.10606437331807658,19.90665364323257,1.7054996317258126e-05,1.0010536039912636,9.990394644609685,6.607919664834224
1620.0000000008733,0.10725056356160738,20.035352036658114,2.2491962671216545e-05,1.0017446190351897,9.989055866873539,6.599669946844903
1630.0000000008802,0.10521296881175006,20.11161729900021,2.37659941926795e-05,1.0018902361713589,10.00430895467166,6.5977162678670025
1640.000000000887,0.10585575139316337,19.990416455815442,1.7634404329824366e-05,1.0012143746654103,9.98873836258437,6.611191810972822
1650.0000000008938,0.10937954926069532,19.885416560053358,2.0235007430803455e-05,1.0015791617070968,9.989896149392758,6.585090597327199
1660.0000000009006,0.10969148902117519,19.844501701786996,1.5276475365907632e-05,1.0008383309120132,9.995610291529019,6.583777142302175
1670.0000000009074,0.10687485350194496,19.99936102541697,2.3596085259093743e-05,1.0017955649178019,9.988308221867468,6.601076288238547
1680.0000000009143,0.10874351935690627,19.891157925944455,1.6503766418687976e-05,1.0008087649276416,9.999033155243703,6.587258276780455
1690.000000000921,0.10741366903339555,19.8991886725276,2.02522478258983e-05,1.0014508318828217,9.989247715043208,6.59787132302449
1700.000000000928,0.1091082375728535,19.906364928121867,1.7481830805762112e-05,1.0012866110786,9.989101616928043,6.590368293702625
1710.000000000935,0.1055682278966311,19.9672142174209,1.622729891188995e-05,1.0010757250158797,10.003119699315986,6.600481122592239
1720.0000000009418,0.10595962474275306,19.968151903754194,2.280280847791235e-05,1.0016555100840638,9.988401735409699,6.606487095850129
1730.0000000009486,0.11108682585103911,19.79483419775916,1.758808568354294e-05,1.001106866823653,9.99209579279004,6.575801193440146
1740.0000000009554,0.10967448516434312,19.809208885023757,2.5904979895591607e-05,1.0017574462350982,9.991225083645231,6.578882138228344
1750.0000000009622,0.10662522379239701,19.929529554900167,1.4756594551701358e-05,1.0010974746150276,9.988634548385464,6.606603360685704
1760.000000000969,0.1029012410583396,20.011531258976266,1.998408344127761e-05,1.0014242328245582,10.000885008811785,6.615199551215614
1770.000000000976,0.1047427493706823,19.94758965013456,1.7395085946124585e-05,1.0012810568565536,9.989478316370409,6.615014321425158
1780.0000000009827,0.10866707723255434,19.826176971861017,2.1903946017833297e-05,1.0014785638512456,9.989139649905072,6.589107236698542
1790.0000000009895,0.1085572597773331,19.800066411687975,3.4080202029622814e-05,1.002189389653466,9.995707025239199,6.5769325660519815
1800.0000000009964,0.10328205681181318,19.96852196571633,1.6535555488948205e-05,1.0012038157134522,9.988480177913337,6.625187678168386
1810.0000000010032,0.10731703648951617,19.87106030787988,1.7884938540004442e-05,1.0011879957451055,9.994053745368118,6.595698748769003
1820.0000000010102,0.10363255716080079,19.925161704795162,1.1508497258278101e-05,1.0008565209297318,9.991832285730842,6.622220445280255
1830.000000001017,0.10381720582141034,19.89926986522195,2.362496723710563e-05,1.0016522816805422,9.987952134187056,6.617047968961103
1840.0000000010239,0.09785809061673366,20.03805502717916,3.314469254243449e-05,1.0026002463787163,9.999896483967165,6.634436105782798
1850.0000000010307,0.09977813334329325,20.023985409728816,2.1144398968458025e-05,1.0015391843866204,9.988829745377002,6.642751255657464
1860.0000000010375,0.10402939802862543,19.867490204707433,1.6066618319661648e-05,1.0010462110808183,9.990067059746133,6.618542779098301
1870.0000000010443,0.10176996322128606,19.881726963852422,8.56817324536105e-06,1.0003755710439701,9.99636371615666,6.6316559074186605
1880.0000000010511,0.0982160923822839,19.990238750156482,2.1964175191829944e-05,1.0015916738800112,9.987849835810962,6.651093279717285
1890.000000001058,0.09785002140932113,20.08532197002139,2.4488690939579053e-05,1.0019922686591791,9.998176864056097,6.64256812661444
1900.0000000010648,0.0963570925065174,20.07380454655451,2.4044052736143894e-05,1.0019002881339514,9.990129438267024,6.658789517948443
1910.0000000010716,0.09751243418940105,19.937765793073783,1.5888675645542048e-05,1.0010045879692515,9.988463876198297,6.658415241782297
1920.0000000010784,0.09576238422808186,19.968840247133926,5.576062951031223e-06,0.9997143345200329,10.005300071641665,6.66527644710194
1930.0000000010855,0.09312623144223743,20.08534107517089,1.9845291617715196e-05,1.0014059025588693,9.988641862860447,6.683134795073007
1940.0000000010923,0.09552833903529624,20.011650339933112,2.2266160491399115e-05,1.001726199372944,9.991427820584256,6.662297155398195
1950.0000000010991,0.09236855073754462,20.063164440480225,2.65354658150985e-05,1.002316174163219,9.992209030611319,6.675524182915805
1960.000000001106,0.090941165272693,20.023744734874715,1.6211058647811926e-05,1.0010374536441906,9.987944936313545,6.698007449339703
1970.0000000011128,0.09115490664701012,20.214058713954344,1.33482107368426e-05,1.0009561786131014,10.003053800346821,6.688471991067892
1980.0000000011196,0.08927075246280528,20.168057288055326,1.7558981846869037e-05,1.0011509859613852,9.990561056177924,6.707772818119982
1990.0000000011264,0.0889470649483825,20.01410209145602,2.258552381713006e-05,1.0017244879520717,9.988117273321452,6.702900392827668
2000.0000000011332,0.08516824317080471,19.961658829999106,2.9395821116086307e-05,1.0027285396330374,9.992190734668023,6.710706260853435
2010.00000000114,0.08584351734936267,20.10363894389259,1.703733483621944e-05,1.001154500383894,9.988072774141243,6.72821480644616
2020.0000000011469,0.08790609486308415,20.18047601505893,1.7445344511223853e-05,1.0013866845097825,9.993779985789176,6.710881504798715
2030.0000000011537,0.0861642546662566,20.206640483845042,1.3965377425834729e-05,1.0008104731064518,9.994227524702584,6.726371490091092
2040.0000000011607,0.08320025589706137,20.04753608089842,2.336521050088757e-05,1.0017334070796506,9.987030101885642,6.737950498436273
2050.0000000011673,0.08374281743817215,20.108123257710705,2.539981654850096e-05,1.001786594021668,10.001405126212394,6.722672735160919
2060.000000001174,0.0830703543134298,20.169022991192413,1.961746577294467e-05,1.0013929657711307,9.988907391872152,6.743092682263961
2070.000000001181,0.08242617972064126,20.113074867125274,1.593673867204831e-05,1.0011846305252816,9.98942496202068,6.746853928381898
2080.000000001188,0.08062512504658993,20.128068488027488,7.853680375752166e-06,1.0003961615211305,9.998765837593618,6.756328550732697
2090.0000000011946,0.08018442595033799,20.078418351861036,2.265920217541979e-05,1.0016152367094247,9.987112874178477,6.757395418773866
2100.000000001202,0.08474870684811381,20.26671593570118,2.2025724319179684e-05,1.001358759568309,9.999931857068773,6.7259600038822756
2110.0000000012087,0.08246588664241619,20.21368525337647,2.5738407450406354e-05,1.0017580982316578,9.99101441772145,6.742523366771291
2120.0000000012155,0.07883631005808359,20.0709339743852,1.4667529233618254e-05,1.0010824891061578,9.987860285949042,6.7692831562072655
2130.0000000012224,0.07519170997932004,19.979009823048717,5.0711249367629245e-06,1.0002614369951748,9.999688579349796,6.78516816836483
2140.000000001229,0.07993734086630587,20.096619892265522,1.8319807792855944e-05,1.0013114559361556,9.988106426662787,6.761133062010247
2150.000000001236,0.08116197524626864,20.183261397156674,2.4361809093159352e-05,1.0016614860336426,9.991754431239967,6.749587818134631
2160.000000001243,0.08191147656099633,20.200075414820567,3.2731255003491815e-05,1.0021840571858776,9.995002862677397,6.737932356529778
2170.0000000012496,0.07864547197963852,20.029436747235703,1.6903405535410212e-05,1.0012107141760545,9.98729817072502,6.768729076087451
2180.0000000012565,0.08349074731047419,20.131017226567497,1.1144805014659973e-05,1.000553061304474,10.002645711544972,6.734655995356389
2190.0000000012633,0.0815748547572847,20.10577521882367,1.4065987904399634e-05,1.0009709590288982,9.990138480308238,6.752930198065954
2200.00000000127,0.07963907790504504,20.071467460844044,2.4020018915565302e-05,1.0017495588667067,9.988285916806973,6.758137536976092
2210.000000001277,0.07917293685641988,20.002637147479025,3.817748189861486e-05,1.0029760777471677,9.995276338376952,6.741707219103104
2220.0000000012838,0.08082552592881043,19.985072573827082,2.0127370417836367e-05,1.0014645077910351,9.987271387842194,6.752499523461825
2230.0000000012906,0.08383036588698008,20.157752693552972,1.3975986982365185e-05,1.0007940775930795,9.995554893582463,6.73765025496528
2240.0000000012974,0.08327561089711209,20.115631227876293,1.1936864044898287e-05,1.0006549926748627,9.99415843511706,6.7423668664001255
2250.000000001304,0.08099010494999447,19.977131650814368,2.2104625799696186e-05,1.0016525334900428,9.987262258506073,6.749647375625361
2260.000000001311,0.0822670284770694,19.85770049371261,3.2970163820859674e-05,1.003024072152415,9.9942435335459,6.7205013703635545
2270.000000001318,0.08347000032703147,19.952899131733464,2.226365959880178e-05,1.001720103608825,9.98790436140689,6.733331387154645
2280.0000000013247,0.08298237823455011,20.05954958162296,1.4974348973462135e-05,1.000893202982636,9.99076751017043,6.743647814230624
2290.0000000013315,0.08408809804377317,20.07628857177464,7.987680977851912e-06,1.000021140869209,10.002171336240366,6.735023248667237
2300.0000000013383,0.08366233395274122,19.904599216353,2.0322150218907357e-05,1.001482394747769,9.987301016536124,6.7337029546260085
2310.000000001345,0.08564635876916266,20.006434377979144,2.445804299782071e-05,1.0019925288882057,9.996402116989245,6.711795725134838
2320.0000000013524,0.08459672254079198,19.958941906386567,2.440401736247901e-05,1.0019983442595717,9.989703343827735,6.722771546585926
2330.0000000013592,0.08396779659352874,19.964411449208356,1.5639268672084072e-05,1.0009820789917163,9.988843607381192,6.736490923142316
2340.000000001366,0.08794143223959687,19.84100666268868,4.709093107772041e-06,0.9996534033391714,10.006004855309584,6.706713208126985
2350.000000001373,0.08577045058274055,19.860556722054014,1.8449458283455847e-05,1.0012766145658685,9.98801005667966,6.721553695381401
2360.0000000013797,0.08422899351607678,20.021647714764583,2.3854647282015844e-05,1.001812973328573,9.99168279656511,6.726318538728147
2370.0000000013865,0.0828331835503097,20.02089286587788,2.8613759790725766e-05,1.0024136876203427,9.993768743920182,6.7271350605484015
2380.0000000013933,0.0852160105322996,19.897408993838365,1.6734078591412884e-05,1.00113189078897,9.98808084923874,6.726917731051596
2390.0000000014,0.08695269571752356,19.835486174886555,1.2504248255682012e-05,1.0009585265013152,9.99679129399734,6.708933185436743
2400.000000001407,0.08561800805815728,19.85870493347683,1.55322289538789e-05,1.0010306917581206,9.989553108032393,6.72318608878771
2410.000000001414,0.08361958134651723,19.980716156541483,2.47993350756102e-05,1.0017921491707802,9.989079543530929,6.731423674522198
2420.0000000014206,0.0842192221522936,19.99803186181524,3.526945336610232e-05,1.0027500937510214,9.999783995382895,6.7100213732171765
2430.0000000014275,0.08537628426611148,19.86049420833728,1.9619218956758272e-05,1.00137835934905,9.98782605900233,6.723093876598664
2440.0000000014343,0.08250427725144997,19.959155898867284,1.3465038143707862e-05,1.0010606225863081,9.992666731932104,6.740689750330441
2450.000000001441,0.08181031201177928,19.92504614175006,1.0231980954172955e-05,1.0007209138659874,9.992941325795101,6.746715017399231
2460.000000001448,0.0829778251455665,19.952543766304426,2.3133705474470766e-05,1.00161670282886,9.988216006705732,6.736838639678774
2470.0000000014547,0.088454218382301,19.786832860064795,3.237098464487214e-05,1.0021696210615887,9.998065734702525,6.687122247328521
2480.0000000014616,0.08361429593904648,19.854336329542644,2.4275841340289992e-05,1.0016579564926296,9.9880573725814,6.730465628424834
2490.0000000014684,0.07963770095484297,20.01274681296342,1.2789430696757177e-05,1.0009663479056345,9.99048751892029,6.76171524161484
2500.000000001475,0.07614456335150907,20.069454833002588,2.026273719679466e-06,1.0002274457616949,10.001252441169898,6.780625100818855
2510.000000001482,0.08110224965241357,19.94794505873295,1.810769435632872e-05,1.0012911317488264,9.988234355628288,6.750623818231925
2520.000000001489,0.08063215725953454,19.88128328838496,2.7395918990916244e-05,1.001929542819318,9.992473551212523,6.742088383553798
2530.0000000014957,0.07936211524332727,19.89236337394186,2.679916872995614e-05,1.0018498007673342,9.989382129905952,6.753384911006691
2540.000000001503,0.07753573844252497,20.046439200052063,1.620397125759398e-05,1.0011421278951138,9.989262733946621,6.77453152404794
2550.0000000015098,0.07969592794739669,20.038066004895995,1.588349649514017e-07,0.9996464394372179,10.009028834527099,6.756971072978365
2560.0000000015166,0.07784676955729894,19.957463640187814,1.5264338609832042e-05,1.0010427457681075,9.988643073609675,6.771930168386879
2570.0000000015234,0.07495108900899405,20.025562220740714,2.5233011446783114e-05,1.0019024923640676,9.990025912472172,6.781791638488158
2580.00000000153,0.07377995056416385,20.025096458098535,2.962006762114668e-05,1.002237899121848,9.99383161110411,6.782232652808538
2590.000000001537,0.07492614196715568,20.073641327107953,1.9785714293874077e-05,1.0014269277414536,9.9885648416615,6.788809744786617
2600.000000001544,0.07699127710979899,19.913840374106005,1.0071255052539782e-05,1.0003248284364887,9.997052663170855,6.774676551126488
2610.0000000015507,0.0734748989042434,19.968494439611245,1.4763516514022121e-05,1.0009170164073344,9.989437997758788,6.798665592208555
2620.0000000015575,0.07197348279127948,20.11290830008339,2.3210436962595105e-05,1.0017871552050257,9.989001498462436,6.803821417049439
2630.0000000015643,0.07123051740271752,20.217029003078096,3.913723866483131e-05,1.0036058208094711,10.00029497143501,6.7840506195747095
2640.000000001571,0.071642302693424,20.084276186772556,2.1918254109268135e-05,1.0016650333541275,9.988270622420389,6.80687774501332
2650.000000001578,0.07078540769267672,20.01535842259656,1.4106216745479229e-05,1.0007888578807944,9.991564289192992,6.815220349076521
2660.000000001585,0.0696426099435918,19.99834695855437,1.33094157964769e-05,1.0006940519681489,9.992057697761656,6.822108752545591
2670.0000000015916,0.07006321072089644,20.156930493200505,2.1227758569269135e-05,1.0015854353126035,9.98871220149838,6.8185635127142055
2680.0000000015984,0.0693808020327709,20.065922882804863,3.444667601085752e-05,1.003064545820933,9.995788184559766,6.80041073078253
2690.0000000016053,0.06835009742157645,20.063946350445786,2.3468352852267847e-05,1.0018283197664668,9.98836063800664,6.824698806281778
2700.000000001612,0.0689228977916217,20.11052737829618,1.4757273183414008e-05,1.0009171436484336,9.990038873530413,6.829150205257145
2710.000000001619,0.07115105220464614,20.150346169171208,6.578222635199892e-06,0.9999206725158326,10.003800474547237,6.813032187903428
2720.0000000016257,0.06880570766424422,20.163553940536858,1.876935152197775e-05,1.00132603800304,9.988882909023825,6.8285566381593314
2730.0000000016325,0.06717887041479456,19.986208306528216,2.665706657425141e-05,1.002004471455996,9.99080759103594,6.825978758762327
2740.0000000016394,0.06658954967362873,20.00848703406743,2.5363168656432066e-05,1.0019443702826614,9.989067413854615,6.832292940576272
2750.000000001646,0.0692722857354176,20.153127967729347,1.5566272231512655e-05,1.0010633988633786,9.989303276069336,6.827464325790948
2760.0000000016535,0.06981687322235566,20.241764507253112,3.3235786829803075e-07,0.9996546774235541,10.01012482042644,6.820031310083864
2770.0000000016603,0.06830101480346627,20.13100113615811,1.5367352710417704e-05,1.0010685455748578,9.989387614226152,6.832672987606893
2780.000000001667,0.06917956173540468,20.032850785216613,2.595127986765356e-05,1.0018179335693518,9.989079917709795,6.818308454022776
2790.000000001674,0.07017341050803484,19.98142758348329,2.9315753745414235e-05,1.0021181510862165,9.992619512619589,6.805001401754186
2800.0000000016807,0.07087571651736967,20.153091015428693,1.918522382030517e-05,1.0013587190153543,9.98886684124036,6.815476873987573
2810.0000000016876,0.06660438991171935,20.034057905056933,6.610846865170178e-06,1.0005267899461867,9.995060228779105,6.840227874994991
2820.0000000016944,0.06926191905868961,20.05349704446305,1.2781760749990326e-05,1.0009536128679353,9.990179813196407,6.8251842200150215
2830.000000001701,0.07282534901748737,20.062026144530158,2.3845511526683004e-05,1.0016452579737387,9.988572211289737,6.799103914113644
2840.000000001708,0.07806978683932725,20.153152484579792,3.69089646353546e-05,1.0025450151389363,10.00392265810872,6.747967297091139
2850.000000001715,0.07331837215825683,20.11865541894134,2.412190523244012e-05,1.0016802429819944,9.988831923660591,6.79701943641162
2860.0000000017217,0.07225521708717113,19.953075247740646,1.202545565285715e-05,1.0008446225647423,9.990469806734932,6.805304255561812
2870.0000000017285,0.07333329264152015,19.931331403260646,1.282089135394891e-05,1.0010015072508915,9.991768518407929,6.795661928697866
2880.0000000017353,0.07643273199316772,20.058037258460903,1.8931377976930034e-05,1.0013327674265673,9.988643321080952,6.780220275016395
2890.000000001742,0.07464076826158583,20.11498091496393,3.36254079733691e-05,1.0026368211529593,9.997637671425286,6.772253669586113
2900.000000001749,0.07631845724233233,20.0506651819161,2.480642513297313e-05,1.0017938165477092,9.989581274892009,6.775674309836421
2910.000000001756,0.07819830757584621,19.93434915415927,1.5942787167708692e-05,1.001070329073194,9.989037716444685,6.768657572582294
2920.0000000017626,0.08131676672693004,19.8868212591764,7.855960975891151e-06,1.0004541138538003,9.999645708288789,6.7449417663123725
2930.0000000017694,0.07967300962683574,20.03569367911238,1.603960441793347e-05,1.0010701396680284,9.989062511527868,6.762458279254006
2940.0000000017762,0.07795224195719357,19.9158865151695,2.6577531893753945e-05,1.0021833578236927,9.990153031607733,6.758575635071853
2950.000000001783,0.08056956743945286,19.938221758253974,2.352861593312855e-05,1.0017881577259184,9.991565434991193,6.745970831696795
2960.00000000179,0.08213000731354922,19.92634439418114,1.8727795751237705e-05,1.0013103135468673,9.988299606125507,6.743826826170978
2970.0000000017967,0.0847812910774737,20.068598805194107,3.2635745888746273e-06,0.9994380122034578,10.01106258808343,6.727978495756286
2980.000000001804,0.08242563695524287,20.010413693526854,1.5223568444880129e-05,1.000936122709628,9.989928630842078,6.746062637901158
2990.000000001811,0.08330145937563768,19.8442634460798,2.356215685803155e-05,1.0018897296621934,9.988162032435673,6.729861969361832
3000.0000000018176,0.08570167392130126,19.785256719067366,2.6315113132933046e-05,1.0022205788905543,9.994265730608234,6.705936176889645
3010.0000000018244,0.0840948163003538,19.93164997525205,2.0772062196147708e-05,1.0015358838266406,9.988012090499604,6.730719395903184
3020.0000000018313,0.08458757073290372,19.986142011833454,1.0087436676086756e-05,1.0003009683181567,9.997805920621648,6.731337590533296
3030.000000001838,0.08524450171524667,19.981673051056088,1.4881703261372043e-05,1.0008712428457158,9.991837818540922,6.72773731599434
3040.000000001845,0.0858553520483287,19.841907009177792,2.1911930697694254e-05,1.001675545981964,9.987573769182532,6.7174211262606525
3050.0000000018517,0.08472509214685203,19.8511917708457,3.8099766796352734e-05,1.0035471586524736,9.995142521834044,6.700559975966307
3060.0000000018586,0.08467025577825837,19.959804558602144,2.2757633719778414e-05,1.0017206497219666,9.988323433267666,6.726123913946854
3070.0000000018654,0.08710812958203207,19.880552792836774,1.3389202116105624e-05,1.0007974680422842,9.991072066347055,6.71579885785372
3080.000000001872,0.08919661495296655,19.909932893201,1.3601401488992924e-05,1.0007259420982142,9.99604340510772,6.700592761671097
3090.000000001879,0.08586960591024645,19.87695711876257,1.9834851191865944e-05,1.001435386861374,9.9875742003901,6.720358315488268
3100.000000001886,0.08463794434649674,20.04753728460046,3.66269355163437e-05,1.0027692839443214,9.998079833963631,6.710187485350242
3110.0000000018927,0.08488895949043238,20.010809484311014,2.4706608059154816e-05,1.001803935224944,9.989777600707768,6.724038556809699
3120.0000000018995,0.0872667694857511,19.864420513506094,1.5019092680681404e-05,1.001043783584529,9.988683794591784,6.7144608850455345
3130.0000000019063,0.08906719283628943,19.79996820149436,7.363156282299024e-06,1.000246121583984,10.001578178222783,6.697922172030354
3140.000000001913,0.0842453099667495,19.941161090914388,1.6340370804783318e-05,1.0011717971650371,9.9880483961653,6.733319914361704
3150.00000000192,0.08704338119492935,20.00645946454741,3.02512182051669e-05,1.002024737502652,9.992543940528513,6.706943316188588
3160.0000000019268,0.08620520995168678,20.05386754825811,2.4636097008260904e-05,1.001666880057932,9.993620555569096,6.71518762305642
3170.0000000019336,0.08534894841906249,19.89937441831328,1.881345189225189e-05,1.0013409594871847,9.9875479038446,6.724805214575456
3180.0000000019404,0.07966554075356998,19.9913183222615,1.1525467664956922e-06,1.00005442333733,10.002791090613538,6.757977505483745
3190.0000000019472,0.08245018812070021,20.03025719930607,1.3901236371876263e-05,1.0010454528730792,9.989122655064778,6.746171380709588
3200.0000000019545,0.0861897952514911,19.97781538474491,2.4062852691284593e-05,1.0016492838539182,9.989140456125714,6.717645239257771
3210.0000000019613,0.08831778063132395,19.988762632264052,2.3308272844880303e-05,1.0014486533760012,9.99964666673843,6.697855335401723
3220.000000001968,0.08273758817428993,19.963880160564578,2.2975801412888813e-05,1.0016260206709693,9.987123642227747,6.739445627163915
3230.000000001975,0.08223492917028083,20.141732181351745,8.737275240203369e-06,1.0005178112491815,9.99803084238564,6.746795469421763
3240.000000001982,0.08223404178324742,20.136482702408134,1.571303551509966e-05,1.0012035964538075,9.99152020699292,6.746465908890279
3250.0000000019886,0.08350279526279991,19.996924453949166,1.896781343896182e-05,1.0013365907801863,9.9878535690818,6.737733104746257
3260.0000000019954,0.08269552180984768,19.910126462098894,2.9602402040648734e-05,1.0022903645291665,9.996509663222355,6.7238057633896755
3270.0000000020023,0.08094087046290502,20.0483406753463,2.3686398131714323e-05,1.0017443498281018,9.987626759386966,6.750553358683889
3280.000000002009,0.08334899913133326,20.14194997022426,1.5327273441525456e-05,1.0009660714491293,9.992199062945566,6.741596606341766
3290.000000002016,0.08358792598633513,20.206077766517122,1.7501824262756005e-05,1.0014405614800805,9.99656860741856,6.733535181304105
3300.0000000020227,0.08136428305827927,20.0337858580993,1.6850476481244488e-05,1.0011336348059248,9.987497932704034,6.753329601451734
3310.0000000020295,0.07986154478892185,20.15125860409062,2.9799499751930912e-05,1.0026738130415487,9.995080523260075,6.744261306627529
3320.0000000020364,0.08158543179848841,20.147559280690075,2.284625279201204e-05,1.0017382551610758,9.989756209299731,6.747353041405109
3330.000000002043,0.08214709087793004,20.122924298926865,1.8497749225969367e-05,1.0012658510913262,9.989031671028632,6.74836665415824
3340.00000000205,0.08301415477581325,20.07685641966738,1.0926837967349415e-05,1.0005635397829884,10.0023421909191,6.736272260688125
3350.000000002057,0.0814490611467987,20.06858592651762,1.612107579414417e-05,1.0010297237747465,9.987749192034505,6.754410208345646
3360.0000000020636,0.08255585417842612,20.23539823382426,2.5731618185348185e-05,1.0021728638951959,9.99229079256082,6.737639786436883
3370.0000000020705,0.08437131474245389,20.248637591205334,2.2452822550337008e-05,1.001752385673394,9.995052559213311,6.72862750212613
3380.0000000020773,0.0820243474504067,20.09831576039837,2.042136726643624e-05,1.001476990285248,9.98753213841754,6.747948142010473
3390.000000002084,0.08409975134642254,20.047073916256128,5.89718863456119e-06,0.9997889695002495,10.002456020364775,6.736058822498378
3400.000000002091,0.08461293382545285,20.098443902803012,1.571587186014145e-05,1.0009906322797577,9.988891025427467,6.735958206311885
3410.0000000020977,0.08392926130194835,20.197378554251703,2.296518944148779e-05,1.0017772967254248,9.989393735550907,6.734885995085051
3420.0000000021046,0.08376995052965774,20.226982926631887,2.5619347138639712e-05,1.0021627784980796,10.00024396714309,6.7231645605577155
3430.000000002112,0.08469900666232481,20.06162295148397,2.2203551862351018e-05,1.0016238442665568,9.98702217695806,6.730561045181017
3440.0000000021187,0.08774408010611193,20.185060051588607,9.363796066796343e-06,1.0004848207831478,9.996646845103093,6.717395535709936
3450.0000000021255,0.09015174142081488,20.139752536669427,1.5718412947411266e-05,1.0010092940101138,9.992066816086014,6.701893830455429
3460.0000000021323,0.0864246579223362,20.12737237151359,1.9939387705221087e-05,1.001442282879455,9.988061588591414,6.722864472341889
3470.000000002139,0.08582152528651737,19.970520573104068,3.574615330981194e-05,1.0027309107080595,9.994219026896346,6.70527469011727
3480.000000002146,0.09024531062394464,20.016193762266333,2.3514881641035556e-05,1.001657334002663,9.987470327851428,6.696694254602911
3490.000000002153,0.09037300178076647,20.180850863644995,1.2697682121105946e-05,1.0009286604806922,9.991860431536123,6.702562770227208
3500.0000000021596,0.09386347764444913,20.20103192203985,1.739199211759423e-05,1.0011231751852958,9.999037293183555,6.6748675133365465
3510.0000000021664,0.09099202645222626,20.044800570427387,1.6069107926657864e-05,1.0011715151053824,9.987690242076281,6.697273350606989
3520.0000000021732,0.09643071167740423,19.99519246904623,3.3931086339663295e-05,1.0021961382372113,9.994799566117322,6.649573112713713
3530.00000000218,0.0973087089445803,19.982813555133554,2.185364257994785e-05,1.00147478583649,9.989543972449898,6.6555026306958425
3540.000000002187,0.0940621114868878,20.106814026058004,1.90325769613841e-05,1.0013724875914423,9.989158417910884,6.678175557785461
3550.0000000021937,0.0912891354592385,20.089478131151893,1.7534427493246225e-05,1.0012297996988822,10.00162357622552,6.6834702880101755
3560.0000000022005,0.09728447372700419,19.95576113144014,1.5293524992140202e-05,1.0011267910521224,9.987804556705589,6.659654252978049
3570.0000000022073,0.10002046031320513,20.055663589503474,2.5228284617576787e-05,1.0017396968120142,9.991953767626642,6.637560641651442
3580.000000002214,0.1032490195739888,20.00571494926794,1.786862453834829e-05,1.0010747778843572,9.995222470583967,6.62131419500526
3590.000000002221,0.09897497222658616,20.013028364818314,2.3261251112691987e-05,1.0016896766192298,9.987891196600199,6.646493176257539
3600.000000002228,0.10080672257566746,19.849443933177955,1.3255550639329503e-05,1.0007527526500668,9.998743832309946,6.6307492752567105
3610.0000000022346,0.10391776255685349,19.871495659887316,1.7830796168355714e-05,1.0013166189087435,9.988394363291608,6.618381957569517
3620.0000000022414,0.10251044161851781,20.02837513586783,1.9332466898559986e-05,1.0013791176974534,9.98978778021708,6.628192914081635
3630.0000000022483,0.10427570579692148,20.07914239094966,1.7993880253708315e-05,1.0009200864132475,10.005123723406657,6.6099013795851524
3640.000000002255,0.1042761038157552,19.921622349373212,2.3181820448483868e-05,1.0017608701158298,9.987673490042862,6.6143523386487475
3650.0000000022624,0.10712233671198279,19.874988136069263,1.4822963349315716e-05,1.0008103353207631,9.994640847598095,6.599659202039417
3660.000000002269,0.10858517931472227,19.82633563691901,1.9924395354908802e-05,1.0015753722668292,9.99004098874973,6.5878928746023
3670.000000002276,0.10565803037963438,19.978828506453162,1.6992599097192715e-05,1.001142538623683,9.988920679592479,6.612465276950318
3680.000000002283,0.10570114670019606,19.890951514618163,2.5708423438149316e-05,1.0023211497711983,9.997813623430128,6.591695336977921
3690.0000000022897,0.10902114903848842,19.846122859684904,2.190559648391383e-05,1.001683289449253,9.988342147597734,6.586578155457068
3700.0000000022965,0.1077772323536072,19.925539968471757,1.735818973088768e-05,1.0011002549242043,9.990944456690475,6.598078196165829
3710.0000000023033,0.10867731831498752,19.904593859949617,1.8925644904176616e-05,1.0015769384878055,9.99509706630029,6.584719532104056
3720.00000000231,0.10876508564014885,19.94149101467104,1.611187387380165e-05,1.0010217367595422,9.988825211024592,6.595677688390345
3730.000000002317,0.10983239943959018,19.76697285542711,2.6533294759343396e-05,1.002426466685107,9.991209485195665,6.571153455330876
3740.0000000023238,0.1116484807954768,19.798917259698115,2.059981507053885e-05,1.0015568148991327,9.990000475845479,6.570792517279251
3750.0000000023306,0.10803748890283837,19.959454469933853,1.9531678152154735e-05,1.0013594734307596,9.989160511937017,6.596809464057993
3760.0000000023374,0.10970069830092402,20.04343682031151,9.006560768724834e-06,1.0002761413733936,10.008880525681448,6.581620514423059
3770.000000002344,0.11099978078625636,19.923697580619027,1.589267864505205e-05,1.001009441760545,9.989248952728069,6.582809044064703
3780.000000002351,0.10843065629935122,19.85560032134128,2.4324865827824103e-05,1.0019393916425845,9.989304081958293,6.586905891556774
3790.000000002358,0.10933094777572505,19.824329160062767,1.949082647392278e-05,1.0014810795537281,9.993075654933099,6.581879450023681
3800.0000000023647,0.10848213386238442,19.99817398795051,2.1987409631517537e-05,1.0015689908277723,9.98856156515405,6.594021537400493
3810.0000000023715,0.1120970324647726,19.90099177421455,6.236993773437276e-06,1.0001587770298692,10.00152661563153,6.572761363316286
3820.0000000023783,0.11159269897476166,19.915958595901763,1.711560533453616e-05,1.0011387560281213,9.990117058337088,6.5774863985369745
3830.000000002385,0.1063525209913852,19.96331047256731,2.1265925941154636e-05,1.0015408977354605,9.988564844041388,6.60507419339079
3840.000000002392,0.10304151822136279,20.031375765204757,2.066711001759524e-05,1.0016364646950449,9.999504454719446,6.614273376484827
3850.000000002399,0.10872407078690817,20.04410602337635,2.3779274680939178e-05,1.0016329423089434,9.988825859232618,6.593021540508573
3860.0000000024056,0.10739999158762506,19.884905297155555,1.1466351964930444e-05,1.000867963802832,9.99165339825191,6.60056388940935
3870.000000002413,0.10922379071671239,19.905869850447417,2.159989897169957e-05,1.0014522729384943,9.991280186355766,6.586302036057366
3880.0000000024197,0.10501059989186823,20.062052390296344,1.6361016253180132e-05,1.001189340271586,9.98862433206943,6.61792871723577
3890.0000000024265,0.10868415679279245,20.136300707651138,2.4657006907913096e-05,1.0016816130081085,10.00420617237839,6.581237796104671
3900.0000000024334,0.10815093196254448,20.08281215442703,2.1020689652040122e-05,1.0014155347804572,9.989959902429565,6.597988041166064
3910.00000000244,0.10331827523428357,19.986820055425135,1.831200238182289e-05,1.0013436431759417,9.98871017862017,6.623988890813706
3920.000000002447,0.10237435870223012,19.958628536887808,2.6599050685827365e-05,1.0019552810399572,9.992853173919961,6.6193681363999115
3930.000000002454,0.10449965059149408,20.149841312931905,1.4909291364373023e-05,1.0010861683982781,9.989027807895633,6.6234596450647025
3940.0000000024606,0.10676801001919078,20.027635076929133,2.2133990427281367e-05,1.0015467348791771,9.993380825350103,6.599958683682438
3950.0000000024675,0.10620883302185559,20.08868131427336,1.624639845144025e-05,1.0010225969046145,9.991939059985683,6.610450921047214
3960.0000000024743,0.10179119302042965,20.09981327038911,2.265758857333248e-05,1.0016717886154693,9.987935156174517,6.6330411453872244
3970.000000002481,0.10056631841968029,20.22462582864762,2.4034066860176985e-05,1.001984341213765,10.002250400710462,6.627219251201489
3980.000000002488,0.10439904901533593,20.21604824991135,1.751388271863414e-05,1.001273871101332,9.989641766381848,6.623435127098675
3990.0000000024947,0.10181658077114768,20.04646184277076,1.9250201058707112e-05,1.0013831481309727,9.988774677431582,6.63337698035562
4000.0000000025016,0.10264651397496363,20.048469995849377,1.385194251820302e-05,1.000621082226112,9.994956288794235,6.629956654049703
4010.0000000025084,0.10219963516734912,20.19213963883957,2.3376271417080147e-05,1.001800167341494,9.988091191277846,6.63177890757858
4020.000000002515,0.10424131313496615,20.247823168518686,1.7966167692438105e-05,1.0010980777198972,10.001641244993008,6.615782817985582
4030.000000002522,0.10379660562350554,20.23591967177052,2.0454519497561818e-05,1.001586278094045,9.990506855668162,6.623707081500946
4040.000000002529,0.101244814078621,20.11177136781467,1.769437678806131e-05,1.001223889928131,9.98807129844624,6.6402246149898065
4050.0000000025357,0.10194350697467072,20.119353111414156,1.7487029176978027e-05,1.0009431732489844,10.001467642273791,6.626873634403318
4060.0000000025425,0.10384142616376675,20.249528124786004,2.2680846014402742e-05,1.001766640212308,9.988915509444483,6.623651010870564
4070.0000000025493,0.10196770398649294,20.131067868151433,1.7670589298865377e-05,1.0010896351317187,9.991806145287534,6.6344676180444155
4080.000000002556,0.10212358327546465,20.16854057610284,2.305741372088811e-05,1.0018933618653354,9.991205291752495,6.627956880379262
4090.0000000025634,0.10386018477831745,20.158779828070422,1.655129702161588e-05,1.0010940488856657,9.98835190277529,6.627762704197523
4100.00000000257,0.10444401951090586,20.313759008553287,2.6139788593843355e-05,1.002394942981751,10.001025081685784,6.6054152160452855
4110.000000002577,0.10561784845434119,20.260717128564096,2.1023944548193443e-05,1.001595102581802,9.990429083510366,6.6142653076862565
4120.000000002584,0.10345135214826351,20.083534309346895,1.9178929471400984e-05,1.0012987214085152,9.988525385363433,6.626195486601063
4130.00000000259,0.10381789057932089,20.026727426550302,2.2649357338589497e-05,1.001758775613882,9.993287325170396,6.614387169710515
4140.0000000025975,0.107760223867397,20.174004938824353,1.5677894174177734e-05,1.0010349892791757,9.988962666092654,6.606634031948601
4150.000000002604,0.10403136579355178,20.191860138961484,2.5121601769651205e-05,1.002028007550047,9.992292876373853,6.615792179402376
4160.000000002611,0.10611841576946938,20.20603342600318,1.703693714215804e-05,1.001267001761728,9.992630323651301,6.611055055259997
4170.0000000026175,0.10827487379028534,20.05588931890242,2.1538925723247498e-05,1.0014990633439735,9.987780422240284,6.59789074507453
4180.000000002625,0.11263401335422221,20.110809740904063,1.1287883450149418e-05,1.000651047848986,10.006558101660028,6.566128735675489
4190.000000002631,0.11146546970425457,20.162520119956927,1.6684919690361795e-05,1.0011458305286063,9.989817443567066,6.584405771986369
4200.000000002638,0.10753406674149354,20.04919057362743,2.0713134994382368e-05,1.0014909323361445,9.988759423314278,6.600961788356766
4210.000000002646,0.10623505831379415,20.047467498170192,9.120291782269847e-06,1.00080529190358,9.994971059889611,6.608472198790131
4220.000000002652,0.11382486623561776,20.026071850993226,2.349825301297635e-05,1.0015894655911464,9.987929908306144,6.566129221862965
4230.000000002659,0.11091409341844874,20.184122203366012,1.1931226321099917e-05,1.0009263172879672,9.9997182266559,6.580924413120716
4240.000000002666,0.11383845429543707,20.13184722922073,2.226046139278293e-05,1.0015087154069007,9.991089296099785,6.566493362296918
4250.000000002673,0.11356104107090009,19.958050606876736,1.6038767973332e-05,1.0011602940605417,9.988091165520352,6.569515452663221
4260.000000002679,0.11541848358931177,19.88540800247399,4.761088529011689e-06,1.000361082326978,10.00143584633076,6.552810023473486
4270.000000002687,0.11817800693863756,19.998826030612893,2.1167387817687665e-05,1.001432300135565,9.98875385594392,6.542800375578445
4280.000000002693,0.11290758213692006,20.041476661028607,2.074967463208312e-05,1.00152692074804,9.991256680223778,6.568992880238073
4290.0000000027,0.1144961998215348,20.060673449656257,2.803941500110922e-05,1.002052176972426,9.992945563766082,6.5547890812563425
4300.000000002707,0.11916990144216888,19.89446682443934,1.554868180303768e-05,1.0010917240319905,9.988043808126049,6.538622483989691
4310.000000002714,0.12131750240632083,20.012031635659127,1.3069744407945987e-05,1.0007820644912018,10.003574162544336,6.518906544288643
4320.00000000272,0.12038926961388256,19.98672844343802,1.734144533488731e-05,1.0011151305977317,9.990375148438892,6.532084714283481
4330.000000002728,0.11824071385168537,19.91026271700763,2.332558380349439e-05,1.0017730002512224,9.988403288982889,6.5376647683110045
4340.000000002734,0.11741353852381624,19.864911555630698,3.0613251875629626e-05,1.0028176588271995,9.993616249102248,6.52720002821387
4350.000000002741,0.12259704833917298,19.857589574158407,1.742350485407991e-05,1.0012212488853733,9.988120189796593,6.518431319139579
4360.000000002748,0.11909153482903186,20.01893091296244,1.7017738029238763e-05,1.0012155128686078,9.994039968664534,6.535574474310714
4370.000000002755,0.12050246514513682,19.997282918946887,1.4468544715859507e-05,1.0007326997421822,9.993612070910281,6.532171751017134
4380.000000002761,0.12232115326855895,19.83528048944113,2.3100742452573443e-05,1.0018141113965846,9.987551935375983,6.514696097840721
4390.0000000027685,0.12306048491530715,19.7648897759742,2.4896714140433953e-05,1.00223318742136,9.998173455930463,6.496043322551155
4400.000000002775,0.12296886736856176,19.86097055872461,1.934437040381278e-05,1.0014339041953844,9.98841572906596,6.514441608250194
4410.000000002782,0.1211268350257501,19.938759739934657,1.7002401628917367e-05,1.001176416233896,9.990282983789083,6.52657688958804
4420.000000002789,0.12135293408874023,19.978350988334906,1.1845375466150883e-05,1.0002715518468712,10.00076099728773,6.524855162341317
4430.000000002796,0.12362224735710817,19.813427569024213,2.2414609572230013e-05,1.0017543241397713,9.987431750486254,6.50797228022502
4440.000000002803,0.12044163219157906,19.953102298126026,1.848294099209556e-05,1.0011173717476187,9.998316955148496,6.523871080741929
4450.000000002809,0.12039728762441064,19.920926504613657,2.1694898550725927e-05,1.001706890187835,9.98939071983637,6.526178178141532
4460.000000002817,0.12274953468846088,19.89659022154847,1.6349716687623648e-05,1.001081412107616,9.989038515309241,6.518959045668501
4470.000000002823,0.12358565400941626,19.80847065824429,1.547485989219607e-05,1.0008502648878561,10.00312980848711,6.501930771516545
4480.00000000283,0.12178731955955568,19.84103880113056,2.126444065477005e-05,1.0016097404898294,9.98777649534229,6.519220640143925
4490.000000002837,0.11929263249786601,20.01911320632093,1.9110776125562068e-05,1.0012313826866042,9.992959246925187,6.535342443693272
4500.000000002844,0.11742230939257496,20.035658597022298,2.6260435760039556e-05,1.0020536304625767,9.992786331005131,6.538664787482041
4510.00000000285,0.12168007261215355,19.90012875524827,1.576270912126178e-05,1.0010528578798512,9.988476526266487,6.525428839710918
4520.000000002858,0.11614770253385576,19.869516921896476,2.3603489646831464e-05,1.0019472354126793,9.994033385374326,6.541270118984547
4530.000000002864,0.11705037629458453,19.91799798555444,1.8248529824189623e-05,1.00134559131243,9.988801147263102,6.547569026695648
4540.000000002871,0.11885676428130361,20.035526380820954,2.2030695038750912e-05,1.0014956397944716,9.990126712225322,6.538292145043076
4550.000000002878,0.1199808471699067,20.069000357536627,3.2750969713417295e-05,1.0021666763998847,10.001571210765183,6.5170749817453215
4560.000000002885,0.11793938275889487,19.93354202075327,1.6933481837926396e-05,1.0011816065696293,9.988084762440726,6.545285379235678
4570.000000002891,0.11236481940905022,20.07126621608678,2.0800457628654688e-05,1.001489993700951,9.992723067989822,6.571651981802298
4580.000000002899,0.11094560234394277,20.04990487336743,1.1258309098301634e-05,1.000922351866171,9.991674148003895,6.584750738765275
4590.000000002905,0.11655296303460252,20.056517824013007,2.392994878335874e-05,1.0016017193059916,9.98878078097104,6.55136220882684
4600.000000002912,0.11520272150535825,19.91982106838438,2.7045697479242544e-05,1.001760645535487,9.998610496861696,6.545076911743065
4610.000000002919,0.112419193702854,19.98361795798658,2.143968348730071e-05,1.0014851356116459,9.987858073380393,6.573656988605586
4620.000000002926,0.11164344516302212,20.166292072316523,1.4970273979038364e-05,1.0010649987734221,9.991368781242757,6.582839428097371
4630.000000002932,0.10861765295026937,20.214828703725026,3.0350786727719084e-06,1.000285704706722,10.000466317449765,6.599149323222303
4640.0000000029395,0.11230458872615492,20.08070278395055,2.1150156208443535e-05,1.0014457701543746,9.988270199681448,6.576619278199414
4650.000000002947,0.10562902041958663,20.045496763305128,2.3444078999020634e-05,1.0017590270518302,9.992675510677419,6.6054149577157535
4660.000000002953,0.10661300682927694,20.055394309647767,2.5041482666825297e-05,1.0018329930318486,9.988475780676243,6.603402698312036
4670.00000000296,0.10989887939939197,20.20743299699441,1.465322674438356e-05,1.0010017076198423,9.990099656693536,6.595039172317967
4680.000000002967,0.11090978249050226,20.177228684448252,1.3202614281162472e-06,0.9996077789379544,10.009749314031096,6.5833950367558
4690.000000002974,0.10733628601588961,20.095955775283777,1.789411270845309e-05,1.00119353826596,9.988284141360563,6.606249435628262
4700.00000000298,0.10518604653120796,20.206318533330187,2.4179359585080977e-05,1.001883020758301,9.991275454032646,6.611983560748583
4710.000000002988,0.10363877389167504,20.185364607157204,2.79465472987014e-05,1.0023724334357969,9.99222403097778,6.614822695132257
4720.000000002994,0.10698033252806244,20.214078468751953,1.6913256311726284e-05,1.0011619860206993,9.98906711046316,6.610684761554289
4730.000000003001,0.10410610231917618,20.052184355521177,1.1898298556391739e-05,1.0006050468291583,9.99590856011983,6.621244222282668
4740.000000003008,0.10343182605172917,20.09642172580337,1.5960573783558775e-05,1.000956533060463,9.98898686145002,6.629232021686126
4750.000000003015,0.10529421618699951,20.26542703412071,2.4092003952395285e-05,1.0019202011855715,9.989836821322562,6.613831692956411
4760.000000003021,0.10413355940922543,20.32563725186971,3.198133008926781e-05,1.0032586513842008,9.999883902782514,6.600847362331284
4770.000000003029,0.10389786255565145,20.183116540939913,1.9102390931159187e-05,1.0013844074356983,9.988294085129478,6.625638822109278
4780.000000003035,0.10331111710269529,20.146624645308144,1.6460517503080277e-05,1.0011543470894286,9.991802786871647,6.626826776259754
4790.000000003042,0.10310676086247698,20.10785796804318,1.3626096754301216e-05,1.000645411229316,9.992218095019043,6.6311327821685495
4800.000000003049,0.10459669756633465,20.252130392839238,2.3415459047407693e-05,1.0018414024124704,9.988854117967731,6.618937778911213
4810.000000003056,0.10162420880627278,20.13086663821668,2.6406608225878887e-05,1.0021990341092675,9.997924700748474,6.621022335844931
4820.000000003062,0.10211401556397397,20.11287606260914,2.1479001137365825e-05,1.0016159171160037,9.987867158483104,6.63212703765692
4830.0000000030695,0.10553962832411834,20.20049578733646,1.5986337213432365e-05,1.0011026144960942,9.990772463829718,6.617242992886321
4840.000000003076,0.1066714785820036,20.205223818177654,9.387283346020958e-06,1.000186742388587,10.003367297472424,6.60784001613591
4850.000000003083,0.10394149090863353,20.190132466640925,2.176114287049351e-05,1.0016380091482653,9.988432289007086,6.62320113840762
4860.00000000309,0.10418756971328388,20.012737514959404,2.0908506196454226e-05,1.001362186312419,9.993163672418941,6.615616937191544
4870.000000003097,0.10347613078755995,20.017816316426945,2.531582909921133e-05,1.0018558125351875,9.988363794924378,6.6196603928678215
4880.000000003104,0.10675895339239902,20.18105415001885,1.4782604707267773e-05,1.0010259171993938,9.989835149336384,6.611585966673933
4890.0000000031105,0.10260896897573792,20.218513720326275,8.766098636679635e-06,1.0005035830151603,10.006182268918288,6.625268561192212
4900.000000003118,0.1040067995430067,20.094480503178698,1.777881337384477e-05,1.0013135873352057,9.988552316042242,6.623236181391406
4910.000000003124,0.10880102577720942,20.02940923998102,2.2618495451308045e-05,1.0015038132634588,9.990887451344763,6.591513538123053
4920.000000003131,0.10934727014257471,19.968893246279933,3.2920443896720586e-05,1.002143341254545,9.99261729546599,6.5798821902733104
4930.000000003138,0.1073934736581973,20.121595655932435,1.6297763280060135e-05,1.0011613841266098,9.989065553603018,6.606140878039264
4940.000000003145,0.10397882755070328,19.960071503960883,1.3016250455783517e-05,1.000967236593217,9.994564233187837,6.617708025583231
4950.000000003151,0.10555133535144363,19.977601274895378,1.2748473503699565e-05,1.0010010783011596,9.989296634666848,6.613931466523029
4960.000000003159,0.11115488768805894,20.02607027651523,2.453233871036743e-05,1.0016401472504417,9.989447924807642,6.578734673348322
4970.000000003165,0.11256522979346703,20.086173741286814,4.4005594486565216e-05,1.0027248865014522,10.002609053547188,6.55128277294441
4980.000000003172,0.1080649070435317,20.045152138585753,2.1397739104115457e-05,1.001501724043943,9.988593061705654,6.598014367576608
4990.000000003179,0.11125315875165837,19.871444007181516,1.3407985252951919e-05,1.000910287365955,9.991633346036652,6.578889515124643
5000.000000003186,0.10954006975225855,19.85937365111228,1.1426926569119198e-05,1.000822232436572,9.991586880384911,6.588721294388725
5010.000000003192,0.11155814846973656,20.00136948214564,2.192182078506539e-05,1.0015192731746094,9.988800695938588,6.577594697331908
5020.0000000032,0.1066142367352469,20.026169766007445,3.768196816592904e-05,1.002922080561142,9.996774887115775,6.585620866929595
5030.000000003206,0.10891620242232371,19.960900249893363,2.4053086230596866e-05,1.0017923087486642,9.988777161089423,6.588583598199734
5040.000000003213,0.11381330191408714,19.869724096003477,1.4529791072258429e-05,1.0009267339853012,9.990076789901648,6.566275501970619
5050.00000000322,0.11386904046467738,19.84735808791824,7.98852395110504e-06,1.0001900680324392,10.000339868616923,6.562695479907965
5060.000000003227,0.11089660893580215,19.976860996738985,1.8762839257381836e-05,1.0012746804282158,9.98884374849337,6.582694944799723
5070.000000003233,0.11109936102043429,19.8242600917687,2.729841570367356e-05,1.0022617373033011,9.991300382233627,6.567024442371216
5080.0000000032405,0.1103385223781941,19.865178175421693,2.4858786801217072e-05,1.0020227822864103,9.99006590108366,6.575338820091743
5090.000000003248,0.11280858246179847,19.88775332466502,1.6199145418431537e-05,1.001051487622867,9.988998167884153,6.572005662143082
5100.000000003254,0.11175290553417608,20.025053290679878,3.5599371584176765e-06,0.9993604559243315,10.011140364811833,6.576066205222432
5110.000000003261,0.10977642809213185,19.96540032168634,1.6624907133763385e-05,1.0010357037789392,9.989605469486461,6.589917839531772
5120.000000003268,0.11268667685976279,19.79099862003133,2.4323197108112852e-05,1.001974534767424,9.988964158069871,6.562264890271091
5130.000000003275,0.1110399305915557,19.768579115214706,2.74718371952014e-05,1.0025337451856942,9.99218140843494,6.562838019817683
5140.0000000032815,0.10975072589838646,19.926127952432246,1.7928046678341624e-05,1.0012438383311053,9.988432125630695,6.588331333306014
5150.000000003289,0.11056178851119337,19.94712734030886,1.0985883611821699e-05,1.0005319044861432,9.997998811463818,6.582075426131906
5160.000000003295,0.10874060016600529,19.960617287896948,1.4441073867773426e-05,1.0007980719014202,9.991557227527327,6.595776515070122
5170.000000003302,0.10959728568421553,19.84161761480312,2.3574041428906883e-05,1.0018520209408728,9.987786180284381,6.582351350883532
5180.000000003309,0.10515381826183333,19.873168501159608,3.208522734726765e-05,1.003164103296819,9.994959121057109,6.589421322912311
5190.000000003316,0.10576547595845137,19.987484341535044,2.0365780061919473e-05,1.0014917150531786,9.988473819681134,6.60940734435335
5200.000000003322,0.10930281121255828,19.87290147836586,1.4454513371167185e-05,1.0009688748959202,9.991172136481783,6.589424045315747
5210.00000000333,0.10763937007478055,19.928444586560406,1.06707096777647e-05,1.0004840627830596,9.995645201188712,6.600095094537007
5220.000000003281,0.10433482244863294,19.925572107300898,2.2550304095860996e-05,1.001686820083874,9.98747675132233,6.614957401846079
5230.000000003171,0.10336494856078667,20.105154988690007,2.888048599897539e-05,1.0020876474206082,10.001694381520311,6.608346144199503
5240.000000003063,0.10202513337823274,20.060808011367293,2.4614775277719723e-05,1.001767459698694,9.989508731373842,6.62850024418523
5250.000000002954,0.10396574606776426,19.90431027254577,1.4508366530826597e-05,1.0010211748497828,9.988756445923913,6.621200992931213
5260.000000002845,0.10100401939236545,19.879085686261114,3.82816776546676e-06,1.000090133236781,10.00038146636406,6.6347648153211
5270.000000002736,0.09845729441143879,20.023931447325676,1.8998318847908776e-05,1.001387275914394,9.98794143690543,6.652303284829016
5280.000000002627,0.10292642622424206,20.064610791570974,2.6471879857881538e-05,1.0017349758881624,9.994364234695603,6.619483467005605
5290.000000002518,0.09937594221073487,20.107443777776496,2.9411940399077467e-05,1.001940800342723,9.992399603303891,6.640250789199941
5300.000000002409,0.09711410767167696,19.97444459980541,1.608617887086695e-05,1.0011596283513662,9.987689891747182,6.660885656840942
5310.0000000023,0.08994117277915743,20.084750154129516,1.1388811593972944e-06,1.0000962475640742,10.003059859303836,6.699894468120129
5320.000000002191,0.09327194454045139,20.122547568464867,1.4085609109075593e-05,1.0010626364220878,9.98921151415594,6.685775450287261
5330.000000002082,0.09718207608538496,20.0334596220928,2.5328971410335084e-05,1.0017206868105857,9.989334991543942,6.65546763257757
5340.000000001974,0.09619283946467896,20.046613303659093,3.12734371945508e-05,1.0020229109707735,9.99659895198599,6.652085390106559
5350.0000000018645,0.0909508977744731,20.051054514988806,2.0251086384838566e-05,1.0014437682895798,9.987296186817439,6.695589891429338
5360.000000001755,0.0927418993630125,20.234232256306697,7.392899684546932e-06,1.0003988030318327,10.000221419529094,6.6874598311254285
5370.000000001646,0.08998205553972785,20.205260854212984,1.3487569441383783e-05,1.0009452460188888,9.991678121206647,6.705436087996797
5380.000000001537,0.09034412234427316,20.04776098353568,2.2197666296414138e-05,1.0015771948873236,9.987535082229536,6.697569806532984
5390.000000001429,0.08695407931676764,19.97770741384464,3.8151335620897875e-05,1.0029709792378134,9.994099015166043,6.696875911451415
5400.00000000132,0.08667645936843983,20.12321404454147,2.2799467332289613e-05,1.00170232541368,9.987686045909307,6.7193135314071135
5410.0000000012105,0.09016239100713991,20.186975094602865,1.2701194347937858e-05,1.0007384340418137,9.992901433722086,6.7046741415905515
5420.000000001101,0.08785276533325401,20.223827426722178,1.4188905145110382e-05,1.0008899199026262,9.996195146374154,6.714518301922795
5430.000000000992,0.0854034084633364,20.07066247437556,1.9585138927078063e-05,1.0013775168013137,9.987198374614856,6.728745020860987
5440.000000000884,0.08449064113076316,20.211738358967217,3.480389302455236e-05,1.0031013651361653,9.996609452266581,6.713497810229655
5450.000000000775,0.08484449061642717,20.18655467732501,2.3859267432517984e-05,1.0018868480056553,9.989340977688942,6.728349588658161
5460.000000000666,0.08549099524379396,20.12750286116657,1.5570089503706918e-05,1.000983361399642,9.989225718567216,6.731336813849154
5470.000000000557,0.08478035132064997,20.071672684093276,9.574823235572453e-06,1.0000983439203712,10.001901066799393,6.730428415151334
5480.0000000004475,0.0835327692653581,20.083874674600924,1.7740909627672898e-05,1.0011839358604862,9.987688475552089,6.741259225977568
5490.000000000339,0.0852314049680221,20.250884096080593,2.803291859629632e-05,1.0023470397928245,9.993481509950533,6.719789852172068
5500.00000000023,0.08429644381823681,20.22876824538935,2.545214071102863e-05,1.002103963165218,9.993046509468991,6.727245719145893
5510.000000000121,0.08298924068942959,20.07163100863268,1.751559008047907e-05,1.0011929636333088,9.987705590963573,6.744030658683019
5520.000000000012,0.08582587079259127,20.04162116839415,5.201066764238528e-06,0.9997076303198065,10.00426940464404,6.724965721248258
5530.049999999903,0.0842306005645989,20.0867424470762,1.727599269993293e-05,1.0011353667327891,9.988936987899601,6.736547016180559
5540.049999999794,0.0835873027476184,20.1571580475965,2.4292936961404327e-05,1.0018801847076493,9.989757028473608,6.734608564674518
5550.049999999685,0.08192803655608437,20.165674159108363,3.078571571323963e-05,1.0027658352436506,9.995975679146039,6.730859898817188
5560.049999999575,0.08354318175917524,20.01522211557447,1.7828517641728482e-05,1.0012320873183838,9.98739320803124,6.739319030266828
5570.049999999466,0.08627918393748468,20.16384099665459,1.4074122585183054e-05,1.001077666146469,9.996720621115891,6.719952199591506
5580.049999999358,0.08602814893496849,20.097865484606267,1.388013233589252e-05,1.0008501803012022,9.992083838764085,6.726046208385071
5590.049999999249,0.08336529821028159,20.049757153957255,2.4021838727285865e-05,1.0017695872309196,9.987764612453182,6.736040456823224
5600.04999999914,0.08485811902372267,19.90122471430434,3.2876720639514244e-05,1.0026057339491032,9.995969891789642,6.708675634280849
5610.049999999031,0.08601410641782087,19.9600676096501,2.0815266250137626e-05,1.0014704833258907,9.987626922193744,6.721216013759397
5620.0499999989215,0.08505008727431132,20.11953316730404,1.3506130879998824e-05,1.0010210917613707,9.991856981456381,6.730940105136877
5630.049999998813,0.08511401184300789,20.116468241069246,6.960358233954374e-06,1.0004385934638658,9.998225779764821,6.729895207170325
5640.049999998704,0.08510302119952767,19.95628506161503,2.163430982156666e-05,1.0015407234200573,9.987311867336778,6.726067076415347
5650.049999998595,0.09115093015642807,19.926915971632088,2.754377734124437e-05,1.0017833583245022,9.99792561641176,6.678670324100985
5660.049999998486,0.08879812755728655,19.930098740802354,2.5712522740132824e-05,1.0017347663757863,9.988912906114585,6.700855888442182
5670.049999998377,0.0850179596160012,20.027297785640744,1.3784253203297134e-05,1.001025986088598,9.98937295321486,6.731061051293775
5680.0499999982685,0.08172984015530887,20.009058132233033,1.1935959460320077e-06,0.9999669642010295,10.003824984053733,6.746126600757501
5690.049999998159,0.08739142721250694,19.885084288224448,1.6898919199667492e-05,1.001223946988994,9.987695299443345,6.713540871683752
5700.04999999805,0.08902098312865726,20.010816627765482,2.6692004365852638e-05,1.001823163403579,9.992986435126141,6.697061114721081
5710.049999997941,0.08944820755217121,19.96254800679507,2.92041335718235e-05,1.0019488172156816,9.992606783180042,6.692639410786404
5720.049999997832,0.08624257108298897,19.946743560251804,1.778156878255285e-05,1.001269279242386,9.988170818639984,6.720868572055757
5730.049999997724,0.09047174851153643,19.789470092175158,4.429592885526769e-06,1.0000314481352002,10.001846759291386,6.691285304410606
5740.049999997615,0.08891750960625774,19.844092506494544,1.4649513014544365e-05,1.0010091082923607,9.98864627649122,6.704790052071025
5750.049999997505,0.08691567624880592,19.999486349479383,2.4683211208482992e-05,1.0018117355776435,9.989733394597563,6.71198441404991
5760.049999997396,0.0865193826038891,20.04398512449163,3.389949983170011e-05,1.00255714912115,9.999238818377608,6.700054189665609
5770.049999997287,0.08712336856467891,19.889461045661918,2.1087528971398005e-05,1.0015534878886938,9.987658690350063,6.7122755979282855
5780.049999997179,0.09068500276838636,19.870980792332997,1.1742183288076967e-05,1.000547131782499,9.995743729823623,6.692971186686756
5790.04999999707,0.0882107746290922,19.85351527675213,1.4297134303419259e-05,1.0008778054735668,9.990671660157629,6.708414856631519
5800.049999996961,0.08576460986807066,19.97331176562977,2.19788050528442e-05,1.0016421904141182,9.988518960394437,6.720630777228142
5810.0499999968515,0.08557178748986825,19.891330571959784,3.8792876360097016e-05,1.0036452712957271,9.995718503811121,6.695248725162424
5820.049999996742,0.08644435429165927,19.857829771165306,2.2610277553341132e-05,1.00175635489838,9.98769747845125,6.713565808211383
5830.049999996634,0.08609357794394785,19.964792708056347,1.4110652652748716e-05,1.0007917138351592,9.9917202205402,6.723213168585546
5840.049999996525,0.08483306901415061,19.96413232768317,1.158377016221365e-05,1.0004625460878473,9.996911358882402,6.728727795568543
5850.049999996416,0.08439292599656148,19.962726927683317,1.9739079206653306e-05,1.0014172451430638,9.988322734267067,6.730536758342761
5860.049999996307,0.08564490284536724,19.7885942495497,2.9187207686717576e-05,1.0025323008424183,9.992802229328946,6.704887996646716
5870.049999996198,0.08337882047239685,19.85479014998403,2.380586123006935e-05,1.001911707974481,9.988334083011964,6.729315662942657
5880.049999996089,0.08236588962030553,20.01994541701652,1.5214646966574745e-05,1.0009454268342768,9.989895711441537,6.746596908142282
5890.04999999598,0.08443998882951875,20.10297635399328,3.643122175741193e-06,0.9994268437178834,10.011483189907944,6.730536881791394
5900.049999995871,0.08187468704674371,19.966893529644015,1.752570390148926e-05,1.001185815844372,9.988671290378585,6.747111465384061
5910.049999995762,0.0801223619234014,19.92650328301186,2.5542775478314698e-05,1.001975641322587,9.990564151534274,6.747538299043959
5920.049999995653,0.0774651064397302,19.90899532501394,2.640438844897022e-05,1.002141535648714,9.990214264485624,6.761607299301464
5930.049999995544,0.07900424567771605,20.063629765346963,1.692814032515567e-05,1.0011579414790073,9.989060646554227,6.766314881858678
5940.049999995435,0.08105447456242687,19.942648244117507,5.3095654681692715e-06,1.0001381565725749,10.001094717467302,6.749387578697795
5950.049999995326,0.07769053359527538,19.97302082363503,1.4813918666492394e-05,1.0009859373524173,9.989399534847209,6.773060578353654
5960.049999995217,0.07546911351318672,20.048932586912485,2.5403071418769872e-05,1.0018369329747925,9.98914150259997,6.780701151056109
5970.049999995108,0.07337481867356613,20.106033095505424,3.3471446370824416e-05,1.0025889293500811,9.99739807062217,6.7802391293283355
5980.049999994999,0.07565091555537719,20.095519210207744,2.0793616372335837e-05,1.0014612124906026,9.988715341630662,6.784588458833441
5990.049999994891,0.0727460849649904,19.942136443291453,1.0611644589241799e-05,1.000802317469765,9.991805909256666,6.801229405141366
6000.0499999947815,0.07179414361146157,19.97198592929678,1.2056497157551935e-05,1.0008736464899899,9.990590659958555,6.808177459883377
6010.049999994672,0.07235119364168788,20.127042715979016,2.2678655483851078e-05,1.0015931153238053,9.988750549415188,6.803904139467336
6020.049999994563,0.07725480696169613,20.199332641911592,3.7993511888877105e-05,1.0026348216924352,10.004180121038837,6.752898659730771
6030.049999994454,0.07231158749848246,20.100475391542332,2.4962311995842006e-05,1.0017095694687903,9.98885045810432,6.80231883988252
6040.049999994346,0.06862506937962153,20.042414225077138,1.2903131577699907e-05,1.0009401666686368,9.989818652440743,6.829226452437608
6050.049999994237,0.06622337553487356,20.013700314704987,8.767192271106482e-06,1.000730008802022,9.994249048933174,6.840935774170263
6060.049999994128,0.07027368989741799,20.16675485883176,1.736079390528791e-05,1.0012371276969374,9.988975567778457,6.820468185111223
6070.049999994018,0.07017794790848725,20.017268542450992,3.0258541417567182e-05,1.0022215828007746,9.992524390228924,6.805022991801287
6080.049999993909,0.06915505164754676,20.061622398800093,2.4632653980826887e-05,1.001728804395124,9.989696907130952,6.819422882735153
6090.049999993801,0.06803426240803445,20.113472958973805,1.6757764746706034e-05,1.001168977166312,9.989012959422741,6.833281480553288
6100.049999993692,0.06950311664754803,20.221099001233185,1.1850421273362546e-06,0.9998621138120721,10.008990759818213,6.820558495492183
6110.049999993583,0.06935771883627374,20.168689385665154,1.5094481591561853e-05,1.001013447403436,9.989487980195442,6.827626246860213
6120.049999993474,0.06686773676212185,20.00173351623671,2.5300618563457642e-05,1.0019561750526877,9.988661536196023,6.830696178151487
6130.0499999933645,0.06779088743381917,19.98514894608232,2.3724825908084506e-05,1.0017504625353273,9.9917253786196,6.82369363325477
6140.049999993256,0.06910179308627289,20.14437750829704,2.001960020555432e-05,1.0014500013279704,9.988607511189198,6.825397989029267
6150.049999993147,0.0716663544355537,20.17947645951198,5.69508306484056e-06,0.999845341756432,10.004719637284834,6.81050157470869
6160.049999993038,0.06956266856908631,20.126177270555058,1.5332175763327024e-05,1.0009658403008972,9.99027360086775,6.825005262484768
6170.049999992929,0.06901981407177464,20.033817933888752,2.2846089888961303e-05,1.0017658445897635,9.988049120625023,6.820732366321305
6180.04999999282,0.0705304448718787,20.01892883510805,3.120755079568064e-05,1.0027330516633446,9.996373796035835,6.794761466615388
6190.0499999927115,0.07088382421907422,20.140077365418556,2.206927452218069e-05,1.001680746775147,9.988602672240226,6.812412326049655
6200.049999992602,0.07061458424641337,20.00675381612672,1.2339711761345312e-05,1.000593079700503,9.992515931683252,6.816936674560821
6210.049999992493,0.07158304289514066,20.024519384935825,1.5485912232766612e-05,1.000937008485328,9.991771688739814,6.809100336562479
6220.049999992384,0.07268882579782968,20.045437826975725,2.0948452784376602e-05,1.0015572651603097,9.988107020683412,6.800735355465438
6230.049999992275,0.07213168270518347,20.193693075307632,3.975063932723501e-05,1.0036657397022146,9.99960045449348,6.778149530063881
6240.049999992167,0.07298639300000712,20.10448408793817,2.3597984191954752e-05,1.00182323524574,9.989142172115201,6.797066352134181
6250.049999992058,0.07444189453901504,19.946196104428076,1.4492600563936407e-05,1.000898965011121,9.989360811845858,6.792552862687851
6260.049999991948,0.0778735799321253,19.888612025738087,1.2295628628640399e-05,1.0005505401386026,9.99664242542721,6.767153440220662
6270.049999991839,0.07604009967354883,20.036289541659066,1.8504109653163907e-05,1.0013065117477575,9.98850556949722,6.782374657010005
6280.04999999173,0.07442004696481325,20.037006281890413,3.175484661729378e-05,1.002418379448299,9.99355419780069,6.777331570521475
6290.049999991622,0.07557253834164539,20.032026973316427,2.4735519411369024e-05,1.0018424101242362,9.990571049906395,6.7782912225909175
6300.049999991513,0.07871397594081504,19.921326570226896,1.6112055414019047e-05,1.0011156196615663,9.988379667622645,6.765480657955449
6310.049999991404,0.08101065942836877,19.977707674753,1.8584640098622688e-06,0.9997464273600739,10.007973840172104,6.747794187733777
6320.0499999912945,0.07830983610686319,20.020095875376455,1.5073107333019894e-05,1.001068591639347,9.989246938146964,6.769964381346366
6330.049999991185,0.07961765069763457,19.895040028597943,2.7173716267591363e-05,1.0018795864381098,9.989297351349633,6.7517554377845945
6340.049999991077,0.08040041827738119,19.897023163795268,2.4934668342408786e-05,1.001724250619667,9.993568121119793,6.744684921655214
6350.049999990968,0.08167309045397321,19.91167759106887,2.007020198474091e-05,1.0014119436242186,9.987937060839009,6.745557239347659
6360.049999990859,0.07661611667543,20.063947257077675,2.63774119101342e-06,1.000202301223903,10.00147741950359,6.777703914116315
6370.04999999075,0.0797246996494947,20.007890211762632,1.3471771745335879e-05,1.0010278998841742,9.9904862825612,6.760525981842092
6380.049999990641,0.08338920872028252,19.846852768357465,2.246414001515749e-05,1.0015563150686697,9.988042100991734,6.732520825252768
6390.049999990532,0.08801969752433031,19.768264261365225,2.8327750421970083e-05,1.0018456629505972,9.99883030839589,6.691366933023435
6400.049999990423,0.08290461559418831,19.925913360165833,2.4056598708389263e-05,1.0016709562176223,9.988016503204113,6.736299863794493
6410.049999990314,0.08107828168465764,19.950723011540443,1.1597220524181521e-05,1.0007877205119051,9.993188023306327,6.75081950091109
6420.049999990205,0.08160782611066021,19.984860490565417,1.658332784237583e-05,1.0013079924539565,9.992768179897903,6.744258140341777
6430.049999990096,0.08463397817783697,19.850433326794473,1.7891931475396193e-05,1.001254878683576,9.987803041523275,6.728288669753049
6440.049999989988,0.08398393934629973,19.96554253972987,3.2954848984613734e-05,1.0025581578916283,9.999290530969864,6.7127494590452095
6450.049999989878,0.08268687367530134,19.971563893513114,2.3731271662632917e-05,1.001711642358128,9.989091434232202,6.737352953845683
6460.049999989769,0.0841942542045948,19.88555793718486,1.705173164928158e-05,1.001158464415696,9.989556483283353,6.730973640418085
6470.04999998966,0.08509760924170696,19.87457096909612,1.6798981724073722e-05,1.0014095760214135,9.996609636459214,6.71675756622229
6480.049999989551,0.08385489893963774,19.8891568155202,1.6148367916843484e-05,1.0010704506937391,9.98795987461109,6.735297990112263
6490.049999989443,0.08142404067857784,20.04287274529931,2.7790371533404943e-05,1.002339737774773,9.993744301958577,6.736606203070102
6500.049999989334,0.0825123188743056,20.03960925212386,2.1637898657831865e-05,1.0016007351290808,9.992129988038123,6.738277093733515
6510.0499999892245,0.0838395275024076,19.882976816789522,1.9685217207403473e-05,1.001410984819101,9.98789721111498,6.732228620774714
6520.049999989115,0.08572037229690561,19.83164172051831,6.8878088668764725e-06,0.9999846825958241,10.004400067877011,6.717807987840148
6530.049999989006,0.08190667918901642,19.95966293439094,1.5905838603953743e-05,1.0010037978054247,9.988571213174193,6.74847697716405
6540.049999988898,0.08242386863584542,20.00505847069251,2.373202679091234e-05,1.0019197251497682,9.989941409287141,6.737072228484602
6550.049999988789,0.08359589304654023,20.060306609245597,2.0990065185598727e-05,1.00161886796835,9.998058764888704,6.726886233003525
6560.04999998868,0.08136093240883438,19.920351393649806,2.126741768878631e-05,1.0015901758749561,9.987145926780936,6.746725611221012
6570.049999988571,0.08181734381379427,20.071636810602403,7.573283637899604e-06,1.0000143731879207,10.001683039696642,6.748691837796961
6580.049999988461,0.08036928131020311,20.06125725641204,1.602507145066088e-05,1.0010058231925707,9.990331861535505,6.758406490028658
6590.049999988353,0.08110906640498865,19.998315586390618,2.1294723506307416e-05,1.0016088634722886,9.988183751571857,6.749022179905466
6600.049999988244,0.07998951756746077,19.904963771602436,2.875364773808538e-05,1.0025940202411896,9.996269204157219,6.737012965838705
6610.049999988135,0.07851451662874603,19.98258346296738,2.2652588941010888e-05,1.0017034968119918,9.987095774582938,6.764062021855872
6620.049999988026,0.08080851161348784,20.14672792345721,1.1618699585268091e-05,1.0006465050798625,9.9943521310366,6.75750937449542
6630.049999987917,0.08123951310376082,20.178158043349125,1.6372653940953913e-05,1.0010240134368456,9.995162389859559,6.751616242285423
6640.049999987808,0.07855499695908527,20.0183710829249,1.8730932343172225e-05,1.0013395150261395,9.987506820376739,6.767628749980427
6650.049999987699,0.07648593526647705,19.98984780307388,3.718813906122147e-05,1.0028902525526167,9.994095247546863,6.7591128173849135
6660.04999998759,0.07723849281178408,20.063507262387386,2.3553054299515398e-05,1.0017027178750912,9.988127781351334,6.772700823567761
6670.049999987481,0.07948382323031682,20.144870315434357,1.514522659350408e-05,1.0010586495096618,9.990338223004951,6.765244824532468
6680.049999987372,0.0817629972968206,20.182253108533743,1.5948205776592103e-05,1.0009289293816834,10.002933368668492,6.742398588811668
6690.049999987264,0.07673418985371781,20.04303296058183,1.57626153069761e-05,1.0011375737616277,9.987395137559824,6.780974531270439
6700.0499999871545,0.07974866051364513,20.190895430026913,3.1586018096590394e-05,1.0021290276188142,9.994313797030793,6.751525729788023
6710.049999987045,0.07915681626817916,20.1658362725314,2.181378741404017e-05,1.0014782128798818,9.991701124769305,6.762655644870899
6720.049999986936,0.07855326031210703,20.125608458392783,2.050355858114179e-05,1.0014453236275784,9.988234746019042,6.768706159458014
6730.049999986827,0.07410945791272668,19.990369040186742,1.0514369945266208e-05,1.000637727976378,9.999046841866457,6.789094774867284
6740.049999986719,0.07756392545980818,20.059063611688956,1.5394975937112617e-05,1.0011398245163898,9.987704782781952,6.776144010702605
6750.04999998661,0.08117550586178064,20.219605831306726,2.3098435812459005e-05,1.0016072828008422,9.991147158377744,6.751472897823697
6760.049999986501,0.08363380875865693,20.264659927285237,1.769152668158152e-05,1.0010136632933484,10.000726699353853,6.734775788250878
6770.049999986391,0.07948629834637581,20.089356674753432,2.3533355093035318e-05,1.001677325451733,9.987254761378779,6.761092464865549
6780.049999986282,0.0797155311875532,20.085904784081368,1.1228566306373863e-05,1.0006343269396571,9.997447424661738,6.759688661328379
6790.049999986174,0.0818081660732942,20.074333117598986,1.8226304700409887e-05,1.0013754662089802,9.988934841446806,6.748234434663578
6800.049999986065,0.08269764127834821,20.175940474657995,1.778275627988076e-05,1.0012452160811487,9.989258572970678,6.746453930774674
6810.049999985956,0.08376414030751232,20.135449130194242,2.0949370120900974e-05,1.0013012780798045,10.003880158537767,6.7253338309247175
6820.049999985847,0.0830994747815851,20.036898190342626,2.270230905685225e-05,1.0016811838374458,9.987224583313777,6.738563733709731
6830.0499999857375,0.08586971676658516,20.168311432074976,1.5911301330376806e-05,1.0009892107138985,9.99364421242922,6.72604762533645
6840.049999985629,0.0877592628981199,20.127760425104217,2.0685717014736138e-05,1.0017189073669706,9.992901794895973,6.70823895413824
6850.04999998552,0.08603778904673527,20.10388519571744,1.6265631624690516e-05,1.0010673448981813,9.988397948492652,6.727577835782984
6860.049999985411,0.08556843111851388,19.935371738351215,2.7167504219273626e-05,1.0024535964174495,9.992291407607153,6.710106535994951
6870.049999985302,0.08928240508113879,19.97977676635027,2.108495375967745e-05,1.0015722220565528,9.988336073189751,6.701284107126715
6880.049999985193,0.08946247507418918,20.14195378925317,1.8915380171296815e-05,1.0013037651448866,9.990394752394987,6.704801681785192
6890.0499999850845,0.0910837964227655,20.193131815812745,1.7653467377880384e-05,1.0014883359510256,10.002092721473185,6.684481899611484
6900.049999984975,0.09123667058264909,20.01554003234709,1.6160388775555875e-05,1.0010237293928006,9.988165913681144,6.696032925147991
6910.049999984866,0.09275131968225436,20.00379957002495,2.55395010705748e-05,1.0021940567319418,9.991519748503707,6.673594376944001
6920.049999984757,0.09610928523838508,19.954727057871153,1.9799261920505844e-05,1.001461347555264,9.991683637957019,6.659740638183528
6930.049999984648,0.09335294899265799,20.069510491938654,2.0969628582051673e-05,1.0015306255417584,9.988650104236765,6.680331392878105
6940.04999998454,0.09585088168130637,19.973331634396658,7.707878773801729e-06,1.0000246528512942,10.00525219852275,6.66216844222039
6950.0499999844305,0.09759957471707735,19.92080834997841,1.6593289185312746e-05,1.0010722405326478,9.988535450215622,6.656841714088296
6960.049999984321,0.09666104345432623,20.025948375070033,2.2982779957733237e-05,1.0017819704912163,9.989914337550386,6.657142614187959
6970.049999984212,0.09825942548401907,20.030440689896906,1.9781013866630713e-05,1.001545757857281,9.99893942533734,6.642193428220963
6980.049999984103,0.0980591818487563,19.98528546795991,2.277892425632526e-05,1.0016615706440677,9.98797870678674,6.651113428584491
6990.049999983995,0.10185819838210412,19.844462733861853,8.94459318223861e-06,1.0004389852059001,9.99596417770298,6.630059359376608
7000.049999983886,0.10387408008015549,19.838502684359604,1.810550507571795e-05,1.001210627891835,9.989904259990727,6.617390545756103
7010.049999983777,0.09954765404315401,19.99847028850068,1.9466124430841844e-05,1.0014061248219004,9.988892339350556,6.64453541657896
7020.0499999836675,0.09691914858420611,20.04381519942499,2.5354611255439607e-05,1.0020585388922434,10.001647530484673,6.643065331755698
7030.049999983558,0.10299728957248531,19.90640799002705,2.3234876169765282e-05,1.0016192573451896,9.988224692882147,6.621802240701069
7040.04999998345,0.10342587167305538,19.880730953976865,1.3211500844031708e-05,1.000975836597938,9.991330449650999,6.621680640655542
7050.049999983341,0.10707080271546776,19.82606733964229,2.212203796068874e-05,1.0014712462436792,9.993456133736753,6.594003469899657
7060.049999983232,0.1022569714142582,19.967542906949564,1.517786226398774e-05,1.0011267921232307,9.988611681590145,6.631410925159842
7070.049999983123,0.10698399069524686,19.820017840388907,2.775643536058263e-05,1.0018597105563454,9.996229521444809,6.588427975328852
7080.049999983014,0.10716011738174228,19.842410760172687,1.957886276873599e-05,1.001331697697374,9.989555155832052,6.5986545729835315
7090.049999982905,0.10383052754646235,19.923160635302573,2.0090964761501267e-05,1.0014376590053133,9.989108533799829,6.618405328190183
7100.049999982796,0.1021864640930005,19.986184895180926,2.591185582689755e-05,1.0018761480760696,9.999855221166474,6.615478735527129
7110.049999982687,0.10482812212361232,19.95286238347217,1.550931199812769e-05,1.001154275091743,9.988736154628157,6.6164662096445666
7120.049999982578,0.1080819444185023,19.80534198162582,2.1896745642182155e-05,1.0015145961640206,9.991153713582992,6.589664817960599
7130.049999982469,0.10917934772832168,19.806172855000693,1.4852305987637927e-05,1.0008988668999137,9.992520296967719,6.5878865667237285
7140.0499999823605,0.10412070016367685,19.969948437987803,2.378091674496773e-05,1.0017291325192945,9.988230919770732,6.616165519019539
7150.049999982251,0.1033376645468965,20.012009745333167,2.1120383285752984e-05,1.0015630568809413,10.002457093660746,6.610164555677411
7160.049999982142,0.1066548914354906,19.950107482248733,1.9284522831266254e-05,1.0014469662545848,9.989216821107798,6.60333058561165
7170.049999982033,0.1054096289159049,19.89456271332338,1.8152540075044086e-05,1.001267197784075,9.989139194945853,6.61047729455136
7180.049999981924,0.10668627618038139,19.880731749392154,1.3273127612643385e-05,1.000464198090903,9.9993712284208,6.600990424738081
7190.049999981816,0.10433649798240473,20.02605251131461,2.3167155942834282e-05,1.0017606283841896,9.988360448043085,6.615953027492704
7200.049999981707,0.10687144923117498,19.889003965702067,1.7937370956900256e-05,1.0011437858305747,9.995059704327012,6.598058179881616
7210.0499999815975,0.10654066363149216,19.936957539143744,2.241855517366047e-05,1.0018093851589034,9.990066823284783,6.599672857754846
7220.049999981488,0.10330648615338489,19.996634556163126,1.665730417104447e-05,1.0011000124021299,9.988627004963506,6.626527177264331
7230.049999981379,0.10304528013155272,20.130664993271637,2.0138332117523152e-05,1.0013731388194032,10.005561374659017,6.613573973542782
7240.049999981271,0.1044519306644341,20.082387791471195,2.135093351052956e-05,1.001623639241085,9.98936284089606,6.617000509796163
7250.049999981162,0.10322528967713415,19.928504682692832,1.867841502555537e-05,1.0012508741441672,9.989880162178812,6.622835963383375
7260.049999981053,0.102775038802454,19.91001421096065,2.420277497398059e-05,1.0020900251309734,9.99078617473106,6.616640921340753
7270.0499999809435,0.10221910772805463,20.09621418193979,1.6023111552796584e-05,1.0010150957852781,9.988815650443438,6.63559233061829
7280.049999980834,0.10319222663183973,20.094619757374222,2.4955430478891422e-05,1.002243603756912,9.995574440417464,6.61316709373185
7290.049999980726,0.10380889864228009,20.11441132258282,1.894467756538504e-05,1.0013847808640168,9.991252669635646,6.6217374502936535
7300.049999980617,0.10009559828752049,20.0283487811199,2.0233409536740333e-05,1.0014363433883446,9.988150773618562,6.642616369510461
7310.049999980508,0.1001266206941998,20.049678787532272,1.8445565879735913e-05,1.0013988222717807,9.998942747451974,6.633521663225585
7320.049999980399,0.10201152725161662,20.183474119887812,1.607327900058135e-05,1.0010372927833056,9.989490417717102,6.638095121710388
7330.04999998029,0.09972433293207585,20.036208288031652,2.307284387479166e-05,1.0018227057217728,9.989350532309283,6.640364285774604
7340.0499999801805,0.10055827862849895,20.084040533957317,1.5076744121658659e-05,1.0010788501570598,9.993620034505858,6.639604360810118
7350.049999980072,0.09941548419146026,20.126597522963625,2.233451465542539e-05,1.0015954465828933,9.987843965703963,6.647714364077351
7360.049999979963,0.10344281382382563,20.282245513297195,8.467586603837818e-06,1.000385660956657,10.008002810553618,6.621627433036709
7370.049999979854,0.10233769789254275,20.24148317182875,1.8259272245640046e-05,1.001230368628885,9.99068075339901,6.634926146303402
7380.049999979745,0.09763632412539641,20.070707058306585,1.9628549699848817e-05,1.001422663201865,9.987767158293526,6.657914132509877
7390.049999979636,0.09491913916897138,20.026645580051607,9.89713995786384e-06,1.0008322159795071,9.995492918638224,6.670374610083181
7400.0499999795275,0.10090639282421361,20.202697795312744,2.341305887090361e-05,1.0016076995733105,9.988398795988452,6.640662373429486
7410.049999979418,0.10006844673072689,20.20175205723171,1.4169005356818814e-05,1.001023685990202,9.994815490064987,6.644653497007099
7420.049999979309,0.1021694546614433,20.236161287162805,2.4255733127868815e-05,1.0016221561702439,9.9923718003805,6.630718647965549
7430.0499999792,0.09902178607396193,20.114693854870662,1.5690109956659474e-05,1.001147489821466,9.987728548752795,6.653709976118871
7440.049999979091,0.10185196124990951,20.213173202719638,1.1128992143648978e-05,1.0008150327811203,10.00529740019395,6.627381221838755
7450.049999978983,0.1035418465970014,20.245804961297793,1.9998941539686214e-05,1.0013528856470064,9.989842789866579,6.628033140556266
7460.0499999788735,0.09934751671616027,20.11207308297605,2.1310501006474386e-05,1.0015324742917509,9.988789709389756,6.647430731369891
7470.049999978764,0.10020445251436663,20.10898936921886,2.9733442264230787e-05,1.0021839549139997,9.9929823492667,6.6329813426645154
7480.049999978655,0.10306192955774846,20.135978342225773,1.567881705469518e-05,1.0011267776200299,9.988086558481992,6.631571962013823
7490.049999978546,0.10585001292938147,20.278145001005164,1.582903842334541e-05,1.0010902832514614,9.999625670505454,6.609548627855545
7500.049999978438,0.10619047482224699,20.24529710187705,1.542807438004787e-05,1.0009528235498748,9.992349680102924,6.614660980800747
7510.049999978329,0.10304170161631915,20.060245618924366,2.3374171158986476e-05,1.001745437761567,9.987226486346362,6.625118782954744
7520.04999997822,0.10266398006019217,19.98150103948592,2.9670203354226947e-05,1.0027297892160472,9.99315112324533,6.611219417297469
7530.0499999781105,0.1079863741633175,20.13517431910017,1.8229564761619087e-05,1.0013263645435992,9.98868178090347,6.602121654824551
7540.049999978001,0.1057889144676333,20.13642214480665,1.6627110764058284e-05,1.001145097418313,9.991083498984507,6.613629287127235
7550.049999977893,0.10793271387770316,20.169642291323395,1.226164513386778e-05,1.0004894138622062,9.996314314844287,6.603732127660034
7560.049999977784,0.10880787601813639,20.018671014347888,2.2913701740905455e-05,1.0017717018072043,9.987154340113786,6.592235211716554
7570.049999977675,0.11092561789679165,20.152688254786145,2.1996645638469636e-05,1.0016766477429628,10.002723107310974,6.570821408687777
7580.049999977566,0.11193093026495603,20.12363746527326,2.088766808450916e-05,1.0016273350143818,9.989740411062487,6.576766251266208
7590.0499999774565,0.11012356865816482,20.013571503824593,1.6564096265680993e-05,1.0010937698215943,9.988556463160766,6.589642609872558
7600.049999977348,0.11180655847674054,19.961060849475064,1.1574720053913668e-05,1.0001766130562646,10.001411844457463,6.5757277189485475
7610.049999977239,0.11450650468282124,19.98214266683239,2.1921763826363784e-05,1.0016909736328519,9.987780156338612,6.560640008215345
7620.04999997713,0.11237711522699571,20.123855495814546,1.9335191210241715e-05,1.001266018596035,9.99544684292518,6.572382598274132
7630.049999977021,0.11360798369822525,20.102926681115022,2.420645303497661e-05,1.0020046614277722,9.99154730242797,6.562267245624829
7640.049999976912,0.11598747951445502,19.924835526814043,1.6252830472537347e-05,1.0010492472667114,9.988047282157522,6.556690323818639
7650.0499999768035,0.11758029396877842,19.897918380726136,2.0449143914605632e-05,1.0015965118864418,9.999826549818419,6.532208744527843
7660.049999976694,0.11838475934834838,19.96141336328627,2.027337571758151e-05,1.0015138547757045,9.989053450272122,6.539812221087645
7670.049999976585,0.1158410775916056,19.98992642883548,2.047677350032394e-05,1.0014135111189584,9.990175306598585,6.553941660630296
7680.049999976476,0.11544179224581766,20.010121821621926,2.9001645061496062e-05,1.0023219278045439,9.99444292423023,6.5447950432920505
7690.049999976367,0.1207522512960944,19.864310831979104,1.611205009917523e-05,1.0010685796019974,9.988108141858188,6.529659823546097
7700.049999976259,0.11646240797857614,20.02014919108027,2.3848774859444646e-05,1.001922972886367,9.994909801734812,6.542646578706854
7710.04999997615,0.11900496307762387,19.97188806311114,1.624395240316957e-05,1.001196436729999,9.991348937697182,6.537478372243464
7720.04999997604,0.12041440749687778,19.88787906808482,2.2650258694712148e-05,1.001571244629526,9.988337667760415,6.527420919864465
7730.049999975931,0.12447329058715535,19.789105953193964,2.674171538601877e-05,1.0017118741049356,10.00107135530879,6.4911805775674765
7740.049999975822,0.12308869404941705,19.83803661623307,1.7853274511266637e-05,1.0012309497878773,9.988397513899999,6.515046084057834
7750.049999975714,0.1177092316058702,19.988188467680864,1.892063228865732e-05,1.0013716640848418,9.991247905539232,6.543323569013761
7760.049999975605,0.11654785754516929,20.00578119881738,7.395707905064511e-06,1.0006995386753836,9.99558653046841,6.551929942512551
7770.049999975496,0.12338953830715084,19.83450434959249,2.3365141329344973e-05,1.0015732030623536,9.987860266641647,6.510886622802006
7780.0499999753865,0.12183558735367606,19.841534040049552,1.974948402383734e-05,1.0013621678683533,9.99834294322943,6.5116990670030965
7790.049999975277,0.122341980573242,19.86198168043159,2.300541591907145e-05,1.0015566882463758,9.989101729704146,6.516076276615652
7800.049999975169,0.12030214955503105,19.93924754670155,1.4267029378005499e-05,1.0010604481766587,9.989652913983369,6.532525980392649
7810.04999997506,0.1186930981306408,19.94303782467725,4.914009993233385e-07,1.0000668858184139,10.003067100398825,6.5378316775061665
7820.049999974951,0.12354594039423758,19.82915625066576,1.9876947286578146e-05,1.0013547420766913,9.988081059979374,6.51164094270475
7830.049999974842,0.11729807253801132,19.98375623569307,2.3994432252798328e-05,1.0017493648433322,9.992702627608786,6.540801694634298
7840.049999974733,0.11856622202586535,19.95776869704904,2.7205879637402687e-05,1.0019625363599916,9.991224441465398,6.532893369971573
7850.049999974624,0.12131904643399545,19.925114379157147,1.55234945838289e-05,1.0011032833575975,9.988829994292576,6.527177192255521
7860.049999974515,0.12362473106578047,19.811692937997456,5.115500268149729e-06,0.9999958904770999,10.004028929158896,6.508426421650692
7870.049999974406,0.12083311629380065,19.86853192765879,1.6668099037980918e-05,1.0010791990508618,9.988800133275825,6.528619020634693
7880.049999974297,0.11717714126082147,20.038237643945898,2.4976777748012653e-05,1.0019228871757497,9.990042218724739,6.543640520713046
7890.049999974188,0.11520380308278794,20.09343478132164,3.092868219118273e-05,1.0027282749817472,9.99633132603152,6.5428532753610265
7900.04999997408,0.11967119891244221,19.939837208773728,1.8318459751111693e-05,1.001315611277576,9.988249688941513,6.534916832266765
7910.04999997397,0.11624990330640993,19.967604954746445,1.3858569093066993e-05,1.0008337667366003,9.994769025541371,6.552158627312224
7920.049999973861,0.11599586770391783,19.957783015837247,1.4609434751596352e-05,1.0007928826016628,9.990607145028752,6.557380868840451
7930.049999973752,0.11644574087247055,20.069160061761387,2.3754733391452118e-05,1.0018837617690168,9.988836612179687,6.549725193320028
7940.049999973643,0.11562795220442926,20.010235798096648,3.117570759744798e-05,1.0032139862017622,9.997761715653455,6.533066709697815
7950.049999973535,0.11546433496009431,19.97031679592858,2.0480876099875688e-05,1.001547837307432,9.987840231930164,6.556413449852068
7960.049999973426,0.11293555643194206,20.11856824371997,1.567960166662723e-05,1.001026487245302,9.991717975827129,6.574701423392078
7970.0499999733165,0.11216458041578817,20.120148234731726,1.1370565281185464e-05,1.0003148351231907,9.997042844228922,6.580360184409616
7980.049999973207,0.11387721308973417,20.09641053211867,2.223652033666055e-05,1.0017328527365628,9.988343190966951,6.565933572989791
7990.049999973098,0.11040581083209527,19.95374606582721,2.2876318409786953e-05,1.0017390000781783,9.994886903019195,6.575273061296118
8000.04999997299,0.10973134091428428,20.010961444437118,2.2776938994764898e-05,1.0017831428707065,9.987739764149788,6.586384865870039
8010.049999972881,0.1114622105291006,20.196629317817358,1.5421659179610246e-05,1.0009927885064343,9.990454689149882,6.586032382290684
8020.049999972772,0.11237424198932758,20.257611061934114,8.356882475441786e-06,0.9999620642158137,10.01001524351352,6.574071638903363
8030.049999972663,0.10981676787197132,20.112812849268806,2.0154092890188228e-05,1.0015011866996835,9.98826402232013,6.5904214016051865
8040.049999972553,0.10707612934816292,20.12018795900661,2.0885574668833455e-05,1.001414270645479,9.992327215327636,6.602656615237354
8050.049999972445,0.10532554671250229,20.086316256135266,2.713957937814842e-05,1.0020747732085538,9.989188337786125,6.608457397947079
8060.049999972336,0.1092943162226937,20.23073585784474,1.5352026019113714e-05,1.0010218327627058,9.989628576552258,6.599161528155765
8070.049999972227,0.10477613415113003,20.087385973688775,1.4538170790204198e-05,1.0010587887358882,9.997575457153955,6.612893886311713
8080.049999972118,0.10516445985253589,20.10837779405488,1.6461328892102087e-05,1.0012064734296127,9.98851907886723,6.618165679274838
8090.049999972009,0.10714570001965158,20.23090367618173,2.324676273071786e-05,1.0015802796371374,9.990618089052541,6.605091435148076
8100.0499999719,0.10778290517519643,20.256237498610794,3.7320776366464195e-05,1.0024664784654533,9.997895425720282,6.587855247835512
8110.049999971791,0.10674802023968451,20.22538852815432,1.7863669896803727e-05,1.0012375829467814,9.988959289588607,6.6116707546755755
8120.049999971682,0.1016473565875614,20.07296757970866,1.6234719037215264e-05,1.0011921998105768,9.991380039096205,6.634293807481018
8130.049999971573,0.10183136152877156,20.086633841331853,1.172634914770484e-05,1.0009279145945091,9.989450385529084,6.63770633204976
8140.049999971464,0.10735752154719574,20.262618813742677,2.4193440442569234e-05,1.0016203405143516,9.989588182511287,6.605298992970964
8150.049999971356,0.10849136315780317,20.28836844704845,4.289906139943017e-05,1.002662504944246,10.003950361646247,6.57763804230255
8160.0499999712465,0.10473439373650784,20.175040228036856,2.271675744505368e-05,1.0015709217231847,9.988469998868089,6.61900669669102
8170.049999971137,0.10509819581345678,20.150076676282765,1.3700658419398876e-05,1.0009673115017537,9.99098069376449,6.6194365746373265
8180.049999971028,0.10356487894238468,20.104060843674926,8.457866657953656e-06,1.0006179498579733,9.994123654897736,6.627014294661865
8190.049999970919,0.10726639849169159,20.235676716198814,2.0522400365877134e-05,1.0014030448425435,9.989189649436156,6.607410477664971
8200.04999997081,0.10214854573019744,20.048148475761057,3.104568501075633e-05,1.002329430049964,9.991689781216136,6.620557657418613
8210.0499999707,0.10417747683594346,20.079406029790874,2.4617411106383702e-05,1.0018139057890547,9.988487994313033,6.617555658967725
8220.049999970592,0.1083527202020583,20.169653327513092,1.4699921926917845e-05,1.00098296541723,9.990221866919008,6.602598580245961
8230.049999970484,0.10999142538762784,20.238189136007964,2.862252193710872e-06,0.9996487876011166,10.01007944251613,6.589223973304815
8240.049999970375,0.10751431961826495,20.165757629276996,1.726905538500584e-05,1.0011308292051613,9.989247736902286,6.606671959733086
8250.049999970266,0.1067064310529508,19.99427700675506,2.5707971913589072e-05,1.0020576806726424,9.989541989178141,6.598448470616161
8260.049999970157,0.10675018207790031,19.96633650607669,2.5677528847168824e-05,1.0021123977820203,9.989882529629158,6.596737412195595
8270.049999970048,0.11030130189380043,20.139738877967172,1.7082079061258225e-05,1.0011721833159195,9.989416341206024,6.590298753445629
8280.049999969939,0.10923378302154023,20.11438070451234,6.2180072835713126e-06,0.9998131942586842,10.004166530926492,6.594164972213361
8290.04999996983,0.10868053082568463,20.063108248473263,1.5504949957989762e-05,1.000914701266444,9.98980199819341,6.599169675778428
8300.04999996972,0.1115148930223853,19.998134134747534,2.4176219447771163e-05,1.001949203409768,9.988928156814113,6.5738593107084675
8310.049999969611,0.11136242421452455,19.96950566735417,3.0109379804203654e-05,1.0029911420975475,9.994731799292268,6.559646487317921
8320.049999969502,0.11121584657697042,20.08361678899119,1.9405014203688716e-05,1.001420283330322,9.988862242529962,6.582273642976201
8330.049999969395,0.11172913905614662,19.908698043302728,1.3601212435859464e-05,1.0007890861322946,9.992380596978863,6.57760392491941
8340.049999969286,0.11165906887732101,19.93472335038628,1.3521439443283731e-05,1.0006779901786873,9.991631080668409,6.580266355259429
8350.049999969176,0.11373751456416342,19.987546724526435,2.3276115159652487e-05,1.001831598441954,9.98844986786418,6.563068977958944
8360.049999969067,0.11031426236847965,20.10450469983483,3.172488240240293e-05,1.0030276160871705,10.000781413444841,6.562871518381109
8370.049999968958,0.11165043332148784,20.016569393652272,2.2179266444555508e-05,1.001680737457603,9.988759559330237,6.576084326928932
8380.049999968849,0.11574763022282698,19.85722183043821,1.510092194428433e-05,1.0009938903470035,9.98995679471023,6.555106061583481
8390.04999996874,0.11649935784130463,19.82312637841513,9.143415015453056e-06,1.0002505558463148,9.997576985917721,6.5499407660103595
8400.04999996863,0.11387741302327194,19.971563781561308,2.150627172962626e-05,1.0016133152895745,9.988381590498788,6.5639029982141
8410.049999968522,0.11333819750655486,19.936567557861892,2.5783123663261882e-05,1.0018143277253604,9.99599756594423,6.557353997372153
8420.049999968413,0.11256066049225927,19.939541300543052,2.6284389945205792e-05,1.0019101484756912,9.9895365001708,6.5665778129098245
8430.049999968305,0.11642776494929762,19.85759797812082,1.483639115926472e-05,1.0010279631144603,9.98896808479394,6.552067387246546
8440.049999968196,0.11325077923487496,19.91697915924432,3.0438676516924425e-06,1.000007367484735,10.005705925182285,6.564519976763005
8450.049999968087,0.11244984653537939,19.96600857528712,1.716012413333223e-05,1.001274660435689,9.988865697368874,6.5740005725608555
8460.049999967978,0.11697894412478045,19.81355009083443,2.5032000671951647e-05,1.0016606595268707,9.990780559058539,6.540905070925642
8470.049999967869,0.1151921269844586,19.8375564310441,3.1077709437148195e-05,1.0020216464096914,9.99228799901118,6.546525493552265
8480.04999996776,0.11442240417410493,19.88343030405217,1.694902279456387e-05,1.001206155969439,9.988317083095978,6.562465558058336
8490.04999996765,0.10782744178731887,20.0267906673188,4.4317674132085225e-06,1.0004150329082626,10.001313734114195,6.596970501134668
8500.049999967541,0.11033141421051591,19.976049318018564,1.2621849845560076e-05,1.0009956194876561,9.990037842235063,6.58712004297446
8510.049999967432,0.11593045987021303,19.8125872623886,2.4510259638101614e-05,1.0016404484123047,9.988594799034008,6.548620170282878
8520.049999967323,0.11653478437591686,19.776380007960245,3.6995497771848955e-05,1.002267467983985,9.997568992880522,6.531038615904569
8530.049999967216,0.1108154951884203,19.93825645336235,2.17765804187967e-05,1.0015276618094286,9.988080343623972,6.580661884973432
8540.049999967106,0.11195451219994383,19.935657847249207,9.826580285543592e-06,1.0006766818713517,9.99452560456042,6.576093777502605
8550.049999966997,0.10898756181333924,19.981240723110346,1.369811532063477e-05,1.000998224984038,9.992392396313484,6.592413305063969
8560.049999966888,0.11156417698120517,19.870999376277,2.1102701006396803e-05,1.0014631885601957,9.987838620015172,6.575758533361447
8570.049999966779,0.10628280373232278,20.004449198861682,4.1464548392402033e-05,1.0031735089027147,9.99744206833821,6.584104738765777
8580.04999996667,0.10647293112404481,20.019582177757545,2.384681367195879e-05,1.0017679423508803,9.988717495225433,6.603648010801418
8590.04999996656,0.1104794297216243,19.908739380106702,1.4174143021875506e-05,1.0009104005618246,9.990397111699172,6.585105121279911
8600.049999966452,0.10810805869452166,19.92252747848301,1.3862284866328958e-05,1.0008634811642099,9.996787860049054,6.5930176455007
8610.049999966343,0.10578973607501903,19.95852914651011,1.8353852280487147e-05,1.0012404858378345,9.987871863201375,6.611331018546922
8620.049999966233,0.1037236327912155,20.115363650938402,3.184314919629368e-05,1.002732650269509,9.994833076734864,6.60709786408096
8630.049999966126,0.10267640896656195,20.10563221497015,2.421941173105728e-05,1.0019148753831475,9.990963317741837,6.623366169338251
8640.049999966017,0.10484695904239819,19.94696937513381,1.6786643626209968e-05,1.001120415553779,9.988355083388464,6.616863652056458
8650.049999965908,0.10287482738897374,19.938240023615265,6.625367057371453e-06,0.9996373400886973,10.004929981437202,6.625727736458187
8660.049999965799,0.10013214047452001,20.05970784408405,1.6576426512554694e-05,1.0010434204123986,9.988634816570983,6.646232892515674
8670.04999996569,0.1019643238960399,20.074802687433785,2.610060778701319e-05,1.002167670655418,9.990464410796193,6.624774397258074
8680.04999996558,0.09956245852253214,20.128318583853474,2.5846248888427987e-05,1.0022004574798775,9.995031387254885,6.6350399014504315
8690.049999965471,0.0980863172669879,20.009985158891922,1.8706674943998227e-05,1.001324622346837,9.987415874847128,6.6550779095532615
8700.049999965362,0.09819801691236076,20.19381098576128,7.151991732890901e-06,0.99999323900907,10.003369885209574,6.656341782711924
8710.049999965253,0.095939542573184,20.162435830824876,1.4619100784466908e-05,1.0008553134167328,9.990649116967518,6.672174828638577
8720.049999965144,0.09642043876755459,20.063281333062776,2.373596041955668e-05,1.0018611365189196,9.987991377659066,6.660470149966963
8730.049999965036,0.09236729905795713,19.99304269857319,3.117522585514284e-05,1.0029477955455386,9.993751187810988,6.666782885842358
8740.049999964927,0.0923626671996097,20.076498086690776,2.1043304288569387e-05,1.0015414191864094,9.987256747233557,6.687322559264032
8750.049999964818,0.09553845062431247,20.232407759464063,1.1499519673354231e-05,1.0006824182335785,9.995044268647026,6.6737151810665845
8760.049999964709,0.09367162268020922,20.24216617341473,1.1226329211877678e-05,1.0006290903836201,9.995218188377548,6.684865678654677
8770.0499999646,0.0906317136205244,20.072570349315967,2.15099434053203e-05,1.0015946937163267,9.987106074980321,6.696776926979379
8780.04999996449,0.08901491390449734,20.069710895130058,3.327936974386112e-05,1.0026269617403845,9.99641710166049,6.688259991304054
8790.049999964382,0.08927619091040614,20.14001696214343,2.4525720459639436e-05,1.0017437313522826,9.988138394069976,6.7039548944397325
8800.049999964273,0.0907612884602745,20.183680259416644,1.3518531787096958e-05,1.0009342842754552,9.990400473213509,6.701696483331577
8810.049999964163,0.08956096873440193,20.20239063932701,5.060642213691604e-06,1.0003188399322622,10.001671047579277,6.704268350692854
8820.049999964054,0.08679822187103046,20.07886966812277,1.766703653665913e-05,1.0012939592112964,9.987146837376448,6.7216617811506465
8830.049999963947,0.0917159426368731,20.25486642484774,3.0027122208205682e-05,1.0019904316114796,9.996908801176142,6.68263660656079
8840.049999963838,0.08918217612156659,20.202087810658053,2.6842099202196318e-05,1.0017939490723136,9.991186486536106,6.702803396584426
8850.049999963729,0.08695632981979717,20.124837706285575,1.7241773198370913e-05,1.0012223843880514,9.98816644400592,6.721601368751719
8860.04999996362,0.08156973107722056,19.99969523702268,6.027645758021807e-08,1.0000643080654414,9.999950328744518,6.7494857025794595
8870.04999996351,0.08597321841144384,20.073183981436152,1.4723480798599697e-05,1.0010843836732564,9.987829370526683,6.7275545626036095
8880.049999963401,0.0897030423631691,20.224254417599447,2.614830040096526e-05,1.0017898876315672,9.991608156640693,6.7000173545617505
8890.049999963292,0.08995914395051133,20.234097068393314,2.4613376237256946e-05,1.0016273932203141,9.998125735368792,6.694297811534029
8900.049999963183,0.08584114900323166,20.05685735285345,2.1322978302134306e-05,1.0015291445157517,9.987140843889675,6.724549615536779
8910.049999963074,0.08869004389404357,20.08103008564742,5.4805317220680455e-06,1.0002016397105067,10.000501690115977,6.7083732943944465
8920.049999962965,0.08787946219679098,20.066056918488542,1.5584791517306452e-05,1.0010879363172065,9.98942234001901,6.714849887476558
8930.049999962857,0.0878239003061067,20.127632935287888,2.1619026733004842e-05,1.0015390117481282,9.988884932380877,6.713156389406544
8940.049999962748,0.08755704773179539,20.061183923935697,2.8324303650626062e-05,1.00216682249296,10.000207830699342,6.697101485138451
8950.049999962639,0.08719347714250399,19.984896424553455,2.2689327383171027e-05,1.0017096062145832,9.987003276383998,6.713436263575372
8960.04999996253,0.09126289677866518,20.14116127229791,1.1720331149656288e-05,1.000613631284375,9.995300368227852,6.6961478989874665
8970.04999996242,0.09018199871042479,20.087545649090167,1.6806107017077357e-05,1.0011594432572621,9.993330913291667,6.69792053914011
8980.049999962312,0.08815289670853753,20.026088150266393,1.8822770845718057e-05,1.0013022524450976,9.987938286363779,6.711717740012113
8990.049999962202,0.0885821166471047,19.85299924239649,3.435583764116801e-05,1.003193038771485,9.991804209483474,6.684548413986365
9000.049999962093,0.08989928244138791,19.925697783562256,2.28739723872711e-05,1.0017869938607329,9.987842312346721,6.694937458931438
9010.049999961984,0.09047131906819325,20.083060599701355,1.5273855240012122e-05,1.0009497532314384,9.991032185257895,6.700128769015374
9020.049999961875,0.09029018951024816,20.107920995755798,1.4188853128490865e-05,1.0007282319821713,10.002068951070893,6.6937143535542525
9030.049999961768,0.09005456691012885,19.935330796336977,1.7154589097440736e-05,1.0011233846652978,9.987879905841737,6.700187490730681
9040.049999961659,0.09220274742570844,19.95385322212596,2.9349260501455693e-05,1.002537712111937,9.992695383757392,6.671358384926255
9050.04999996155,0.09180130180470025,19.911984479842396,2.3518712556676973e-05,1.001868870785071,9.990300437601748,6.680750286676621
9060.04999996144,0.09028925740156829,20.00180253342814,1.7849769822841014e-05,1.0012298419166543,9.9889368747227,6.698566069255219
9070.049999961331,0.09372995012288911,19.88822027503548,6.361315830906572e-06,0.9996246741652596,10.006824361558557,6.674253852592412
9080.049999961222,0.09210199898855402,19.865044517162623,1.569438327280503e-05,1.0010019066506584,9.98843878521087,6.687319413761744
9090.049999961113,0.09108635959781444,19.99442601807249,2.615177076114972e-05,1.0020535654144636,9.99033917114122,6.685179947806381
9100.049999961004,0.08955699622535947,19.989553801458317,2.6532023527275257e-05,1.0021373161196574,9.995651945631097,6.688231549924095
9110.049999960895,0.09068341570561231,19.93300529855179,2.0833284784880423e-05,1.0014908358707348,9.988037152605258,6.69309564065382
9120.049999960785,0.09460866489839792,19.80423662834364,7.763845340964566e-06,1.0003242515700415,9.997067955678302,6.6697852156947635
9130.049999960678,0.09269022388119393,19.828936527799556,1.419126475785926e-05,1.0009501854450158,9.989779005429826,6.6823201056889845
9140.049999960569,0.08941823145970193,19.98320471496736,2.286165526576225e-05,1.0016751963452046,9.988897013523935,6.699153937273661
9150.04999996046,0.08766773301966803,20.02737763358733,3.372379116040117e-05,1.0025850657175501,10.001111457317002,6.69108278488334
9160.04999996035,0.09076034968715921,19.885746097038158,2.4101742552658584e-05,1.0016700362962707,9.987934214232853,6.689983168911082
9170.049999960242,0.09016186457701413,19.898670805266946,1.1145570321817903e-05,1.0008020823281674,9.992102082403443,6.697683260668981
9180.049999960132,0.08966754292596277,19.86366723875199,1.3282581337672253e-05,1.000997650097191,9.992798383528646,6.697274034895408
9190.049999960023,0.08765928763786283,19.97453413332976,1.7502869521724072e-05,1.001284152046323,9.988549974296825,6.712884845771682
9200.049999959914,0.09370920018428404,19.814163304518154,3.3613806288833495e-05,1.0022780382370942,9.996917782608667,6.6578841152546016
9210.049999959805,0.08941889207785879,19.86151175661388,2.3739360021103405e-05,1.001612184422738,9.988718685845473,6.6968735314058305
9220.049999959696,0.08587154193727217,19.973802657006924,1.6165548375216078e-05,1.0011534207320845,9.989800764045718,6.7232349991346405
9230.049999959589,0.08186417111021195,20.032817121013103,1.086656713299221e-05,1.0010173055213851,10.000141103326651,6.739827609200994
9240.04999995948,0.08545402203921283,19.98126051457972,1.4855187092073804e-05,1.001076096480674,9.98869948463262,6.727549259068496
9250.04999995937,0.08805742245711805,19.843429776063616,2.7269666952963322e-05,1.0019271554442382,9.991095712230514,6.699270279414484
9260.049999959261,0.08569066053299408,19.868805395577624,1.9582201699730977e-05,1.0013346970911192,9.990901469237748,6.719050573587562
9270.049999959152,0.0822994803406234,20.034903291408448,2.0925225889533553e-05,1.001508734818502,9.988711632902312,6.743374125720124
9280.049999959043,0.082630117247227,20.077544679324667,6.110178607218917e-06,1.0003746216904823,10.007317410529739,6.735717810490188
9290.049999958934,0.08241124670721724,19.992198085920652,1.6535711629336483e-05,1.0011439497002903,9.989053985459657,6.744624540052112
9300.049999958825,0.08094518196867409,19.970560242922208,2.2752192009128135e-05,1.0016718756654395,9.989155759776443,6.7478293786556165
9310.049999958715,0.07965487359800225,19.972662485217313,1.8138363842584982e-05,1.0011860888019366,9.996810214033182,6.752829348791091
9320.049999958606,0.07880441111566323,20.086416086424265,2.2692452113346455e-05,1.0017203542426105,9.988409886824247,6.7635873532347155
9330.049999958499,0.08176598609005029,19.93717724540675,1.0360707265567743e-05,1.0004262638369195,9.99683436996943,6.746367205473143
9340.04999995839,0.07792306942888215,19.986543468415526,1.8661313630904514e-05,1.0013280079308085,9.989637421184307,6.768707660459172
9350.04999995828,0.07610712311394748,20.073498600865037,1.9897781871280142e-05,1.0014253637414121,9.988700333877714,6.7816551877771465
9360.049999958172,0.07572009059524328,20.207116175129965,2.75241000285046e-05,1.0024519196628234,10.00394243354523,6.7640567218813334
9370.049999958062,0.07526063759761296,20.117618771399755,2.2871532704987637e-05,1.0017729193383405,9.988738791554796,6.784626899895154
9380.049999957953,0.07484245772376792,19.981472297632816,1.4198720290161656e-05,1.0008239114843969,9.990829460205976,6.790366166810089
9390.049999957844,0.07237232306854037,19.96876650998651,1.9400777631706038e-05,1.0014062866901838,9.991095869666495,6.799312158187582
9400.049999957735,0.07301729507726323,20.14257905650591,1.769277210479436e-05,1.001199477378935,9.988844022451007,6.803787297576153
9410.049999957626,0.07282824505155344,20.11250648613769,3.263210841410505e-05,1.0029753875113288,9.994919415448315,6.782453713459019
9420.049999957517,0.07159217256734263,20.10987410493922,2.2383016982088332e-05,1.0016998766272251,9.989661999140722,6.806219632059732
9430.04999995741,0.07082254546832271,20.062613823522547,1.6673227637845532e-05,1.0011189296670608,9.989044776250463,6.815521399003113
9440.0499999573,0.07185383478667365,20.088752564955485,1.4630142059519481e-05,1.0007424313240096,10.001162450036407,6.802200418685253
9450.049999957191,0.0710694841696318,20.17681463909837,1.5607492778826115e-05,1.001037403115819,9.989322823520169,6.817412530261921
9460.049999957082,0.06865821462240981,20.00823521193393,2.7546482915243845e-05,1.0021410838375153,9.989345346046429,6.817659670332628
9470.049999956973,0.0678165355374162,20.0439174628129,2.1172896045612058e-05,1.0015329201199419,9.991187665723585,6.827500480015826
9480.049999956864,0.06991865918644144,20.116465342578962,2.000447027660088e-05,1.0014126922880255,9.988439215522549,6.820236888703458
9490.049999956755,0.07273227608205397,20.26111172415362,5.941124050346855e-06,0.9999788295858439,10.009679638555463,6.8003985088412975
9500.049999956645,0.06991749694083582,20.171476648594524,1.4780241516295367e-05,1.0010470549393555,9.99004339707167,6.823481991124762
9510.049999956536,0.06824719086052174,20.01692891403921,2.3088583514481464e-05,1.0016613734984956,9.988106741287401,6.825891572391073
9520.049999956427,0.06737980269577701,19.964322360091593,2.056934961029682e-05,1.0014013917070803,9.994499790938079,6.8262840304460015
9530.049999956318,0.07102113623420421,20.137571192644284,2.3901157098827715e-05,1.0016485722174926,9.988441760434927,6.811962569454741
9540.04999995621,0.06774270964829927,20.10006417532284,1.0682957147752597e-05,1.0006843948733202,9.995326031548915,6.833273187793017
9550.049999956102,0.06955671120376478,20.111967771037257,1.8427530147235944e-05,1.0013531235520514,9.990963238777464,6.8205105528163195
9560.049999955992,0.07073738958482931,20.0313763952863,1.79478450567853e-05,1.0012889457576235,9.988103681165102,6.8145725381467575
9570.049999955883,0.07613710635442858,20.117659392030316,2.6237843512339146e-05,1.0016742738552238,10.004986746818114,6.765396715687254
9580.049999955774,0.07285780932202801,20.128942074923213,2.3377887494347378e-05,1.0016204781093705,9.98918800638457,6.800254796953992
9590.049999955665,0.06991247038675785,19.981830219983248,1.704002255865055e-05,1.0011869600477286,9.98963679939082,6.817813429454707
9600.049999955556,0.07082063911449614,19.96897086063223,2.411201528644777e-05,1.001878355867307,9.99184914378888,6.803672797343744
9610.049999955447,0.07422873401067585,20.02710751630792,1.5572686209470505e-05,1.0010777580522574,9.988380677385656,6.795144268663485
9620.049999955338,0.07488023783664499,20.15182889470032,2.692206153368512e-05,1.0019996145931294,9.99835349067846,6.776850331034339
9630.049999955228,0.0748490762594146,20.09060422672543,1.9075213294006094e-05,1.001329873072476,9.990988231274628,6.78833479974477
9640.049999955121,0.07469580000368979,19.927670116600275,2.043680657106866e-05,1.0014849601963212,9.987978272759602,6.786535883144674
9650.049999955012,0.07666486867332714,19.849680214086877,2.0499586897690143e-05,1.0018315701078644,9.995962095480897,6.762409742338236
9660.049999954903,0.07730923916508443,20.01430040274338,1.6292109708829687e-05,1.001080989373352,9.98879695924401,6.776052336385115
9670.049999954794,0.07534454196301098,19.980293956045884,2.2849696520164523e-05,1.0017679418861025,9.990440144659683,6.779147355135212
9680.049999954685,0.07770859565058814,20.003309155042267,1.527329424267714e-05,1.000954365841557,9.994513869491854,6.769286396104695
9690.049999954575,0.07865152374709941,19.90091340532865,2.18634527092056e-05,1.001660817003619,9.987456314533963,6.761267326454696
9700.049999954466,0.081430875746119,20.037072522556137,9.518223017619526e-06,1.0003603843433604,10.00719393391178,6.7419766913306605
9710.049999954357,0.0791516879997968,20.008681113782444,1.7910668350107516e-05,1.001223391661373,9.989624733145066,6.762954511146292
9720.049999954248,0.07944816280880514,19.881929088874987,2.032016885130772e-05,1.0015033830521947,9.988290427095691,6.756747156789619
9730.049999954139,0.0826731125298948,19.826248425517395,1.4623772001092146e-05,1.0009072129163394,9.999415177716084,6.7316457112937895
9740.049999954032,0.08076847647565148,19.898204845146157,2.2515661363759816e-05,1.0017369470929902,9.987517592230102,6.7479879107897265
9750.049999953922,0.08061483016480989,20.027332941000328,1.1810802307129077e-05,1.0005558305251472,9.99742374011403,6.753660286102015
9760.049999953813,0.08028172198199507,20.01198320775034,2.002339252715187e-05,1.0014387054803564,9.991584621101323,6.752630283009883
9770.049999953704,0.08217231294818841,19.84823509491198,1.835675350223099e-05,1.001286631289119,9.987762192540334,6.742349583160984
9780.049999953595,0.0819097923350332,19.824274141348962,2.6661356241720914e-05,1.0024212975391702,9.997416352867171,6.7242857033907155
9790.049999953486,0.08088100218451806,19.926853861167594,2.258205415135721e-05,1.001698648316093,9.988245039054986,6.747714824692863
9800.049999953377,0.08224027283345918,19.933853534910256,1.583097173753033e-05,1.001037311668087,9.991061618668505,6.743288572952428
9810.049999953268,0.08349503475425063,19.967433296680184,2.2794147808650463e-05,1.0016099426853073,9.99604284001947,6.727086981371314
9820.049999953158,0.08237370682506596,19.856770044675446,1.6255394608097107e-05,1.0011266850036067,9.987714640492115,6.742866685606907
9830.04999995305,0.07921009805211603,20.024086900977373,3.1027148229468996e-05,1.002429476932307,9.995766002162611,6.746488021905617
9840.049999952942,0.07952630485328198,19.99138418027896,2.0783562892606713e-05,1.0014796089744045,9.990261700827029,6.757412254260493
9850.049999952833,0.08286156540585568,19.894426911752074,2.011522399452632e-05,1.0013995851795516,9.988528400127956,6.737741541113043
9860.049999952724,0.08641762718418752,19.80312621937059,2.099512981892008e-05,1.0012911111485967,10.000825522246817,6.704604901906646
9870.049999952615,0.08042638433265693,19.899387595057195,1.5380186716977598e-05,1.0011202643647368,9.987900407038218,6.75523710122719
9880.049999952505,0.08036637581736279,20.032699011703667,2.319543268916323e-05,1.0016570493975923,9.992039963647528,6.750263458448617
9890.049999952396,0.07880593831290109,20.071027292383608,1.4921923645346018e-05,1.0009959371476003,9.995269024147582,6.763418216280589
9900.049999952287,0.08137128773539275,19.90210123675804,2.3632267529192677e-05,1.0016211953120004,9.987441513013835,6.7456596891667
9910.049999952178,0.07693292145250716,19.92735187223089,1.4480176114379538e-05,1.0009250195792454,9.999372373615248,6.767810705049376
9920.049999952069,0.0775778299669809,19.97648362321132,1.872899191327206e-05,1.0013770930546007,9.988529209277814,6.7710800561059665
9930.04999995196,0.08009964609691277,20.018022580805667,1.68083008352114e-05,1.001205503238347,9.98969877842249,6.7576921799854075
9940.049999951852,0.08173458279950378,20.041346939240032,9.728132017887649e-06,1.0003842922276511,10.003989613052372,6.742992975023285
9950.049999951743,0.07835748738178522,19.94183717376677,2.264494980969535e-05,1.0015931305571548,9.987243982732492,6.764832343675893
9960.049999951634,0.07570274039671197,20.109478190419228,1.7768697172257563e-05,1.0012143765408508,9.995362743665902,6.780731040533899
9970.049999951525,0.07566788550958597,20.09455422066181,2.4319382806055662e-05,1.001873732058531,9.990720433593147,6.778873980843574
9980.049999951416,0.07810981299281329,20.025806664582053,1.5539327093352043e-05,1.0010507360591179,9.988498356505186,6.772145081268941
9990.049999951307,0.07890621442411043,19.904925252366983,1.8043493361574823e-05,1.0010465790260237,9.999822690796924,6.754073372111776
10000.049999951198,0.07550370772586194,20.00289798342974,1.968003061477493e-05,1.0013941469846306,9.987929166573164,6.7844700731763385
10010.049999951088,0.07641484489561719,20.15260828654888,2.0868707119164205e-05,1.0015223785119067,9.991264646381202,6.778570566551952
10020.04999995098,0.07616319853071311,20.21524148135951,2.9516278154880497e-05,1.002606491269214,9.996130609898703,6.767372574706657
10030.04999995087,0.07572531056085126,20.04014139654842,1.652727073918079e-05,1.0010850848670236,9.987831886152064,6.786977729223024
10040.049999950763,0.07415289515468897,20.08651005126382,2.3153804485576798e-05,1.0018451645761515,9.994060643904387,6.7848882142910965
10050.049999950654,0.07502784328388362,20.085719165527866,1.694069400044266e-05,1.001128030395098,9.990269571329781,6.78963925367621
10060.049999950545,0.07567354004643152,20.148402218896926,2.213283504737726e-05,1.0016842844087737,9.988875522584177,6.783620305822287
10070.049999950435,0.07563605174111301,20.10098719166349,2.4794181992513507e-05,1.0022042189004747,9.999905082367999,6.7678081748039345
10080.049999950326,0.0746487768435928,20.046584755689256,1.7876774419059454e-05,1.0012087334008857,9.987591533010722,6.792666111039239
10090.049999950217,0.07585170745792555,20.200139273267375,2.1287011009781294e-05,1.0016338247795642,9.991790101469059,6.781629267380759
10100.049999950108,0.07800680893274546,20.204185972600655,1.3380136726677068e-05,1.0007773270412295,9.99708316416928,6.7718021025898425
10110.049999949999,0.0754014270684006,20.121702566106546,2.2666834095497423e-05,1.0017260632180094,9.987701929532024,6.785275817104303
10120.04999994989,0.07637158837978088,20.000427313118294,1.2803115560014309e-05,1.0006595169802817,9.998731265304352,6.775948115968677
10130.04999994978,0.07663076622988886,20.04523200949674,1.9704561798700733e-05,1.0013874860671728,9.988103974320623,6.778724389812804
10140.049999949673,0.07753240484953,20.200759047584665,1.8454300762086927e-05,1.0013181859288105,9.989899542773477,6.776261933420536
10150.049999949564,0.07812179243090393,20.25220021786694,9.47642646763626e-06,1.0006436139672736,10.006459121255936,6.764958714661034
10160.049999949455,0.07719644059296824,20.073844422560356,2.2355935905201664e-05,1.0016398218460558,9.98736748552013,6.774482786532135
10170.049999949346,0.08047980660245187,20.113921954736394,1.415486075904591e-05,1.0009199677673264,9.994472618979485,6.756040678934004
10180.049999949237,0.08243034624793862,20.065362503200923,2.3301716085252865e-05,1.0016367481622528,9.99078274155417,6.740312335153484
10190.049999949128,0.07974146899323692,20.15238664351897,1.5518265898031504e-05,1.0011073139785678,9.988809661854082,6.764887498437485
10200.049999949018,0.07678054815464172,20.000404316817484,1.646858262011322e-05,1.001412800047761,9.996893300509404,6.7683929442605315
10210.04999994891,0.08163071160693139,20.009124096104195,1.9728528986905008e-05,1.0013931508133997,9.987887085822873,6.748449279156074
10220.0499999488,0.08421144483210177,20.144365788456373,2.0258545294333313e-05,1.0014076677870352,9.99098545169934,6.733768180062591
10230.049999948691,0.08851732286926273,20.161306439248413,3.0162697192918544e-05,1.0020258262454935,9.998836200750338,6.696558906884196
10240.049999948584,0.08358942070340428,20.077332961286984,1.547224960579115e-05,1.0011479179045568,9.9881955030546,6.740621253935815
10250.049999948475,0.08704428329257931,19.95606560887383,1.930416516353038e-05,1.0013870420339714,9.993490388884561,6.710537135664921
10260.049999948365,0.08841995985189352,19.945790027996058,1.4768240015177051e-05,1.0010188851760728,9.989849130595356,6.70897418546997
10270.049999948256,0.08789845903176265,20.105044798797444,2.4590125995073654e-05,1.0017031544832604,9.988993367937898,6.710590758697481
10280.049999948147,0.08584987349280722,20.12531664024685,3.2312464840535704e-05,1.002427945538738,10.001337124510792,6.705192881590015
10290.049999948038,0.0891353133698916,19.983345551252786,1.9725168719144323e-05,1.0014496806603426,9.987918587032553,6.703697489703275
10300.049999947929,0.09272492298949785,19.999597598063044,1.603392571031671e-05,1.0011107221726763,9.991519438318004,6.683299571836845
10310.04999994782,0.09577033791363532,19.942414923564524,1.0161562447652105e-05,1.000486032881652,9.995826287683293,6.666270460197413
10320.04999994771,0.09199097023633153,20.036402642208426,2.2999855485715905e-05,1.0016680251715868,9.988256179585417,6.686399714920162
10330.049999947601,0.09195632809701237,19.863215285282525,2.3904974376671873e-05,1.0018587809390405,9.99483070717231,6.6746473232616585
10340.049999947494,0.09541553310401663,19.879523977388445,2.3457196753989236e-05,1.0018151808588225,9.988244918745043,6.661792884971798
10350.049999947385,0.09594097396647977,19.996753710773202,1.5256960129100132e-05,1.0009801992672185,9.98993768235306,6.667597090529878
10360.049999947276,0.09860317274478338,20.062497947916583,7.665922500213729e-06,0.9997753441983198,10.009155830204326,6.64757045074448
10370.049999947167,0.09658643972664827,19.96240070046033,1.9978581982322534e-05,1.0014511640872696,9.988448221949623,6.660274868255099
10380.049999947058,0.09892737760550255,19.834454547785242,2.123252351372351e-05,1.0015800372125456,9.99169084186381,6.639910538645621
10390.049999946948,0.10064014895695289,19.795529729867805,2.639394114995706e-05,1.0022416241440206,9.989613258179526,6.625430700122345
10400.04999994684,0.09851557722059531,19.977192525098634,1.592429974824682e-05,1.0009936279010636,9.98909128811764,6.653275504831438
10410.04999994673,0.09908659249606332,19.948044663688535,1.6012301402103706e-05,1.0009347064115794,10.001571187292255,6.638594154295881
10420.049999946621,0.1012245002158456,19.89408802146865,1.7455399111866018e-05,1.001191165818099,9.989510873873803,6.633966766712507
10430.049999946512,0.10052843650125978,19.878282357148652,2.1659131642700837e-05,1.0016372822249986,9.989375675192866,6.6336278522712
10440.049999946405,0.1008896048973387,19.847829260931658,3.0224874339163432e-05,1.0028123813621894,9.993083485093516,6.617140833956756
10450.049999946295,0.10073956999072091,19.966364273961716,1.7093340523523418e-05,1.0011102085266284,9.988857157578611,6.639749283735688
10460.049999946186,0.10275392344879203,19.79710191752101,2.039260511929755e-05,1.0015946989167177,9.991652712991545,6.617609624704975
10470.049999946077,0.10471368132571626,19.832810559075046,1.4623011329739395e-05,1.0009074816670231,9.991793630043077,6.613588399320318
10480.04999994597,0.10059219057037116,19.929043228744344,2.2681052592067578e-05,1.0017116618299176,9.988271058696899,6.634856521805791
10490.04999994586,0.10104991417457505,20.04915001260904,2.514254787882846e-05,1.0019659765631808,10.00453311751631,6.618341666973398
10500.049999945752,0.10266882054320133,19.969638767252835,1.9219431935750483e-05,1.0013188823669192,9.989236667722048,6.6269073933618365
10510.049999945642,0.10201999550792759,19.835690641986865,1.9000113157445126e-05,1.0013943067926274,9.989107667039733,6.626688564698118
10520.049999945533,0.10357999788036888,19.808568474881014,9.656147783342867e-06,1.0005736318889218,9.995830723669457,6.618572660974768
10530.049999945424,0.10043972255089728,19.989908164218182,2.313663116302257e-05,1.001671025835397,9.988148357033074,6.637670751485903
10540.049999945315,0.10474243732340525,19.95658962688554,1.844134875259221e-05,1.0011633525882753,9.999314034376356,6.607403620740792
10550.049999945206,0.10414854152206363,19.97159800950355,2.3420172743891165e-05,1.0016000542604357,9.990440788162367,6.615189110537693
10560.049999945097,0.09961107868830908,19.925576500358414,1.572830323817865e-05,1.001149162532854,9.988299999084376,6.6452115190124355
10570.049999944988,0.09524337359580555,19.989689365573845,1.9589504695358847e-06,1.0003002932946632,10.002309136575795,6.666199723846443
10580.04999994488,0.10032967928004377,20.059357402159623,2.0309241753159387e-05,1.0014143152460628,9.988927568590212,6.641561769429256
10590.049999944771,0.10202190477982223,19.905658069254958,2.2209199317240806e-05,1.0015036638859018,9.990730988924042,6.625942837278878
10600.049999944662,0.10369693548734926,19.9400621098009,2.8556842882055543e-05,1.001889365982745,9.992517092413024,6.612482345689832
10610.049999944553,0.09775617838868413,20.025050198897443,1.4906482671235094e-05,1.0011222139895406,9.988126273757679,6.6584562721187055
10620.049999944444,0.09946965870648768,20.158428493232343,4.377398541048526e-06,1.0004009432591776,10.005079304389533,6.64317952121062
10630.049999944335,0.1003761817687845,20.122875061415566,1.4933033516045996e-05,1.001036666482848,9.990642810391009,6.64466080368224
10640.049999944225,0.09804554632749991,19.967666522984374,2.4766817662700853e-05,1.0017330492907217,9.987828658233857,6.650258370103507
10650.049999944116,0.09779468266362237,19.924820528588473,3.2728037244234825e-05,1.002451761845105,9.993666674755383,6.638947706290029
10660.049999944007,0.09721938761061191,20.12431146449701,1.8707319636129985e-05,1.001379265635101,9.98833827888941,6.6614531422848335
10670.049999943898,0.10044001093372676,20.087277738327465,1.1723890736279668e-05,1.0007348484278578,9.994784322214128,6.6423393039382
10680.04999994379,0.10014803072537075,20.146733308924887,1.2053554926236691e-05,1.0007251563567052,9.993396877724981,6.64678485583399
10690.049999943682,0.09591803640953009,20.060327926786492,2.331929921918682e-05,1.0017220442329324,9.98725579610343,6.66514094974622
10700.049999943572,0.09422771343765961,20.182202092113453,3.2613889817078385e-05,1.0030203226334506,9.998585409295474,6.655885118270483
10710.049999943463,0.09778738770617688,20.21127118198772,2.2422988545966256e-05,1.0017299950694973,9.989159599572668,6.656551918917044
10720.049999943354,0.09704592157332056,20.069929861136774,1.4688223537189416e-05,1.000898631584067,9.989553460481671,6.664249915634301
10730.049999943245,0.0980493700648617,20.080689227494748,9.349259402126842e-06,1.0002241964617435,9.99733329472519,6.65779185098399
10740.049999943136,0.09642097599791662,20.145644664383873,2.1078159792986247e-05,1.001571495286904,9.98773279308364,6.665325351672393
10750.049999943027,0.09801968178436617,20.269438230255798,2.566815164971546e-05,1.0021486917266078,9.998054224864132,6.644892778847516
10760.049999942918,0.09859795052263809,20.26006549563565,2.53616636801607e-05,1.0020868044684281,9.99085662863677,6.648501599317344
10770.049999942808,0.09639705038078614,20.092630465219067,1.5853559914940708e-05,1.0009813879442444,9.988040580448446,6.669117985088778
10780.049999942701,0.09795846558223517,20.076484993178443,8.49315179463577e-06,0.9997981671011572,10.004337094778025,6.655657779957873
10790.049999942592,0.0991023284310422,20.207990069032657,1.881327049170517e-05,1.0013493596169798,9.988989483015587,6.6526306490598905
10800.049999942483,0.0973562280711453,20.1696180475467,2.3002494996535213e-05,1.0017701710072076,9.990751111748002,6.656129403752935
10810.049999942374,0.0978181010586295,20.210751083829738,2.9503955557702892e-05,1.0025167285146022,9.992589684737164,6.6462573006733505
10820.049999942265,0.099094197165958,20.110839452957677,1.6663222705042954e-05,1.0010771325887056,9.98781761840202,6.653752794746719
10830.049999942155,0.10111750816791919,20.275903784194703,1.5783284241201293e-05,1.001049925281172,10.002116130613803,6.633800654327133
10840.049999942046,0.10247311590669121,20.23991349185197,1.5675614567369263e-05,1.001063081135763,9.991209623423202,6.6351358169300925
10850.049999941937,0.09917477472556749,20.09341980691764,2.3075531568710505e-05,1.0017094367694077,9.987822837964309,6.647246646677879
10860.049999941828,0.09880969082829522,20.01787614743222,3.570480896986581e-05,1.0028418859202137,9.992218328518918,6.633399300289631
10870.049999941719,0.10393735301832494,20.112165801192415,1.834795519901153e-05,1.0012496120969734,9.988198494683443,6.624945114478671
10880.049999941612,0.10132876210857446,20.218949352268258,1.6410576457262093e-05,1.0012072031655674,9.993387099390542,6.637720071534299
10890.049999941502,0.10412527361669126,20.22492225014073,1.0496153687559184e-05,1.0007270963981578,9.994621599095757,6.625480177218928
10900.049999941393,0.10421665258877168,20.03553317586384,2.321168367516672e-05,1.0016355508219372,9.98719245094172,6.61901474643804
10910.049999941284,0.10977530754066424,20.042793608394128,3.2999698636970494e-05,1.0021004295324445,10.001325782990381,6.571925180999908
10920.049999941175,0.10928338550525958,20.103677925053677,2.2421811662033253e-05,1.0015172952245144,9.98922679638641,6.592087038746948
10930.049999941066,0.10435745412083011,20.08847972416243,1.3719401129138605e-05,1.0010422431409254,9.989441816482683,6.622742225504772
10940.049999940957,0.10322660406373428,20.09488062441393,4.569661343246039e-06,1.0004368418095444,9.997744664933032,6.626989016463046
10950.049999940848,0.1104002294658301,19.983883076280826,2.0345119071579127e-05,1.0014062672368491,9.987595726713211,6.5855335572894775
10960.049999940738,0.11059971992723805,20.151430969896307,3.0083592554895047e-05,1.001954869420865,9.996911931771008,6.575320938365838
10970.04999994063,0.11306029553762821,20.098925850870764,2.636656955910858e-05,1.001756918391678,9.991488418535964,6.5673445994227775
10980.049999940522,0.11021941025619436,19.9775147529625,1.4942083534473218e-05,1.0011170300431522,9.988095866227438,6.5884538272379345
10990.049999940413,0.1113244479028207,19.873682692660815,1.1893454198579047e-06,0.9999628570027376,10.001953987753623,6.577627120487459
11000.049999940304,0.11592092359433416,19.942549502684315,1.6311838581204382e-05,1.0011115838114661,9.988622644946998,6.5564100612380125
11010.049999940195,0.1117671322123269,20.06228552160512,2.7719836685806985e-05,1.0020010373313053,9.99051303980886,6.572172853401462
11020.049999940085,0.11377035551252401,20.079409131305667,2.7532222656089434e-05,1.0019835225204414,9.99549525009034,6.557457480128912
11030.049999939976,0.1162531089735362,19.889211919681557,1.8762286811886775e-05,1.001372377300979,9.987596839316083,6.551983893060446
11040.049999939867,0.1194215482696717,19.94875439077491,6.185469773982688e-06,1.0000162932684675,10.00296470933214,6.534632505937752
11050.049999939758,0.11932385438813664,19.92854703255456,1.4518396992354757e-05,1.000891925359646,9.990335837099929,6.538310152342993
11060.049999939649,0.11598110860519759,19.94785830831503,2.3965261189065725e-05,1.0018474764129313,9.98827247634245,6.550089734649589
11070.04999993954,0.1154143234891656,19.904950110662647,3.101227116580559e-05,1.0028955331347669,9.996249926924065,6.535794120471681
11080.049999939432,0.12045490356126505,19.831066490694155,2.1289840858099904e-05,1.0016275107582506,9.98755181935083,6.526058311244047
11090.049999939323,0.11830208958227989,20.00023636733482,1.2187009727250198e-05,1.000573008251716,9.994667802298897,6.544368513696889
11100.049999939214,0.11964228108720545,19.965453699166403,1.2591455117283018e-05,1.000613945364932,9.99386458439658,6.536770527225967
11110.049999939105,0.12009544945720328,19.87028258138609,2.1343861404068046e-05,1.0016348301991498,9.987785254832168,6.5286268374948575
11120.049999938996,0.1207343797927517,19.740862730090313,3.006233133867942e-05,1.003077075935264,9.994295732969722,6.503815207298252
11130.049999938887,0.1216755862915848,19.81796716484293,2.3117479606458574e-05,1.0018508485279336,9.987956188537765,6.51699643620095
11140.049999938778,0.11931741511015292,19.969206950681798,1.462998403627059e-05,1.0008250814153685,9.990856117522075,6.539442262618005
11150.049999938668,0.11987327551718736,20.01341494973427,7.5129901900316436e-06,0.9998932152954355,10.002982318099331,6.534848640516031
11160.04999993856,0.12218265484589268,19.8371045218087,1.9313707941428115e-05,1.001411095855576,9.987972588028414,6.518599112396895
11170.04999993845,0.11864109891055762,19.900127000196893,2.5050786607992815e-05,1.00204257545991,9.994007745323993,6.52792139613204
11180.049999938343,0.1192850518840457,19.872986065325883,2.5868143121200055e-05,1.0021060384203315,9.989142887441789,6.527655824284487
11190.049999938234,0.12060226003309558,19.947836028617193,1.5930784087641594e-05,1.0009922125130633,9.98939960399938,6.53196898754417
11200.049999938125,0.1229977685738136,19.86460607184802,5.774394152814971e-06,0.9997476829825501,10.007372515864349,6.51217719673626
11210.049999938015,0.12130009964779682,19.845788908266773,1.688374183353215e-05,1.0011804834901223,9.988517830587853,6.524977698310296
11220.049999937906,0.11702763482178394,20.008302748132806,2.4395292393855584e-05,1.001793674338629,9.991052699409854,6.543931859912383
11230.049999937797,0.11509156021406479,20.019397591180837,3.2418917926383436e-05,1.0024865492625288,9.99287427728405,6.546862412670284
11240.049999937688,0.12024144512466205,19.953298421635054,1.799213838703013e-05,1.0012128772790165,9.988722629090548,6.532692770418783
11250.049999937579,0.11612305894091395,19.85381146841714,1.1915485969260461e-05,1.0008524212991845,9.994857725740816,6.549854040294442
11260.04999993747,0.1170908360891909,19.895377710763004,1.3513925937663563e-05,1.000976758967137,9.98942266456519,6.54947475679431
11270.04999993736,0.11657881770088704,20.06457540135069,2.4542090616135282e-05,1.0016880150365959,9.98955643865066,6.5499654811229675
11280.049999937253,0.11805277190055481,20.115240765320877,4.392548385043661e-05,1.0027649811380406,10.002165152162618,6.522680844868133
11290.049999937144,0.11779702082600871,19.975425651331086,2.2043362184442382e-05,1.001490833624198,9.988378439766532,6.544088198472002
11300.049999937035,0.11104812870236334,20.028458100109187,1.1379120756877394e-05,1.000904083244055,9.991787168844619,6.583729379944447
11310.049999936926,0.1105481398671646,20.004246169530994,1.1259095039535905e-05,1.0008892313211522,9.991507496846843,6.586237141973759
11320.049999936817,0.11510526057783958,20.108173376260815,2.0793621176849533e-05,1.0014169379165636,9.989090995777476,6.5617145538537285
11330.049999936708,0.11639468709716151,19.957044932597768,4.0441746722040126e-05,1.0025090480967873,9.996906533694228,6.534592183669075
11340.049999936598,0.11331703928923732,20.002002083069062,2.4314325273996334e-05,1.0016545035473243,9.988433757891945,6.567252380952402
11350.04999993649,0.1100760192198861,20.15276400219137,1.3168250928261063e-05,1.0009880293124098,9.99062799667023,6.5923679545337395
11360.04999993638,0.1073831600271894,20.203744609058003,1.0078267788319764e-05,1.0007376329833464,9.9996604915144,6.602374298126497
11370.049999936271,0.11233681227358532,20.140439252083787,1.6535331374926634e-05,1.0011230093204297,9.989080505163315,6.580012852270318
11380.049999936164,0.10712819181701216,20.019341044857633,3.0464707830299377e-05,1.0022566250946485,9.990000204767195,6.594584521219277
11390.049999936055,0.10780910618655229,20.037597442436812,2.3542257966233907e-05,1.0016813742696613,9.989400102878548,6.596913587143083
11400.049999935945,0.10944393447245936,20.224914917047332,1.769580716810178e-05,1.001281627571547,9.989692811706663,6.595852685097177
11410.049999935836,0.11100359314093411,20.236428557620627,6.1596276195125e-06,0.9998555358936408,10.010065589631855,6.581872216096371
11420.049999935727,0.10881252376207105,20.147783151258388,1.5418658617982652e-05,1.0009822215848663,9.989196933886832,6.600484215700509
11430.049999935618,0.10564258015410316,20.16337875759099,2.565566626274782e-05,1.0020380208215631,9.989346070755126,6.608792834151631
11440.049999935509,0.10489666482015818,20.14150344874272,2.520203706652915e-05,1.0020042949796808,9.993741049051506,6.608676205854769
11450.0499999354,0.10809563698461408,20.251547987232414,2.0811774635570828e-05,1.0015752254994836,9.98900755359889,6.601909276953091
11460.04999993529,0.10618835596918759,20.08231158599666,9.624313346259055e-06,1.0001497678716353,9.996733748686943,6.613780364585893
11470.049999935181,0.10550307074790857,20.118804032410743,1.5061642652675567e-05,1.000911951688163,9.989564157666145,6.61821069844382
11480.049999935072,0.10671483018107494,20.240820870134833,2.2868927295625304e-05,1.0018069753080023,9.989166394887569,6.607019714305128
11490.049999934965,0.10627754247119708,20.32810304714211,3.214692333170133e-05,1.0032747987145387,10.001296534181455,6.5877182640801335
11500.049999934856,0.1064217886169539,20.229026068447556,2.2861737265590294e-05,1.0017889848644617,9.988606491287614,6.609004241894598
11510.049999934747,0.10550269777192056,20.10875171643588,1.3402597400130217e-05,1.000695496868244,9.99134455031924,6.618261204841987
11520.049999934638,0.10525621830319827,20.077386161188688,1.2943613459479094e-05,1.0006797788669028,9.99195381119567,6.6184338011104495
11530.049999934528,0.10778885518376592,20.251435162872585,2.0382937860399607e-05,1.0015358912765089,9.98911614594459,6.603833406162967
11540.04999993442,0.10403652608964782,20.17693625447589,3.128113462832339e-05,1.0028846667630362,9.995476929615887,6.604966145658235
11550.04999993431,0.10525508505596556,20.152996439250064,2.4696738038768157e-05,1.001909225167019,9.988529924998153,6.612547476945234
11560.049999934201,0.10853966005617993,20.146379088211507,1.4785985434220816e-05,1.0009191981096799,9.990155595881793,6.601625584167166
11570.049999934092,0.11066546372179652,20.149522729721436,4.984067145165506e-06,0.9999309547953826,10.004026118528696,6.5863159195457355
11580.049999933983,0.10846488595173777,20.210941392180096,1.711150568133936e-05,1.0012369822176141,9.98926112853842,6.601637418108302
11590.049999933875,0.10668098432327433,20.01444891785737,2.689692977963457e-05,1.0019742888402048,9.990487377026522,6.598960362501257
11600.049999933766,0.1062463526270087,20.02925913545252,2.6318923449974218e-05,1.0019115175892381,9.989210188772235,6.603416113448857
11610.049999933657,0.1113870700466972,20.139179596500274,1.690373976353539e-05,1.0011500060679581,9.989439487163368,6.584562880380419
11620.049999933548,0.10788407563008963,20.231348880789028,1.837007092950925e-06,0.9998048394450606,10.008158504957363,6.600905114441548
11630.049999933439,0.108915892227234,20.132081745085465,1.3794676160325611e-05,1.0010328690405608,9.9895570659685,6.598759145470921
11640.04999993333,0.11234164876494387,19.984722549163358,2.5401545711716975e-05,1.0017118416148203,9.989286297508194,6.570822093672102
11650.04999993322,0.11250470549780403,19.929231097105937,2.760288489241303e-05,1.0018116517219753,9.993754657168102,6.563701318446873
11660.049999933111,0.11338389520191659,20.101089169036054,2.1643647774186998e-05,1.0014717985165031,9.988946111706099,6.570450529106435
11670.049999933002,0.10775195540963356,20.013527966820195,5.403431190766575e-06,1.0005291499799862,9.995104851911321,6.60163840522527
11680.049999932893,0.1100965068822704,20.019424417146077,1.538317505604113e-05,1.001142472242573,9.99000667703465,6.588190624247463
11690.049999932786,0.11615586017780054,19.970562832740157,2.1410938787959923e-05,1.001450032474847,9.988902788042383,6.552614655300822
11700.049999932677,0.11855771629732852,20.044053132650102,3.450214467477961e-05,1.002152446130578,10.004686693658252,6.521375226038476
11710.049999932568,0.11434570018724237,20.04951532966602,2.3900922367075264e-05,1.0016648747022943,9.988961016048917,6.562306012048172
11720.049999932458,0.11490591575753115,19.875721391323452,1.2835232965164244e-05,1.0009167459279142,9.990863436670237,6.559925238321271
11730.04999993235,0.1136359969101857,19.870641812558667,1.9402485493501044e-05,1.0014759141300726,9.991309382868936,6.561327561590646
11740.04999993224,0.11770223074175419,19.9537772666019,1.7526941556358194e-05,1.0011729670183491,9.988839802046213,6.546433112790062
11750.049999932131,0.11327934239622775,20.04587976167995,3.4349951691957966e-05,1.0027454369756506,9.99619408505115,6.551999328149577
11760.049999932022,0.11467676080687934,19.991759682043945,2.2503223031095096e-05,1.0016335185530152,9.989889924084451,6.558559219092393
11770.049999931913,0.11876954995546102,19.8346851578323,1.7170991610232724e-05,1.001202147397058,9.989171629168617,6.537331068813598
11780.049999931804,0.11878001407983674,19.792795945820536,1.6754906043975515e-05,1.0011712980500156,9.997992442115024,6.528659150018813
11790.049999931696,0.11736758689797111,19.94804582483316,1.604483347990881e-05,1.0010067543303085,9.989044998647431,6.549348203104367
11800.049999931587,0.11601482153192204,19.870615277687104,2.6948897874036453e-05,1.0022895709250441,9.990214870096695,6.542436583852661
11810.049999931478,0.11572104960208039,19.913958152631373,2.1395280644994654e-05,1.0015646752262461,9.992401305339811,6.549423564786069
11820.049999931369,0.11871990571551554,19.840574458145976,1.9640557196032124e-05,1.0014441697736969,9.988189799416816,6.536504883237728
11830.04999993126,0.11719463567701822,19.989341210849737,8.184197247059977e-06,0.9997234916791167,10.00883107586376,6.544810021884054
11840.04999993115,0.11566529874251968,19.96501048964679,1.5453320167652982e-05,1.0009387387746487,9.989770110909326,6.5588033164302475
11850.049999931041,0.11814465044336736,19.809295964604985,2.331051018337315e-05,1.0018929974400053,9.988452669644275,6.534656973001036
11860.049999930932,0.11733851584500533,19.79025739178587,2.365021237011119e-05,1.0019344390832339,9.995979004870398,6.531401714639895
11870.049999930823,0.11587764332874911,19.88347537750155,2.162350816555778e-05,1.001650740471327,9.987734668428407,6.551293192369637
11880.049999930714,0.11575566476583092,19.99506141935588,1.0119252813815112e-05,1.0002194154739663,9.998607814607837,6.557408130344345
11890.049999930607,0.1138462845165589,19.997288793706897,1.4764813824432447e-05,1.000911644383986,9.991788503877594,6.567776777318797
11900.049999930498,0.11608156905434919,19.833982425740647,2.1042392947504186e-05,1.0016049675633483,9.987732929776103,6.54941204077702
11910.049999930388,0.1112636149479159,19.835776464921754,3.1886028233196637e-05,1.0030875791993648,9.994680704095522,6.556163026605926
11920.04999993028,0.11145627215615846,19.960942927170787,2.3821075132898137e-05,1.0018009238923964,9.987976276140417,6.575433559669626
11930.04999993017,0.11502287802793823,19.935391295795206,1.3577643682904077e-05,1.0007837606993133,9.991893738846429,6.560976944975968
11940.049999930061,0.11347816690771059,19.99154947587557,1.3059073083601477e-05,1.0008133320107884,9.996658651518278,6.56610415270832
11950.049999929952,0.11112019662306113,19.902747900600474,1.8155136089155314e-05,1.0013270672975176,9.987567842948085,6.580374239909856
11960.049999929843,0.10757384015491436,20.09215663740313,3.290935163438067e-05,1.0025053645470756,9.997634102776765,6.584868130753328
11970.049999929734,0.10693127213737671,20.0629224667089,2.5109908545635623e-05,1.001788822454158,9.989573780257759,6.601236090587505
11980.049999929624,0.1108318957102006,19.941435503893835,1.6705643247122393e-05,1.0011365838768531,9.988983310976801,6.583272680112359
11990.049999929517,0.10908222745141373,19.896909395196296,6.5763566974674286e-06,1.0004415615374822,10.001558401809021,6.586520692698557
12000.049999929408,0.10483759257899736,19.99370987095688,1.4919095274672243e-05,1.0011162353289165,9.987828273051752,6.618575119883188
12010.049999929299,0.10783559164113814,20.11923068158177,2.782606559955747e-05,1.0018471548935481,9.993450191384017,6.593647727951072
12020.04999992919,0.10401214971739267,20.152141816853558,2.0596753921268453e-05,1.0014318321435018,9.994071529082747,6.618572769132666
12030.04999992908,0.10463027624865358,19.98492316906815,2.1136525244140965e-05,1.00146072247475,9.987533101173748,6.616725595573342
12040.049999928971,0.0964475737891026,20.039784308765512,1.5729741831853645e-06,1.0002986924454171,10.000370491891456,6.662391196528999
12050.049999928862,0.09915054392806336,20.09547932399121,1.582677441103764e-05,1.0011629193472031,9.988645007775743,6.651537731646166
12060.049999928753,0.10372341340978906,20.102230886970208,2.1554692120843694e-05,1.0014641523094747,9.989907208204377,6.6224299820171115
12070.049999928644,0.10263901157619502,20.118084671896206,1.4248566082284663e-05,1.0009062557640203,10.001561357821913,6.623224236986948
12080.049999928535,0.09822848308636419,20.041107412677484,2.3021819668533648e-05,1.0016407524699278,9.987024063403332,6.652595792658426
12090.049999928427,0.09762660259245304,20.2347084764842,9.665767160162461e-06,1.000663890345293,9.99822684918301,6.659261320548979
12100.049999928318,0.09572634122948005,20.202624877833408,1.984121717185689e-05,1.0014771226488843,9.990930059403697,6.668583436812496
12110.04999992821,0.0978446935462467,20.100823444346485,1.7832728037087066e-05,1.001204563438268,9.988276557172076,6.658963841824743
12120.0499999281,0.09512490046077075,19.995419561546267,2.3557808435719154e-05,1.0017637338080676,9.997534455608418,6.658308765438479
12130.049999927991,0.09341737064886002,20.098628791763566,2.2233786141734395e-05,1.001641850553872,9.987518457953316,6.680732498487853
12140.049999927882,0.09658150706797705,20.241507108817913,1.609980282312329e-05,1.0010997835963786,9.992720515426216,6.666450631751597
12150.049999927773,0.09425130468504683,20.272093158907836,2.2589636247894637e-05,1.0018594358954878,9.996068267938938,6.670578989132429
12160.049999927664,0.09292087085983182,20.09778668354565,1.6611387360986404e-05,1.0010729098255624,9.987643945684141,6.688503186631234
12170.049999927554,0.09146227107904402,20.177605081657944,2.9834534616887936e-05,1.0026667150528212,9.9941795635419,6.678614354002713
12180.049999927445,0.0916538600830161,20.157979307380153,2.1218894574185913e-05,1.0015612881937683,9.989633776176706,6.691041637236249
12190.049999927338,0.0928682387135168,20.189316527374206,1.9318001072546515e-05,1.0013980345417755,9.98930431066388,6.686659027796826
12200.049999927229,0.09115565445844423,20.126499737742833,1.8756084929176862e-05,1.0012576865283571,10.000790281177895,6.685653820019153
12210.04999992712,0.09050113251886455,20.0815561500568,1.6162465268873978e-05,1.0010289182034917,9.987673665356356,6.702292449247153
12220.04999992701,0.0926006638055013,20.254628778821758,2.5872220324733076e-05,1.0021799787903067,9.992334284827304,6.680067266625091
12230.049999926901,0.09223815961275188,20.224366921092198,2.0763683686754065e-05,1.0014923658880561,9.995048116703616,6.685032232272469
12240.049999926792,0.09020838035644024,20.117886017107324,2.1496004541538263e-05,1.001597951560548,9.987635326554448,6.699817734944494
12250.049999926683,0.09217530299057301,20.015657216147858,9.640793553132935e-06,1.000050857626673,10.001580290591045,6.6871496778154
12260.049999926574,0.09114372137403305,20.05749390857155,1.5942432226802812e-05,1.0010515299018594,9.988563052448503,6.696993920485461
12270.049999926465,0.09149794699388861,20.19375163600549,2.1908717437987983e-05,1.001690490669175,9.989723691108699,6.691589601472158
12280.049999926356,0.08963466304433586,20.21007870265109,2.2728422733750864e-05,1.0017194626131842,10.001477902135637,6.691694845490574
12290.049999926248,0.09008092032642992,20.035536721974943,2.3361887411280587e-05,1.0017006662287844,9.987060243293215,6.698105519146937
12300.04999992614,0.094568641471331,20.117896680921923,1.069379640158419e-05,1.000546185509287,9.996571268632604,6.676185391079619
12310.04999992603,0.09394638743579993,20.05252008175032,1.667706891289934e-05,1.001166802711217,9.991313629037604,6.677350775463938
12320.049999925921,0.09082502813424571,20.097609779654846,1.766524868482226e-05,1.001306974278386,9.988419773599546,6.697662441231622
12330.049999925812,0.08942655450452552,19.93414652422259,2.919155875213005e-05,1.0022207675892378,9.995894145807844,6.6866522178809955
12340.049999925703,0.09224311767476273,19.954619571783745,2.3237439348258977e-05,1.0016230606327514,9.987504557449917,6.684027293175782
12350.049999925594,0.09407784765796576,20.111892490266936,1.576439434734063e-05,1.0010732293184939,9.991866353524827,6.678407035809483
12360.049999925484,0.09498957227141261,20.101418371381964,2.0445655093977994e-05,1.0014656508775721,9.997769148427736,6.664119342835805
12370.049999925375,0.09161300266394555,19.999597302013296,1.4894561129281302e-05,1.0011132145529043,9.987939591765263,6.692893105427834
12380.049999925266,0.09774794297984025,19.891501881277126,2.8202190579158678e-05,1.0018826752422443,9.994754078428986,6.642456007417069
12390.049999925159,0.0953326375417868,19.899327066679756,1.8528232429774777e-05,1.0012988475966276,9.989492277890212,6.66620600319911
12400.04999992505,0.09361263278013184,20.04731026892759,2.1512964723088263e-05,1.00150087955927,9.98922605116975,6.678043763555292
12410.04999992494,0.0899849509382045,20.051356420030057,2.085555135826647e-05,1.0017172826581084,10.00162046563941,6.6856457380714245
12420.049999924831,0.09353930274861208,19.910324608756248,1.6955569519319447e-05,1.0012191735788816,9.987858537743389,6.678840614508945
12430.049999924722,0.09774230536734585,19.961660371933625,2.2229491162574503e-05,1.001519115829272,9.99199050017748,6.649928592789276
12440.049999924613,0.09721808243414228,19.916681675670908,1.2822596796143205e-05,1.000788948541377,9.994913906357743,6.655609757358186
12450.049999924504,0.09364969586670396,19.977047508215787,2.315999958538974e-05,1.0016971081941757,9.988089058578565,6.6753846938057535
12460.049999924395,0.09548170598285292,19.801118268164693,1.4106777440084911e-05,1.0010311872286042,9.998442872914174,6.6572416288160765
12470.049999924286,0.09527596970221644,19.838324466963208,2.016039168779407e-05,1.001490190898481,9.988234747478348,6.664474108420164
12480.049999924177,0.09545944737569577,19.975000875703845,1.843283704861375e-05,1.0012462443430483,9.989943726765107,6.667406383531504
12490.04999992407,0.09544141112471359,20.03374601843211,1.0076754468597658e-05,1.0003549593102004,10.006368827750938,6.6620196815281565
12500.04999992396,0.09372552048809855,19.921504002767435,2.218850743235061e-05,1.0016733813253522,9.987966913379775,6.673908467747785
12510.049999923851,0.09753421062168606,19.816554320002517,1.5270742260305982e-05,1.0009779120146665,9.993914483059323,6.6506170037410435
12520.049999923742,0.09495852027256999,19.806940249123237,2.238180284891805e-05,1.0017970970630252,9.989504124322234,6.6616170305054005
12530.049999923633,0.09327673599319547,19.97463716865695,1.6726163098861672e-05,1.0010754250068097,9.989082517175802,6.682083129539304
12540.049999923524,0.09399619672079161,19.923772103008716,2.0140000675095532e-05,1.0017741065938983,10.000496836751429,6.660178435668418
12550.049999923414,0.09316653158651642,19.88490670235727,2.0785599854523822e-05,1.0015350745543206,9.988651562541577,6.676792244401685
12560.049999923305,0.09330504760552427,19.906803171904883,1.7947520889284996e-05,1.0012454670525313,9.990516504103539,6.677425258760655
12570.049999923196,0.09055870532262496,19.89799759908872,2.3649783260132812e-05,1.0019999208587147,9.993694807633014,6.683246875576372
12580.049999923087,0.0909497962777464,19.985007970570223,1.591697357779762e-05,1.00101031430679,9.988924215887641,6.696342575285127
12590.04999992298,0.09271618870437426,19.79769752661789,2.545907041646586e-05,1.0022306139297956,9.991101713405651,6.668794888133742
12600.04999992287,0.09083009854305084,19.86412202506708,1.9145749758919565e-05,1.0013393886058188,9.990239120617103,6.689902533647206
12610.049999922761,0.08849333507440081,19.985587624422244,2.0720051662093824e-05,1.0015090887283677,9.98890069882046,6.706013939550443
12620.049999922652,0.08886021667685677,20.10496800976098,1.8844427236535745e-05,1.001081155519181,10.007342271848024,6.693934842943452
12630.049999922543,0.08806072031824891,20.004110266469354,1.6044934057908094e-05,1.001077039813309,9.989211093758826,6.712554063842566
12640.049999922434,0.08690093133579026,19.889239743895853,2.2826185394569337e-05,1.0017732855877923,9.989090215109263,6.7102744982054
12650.049999922325,0.08459449101789142,19.881544729737094,1.6964649832619212e-05,1.001128893435125,9.99328158969093,6.725401781170741
12660.049999922216,0.0842032173714421,20.05578264128938,2.359675414894075e-05,1.0016879000583594,9.988390441079003,6.731465049725499
12670.049999922107,0.08835800823873145,19.99607417326553,1.326804369767307e-05,1.0006036695553822,10.001179546460389,6.703970272495454
12680.049999921997,0.08435445443406762,20.012704598066556,1.8831648916793943e-05,1.0013262244962349,9.989862818513378,6.7314077048355845
12690.04999992189,0.08077884952114743,20.00382111896006,1.82809713700357e-05,1.0013521197194912,9.988545878275438,6.753080777910301
12700.04999992178,0.07606382861599424,20.06438166632711,1.6201264130661525e-05,1.0010516188134666,10.000789692285734,6.773946826360568
12710.049999921672,0.08037034961660348,20.112474646675693,2.3497324167745678e-05,1.0016279505380739,9.988753200827045,6.755527562382088
12720.049999921563,0.08034724070016452,19.946704856625274,1.683370987235039e-05,1.0011275430531874,9.991343309092157,6.753645748847829
12730.049999921453,0.07920196504078378,19.985248062355808,2.5353551908127936e-05,1.0017546234121184,9.99079578289285,6.756199376089234
12740.049999921344,0.07615192698279585,20.09421551766639,1.490170908519943e-05,1.0010973333561255,9.988554950913072,6.78501807646842
12750.049999921235,0.07985081300508079,20.21931860642909,1.9920202063230056e-05,1.0012274520200513,10.005771707390192,6.749291307226464
12760.049999921126,0.07678115668689484,20.14080164286008,1.827265597904399e-05,1.001287232331464,9.989968456873891,6.779421942411976
12770.049999921017,0.07401012285903584,20.008408797488073,2.119128764454967e-05,1.001505204105248,9.988452919096087,6.7920356815443235
12780.049999920908,0.07193030587814504,19.969380379529465,3.11174137999796e-05,1.0023702988946004,9.992096391938869,6.792317468487808
12790.0499999208,0.07338377994489505,20.156413779316846,1.6271148050350897e-05,1.0011426877761598,9.988773594674148,6.802520669798304
12800.049999920691,0.07587512402018261,20.07817413344109,2.0061873322012624e-05,1.0013657342736573,9.993702702330733,6.779075712132144
12810.049999920582,0.07352071219284469,20.11782081830816,1.365105984096202e-05,1.0008749731678832,9.992051385322101,6.800114378308869
12820.049999920473,0.07105403611343641,20.074835646247447,2.2768481883101465e-05,1.0016973156685636,9.987727093995462,6.810394768567461
12830.049999920364,0.07042605351474236,20.187475459373836,2.6044697883180664e-05,1.0023669185159951,10.001604603249268,6.798150454163612
12840.049999920255,0.07197026902156313,20.18670031507246,1.9273201221130382e-05,1.001386107547561,9.98926119616362,6.809117723907934
12850.049999920146,0.07084803803432613,20.02706930787491,1.8577463516916342e-05,1.0012790530165852,9.988994246947449,6.813058871766777
12860.049999920036,0.07122670253692544,20.022937620062415,1.0470071718795417e-05,1.0004133606073795,9.995646554380762,6.8123905907163
12870.049999919927,0.07078926787153451,20.11657575650066,2.2582313230481457e-05,1.0017266778598497,9.987854995520896,6.812663616263392
12880.049999919818,0.07289990302046649,20.224735137786126,1.770768466885521e-05,1.001263217850764,10.001524352007118,6.794288334871433
12890.049999919709,0.07115396542044898,20.17276742209515,2.2011530514099396e-05,1.0016933278662117,9.990226050854687,6.809991176919069
12900.049999919602,0.07064319957369153,20.026139017062746,1.7326395331461807e-05,1.0011557485689058,9.98807291308563,6.816250423641192
12910.049999919493,0.0733987003563992,20.009599297947815,9.994579505873021e-06,1.000358353327392,10.003379804403293,6.792396252825409
12920.049999919383,0.07211049223338004,20.130246385419195,2.1640402903576648e-05,1.0016253940139013,9.988599984766696,6.80527906741739
12930.049999919274,0.07126295891466464,20.06401789838555,1.828833890087542e-05,1.001256100494253,9.991912482725182,6.80899267250497
12940.049999919165,0.07092195830554349,20.0819033219118,2.5139957379803867e-05,1.0020224328829515,9.99164978762653,6.80477949185351
12950.049999919056,0.07312317805325436,20.021182121688074,1.6180719919199515e-05,1.001068843057644,9.988066312451606,6.801992077596074
12960.049999918947,0.07362843408509517,20.188909631300717,2.0085362920585153e-05,1.001809454079935,10.001646758639724,6.783963056066323
12970.049999918838,0.07362758977983504,20.119055119309294,1.9533496138301996e-05,1.0013915212803786,9.990102597179654,6.796619311203055
12980.049999918729,0.07342648779045109,19.967849744044173,2.0807813762734873e-05,1.0014742782780905,9.988482568344645,6.794764495059919
12990.04999991862,0.07552588397295205,19.893998012406904,2.8374452369794682e-05,1.0021805571399138,9.994002600486613,6.768914707593275
13000.049999918512,0.0761134210799187,20.00724893366244,1.5775647890291442e-05,1.0010944834332445,9.98835280730818,6.783271256253681
13010.049999918403,0.0730138813549858,20.08536934568384,2.0518570465377457e-05,1.001635789446123,9.993208086113869,6.794360201916216
13020.049999918294,0.07426577268488145,20.078011517887045,1.4710999618307947e-05,1.0010063513492133,9.992787044866908,6.792775229279593
13030.049999918185,0.07731601476346642,19.914671304277476,2.3517846751275266e-05,1.001632948679959,9.987494511531768,6.769729635088432
13040.049999918076,0.08232324278082791,19.92847303927904,2.4614506482220064e-05,1.0015528628528887,10.002972321679945,6.727183181255987
13050.049999917966,0.07835207992485568,19.99771769149735,1.8649657789227246e-05,1.0013333321464106,9.9889155822112,6.767066032095385
13060.049999917857,0.0762904250033138,19.951780824820617,1.6068278182307213e-05,1.0012062251048695,9.989586408023657,6.778675905869956
13070.049999917748,0.07573205645921609,19.96324270739568,7.266651677860345e-06,1.000493916659518,9.9971530402893,6.781772383971944
13080.049999917639,0.0803941419212508,19.88926796131155,2.3051471453516973e-05,1.0015873057456555,9.987494397558226,6.751335949316878
13090.04999991753,0.07778863802179319,20.062311894534417,2.2088054256475797e-05,1.0014766386385823,9.998534390971336,6.761886171611125
13100.049999917423,0.07919765700878309,20.007588558706946,2.5085536430320822e-05,1.0017688292137064,9.990249810156921,6.757156538004637
13110.049999917313,0.07995079777073467,19.879236405280455,1.477304205802963e-05,1.0010551912791097,9.988360213227246,6.7576997547536255
13120.049999917204,0.08371372755333,19.785209995732295,5.624083166174906e-06,1.0000313316833207,10.003344784967533,6.72887534506109
13130.049999917095,0.08157602622451979,19.893971377096182,1.9049817145461905e-05,1.00133225333967,9.988198616506708,6.746164023733855
13140.049999916986,0.07844969391378867,19.992734348825394,2.3437582274397358e-05,1.0017205707612304,9.991647931742387,6.760350851076047
13150.049999916877,0.07919640391360956,20.018833672756855,3.076632361958957e-05,1.0023484269283625,9.993282792928358,6.749437920702301
13160.049999916768,0.0817865502246414,19.85145870106506,1.6625571616823083e-05,1.0011358841933056,9.987798985529796,6.7460133500796005
13170.049999916659,0.08376893904716241,19.924747075780576,1.4626353747771217e-05,1.0007205931511143,10.001672625424174,6.727301391333854
13180.04999991655,0.08093857197240753,19.936194938489297,1.5700341336365008e-05,1.0010219080842668,9.989781953638838,6.752296128620039
13190.04999991644,0.08035849460795728,19.92507028758748,2.3281772396876936e-05,1.001795666910469,9.988717834793986,6.749431363228525
13200.049999916333,0.0806806129588551,19.901401353304465,3.5751698651376115e-05,1.0032488006829643,9.995158764691348,6.728007840077918
13210.049999916224,0.0811349018241239,19.8609943168041,1.8747586823315e-05,1.0013180368766512,9.987550250558618,6.748658738162182
13220.049999916115,0.07966403102035416,20.03258014235567,1.7456325646683498e-05,1.0011560950764564,9.994358952939411,6.756782939727107
13230.049999916006,0.07968099571698134,20.021092721818068,1.2720760427631874e-05,1.0006542528548084,9.993592712892301,6.761629696754414
13240.049999915896,0.08022744258591522,19.904185611661983,2.260113553503313e-05,1.0017545610885692,9.987583121890879,6.751097309772651
13250.049999915787,0.08060999867956357,19.786686705709975,2.7325669262023805e-05,1.002447566253332,9.996360758629818,6.73169361625406
13260.049999915678,0.07839955775818323,19.908450253385137,2.071106595051754e-05,1.001534057316958,9.987741138672291,6.763826142204464
13270.049999915569,0.0789433086087681,20.032537732070686,1.6731683701634532e-05,1.0011048671046547,9.990769895798335,6.764797441433325
13280.04999991546,0.08065117956014094,20.091684518157674,7.581102274681704e-06,1.0000673975180467,10.002816586912605,6.754529940500239
13290.04999991535,0.07797792135522362,19.91991821395236,2.164723919350572e-05,1.001630281030112,9.987261196298427,6.766179281218526
13300.049999915243,0.07705171990640709,20.007251740609696,1.920546067953924e-05,1.0013446021724586,9.99713737826096,6.76734737090446
13310.049999915134,0.07515988753517007,20.001378866974882,2.3451027984924287e-05,1.0017881524681915,9.989072719953464,6.781855019679347
13320.049999915025,0.07735550728148669,20.03406870662688,1.560574767147283e-05,1.001036823731844,9.98912813114548,6.776367643875592
13330.049999914916,0.07800943800450552,19.944823061666618,4.895101965703744e-06,1.0001262738056553,10.004778615711507,6.7641516173938125
13340.049999914807,0.0744644739251503,19.958740134854203,1.9715567201645274e-05,1.001416524402153,9.98752349569108,6.789736986216488
13350.049999914698,0.07558543454020177,20.12631406604623,2.1648954596072087e-05,1.0015090874666106,9.992621069544334,6.781711749622088
13360.049999914589,0.07486571429779265,20.146766401291522,2.8762886325988707e-05,1.0021162121739635,9.993974916343573,6.779776588514136
13370.04999991448,0.07464427375448568,20.04432330628321,1.5674820138677605e-05,1.0011072239685752,9.988212093099097,6.792981802903699
13380.04999991437,0.07027835158883478,19.959585500625142,1.3130801602549502e-05,1.001106144430278,9.995214109533968,6.810621874671415
13390.049999914261,0.07126621074027495,20.01410159888417,1.578682796988116e-05,1.0011181093319077,9.988619369553154,6.812022009210655
13400.049999914154,0.07465013625446251,20.155589240655317,2.506192767570916e-05,1.0017095373645646,9.989769154878646,6.788850929428078
13410.049999914045,0.07813193291179958,20.2096874741288,3.618780460334442e-05,1.0024895725317289,10.002783408534478,6.7505488469614745
13420.049999913936,0.07224909165089367,20.047506495127063,1.9158932230028065e-05,1.001372490789536,9.987605072410227,6.805574785285737
13430.049999913826,0.07168664203556176,20.13101309980034,1.3289054621403526e-05,1.0010072136864532,9.993446363043521,6.808976452566461
13440.049999913717,0.07109966804464396,20.098847843517692,1.0731817329485104e-05,1.0007654369266956,9.991962549953746,6.815275698213388
13450.049999913608,0.07367655335053686,20.148507167968045,2.3389211421334696e-05,1.0016262204786586,9.988471526821048,6.79645385325471
13460.049999913499,0.07139559703262277,19.988285815267773,3.2417624192619926e-05,1.0024599457127432,9.995242914323715,6.792298706369301
13470.04999991339,0.0717123341516617,20.034827593786424,2.351652299554231e-05,1.001698317039471,9.987444721611354,6.805670990835445
13480.04999991328,0.07408217979004181,20.19233753021404,1.3415706026443958e-05,1.0009078468854353,9.991354504372314,6.798984887073628
13490.049999913172,0.07588976814632123,20.23369941790674,4.913697541120457e-06,1.000121187681351,10.00238316306639,6.786199049093543
13500.049999913064,0.07389984610607891,20.115610496874336,1.9233970239678114e-05,1.0013599735419578,9.988102588697434,6.797042746438806
13510.049999912955,0.0721847770885389,20.02366521826668,2.5606873515674834e-05,1.0020174315112857,9.992318943086326,6.7951431071008725
13520.049999912846,0.074352615067053,20.02076078736995,2.5931814907560468e-05,1.0019981063896812,9.988461378570069,6.785822832638434
13530.049999912737,0.07626842833242198,20.18188812050543,1.5742488282372878e-05,1.0010206224314622,9.989731882859017,6.786146398178776
13540.049999912628,0.07874220246356513,20.180956453696943,3.973077087523631e-06,0.999474559608479,10.010512378076298,6.7663682516907535
13550.049999912519,0.07652271226502912,20.05737588637543,1.665565971369379e-05,1.0011096160428576,9.988334759617366,6.7819757863031285
13560.04999991241,0.07777449570646874,20.10996992966502,2.3887271400039358e-05,1.0018938872716365,9.990809760160776,6.766489249455779
13570.0499999123,0.07976618784192589,20.06806896720733,3.013498587134058e-05,1.0025875618954785,9.992538379530833,6.745842841126833
13580.049999912191,0.0791174987645807,20.13022850478551,1.804654468554507e-05,1.001225581709179,9.988704793946354,6.7670395099118075
13590.049999912082,0.07961648065680159,19.95755697523675,1.380375826832134e-05,1.0007018283220757,9.99552774159812,6.758221151936316
13600.049999911975,0.08188527988797142,19.97955602032847,1.4909305654010585e-05,1.0008989508939543,9.989421015517708,6.7492610837530345
13610.049999911866,0.08203377225094151,20.11504044129676,2.3422634091816818e-05,1.0018396174182433,9.989263183302583,6.743449804296037
13620.049999911756,0.08201097727253782,20.19059749218556,3.8552352906316745e-05,1.0036095656256376,9.998989986540892,6.720696206269133
13630.049999911647,0.08324255887499911,20.050258115075742,2.0235124289962865e-05,1.0014517544854507,9.988213436358636,6.7392162130622495
13640.049999911538,0.0856646906207432,19.963409755659345,1.6513048039876533e-05,1.0011108479902735,9.99144186399338,6.723054937385242
13650.049999911429,0.08911650626332397,19.917344694868756,1.1972262368044769e-05,1.0006157640838524,9.992944755696277,6.7050448279600765
13660.04999991132,0.08590224519672825,20.07218054773667,2.270028686363131e-05,1.0017081554181084,9.988467622898042,6.721750198848998
13670.04999991121,0.08647417094709633,20.001422587294655,3.138269568634827e-05,1.0023807674643843,9.998662932936623,6.701360610055925
13680.049999911102,0.08882227893424435,19.950592272482126,2.2961102371134457e-05,1.0016644508838337,9.988379978549581,6.702340485792604
13690.049999910992,0.08985329324927839,19.980140694029497,1.5098335948226669e-05,1.0010450344585875,9.989951729371263,6.7012548207621725
13700.049999910885,0.09243079194223171,19.982432004353416,4.140341194920694e-06,1.0000788225083037,10.002624795741664,6.683681681629196
13710.049999910776,0.0898000840437394,20.012102342376622,2.019025665609014e-05,1.001444847062945,9.988418034746624,6.700178312629291
13720.049999910667,0.09410835529946625,19.837837444935474,2.541114450202447e-05,1.0016897220923082,9.992752010691087,6.665190053295448
13730.049999910558,0.09546073277941755,19.84360901865469,2.627918259722524e-05,1.0018120678429663,9.989794271521466,6.65927780142835
13740.049999910449,0.09256816407596374,19.972886242724677,1.4452512188988884e-05,1.0010721626230028,9.988992473904615,6.686185110517814
13750.04999991034,0.08769379792601589,20.064461324964398,3.500243613986763e-06,0.9998808185846241,10.00681120251914,6.710863638236783
13760.04999991023,0.0937302872469294,19.952367090878464,1.5391956828322512e-05,1.0011196956561619,9.989044299016806,6.678595564464684
13770.049999910121,0.09718454345300259,19.842809165544363,2.644036703559628e-05,1.0017566731310816,9.989566160284268,6.6502464577931075
13780.049999910012,0.10072941121920496,19.788228922385787,2.9482773622401508e-05,1.0019414712816384,9.994062223618615,6.623397141094194
13790.049999909903,0.09479528627453716,19.967566572989213,1.8680091530691603e-05,1.0013619699789873,9.988436991184637,6.671324537775846
13800.049999909796,0.0963156849676558,19.879992451435328,5.62365831608655e-06,1.0003955901751038,9.997792911285206,6.660690379453894
13810.049999909686,0.09778423238333388,19.895474141554917,1.3026194161716712e-05,1.0009539163792256,9.990387826221449,6.654548925337528
13820.049999909577,0.09761132483774794,19.886289034535224,2.404501181777726e-05,1.0016841550693494,9.988322166130926,6.6506850998269424
13830.049999909468,0.09744598539507725,19.956789737391173,3.516871410985717e-05,1.0026935499608514,10.000244450326251,6.633625308023414
13840.049999909359,0.09664534759658984,19.97706558168218,2.323618720561195e-05,1.0017140933746815,9.98847104569739,6.657944680914233
13850.04999990925,0.10003289157996957,19.821107906922844,1.24604970701211e-05,1.0007424783176304,9.991725302818832,6.64080307363302
13860.04999990914,0.1009043102504989,19.831334602926546,1.2778284868412371e-05,1.0008653341515925,9.992956785833476,6.633987233395654
13870.049999909032,0.09721268323919978,19.944699006844186,2.021144119796437e-05,1.0014523799552362,9.98816061747486,6.656565020547335
13880.049999908922,0.09541229022968274,20.037835837840724,3.2503193552154735e-05,1.0029944779041133,9.99760408010355,6.646750867200987
13890.049999908813,0.09815835619631963,19.993540480859455,2.4792698936523823e-05,1.0019398358500238,9.989458812334922,6.64694219039058
13900.049999908706,0.09858898959818449,19.870442498059962,1.5460694327791335e-05,1.0009447559241287,9.989162307464497,6.6506159660834925
13910.049999908597,0.09996263033364125,19.84227011854772,7.72942145192638e-06,1.0000692588343787,10.000056311783851,6.640159461006623
13920.049999908488,0.0968729632298111,20.017147791020445,1.757366485329943e-05,1.001201797270791,9.988734250382636,6.6619680531404715
13930.049999908379,0.0982401766038725,19.928274853294162,2.603858785831578e-05,1.0022436005818878,9.99174082826487,6.64012002978879
13940.04999990827,0.09882666856868079,19.98389707630275,2.57821898187932e-05,1.002126813759616,9.991526598260021,6.639426796790479
13950.04999990816,0.09614134623345567,19.956563535410396,1.7263788160875178e-05,1.0011235081774246,9.98816258745956,6.665818743019152
13960.049999908051,0.09749271665403869,20.103901054627453,5.234279287241433e-06,0.9994967960561433,10.009866018905518,6.65665986576238
13970.049999907942,0.09696328129236277,20.09617365178079,1.5551350647064716e-05,1.0009796210999513,9.990110522424985,6.664135678005248
13980.049999907833,0.09591302931920961,19.934367021888196,2.381470272779316e-05,1.0019048942438515,9.988323090846125,6.6594609989038
13990.049999907724,0.0955002932423101,19.912993185549304,2.9963077956013834e-05,1.0026008660106505,9.992434617954011,6.651352092280519
14000.049999907616,0.09443029146055344,20.055583857548683,1.913153997107248e-05,1.0013272884835294,9.987997355494956,6.67628040456841
14010.049999907507,0.0970063859333428,20.13864852753197,1.1451867283243871e-05,1.000582720178795,9.998440635114916,6.660898709271244
14020.049999907398,0.09724971500556474,20.157176518551324,1.3367313982724527e-05,1.0007925662514812,9.992668751846193,6.663367033529154
14030.049999907289,0.0930798998150234,20.004199565213547,2.299125760597946e-05,1.0017253646263429,9.987205699604832,6.679849288622077
14040.04999990718,0.09139999385780948,20.000192114908902,3.9915871736972504e-05,1.0031976371717277,9.994053886128329,6.669969568864754
14050.04999990707,0.0943756991853637,20.154134310744315,2.2049088836023554e-05,1.0015571273868407,9.988612449844124,6.676427353598018
14060.049999906962,0.09396253378276531,20.087170147991127,1.3033796359269382e-05,1.0009053774795962,9.990879728968364,6.680847125990017
14070.049999906852,0.09562156517529445,20.141093246089625,1.0954018579501116e-05,1.0006637603252437,9.996199507960101,6.670088105663697
14080.049999906743,0.09217122076669312,20.08410713566524,2.085841349718476e-05,1.001485052114156,9.987280343338108,6.689085642510778
14090.049999906634,0.09707317055791054,20.26124922235446,3.82586957783291e-05,1.0024471462935085,10.00127051911888,6.644456488234714
14100.049999906527,0.09600653762616533,20.23602604625301,2.5251232483513607e-05,1.0017079337830592,9.990455718120888,6.666212773734848
14110.049999906418,0.09194243312972297,20.08329469675098,1.4162798889152783e-05,1.0010645554870095,9.988194909947184,6.693291645721072
14120.049999906309,0.08925628463038883,20.022553152944553,7.0432454218835884e-06,1.0004996943279714,9.997253881435208,6.703951256143391
14130.0499999062,0.09378282056072489,20.150527242438415,1.653181423058311e-05,1.0011798614071197,9.988105627304202,6.683534752068126
14140.04999990609,0.09623587685922025,20.231213764040508,3.112823834936617e-05,1.0020455819296064,9.993113762518298,6.65937151532325
14150.049999905981,0.09775223037810327,20.264604670801404,2.471459363721781e-05,1.001622096689291,9.994239691337281,6.654406014218612
14160.049999905872,0.09331611301856815,20.088473225129324,1.8453729370651825e-05,1.0013494648901342,9.987231995986932,6.683928449241085
14170.049999905763,0.09428797430907314,20.148855232071497,2.7332042731674263e-06,0.9999684112552325,10.004671939026807,6.6763544874734775
14180.049999905654,0.09760888987851331,20.19594649136596,1.4451286643948885e-05,1.0010068539059669,9.98960288947777,6.663202225863689
14190.049999905545,0.0956633047639105,20.14249939245909,2.44856410290025e-05,1.0017702479262347,9.988596953542201,6.666964181679858
14200.049999905437,0.0971451989528249,20.14679952360904,2.4239661112299897e-05,1.0016466321240325,9.997879530159729,6.651374984171161
14210.049999905328,0.09756873381671731,20.084224079168553,2.187578790039507e-05,1.0016337402762738,9.987119247602518,6.657343777534754
14220.049999905219,0.10093035397442494,20.259722764523662,8.930237315416483e-06,1.0002730767202253,10.000259283869863,6.6430043836767325
14230.04999990511,0.10190114543973058,20.221248152931903,1.4739354553675933e-05,1.0010024125288772,9.992203037037303,6.6374842840323485
14240.049999905,0.09893662246272307,20.069965703431723,2.0571812743852328e-05,1.001513801744087,9.987370906792151,6.65015005086461
14250.049999904892,0.09875224511762766,19.956382971287063,3.0344998870028614e-05,1.0028883354690865,9.993555660759103,6.630596677564595
14260.049999904782,0.10326093459291912,20.073152641691166,2.333772869108393e-05,1.0018270001850154,9.987809641884068,6.6229703130360775
14270.049999904673,0.10249613690826652,20.16779762553755,1.4074562692355077e-05,1.0007413898627806,9.99235886828071,6.635024118392959
14280.049999904564,0.10432525607714992,20.196297579159914,1.3552402641211418e-05,1.0008694523122503,9.996729003759356,6.620498249498939
14290.049999904455,0.10482647729367667,20.00446064118434,1.8452516578477736e-05,1.0013008154385001,9.987417711969574,6.617641012517717
14300.049999904346,0.10596666806232127,20.09442468299093,2.9921099154977445e-05,1.0028903331789423,9.996174531048968,6.591650103368302
14310.049999904239,0.10843200090430913,20.06936905386154,2.443103355609398e-05,1.0019695227568928,9.989593392193306,6.591576179602781
14320.04999990413,0.10640968236337248,20.047212917841932,1.660549423929937e-05,1.00102971485974,9.989098600973536,6.610843048082677
14330.04999990402,0.10851415312347555,19.99830028324105,6.812775794578367e-06,0.9998804307082051,10.003818525557989,6.594989777797042
14340.049999903911,0.11122123980515969,19.945735694156102,1.6748319173162844e-05,1.0011213974264583,9.988108142886931,6.582190461985076
14350.049999903802,0.10851864675867441,20.108853240116495,2.639732275093584e-05,1.0021803624300962,9.99246438196659,6.587622238213706
14360.049999903693,0.11055289804445895,20.083792421418295,2.6500818567416666e-05,1.002138142337131,9.992991413669426,6.575838989580814
14370.049999903584,0.11198744183820544,19.941441390446197,1.864438048082098e-05,1.001262480268378,9.98795231521924,6.576836561398844
14380.049999903475,0.11548798015276213,19.87059606602791,5.217827587770746e-06,0.9999065021328005,10.003195182831186,6.554494877763932
14390.049999903365,0.11611623548315768,19.90759485055695,1.479810413033886e-05,1.0009828532920848,9.989406206644013,6.554940195715917
14400.049999903256,0.11193245715813424,20.013328824306583,2.4559373372309155e-05,1.0018129721432814,9.989315976131529,6.572815681986976
14410.049999903149,0.11045758444627463,20.03769519778756,3.143613201299003e-05,1.0023982458853167,9.99692891959402,6.569418715534203
14420.04999990304,0.1172994146623574,19.860154057543614,2.1553171918628783e-05,1.00148546516543,9.9877061517905,6.544608650298836
14430.04999990293,0.11439793443750378,19.966775307363374,8.175295790145724e-06,1.0006236598237763,9.995587769172305,6.563177184787823
14440.049999902822,0.11760886170786261,19.916226456444836,1.369883274584575e-05,1.0009650770114398,9.991651662295107,6.5453117697024705
14450.049999902712,0.1161397381214772,19.92566029103011,2.1121698454432715e-05,1.00147594530674,9.98831431641531,6.551917440382664
14460.049999902603,0.12046138399520215,19.798923876294864,3.9004137709300866e-05,1.002428355761672,9.999165341290201,6.5079419967477765
14470.049999902494,0.12072996762266369,19.814858787642237,2.396970617414101e-05,1.0016018193780545,9.988152613273293,6.523901323689837
14480.049999902385,0.11469410780686434,19.981824354678935,1.143123656793574e-05,1.0009414650347908,9.991350553734087,6.562973886976218
14490.049999902276,0.11475335094201805,19.993021941680386,1.6689248075910087e-05,1.0012116804983577,9.995658974478447,6.5566873946555475
14500.049999902167,0.11932029345157792,19.874127365068347,1.6310625550289348e-05,1.0011651266303538,9.988274374052605,6.536485705124581
14510.04999990206,0.12125804841170533,19.806260471463382,3.462021211249207e-05,1.0022301462540164,9.994713756981735,6.509585273054707
14520.04999990195,0.1209350941653231,19.823854514704234,2.2239363753926528e-05,1.0014883577161122,9.989610881101518,6.522714353249891
14530.049999901841,0.11671214711156183,19.970462448804952,1.823582502706713e-05,1.001350943330306,9.989353978448776,6.550099084071622
14540.049999901732,0.11490407673661517,19.99387487940726,1.7275131500247418e-05,1.001306326781691,10.001638197475794,6.549730904732656
14550.049999901623,0.12048547295300294,19.858288869180903,1.5481652223176752e-05,1.0010694813600733,9.988513092630313,6.530553565774005
14560.049999901514,0.11638403962278338,19.947186069790472,2.6405694647586352e-05,1.0019669883703746,9.990787149363964,6.544613083533385
14570.049999901405,0.11758598782794707,19.919083249100648,2.0066972432443326e-05,1.0012854620402998,9.99331792802375,6.541207324513649
14580.049999901295,0.11778965597944108,19.97219025171682,2.2017886730676258e-05,1.0016678672661812,9.988447131954603,6.5424397577986
14590.049999901186,0.12020712442871043,19.83270013511773,1.1670619362681051e-05,1.0003648868424109,10.002320852231225,6.525229582989081
14600.049999901077,0.11882786811546268,19.872025800799317,1.6606612244223164e-05,1.001137692999014,9.988869304188425,6.5387535042809235
14610.04999990097,0.11493502062828746,20.035232836580022,2.163551103684152e-05,1.0016571651942907,9.989486391805233,6.558386380591589
14620.04999990086,0.11417123711509328,20.101372598214706,2.2471204819063015e-05,1.0016055411783558,10.001684539158195,6.553608102169992
14630.049999900752,0.11692237963484235,19.98851159399183,2.3075128595544168e-05,1.0018153311918325,9.988171720846724,6.546417592415429
14640.049999900642,0.11481240881165124,19.929922617470815,1.2831898782183998e-05,1.0005001959796724,9.994452035204374,6.562160999869995
14650.049999900533,0.11423961720251385,19.923974547143523,1.7025224309587903e-05,1.001194761516485,9.989766874779143,6.563221141950321
14660.049999900424,0.11422959195967158,20.09749433533083,1.892008532132748e-05,1.0013772837411068,9.989174712043434,6.566430707535792
14670.049999900315,0.11399748291707944,20.053351962244527,2.9465427892357922e-05,1.0029922594745968,9.998622210172138,6.54400198413042
14680.049999900206,0.11392132208242742,20.008014233517766,2.326595240318687e-05,1.0018391114554355,9.98830284107095,6.562644539279412
14690.049999900097,0.11107406755809048,20.08114054369084,1.52199681169897e-05,1.0008550808803751,9.991163639580357,6.585870962264191
14700.049999899988,0.11004903966523306,20.072329577888162,1.4111089242137957e-05,1.000906577904549,9.995027947035542,6.587282449230378
14710.04999989988,0.11266390447359645,20.145819878932514,1.6798152763744655e-05,1.0011487940095494,9.989248959817338,6.577997008283746
14720.049999899771,0.10859598252676958,19.962279741869327,2.8445008393727583e-05,1.0025175369536856,9.99070855393237,6.582244852486427
14730.049999899662,0.10894369637786233,20.021534309868553,2.3064107828824904e-05,1.0017752280271068,9.988786871336659,6.590054329687446
14740.049999899553,0.10971901332063423,20.186571684694023,1.7581434902685963e-05,1.0011502756515223,9.989918807049333,6.594358823468154
14750.049999899444,0.11227742402144147,20.277801760701966,3.7091043863322845e-06,0.9998703972334164,10.011342984848456,6.574712055363883
14760.049999899335,0.10993673183016017,20.170997428171713,1.5060095299689415e-05,1.0010258026620802,9.989443523480222,6.594317416034327
14770.049999899225,0.10550822758791431,20.081421232748603,2.5929039608328612e-05,1.001917276252985,9.989377245506423,6.608550114321353
14780.049999899116,0.1038267251538984,20.05745728529786,2.1976473629527638e-05,1.0016346420502766,9.990613939853588,6.618607991182117
14790.049999899007,0.10900568591111393,20.24649991244304,2.128484815333889e-05,1.0014478022454005,9.989323871688585,6.597647944983533
14800.049999898898,0.1060616571,20.15446004121034,2.9339508779243757e-06,1.000213994021351,10.000545846323126,6.612242040600294
14810.04999989879,0.10648474949086646,20.156180729864598,1.6006475805211737e-05,1.0011318833462113,9.9895410141481,6.611808760953525
14820.049999898682,0.10617719184490337,20.188352560446727,2.2171444992023025e-05,1.0015249476890433,9.989288899591028,6.611051362051406
14830.049999898572,0.10614161014379392,20.225936760386524,2.0636452452224887e-05,1.001417758514797,10.000732714514415,6.602774604920431
14840.049999898463,0.10834920191406844,20.259112258463638,2.3937329055239e-05,1.001607998556681,9.98919987751726,6.600246482871286
14850.049999898354,0.10231122207114957,20.075700095419023,1.0828812558259263e-05,1.0008824837564416,9.991109250300795,6.633662016142752
14860.049999898245,0.1036304276242804,20.091805839550428,2.104865210412733e-05,1.0015101772278234,9.989507002474888,6.622644021461313
14870.049999898136,0.10789106745080078,20.23447742513546,1.6968349750302736e-05,1.0011718044038884,9.98940838976561,6.60580050795222
14880.049999898027,0.1105945915578915,20.30667567510833,2.498309388830206e-05,1.0016711667292786,10.00596561996445,6.573538594679481
14890.049999897918,0.10762844715719791,20.218849698061433,2.1641520996796488e-05,1.0014824500671378,9.989624169237349,6.603913893021334
14900.049999897808,0.10583992651010711,20.10041909874118,1.7343514839284336e-05,1.0012767451452274,9.989414602655993,6.612814067083891
14910.049999897701,0.10493871450550844,20.04512992315872,2.4137807486773186e-05,1.0019813465388165,9.991492081424633,6.608314004485991
14920.049999897592,0.10976026492222382,20.228103886612363,1.5466585773824395e-05,1.0010240739111511,9.98953117833187,6.59662470567838
14930.049999897483,0.10618762714561614,20.089715906670072,2.4949265620999674e-05,1.0019599113273971,9.991488473662077,6.602731626223808
14940.049999897374,0.10766134078107996,20.120651667732623,1.868645002036607e-05,1.0012221691211212,9.990717579471164,6.602614235599427
14950.049999897265,0.11028077694848011,20.112792215752613,2.081847362698846e-05,1.0015706505004132,9.98879166880119,6.586807030074217
14960.049999897155,0.11157648592314731,20.196955244611097,1.9526355625267497e-05,1.0014718918036207,10.004908231878726,6.5682208912693865
14970.049999897046,0.11126278868320784,20.181290130130574,1.6260320931707072e-05,1.0010762509326265,9.989687119047968,6.58669779724849
14980.049999896937,0.1097950429344918,19.99115934510028,2.215205061634065e-05,1.001757547884399,9.988532087959504,6.585063033685077
14990.049999896828,0.11061584496101515,19.975268721319544,1.765242906013776e-05,1.001049653304337,9.993543400422567,6.581916892991125
15000.049999896719,0.11362185439902808,20.09612252544537,2.25173280640932e-05,1.0017611898095098,9.988489165790424,6.566920868606448
15010.049999896612,0.1122732095411532,20.150628738164823,1.3289204198715199e-05,1.00039335708635,10.003086701867657,6.574403371718455
15020.049999896502,0.11241297088473946,20.09904399464722,1.7512079767910682e-05,1.0012258005226047,9.99008002477689,6.576776820707705
15030.049999896393,0.11522447963358423,19.959981268621465,2.0023194801034215e-05,1.0015124490698488,9.988400111557223,6.557253224196722
15040.049999896284,0.11630316570629692,19.933697962072692,2.2431519047936317e-05,1.001744582642838,9.999728860489858,6.538670352037113
15050.049999896175,0.11550378138695722,20.06180435198299,2.3500535124922332e-05,1.0018395284037385,9.988566625654567,6.555216983730479
15060.049999896066,0.11524670457279508,19.947734201136253,1.4517020234555349e-05,1.0007223012366724,9.992867646165177,6.559736807633105
15070.049999895957,0.11475672856411312,19.97215271210187,1.887220159242417e-05,1.0013699030755636,9.991343898525889,6.558653988744598
15080.049999895848,0.11860763213733372,19.9385398991629,1.779146571273613e-05,1.0012744928749115,9.988494519461257,6.54066934089185
15090.049999895738,0.11401373877788262,20.0832107948219,3.0814685191844364e-05,1.0028116115146497,9.998986461659467,6.545888329412217
15100.04999989563,0.11596490142892733,20.021948397449886,2.334592674714245e-05,1.001755985509187,9.989260420284428,6.551883363235338
15110.049999895522,0.11976774900029134,19.851766015312563,1.7028619367435886e-05,1.0010953517052612,9.989643253597105,6.532954743860025
15120.049999895413,0.12102609170172608,19.812149157053664,1.8183827148648388e-05,1.0012232808882562,9.996442277843574,6.518161809390003
15130.049999895304,0.11938855131457853,19.927220192686068,1.5282545239328307e-05,1.0010970098955165,9.988661297596716,6.5376498216091
15140.049999895195,0.11598155017757014,19.972678867874826,2.8153423738434538e-05,1.0020531388419653,9.99344670531606,6.54424174797982
15150.049999895085,0.11573117906597968,19.97456229917651,1.9041489398279524e-05,1.0014113289835247,9.99113730350179,6.553310768717124
15160.049999894976,0.12167515091011645,19.824154065076755,2.0798897915798863e-05,1.0014078110814684,9.988367281882084,6.520635710983952
15170.049999894867,0.12022103036640844,19.859887781397358,8.944353757393661e-06,1.0006937592308032,10.00412480406591,6.521342150470029
15180.049999894758,0.11798130105820745,19.939295617832418,1.574922155367908e-05,1.001152252122527,9.988956585932227,6.544672239935149
15190.049999894649,0.12007912105944371,19.856556392024228,2.1676193916290798e-05,1.0014701206815395,9.990251853854012,6.527605545529211
15200.04999989454,0.11741126323249589,19.887242675685233,9.765150995636693e-06,1.0008089090657841,9.995548977472275,6.543539220948959
15210.049999894432,0.12054550376331731,19.842721585523652,2.3475764716788575e-05,1.0015895302652595,9.98783932012644,6.525931824173225
15220.049999894323,0.112949538126649,20.020961066059627,1.0939295481541688e-05,1.0009637865693573,9.99919756183576,6.566073724501988
15230.049999894214,0.1153975735701693,19.981885063579703,2.12142831740584e-05,1.0015211047526182,9.989805186206071,6.555513785121287
15240.049999894105,0.12031257728779765,19.834316330441574,1.6856481150400544e-05,1.0011525023765684,9.988886186832309,6.529832981014348
15250.049999893996,0.12094701400300634,19.788662823990773,7.236437023061465e-06,1.00028231697169,10.003441501069224,6.519999355441614
15260.049999893887,0.1169209051406934,19.902798491286514,2.1835521267950984e-05,1.0015273321326617,9.988042735706783,6.546986460585702
15270.049999893778,0.11534511589239455,19.98971008116575,1.8515408115413996e-05,1.001391051925734,9.99323242900355,6.554040088363731
15280.049999893668,0.11324130155608227,20.027275946940104,2.5753109102281167e-05,1.002065789723158,9.992235322877487,6.561244460105928
15290.04999989356,0.11709297534042214,19.86978233391287,1.600093763783266e-05,1.0010482257674065,9.988173766270588,6.549345732297281
15300.04999989345,0.1133967057987277,19.98086833117693,1.8401940969739778e-05,1.0013300545939268,10.000202794318872,6.558588721048556
15310.049999893343,0.11215788070367469,19.998691265352225,1.9393626638640445e-05,1.001323242704532,9.98928352833882,6.5755696830071715
15320.049999893234,0.11462891073856983,19.962041561701085,2.1293377150597178e-05,1.0016217987450036,9.989661585806626,6.558403708077938
15330.049999893125,0.11227446869441356,19.96575995160553,2.7748007707607165e-05,1.0026180031214977,9.995301429945496,6.557384576328837
15340.049999893015,0.11164940621949904,19.93842238210211,1.6540603089147724e-05,1.001078548892142,9.987835615971521,6.580315777599918
15350.049999892906,0.10942117778547618,20.126036428197825,2.178045173434635e-05,1.0018243871293122,9.994161001059034,6.584723891534604
15360.049999892797,0.10824202502476947,20.11583364077689,1.7236467776083262e-05,1.0010518270732731,9.992769527469626,6.598962326137162
15370.049999892688,0.11004305572941298,19.979495997226135,2.2336749148998625e-05,1.001731816740812,9.987826789892724,6.584294637059484
15380.049999892579,0.10680389179491066,19.909157398203845,2.0711581151374076e-05,1.0015001307749518,9.99866618161322,6.592543416568211
15390.04999989247,0.10552441328159226,20.028010766861787,1.7386832244636744e-05,1.0011864157320836,9.988021369604958,6.614835124145169
15400.04999989236,0.10756707713597566,20.132305427946694,1.975815873571809e-05,1.0015359300618563,9.990832907236348,6.600545759168851
15410.049999892253,0.10631482447685964,20.185695806015318,1.5178289315301769e-05,1.0007824627394326,10.000377293022993,6.606752220736069
15420.049999892144,0.10382910832366292,20.02036078559563,2.294255302066852e-05,1.0017577393871513,9.98700733904755,6.61987113848899
15430.049999892035,0.10284836313857501,20.155668788729855,1.4120262081021599e-05,1.000579286215716,10.000243036499771,6.627065276010189
15440.049999891926,0.10082883582934776,20.13464742198733,1.909988246034351e-05,1.0013750871660239,9.989438915080896,6.640520411399979
15450.049999891817,0.1029873576115401,20.12848557302362,1.733737945440239e-05,1.0012555074197482,9.988942307301135,6.629879244597517
15460.049999891708,0.0992229521367417,20.048029455510736,1.809495825812666e-05,1.0012902615937702,10.000183789235413,6.638372293616946
15470.049999891598,0.0980345481116122,20.066917528779232,2.2617558432649078e-05,1.0016642082108391,9.987023085891234,6.654115020025679
15480.04999989149,0.101450080806716,20.255220593240676,1.6638237418890502e-05,1.001011846836371,9.994550472085203,6.638620229381463
15490.04999989138,0.09966723213085447,20.250698225213032,2.4084434198383663e-05,1.00169711880128,9.994097499763212,6.642790371653287
15500.049999891271,0.0976003882097865,20.122955529868587,1.533234721742932e-05,1.00110875816468,9.98793835366371,6.66204916895576
15510.049999891164,0.09320150801351641,20.05489168264709,2.5180312150753453e-05,1.001874263370214,9.99457783732221,6.672364577418018
15520.049999891055,0.09442368933457862,20.114054197878993,1.9023112644902938e-05,1.0013788091022096,9.988221124792748,6.677105849893702
15530.049999890945,0.09838141409384477,20.23858864263152,2.159197102112817e-05,1.001450171502619,9.99045727274747,6.655199066235078
15540.049999890836,0.09887587564199267,20.260765414498778,3.2847413299244376e-05,1.0021470129103751,10.001385644628499,6.636889107386372
15550.049999890727,0.09367908491888484,20.101435067659658,1.6586453323593216e-05,1.0012016408685014,9.987382741373729,6.683369202856549
15560.049999890618,0.0967837933265956,20.222805651281625,2.1294981242595965e-05,1.0014174657830857,9.99499462957059,6.659945687877507
15570.049999890509,0.09434652471382922,20.17155405218784,1.2270464100858378e-05,1.0009071220484511,9.991934545936362,6.679786477060035
15580.0499998904,0.09527232748294592,20.180081401960628,2.3684486381473477e-05,1.0016440905047526,9.988354717842643,6.671456372123764
15590.04999989029,0.09029529653250257,20.01769851510099,2.6933807601044502e-05,1.0020815172232047,9.995416581344466,6.685408505360272
15600.049999890181,0.09261700868587398,20.061444070445432,2.0552921336870738e-05,1.001490084156445,9.987304045222714,6.685913996455504
15610.049999890074,0.0970691569103412,20.23351993153581,1.6542254877960834e-05,1.0010845885531958,9.992036007485954,6.6642623745147
15620.049999889965,0.09689015375287395,20.24019765754957,6.266109292518932e-06,1.0002048327250477,10.00153313323737,6.6646318196491
15630.049999889856,0.09377073866140766,20.09970762037022,2.1850830378750213e-05,1.0015729832215892,9.987562992276398,6.679325204418769
15640.049999889747,0.09433621044492453,20.029563748528595,1.9879764388731887e-05,1.0015524652450263,9.995231252160048,6.66757326033124
15650.049999889638,0.09444138967111265,20.02399773931393,2.3367284094626603e-05,1.001831850805116,9.988354094753348,6.6706116613354975
15660.049999889528,0.09625496060189587,20.16476237033971,1.556924727164128e-05,1.0009812684619466,9.989872465331201,6.670038416907222
15670.04999988942,0.096602748935014,20.120248454578718,4.988624601796256e-06,0.9997493928363397,10.008523052739132,6.661034796508392
15680.04999988931,0.0946543429214468,20.008419722355534,1.9708874776851852e-05,1.0013912649976144,9.987693244584332,6.673550151686019
15690.049999889201,0.0981114428264346,20.09827818142533,2.0720062572173962e-05,1.001578999724435,9.99279314461758,6.649958833997388
15700.049999889092,0.09719123412870045,20.041707974474786,2.617829802841998e-05,1.0023136647586444,9.992036539281354,6.647899140763524
15710.049999888985,0.09623870772339785,20.07127401951888,1.6076749337903437e-05,1.0010235921299262,9.988704636504309,6.668498173209109
15720.049999888875,0.09743775864384868,19.88120198064696,1.6839681863691814e-05,1.0013068121154065,9.994960380839116,6.648866852499737
15730.049999888766,0.09749240162847428,19.92199562947306,1.788571170537904e-05,1.001179521013986,9.98888327548113,6.656202301787456
15740.049999888657,0.09816918749438573,20.074370914581348,2.2375091302380856e-05,1.0017217909058274,9.989958217658211,6.6503547958395
15750.049999888548,0.09622234537882612,20.116628342381876,2.919020660107207e-05,1.0027382340608124,9.998993739494985,6.645141738214654
15760.049999888439,0.09727792874150434,19.974476643528877,1.7165754185623278e-05,1.0011586962016712,9.988214666875873,6.659493581453048
15770.04999988833,0.10054492124265922,19.913481884014264,2.0228593617218156e-05,1.0016319134659843,9.991784910403823,6.632259232385619
15780.04999988822,0.10042219377900162,19.876289494374113,1.5429065580550363e-05,1.0009176449852528,9.992253546669803,6.637940965944155
15790.049999888111,0.09771616406431896,20.015864391358743,2.368334542036618e-05,1.0017835196315494,9.988463731652724,6.652267203730911
15800.049999888002,0.09925773857785695,19.924808789464613,2.3009904155412828e-05,1.0014927791221804,10.001872676835593,6.631862583330184
15810.049999887893,0.09899426105024102,19.885656608452685,1.9497906895322768e-05,1.0013793209806745,9.988333449078056,6.6456114100242205
15820.049999887786,0.09969793817971012,19.95052647863539,1.7578525885662667e-05,1.0013225101066432,9.990153888813929,6.642112751671394
15830.049999887677,0.09837754571702029,19.947582823470228,1.08792091807955e-05,1.0005805812351334,9.999967605679322,6.647136740756536
15840.049999887568,0.09741060837209754,19.959895422753718,2.3199982210449665e-05,1.0016675098711871,9.988083804658418,6.6539831919066925
15850.049999887458,0.10288590556107009,19.78518069094639,1.8777091944756157e-05,1.001137380745071,9.99500573268489,6.617609497996374
15860.04999988735,0.10054888467483117,19.816212856697454,2.455796955965534e-05,1.0016785148637133,9.9893909238076,6.631624179784807
15870.04999988724,0.09729352374926474,19.96108566122132,1.446402824554361e-05,1.0010872286511787,9.989134456834327,6.658873236993849
15880.049999887131,0.09216430341740099,20.0404767549045,7.991102890311483e-06,1.0005174263994483,10.00553317048711,6.680091767914972
15890.049999887022,0.09683849648672964,19.920346486234248,1.847559510587517e-05,1.0013357659844517,9.988611250077263,6.658699447706564
15900.049999886913,0.09980375565698546,19.841540067869502,2.216417784616639e-05,1.0014899628170768,9.99056227037503,6.637004865839052
15910.049999886804,0.09953823561248643,19.8115484201476,3.209710110949818e-05,1.0020799121263357,9.992430070543096,6.630846279924909
15920.049999886696,0.09468785268892722,19.97692443200678,1.5916385259406162e-05,1.0011605222707551,9.988630929051215,6.673782569350084
15930.049999886587,0.09854311406138745,19.86507128065517,1.3251041201031562e-05,1.0008168943163724,9.998541086135758,6.643388258096982
15940.049999886478,0.09563519864650187,19.89531220329043,1.3595954214377843e-05,1.0009832135638543,9.989935946054935,6.666804376471645
15950.049999886369,0.09482590941086867,19.924742797064134,2.402598960204359e-05,1.001699651859794,9.988674365785762,6.666872704127031
15960.04999988626,0.0917433990966858,19.99521654093995,4.025900765220447e-05,1.0029971180639365,9.997811111994794,6.6662774446096345
15970.04999988615,0.09195241905334257,20.005236247663024,2.0205240825878916e-05,1.0014629593580788,9.988560296862094,6.687400432349667
15980.049999886041,0.09602110190491117,19.842416093371597,1.5365166559980587e-05,1.0009565430923537,9.991794341089495,6.661878429563291
15990.049999885932,0.09296286899139115,19.876426785485783,1.184758541802219e-05,1.0006941272744287,9.992396745268195,6.681833011200918
16000.049999885823,0.08982078183641885,20.007094521662548,2.262661154603665e-05,1.0016693083676893,9.988180847217768,6.6981442613908895
16010.049999885714,0.08829040493619882,20.09830036410623,3.332827661317889e-05,1.0029337009156274,9.999988762396162,6.687160850041257
16020.049999885607,0.08869735038929412,20.031260435355442,2.2892855451721698e-05,1.001768704633656,9.989071805775845,6.703492274791836
16030.049999885498,0.08917851677389743,19.933404018123067,1.5663314350348576e-05,1.0009703194716448,9.989342204083664,6.705201892278321
16040.049999885388,0.08745852042974918,19.93238119022498,7.783672497218074e-06,1.000009735598474,9.99931005424356,6.714606539036722
16050.04999988528,0.08539128313960216,20.08319420185224,2.057944176159164e-05,1.0014975015695997,9.9885489847893,6.7268070263185775
16060.04999988517,0.08745098921509614,19.97052476588305,2.3983971767454e-05,1.0019208839151152,9.993464970025416,6.70379172424713
16070.049999885061,0.08435635084412998,20.024371960673093,2.480040118124836e-05,1.0020491893572643,9.990147996698484,6.724931260965701
16080.049999884952,0.08300689431662643,20.03238407657781,1.5802383390908785e-05,1.0009931947628543,9.988586078460475,6.743933125409055
16090.049999884843,0.08399219433811993,20.18883959001662,5.103068445216087e-06,0.9997884579806713,10.010592988905472,6.732834897898053
16100.049999884734,0.08163661471175726,20.14172660001627,1.833641889677795e-05,1.0012544105834726,9.989644949960791,6.751369945493751
16110.049999884624,0.0808500929696433,19.97503857959496,2.273691164368469e-05,1.0017276425314972,9.988981234996523,6.748157448637922
16120.049999884517,0.07772391868875915,19.96523987836183,2.796604459840374e-05,1.0024330099969296,9.990880068501395,6.7582357293428625
16130.049999884408,0.07850351926309637,20.11438269981122,1.639305450263328e-05,1.0010944041793324,9.988515101892594,6.771631918254854
16140.049999884299,0.08031740977028974,20.165182140602425,1.3158548226252989e-05,1.0010291470478936,9.99814959757151,6.75392549103202
16150.04999988419,0.0780657451692507,20.161674227957068,1.5110134005138626e-05,1.0009617333595948,9.991573916736758,6.773789142917182
16160.04999988408,0.07556221742565869,20.034490116146443,2.3667608984430065e-05,1.0017391704583078,9.98759224542993,6.782101361327236
16170.049999883971,0.07451336250895646,20.037597365954557,3.2233292905552475e-05,1.0026301264596598,9.995975757175652,6.772656457509267
16180.049999883862,0.07588847722716828,20.17155553480538,1.883636234484167e-05,1.0013299487724727,9.988900891926612,6.786113453785848
16190.049999883753,0.07422688207285577,20.065053065868454,1.4845537438382496e-05,1.0011286600533178,9.990413372922738,6.7937661929849895
16200.049999883644,0.07337534860387278,20.10696733033496,9.992336825863593e-06,1.0006395772295051,9.994260228383848,6.800807520450168
16210.049999883535,0.07333679919026845,20.086319981707124,2.342949618573965e-05,1.0016541483946642,9.987527818873126,6.7975378970697085
16220.049999883428,0.078340580001153,20.264872965791756,2.942838922564185e-05,1.0019127310349494,10.004383231465598,6.754436439740389
16230.049999883318,0.07488894804123751,20.196172557520825,2.4337108441266706e-05,1.001676187711286,9.989935893328209,6.78860110096789
16240.04999988321,0.07130193948048336,20.036312138751953,1.4092217496925062e-05,1.0010446772580746,9.988306580191713,6.813326089061399
16250.0499998831,0.06858597535537368,19.98040428250461,3.467815646416948e-06,1.0002296116209481,9.997399605005281,6.827359575555457
16260.049999882991,0.07354015224931512,20.11453392338571,1.932085720628256e-05,1.0013693024467012,9.988243423416849,6.798954925859343
16270.049999882882,0.07388901889966282,20.1612937766152,2.6654050306570524e-05,1.0018394916048003,9.993768138681288,6.788671974498325
16280.049999882773,0.07433508527978129,20.165322100596267,2.8670403873418356e-05,1.0019598905650824,9.992089061201655,6.786565935938817
16290.049999882664,0.07227027464407722,20.020006436719502,1.610063968003576e-05,1.0011428138248888,9.987704387821593,6.806749672486067
16300.049999882554,0.07588903573671098,20.082411719793168,2.9018808735605017e-06,0.9998247661843152,10.007161732257423,6.780719697311889
16310.049999882445,0.07514304843937479,20.119771117698736,1.5183096536349524e-05,1.0010457211706973,9.989585364335326,6.79119162025036
16320.049999882338,0.07270234286503251,20.030696765286024,2.4685153562238366e-05,1.001836019983948,9.988657946672376,6.79724134247551
16330.049999882229,0.0737698928903977,20.01770941075767,3.10893942608199e-05,1.0023476594988294,9.994344119391348,6.780644439233675
16340.04999988212,0.0751794466959811,19.998966589399767,1.91944031649781e-05,1.001374490613666,9.987596323757803,6.786791253398953
16350.04999988201,0.07818874000528099,20.168656697989213,1.059049576745399e-05,1.0004019094646273,10.000738897930079,6.769869171131047
16360.049999881901,0.07689193283904155,20.10836901914706,1.3649947911909864e-05,1.000820390870897,9.991841211533949,6.780442209847513
16370.049999881792,0.07533853941841928,19.94914229930741,2.274197882878804e-05,1.0017355157196357,9.987316354837732,6.78158117854252
16380.049999881683,0.07633166845652742,19.83307686376173,3.722568168839213e-05,1.0034565987699404,9.992470067964778,6.752526580951266
16390.049999881576,0.07800462228193923,19.98203517877232,2.1439536631662087e-05,1.0016203746231536,9.987938001428642,6.767037536349251
16400.049999881467,0.07733547575023375,20.043751822561138,1.4123721818219462e-05,1.0007916200977782,9.99218862213275,6.776123436228316
16410.049999881358,0.07840253551164997,20.06061815648759,1.1868332152626154e-05,1.0005223908215906,9.996184600579408,6.768981046107578
16420.04999988125,0.07884084980716988,19.898929154433393,2.112172177286651e-05,1.0015791955406022,9.987219348533884,6.761055319023095
16430.04999988114,0.08005875558835347,20.00086026676421,3.0800584797279297e-05,1.0027377516059524,9.998551524890278,6.735613424056243
16440.04999988103,0.07938976286944625,19.9852842513531,2.343301857752242e-05,1.0018522248479322,9.989020776923935,6.755845729446989
16450.04999988092,0.07948895546919937,19.936116997504186,1.519334727851067e-05,1.000938881482574,9.989191603152536,6.762121841032306
16460.04999988081,0.08307882846828162,19.883878785300006,6.312773743956159e-06,0.9997870076705179,10.003738809000314,6.736837897865713
16470.049999880703,0.08117286591462287,19.8766554307079,1.931498880525462e-05,1.0013769354022808,9.987700369497011,6.748155153891887
16480.049999880594,0.07950802277756293,20.039932675618875,2.5852849688993e-05,1.001974558652676,9.994089280720784,6.75075592586309
16490.049999880484,0.07896778715205613,20.016357756145855,2.641225881987705e-05,1.002097583947673,9.99163543295287,6.7544937223405395
16500.049999880375,0.08162956681461087,19.87480056479832,1.606478829056445e-05,1.0010796176266905,9.98810606875608,6.747736791539319
16510.049999880266,0.08367911148931215,19.81339508092839,4.44011808569707e-06,1.0000726343381716,10.002948972818125,6.729753468363737
16520.049999880157,0.08117199162980072,19.88938289672791,1.642548489440256e-05,1.0011313943637858,9.988739120875447,6.7497339736813835
16530.049999880048,0.08037064590625416,19.971646150605853,2.5750892699017242e-05,1.0018309671634975,9.989895778755665,6.749118181514465
16540.04999987994,0.08007177744431625,20.008969921919974,3.186812905105679e-05,1.002380615416898,9.996822824719903,6.740518197063365
16550.04999987983,0.08209237190030891,19.852479993943625,1.8654805395078467e-05,1.001314268040122,9.987624220552307,6.742800590605507
16560.04999987972,0.07808086859599317,19.983063534054054,8.80865092881007e-06,1.000749634985991,9.996405847144521,6.766690950163434
16570.049999879615,0.07856966705963181,19.94876615334474,1.2187732581354054e-05,1.0008917228524985,9.99081858054273,6.766793654579738
16580.049999879506,0.0808646974091586,19.92857688634067,2.3938351930371147e-05,1.0016530213260377,9.988300649621651,6.7482133863133305
16590.049999879397,0.08598750520597528,19.812478288490688,3.6958827517755364e-05,1.0025579344241038,9.99913244335427,6.6975311619913755
16600.049999879287,0.08044430746345248,19.86681100460921,2.3148120499774847e-05,1.0015999344890316,9.987563374238535,6.7503062865255155
16610.04999987918,0.07701017400692975,20.032782010395376,1.1084926643349032e-05,1.0008406506768208,9.99230945611882,6.777224197810984
16620.04999987907,0.07528114653127056,20.05749667678669,8.468768651249986e-06,1.0007203195535117,9.9957258238118,6.786078518878143
16630.04999987896,0.07948414539377584,19.923855121523328,1.908770696556044e-05,1.0013487908794367,9.987895722481216,6.759336939224688
16640.04999987885,0.07870980436023528,19.87163540439919,3.2075292834766025e-05,1.0023593454420328,9.99462487718996,6.747327513977782
16650.04999987874,0.07687925799799274,19.924144280270067,2.525925928085111e-05,1.0017766837005928,9.98839532102667,6.7704258809144475
16660.049999878633,0.07658417775246909,20.043939478627074,1.541974390541115e-05,1.0010632793219871,9.989965031639663,6.78018377853871
16670.049999878524,0.076967104950316,20.08495046864961,3.7935343964254185e-06,1.0001753558141648,10.005551910787043,6.772667403603512
16680.049999878414,0.07650783572187865,19.94434416076046,1.6160644297742245e-05,1.0011036246486882,9.98796895863577,6.779620685387011
16690.049999878305,0.07342629608126719,20.058346991656162,2.697751292902926e-05,1.002114892765281,9.991975894979946,6.788004096615571
16700.049999878196,0.07317886629189163,20.042748144014144,2.5656275518339093e-05,1.0019180631631541,9.991626428594637,6.791199155964358
16710.049999878087,0.07476008548994724,20.054545571331047,1.8974137430372676e-05,1.001341983408934,9.988595727158982,6.790061788954017
16720.049999877978,0.07704369832961637,19.91960024316738,5.256589909974201e-06,0.9997260239241538,10.00346423634118,6.774065830651716
16730.04999987787,0.07288696498012988,19.976867823503486,1.544966173531464e-05,1.0009789771713133,9.988419739160964,6.802783622761327
16740.04999987776,0.07225506264572666,20.137078205636826,2.4104687699320048e-05,1.0019079836878322,9.989967062884114,6.800748221924202
16750.04999987765,0.07236955240603804,20.206975509807858,3.056680695917054e-05,1.0026145228475725,9.999295269489954,6.786831767355644
16760.04999987754,0.07199736004667072,20.059194530971237,2.1095902130340347e-05,1.00156972847514,9.987813341942646,6.805397656657792
16770.049999877436,0.07155733572471283,20.028641209347747,1.1811092979550753e-05,1.000504984451525,9.994988686182952,6.810314518033015
16780.049999877327,0.07058858274933008,20.026445345927975,1.475220949493918e-05,1.0008689305449292,9.99008022219555,6.817335799973584
16790.049999877217,0.07134852957452173,20.15892543546646,2.200334841255819e-05,1.00167792713344,9.98885568630742,6.809879314006618
16800.04999987711,0.06998986442569888,20.109239414932134,3.897337048615454e-05,1.003655044665599,9.99677075388161,6.791579838498986
16810.049999877,0.06974338792204654,20.047514344565624,2.267288729463034e-05,1.0017259788375366,9.987514854284518,6.817556604109888
16820.04999987689,0.07118661367150078,20.146848157426312,1.363447067597949e-05,1.0008120876658173,9.991913510373125,6.815588220631523
16830.04999987678,0.07272346978818787,20.13905249905833,1.1616360897236702e-05,1.0005329940698495,9.996787182574659,6.804166462016603
16840.04999987667,0.07074011553019378,20.147581424972262,1.9588658875740784e-05,1.001410852002142,9.988410740237999,6.816105214456514
16850.049999876563,0.06938079988838258,19.97058422176175,3.191011025894878e-05,1.0024568901888375,9.992390094108226,6.806653951413725
16860.049999876454,0.06989209181247151,20.019103758498908,2.4223363039013865e-05,1.0018043726052879,9.987974575741866,6.814798710654959
16870.049999876344,0.07237921608195494,20.181226669281326,1.4552716605996746e-05,1.000993337351342,9.990162752660774,6.809252620570506
16880.049999876235,0.07448130313502346,20.26289716204838,2.8117909870846253e-06,0.9998023558026737,10.010250735329551,6.791039862770088
16890.049999876126,0.07130110871411087,20.106145916608515,1.6237381725483763e-05,1.0011499408907578,9.988397514353224,6.8140555548501665
16900.049999876017,0.07363183702617537,20.05271291444129,2.8373752963415265e-05,1.001949423777712,9.990969976745154,6.789059067408988
16910.049999875908,0.07442166107479586,20.0089210175202,2.5666201838097662e-05,1.0017950821232757,9.990788988975961,6.784802230192046
16920.0499998758,0.07447121066234494,20.162187097389154,1.830129701396568e-05,1.0013054665658898,9.988996350411988,6.794468913534518
16930.04999987569,0.06967799848821647,20.050817725410884,1.9898395287428384e-06,1.0000959849719275,10.00037745886433,6.820980342794995
16940.04999987558,0.07406552035382592,20.03408243638115,1.4026820576512683e-05,1.0010416782346432,9.988697326887744,6.796330723843389
16950.04999987547,0.07795032356419082,20.0984557625645,2.5226856732687965e-05,1.001722401266651,9.989689228431386,6.767741278154512
16960.049999875362,0.08228143235546592,20.117474407337422,2.8605991396890087e-05,1.0018557546423708,10.00077927378952,6.731379530838401
16970.049999875257,0.07769967853019821,20.10627718285344,2.3309574882545285e-05,1.0016412463771678,9.988348249919959,6.77139540273892
16980.049999875147,0.0776700777402395,19.943715496696132,9.769513391586665e-06,1.0006309826884034,9.993207352755917,6.772153101275951
16990.04999987504,0.07973378025990212,19.93822445642072,1.5394273663739573e-05,1.0011649040342063,9.989639512907546,6.758276822901832
17000.04999987493,0.08170946779420202,20.08577534867966,1.976188691444307e-05,1.001394518825555,9.989054498493173,6.748818028906554
17010.04999987482,0.08160679964117479,20.14869483083998,3.3214005373286665e-05,1.0025958429686954,10.002408950219829,6.7279863851077
17020.04999987471,0.08198355794366531,20.021779098926935,2.4081370235202385e-05,1.0017636420591502,9.988431086712717,6.742858686824203
17030.0499998746,0.08471253040642177,19.951035023389387,1.4827769544841691e-05,1.0009403606967782,9.99073107601712,6.73046294366576
17040.049999874493,0.0871621269581912,19.884537077245042,1.4981878948265705e-05,1.0011714611675666,9.993705473532792,6.709827638230469
17050.049999874384,0.08542950443265737,20.044194063074958,1.6647310784657966e-05,1.001122018390868,9.988930232497733,6.72863463566568
17060.049999874274,0.08404611208812633,19.896706986759852,2.867952286879525e-05,1.0025277274697482,9.991624649544278,6.717929989425311
17070.049999874165,0.0874610608467691,19.914681186671775,2.2655441697948764e-05,1.001718910933995,9.989560740302577,6.707725340177561
17080.049999874056,0.08865114715679855,19.954725275761582,1.7868382548844835e-05,1.0012046564265855,9.98924527048047,6.706752330973291
17090.049999873947,0.09143456429222781,20.02940315062885,6.027378195119177e-06,0.9999677576107195,10.008438261691177,6.686272123451002
17100.049999873838,0.08915742734585445,19.995764461999702,1.5677677633250177e-05,1.0009813106048004,9.98924707592955,6.706856165747879
17110.04999987373,0.09050633463450618,19.82577860789045,2.4752888655753262e-05,1.0020707718636506,9.989158777042652,6.685268531604269
17120.04999987362,0.09317383339281861,19.801202213795122,2.2587966792645793e-05,1.0017763061951377,9.992283112291277,6.669252071663746
17130.04999987351,0.09088808371783973,19.95564248840313,2.004101120484294e-05,1.0014439391377037,9.98844323924147,6.6925313441749275
17140.0499998734,0.09239904191722267,20.00165790873732,5.865203104811102e-06,0.9997368831537515,10.005102228972248,6.685150371461197
17150.049999873292,0.09294812063421388,19.94759956916032,1.5465774866751836e-05,1.000942208388273,9.990237268363064,6.683420365478343
17160.049999873183,0.09305677662203729,19.847364857325886,2.289052673588775e-05,1.001791459143367,9.988171587602828,6.674647315861914
17170.049999873074,0.0933433668667704,19.818037027007737,2.9781132050081537e-05,1.0026123800584,9.995722222821154,6.658161115520518
17180.04999987297,0.09231479859246819,19.968304021001046,2.2161988051415106e-05,1.001641901582817,9.988308983878408,6.683053021115021
17190.04999987286,0.09537151314076751,19.851086884774205,1.1323216185889514e-05,1.000592600162997,9.993475515421117,6.667473604845362
17200.04999987275,0.09679317187867438,19.886334842549,1.555424304340857e-05,1.0009560966328683,9.992491879132599,6.657969506716851
17210.04999987264,0.09319318047556696,19.895597954173887,2.080757518261504e-05,1.0015234502579462,9.98786229110152,6.677727397469865
17220.04999987253,0.09116587679466322,20.04429542661014,4.156642352235182e-05,1.0032572495778842,9.99942722416074,6.667006029574474
17230.049999872423,0.09358934601558956,19.995789524183053,2.410794810950886e-05,1.0017283918059343,9.989082426108698,6.675004191035173
17240.049999872313,0.09523616757288723,19.840609264996438,1.3636776278221213e-05,1.0009557551738306,9.98952471845101,6.668339707243129
17250.049999872204,0.09783114703279273,19.80859923377926,1.485987429304255e-05,1.0009091788803368,9.99641218318532,6.647110358535115
17260.049999872095,0.09225556564461453,19.9624396684097,1.69962098630685e-05,1.0012246647918193,9.988123054206662,6.6871417268110385
17270.049999871986,0.09604932620364832,19.99702127311896,3.4508668279373316e-05,1.002256063704942,9.995486237464617,6.650613563563466
17280.049999871877,0.09508052990604426,20.020197459714733,2.3153543430697137e-05,1.001564517216208,9.991388679351017,6.666513151822962
17290.049999871768,0.09311007567090208,19.8972287929255,1.765664558970644e-05,1.0012788383625508,9.987931840515659,6.680358978183369
17300.04999987166,0.08894686503049781,19.935258221008297,8.634542458571229e-06,1.000565602459062,10.001456782846834,6.699175302400827
17310.04999987155,0.09142949374638715,20.04515328307127,1.4311104476821402e-05,1.0010708116843172,9.988883349583272,6.694586543329196
17320.04999987144,0.09518877674992164,19.943012704692475,2.5451097283940724e-05,1.0017264245086226,9.990037945664053,6.663789290793963
17330.04999987133,0.09608977805221004,19.99183464469106,1.8774397361643467e-05,1.0011620332480369,9.995807100902713,6.659682188255367
17340.049999871222,0.09085830409334024,19.982965896017415,2.2389623679962e-05,1.0016006011887788,9.98733578787252,6.692991080387598
17350.049999871113,0.09003191431564539,20.156708945544672,8.61062679229211e-06,1.0004292088825948,10.003403787571974,6.697868065314404
17360.049999871004,0.09163180420441723,20.13348024743169,1.6421177134258674e-05,1.0012280236683626,9.990367567639804,6.692862874292803
17370.049999870895,0.09184269423010963,19.975612761282445,1.9825369623493726e-05,1.0014043813782807,9.987994353607233,6.6883347106553925
17380.04999987079,0.0925329747843946,19.92203226758721,2.0793342265014398e-05,1.0012594199006637,9.998982464241545,6.674384973809706
17390.04999987068,0.0896508542460036,20.082114257184887,2.357779390573131e-05,1.0017558432389901,9.987656453246641,6.7006913330407345
17400.04999987057,0.09244539154528797,20.13522849508556,1.4558729252674247e-05,1.0008407068830234,9.99487172192861,6.687607789099347
17410.04999987046,0.09224809575225507,20.18848828752752,1.9640925518124882e-05,1.0015704875204612,9.993089978142494,6.685169139927537
17420.049999870353,0.08957099358158284,20.03883046246185,1.7448855573651663e-05,1.001191551206461,9.987504497723247,6.705264413475664
17430.049999870243,0.08816335469432043,20.141382452681043,2.9275420750608294e-05,1.0026749890448081,9.997697639758687,6.693339248577176
17440.049999870134,0.09038612771030456,20.1804227356066,2.2819378455060465e-05,1.0017506927966047,9.989166996096008,6.697590062440412
17450.049999870025,0.09047830341398616,20.102111682842832,1.7729905306749094e-05,1.0011608877406775,9.98969173234224,6.699901586555928
17460.049999869916,0.09071592339600998,20.111782596265208,1.8807000586746578e-05,1.0015424655521723,9.996095702675348,6.6895224359677
17470.049999869807,0.0898037532993679,20.100562747454493,1.6403939344948317e-05,1.001062532808132,9.987777902998435,6.706371362010307
17480.049999869698,0.09088194144062767,20.26423775070511,2.747903525781149e-05,1.0024698238600382,9.994824215029276,6.685257550229644
17490.04999986959,0.09253350569413446,20.256769313915232,2.1555390080981188e-05,1.0016541319337122,9.992533962833454,6.685010888044279
17500.04999986948,0.08988621305144426,20.090399547787275,1.9631084348471125e-05,1.001380699483048,9.987648127538804,6.702912997683644
17510.04999986937,0.09167866992179544,20.032289248225762,7.573079927228392e-06,1.0000343255547113,10.003150059982323,6.689122174077223
17520.04999986926,0.09272869926516362,20.149622042959496,1.577103895312431e-05,1.0010054653975915,9.988752922410844,6.690476247690265
17530.049999869152,0.09142674845946192,20.1990679280079,2.4075528400904133e-05,1.0019137542705263,9.990049132387618,6.689836750954719
17540.049999869043,0.09265994710002973,20.24285126885857,2.0088648146167354e-05,1.001563752881643,9.99738990584248,6.680321884532719
17550.049999868934,0.09250312912142386,20.07800985245378,2.1561540783913122e-05,1.0015516753029017,9.98704843042525,6.686658995088526
17560.049999868825,0.0961060667416496,20.216471111974435,5.368418870864591e-06,1.000090788573167,10.002615044486827,6.668503736020932
17570.049999868716,0.09733073297695961,20.18775926260428,1.605033343927643e-05,1.001056456384151,9.9908432687356,6.66298822319217
17580.04999986861,0.09342027434845618,20.11923094574461,2.0908853579376272e-05,1.00152252738956,9.987960264098321,6.681888954930832
17590.0499998685,0.09128645042020948,20.028117586266088,2.317646570076659e-05,1.0018591350688497,9.996206443443898,6.681266455482611
17600.04999986839,0.09786013928575202,20.058172215867227,2.3347581664289713e-05,1.0016292800133477,9.987411642596815,6.654833650897914
17610.049999868283,0.0972462451405353,20.219276337075033,1.0467805618916853e-05,1.0007852529973378,9.994229146813407,6.66357393054888
17620.049999868173,0.10098176628912632,20.213465052498236,1.9837756330695667e-05,1.001321063186742,9.99478988068027,6.6372338861457285
17630.049999868064,0.09810608288176924,20.043267136610055,1.6776239683840026e-05,1.0012174839398686,9.987454613439123,6.656706357727995
17640.049999867955,0.10342123714778924,19.99765815418316,3.184017705863477e-05,1.0020831999114912,9.99826785578637,6.608523358062514
17650.049999867846,0.1042357017647192,20.04046978725009,2.1997167801180302e-05,1.0014865374208555,9.988971588876975,6.618730940492403
17660.049999867737,0.10029531031251619,20.118046455655566,1.8122121459927436e-05,1.0013244649508792,9.989680150181504,6.643315406838967
17670.049999867628,0.10031957732375964,20.133681876811554,2.5934649745919583e-05,1.0018618680495597,9.99809583550651,6.631175373501694
17680.04999986752,0.1045295016764791,19.967652665737653,1.5355441362846788e-05,1.0011190935263528,9.987579246616779,6.61983801170661
17690.04999986741,0.10736409323135268,20.10300017572291,2.58352299922184e-05,1.0017790730420257,9.995071017355459,6.594966727251299
17700.0499998673,0.10942639209679435,20.045365514172698,1.7601627610481014e-05,1.0011089873441066,9.992595495828937,6.590426546530116
17710.04999986719,0.10553623040623829,20.004621616841618,2.2792546738031985e-05,1.0016696528158762,9.987805157534961,6.610123799712561
17720.049999867082,0.1056907080563323,19.864040835346565,2.1195800844101483e-05,1.0016468884340073,9.997492119123779,6.597319967750741
17730.049999866973,0.11092151231696286,19.900212550169,1.7386477404903417e-05,1.0012557466958385,9.988070051336344,6.581563228188379
17740.049999866864,0.10883653561804807,20.059091395464133,1.976474085654513e-05,1.0014319515262278,9.990813320293762,6.5927453312622335
17750.049999866755,0.11134622720168906,20.074232325670017,1.4493136369305874e-05,1.0006320051670008,9.999973890258065,6.578253364569041
17760.049999866646,0.1112700620825973,19.905060245206084,2.3112990540896446e-05,1.0017693559934182,9.987311327272684,6.575963308618733
17770.049999866536,0.11428847876600311,19.882843788105447,1.5416073043433494e-05,1.0008165934581965,9.999001801155957,6.556996981531586
17780.04999986643,0.11517249649455476,19.866726461854633,1.958032866362713e-05,1.0014973764132429,9.989197402603493,6.554691171116631
17790.04999986632,0.11225149357686591,19.977249353219225,1.740949281652678e-05,1.0011962161928583,9.989082946295927,6.575838888581233
17800.049999866213,0.11296218293129452,19.94803524210202,1.8387250702010775e-05,1.0011013705650218,10.003851441009767,6.558891123271913
17810.049999866103,0.11602050526978774,19.833194667094656,2.2212241603611497e-05,1.0017224060512468,9.987654790069238,6.548762650321102
17820.049999865994,0.11445859505711188,19.958405389869448,1.6649495138822405e-05,1.0009754848281278,9.99345786012871,6.561477331652267
17830.049999865885,0.1154317480957896,19.9125105420846,2.1145759061429968e-05,1.0017496301739197,9.991886798899897,6.549781870756535
17840.049999865776,0.11590736605841143,19.914283087159315,1.642239401183298e-05,1.0010630574513952,9.988611173122054,6.556234122518292
17850.049999865667,0.11698154046874766,19.749235063623654,2.635061865023816e-05,1.0025098071164307,9.993639137524823,6.529397179839898
17860.049999865558,0.11831590373263921,19.802270771565937,2.1055484355300677e-05,1.0016010414619458,9.988736614977077,6.53587162736058
17870.04999986545,0.1148668721928042,19.97253536944631,1.8840285614336407e-05,1.0012624175554308,9.990237321351543,6.560010333187964
17880.04999986534,0.11474593917015628,20.027619922130555,1.894945944152592e-05,1.0014810495866389,10.00019240637137,6.551154945315555
17890.04999986523,0.11822593552908932,19.88184754016514,1.5947245073964223e-05,1.0010266764742335,9.988685545484694,6.543326029763319
17900.04999986512,0.11495685225962628,19.858388573833583,2.5875363517453967e-05,1.0021476479228213,9.990986208987907,6.548351500216735
17910.049999865012,0.11647946918567742,19.838066690843764,1.9016561711106402e-05,1.001415611093494,9.990950944459824,6.546147192037367
17920.049999864903,0.11581373918173844,19.981319137259913,2.143044297081203e-05,1.0015026615597553,9.988933756504066,6.554217750686153
17930.049999864794,0.11977802537129614,19.91996742330742,8.808501349133325e-06,1.0003242167132411,10.007101475286543,6.525703504362966
17940.049999864685,0.11828134416162323,19.876091659894037,1.6749087976686508e-05,1.0011297511553507,9.989020841493373,6.5416895942033335
17950.049999864576,0.1127940351922193,19.978564437245147,2.241629654057905e-05,1.0016288418774764,9.98970074638222,6.5685841829741145
17960.049999864466,0.11039285101211313,19.99244622106735,1.3816126783778632e-05,1.0011110358521778,9.996273394423628,6.580550482068246
17970.049999864357,0.11603080050461499,20.002427397360805,2.3663651124171098e-05,1.0016117647390588,9.98862185276326,6.552894496336993
17980.04999986425,0.1144623879232471,19.853246586104024,9.717692919106938e-06,1.0007437308930998,9.994931880755958,6.5596290521749845
17990.049999864143,0.11543577229620877,19.891732508186564,2.0950575451139455e-05,1.0014232796641211,9.9895380860892,6.554225238279351
18000.049999864033,0.11180705913594037,20.065139437915537,1.6789858409942776e-05,1.0012106035142059,9.989308078682296,6.580057675722914
18010.049999863924,0.11177922621293133,20.144288396150927,8.458281018419236e-06,1.0007237064217573,10.006953832308286,6.570573872342998
18020.049999863815,0.11466093392683921,20.029466294780445,2.1544404267933412e-05,1.0014540840853134,9.989014657258824,6.561922895530769
18030.049999863706,0.10893041714573741,19.983945058008352,1.7449011018708578e-05,1.0013048254092727,9.990255062294944,6.592021959794972
18040.049999863597,0.10942907594420165,19.958450929478833,2.6700327945120047e-05,1.0019075702002789,9.990741826651284,6.58294327581067
18050.049999863488,0.11101281111778834,20.13608400149558,1.4761175337014554e-05,1.0010644135147786,9.989274410922956,6.587420511812482
18060.04999986338,0.11379902839441512,20.013798409058396,1.626342651504268e-05,1.0010938464609918,9.99901845043037,6.560343933487058
18070.04999986327,0.11152450610587487,20.047438630328337,1.726063307985382e-05,1.0011306677214635,9.989950212539867,6.58127727097203
18080.04999986316,0.10720137802018677,20.11773346299273,2.251507708675195e-05,1.0016762977344478,9.988973457667292,6.602638911683814
18090.04999986305,0.10504070837340777,20.17522506255139,2.9981862231511216e-05,1.0026382846420727,9.996558029358924,6.600588085003901
18100.049999862942,0.10975947649453999,20.18718403786585,1.7053764872544398e-05,1.001214278011087,9.989309411778281,6.594142904541438
18110.049999862833,0.10672932285039702,20.024876767820086,1.8833553621614756e-05,1.0013569976242753,9.990297454592978,6.604563754199165
18120.049999862724,0.10718349558991869,20.04915306729648,1.4672558650613661e-05,1.0007846354746894,9.991686488387405,6.6064600704131955
18130.049999862615,0.10694383426651842,20.212456794385112,2.354229513519011e-05,1.001828579428044,9.988653180894158,6.60533674329379
18140.049999862506,0.1079888584079712,20.272564844691534,2.417608003304528e-05,1.0019915490758866,10.004296282782116,6.585565493560614
18150.049999862396,0.10763337042333423,20.199788968003126,1.9697618718252096e-05,1.0014788466312436,9.989387579489117,6.603662225193607
18160.049999862287,0.10491944416656974,20.127759388913237,1.7982858567501363e-05,1.0012734973373683,9.98903449732733,6.618933229125101
18170.049999862178,0.1052127177233309,20.10775103348146,1.3523220925585776e-05,1.0004643817931602,9.997869083136484,6.615971431644679
18180.049999862073,0.10711387071516873,20.260793511512507,2.3007325364417607e-05,1.0018061081667544,9.988844914636106,6.605626416285549
18190.049999861963,0.10508422191551396,20.115100255825812,1.8342537637198336e-05,1.0011199180830779,9.994699449286152,6.613931849886021
18200.049999861854,0.10493425642444161,20.152253847368005,2.2213645757886914e-05,1.001757302085196,9.989411302169469,6.614837495427934
18210.049999861745,0.10652231887750128,20.19892677438243,1.672548645420423e-05,1.0011287705418146,9.989086662890236,6.61310036559395
18220.049999861636,0.10777378377347953,20.31360979900961,1.9176012128402206e-05,1.0013373059480921,10.006986955408356,6.59109183711179
18230.049999861527,0.10722420493892591,20.257303307735196,2.1514894243039685e-05,1.001640215446345,9.98945046735742,6.605847702035255
18240.049999861418,0.10517192889923392,20.08436666620427,1.8607078178799592e-05,1.0012103153493224,9.989884339320577,6.616257668264138
18250.04999986131,0.10454437080754288,20.054112370781983,2.5149144175112613e-05,1.00197196990333,9.990028373758394,6.612115355344366
18260.0499998612,0.10894423604378316,20.2208880304009,1.555074839208849e-05,1.001037172546626,9.989307167939247,6.60098556583525
18270.04999986109,0.10495089164787991,20.21465034956299,2.424530552846551e-05,1.0020227630438396,9.995603036960771,6.608335289926322
18280.04999986098,0.10691209969677459,20.194824269642993,1.7960186237915434e-05,1.0013286645611066,9.990445151728895,6.6078575198128116
18290.049999860872,0.10915738830066579,20.09193173096876,2.1022176158539412e-05,1.0014405928067034,9.988736442662939,6.593605680059753
18300.049999860763,0.11244926434011619,20.082331787973065,2.518366047424029e-05,1.0017149698832313,9.99992098823256,6.56303567439631
18310.049999860654,0.11114365174385599,20.201091386577456,1.615662813423787e-05,1.00112084920799,9.989554250115987,6.58756052481067
18320.049999860545,0.1071305483797209,20.042589535506053,2.1165196168456636e-05,1.0015356598925107,9.989744410803597,6.601722855552629
18330.049999860435,0.10699606737932073,20.06524961806743,1.1066911103839352e-05,1.0009076063591704,9.991879074439797,6.606622599459571
18340.049999860326,0.11365008500863191,20.082783435888256,2.3650144575960628e-05,1.0015909646163543,9.988494697237336,6.5679308590856715
18350.049999860217,0.11268952766446015,20.220567838255217,1.9946319372091902e-05,1.0013678008175535,10.004943310218549,6.563662435996629
18360.049999860108,0.11276620622772571,20.14823234453626,2.120385841996889e-05,1.001454367290384,9.989912212806827,6.574217939014343
18370.04999986,0.11316021495473509,19.968941018682962,1.6304034117120138e-05,1.0011627585308207,9.988825785942964,6.571255440501741
18380.049999859893,0.11247896851501911,19.915116383110686,4.1709265061390375e-06,1.0003713646471277,9.996545677217295,6.573628087637976
18390.049999859784,0.11696441739085212,20.057060976254174,2.1950399467737295e-05,1.001488835784921,9.988798344678305,6.550149545110268
18400.049999859675,0.1113585234128893,20.055315083276515,2.270266817171718e-05,1.001678289117343,9.99334343336299,6.574495721759504
18410.049999859566,0.1138413451355797,20.056786602111938,2.5974194531912157e-05,1.0018790652263005,9.990717467740742,6.561733976928453
18420.049999859457,0.11839884152322368,19.926310848829456,1.52061045525221e-05,1.0010462016092725,9.98862338604711,6.543363914368859
18430.049999859348,0.12120636706834226,19.997952777601757,3.5105319046982726e-06,0.999835276782411,10.0093683273969,6.52226774862106
18440.04999985924,0.11865045496534533,20.02686439327502,1.8247208401863624e-05,1.0012095229726208,9.98965644541031,6.542101669605905
18450.04999985913,0.1170149288312179,19.896042191597072,2.3608891271865388e-05,1.0018160021958684,9.989134379403467,6.542816131032731
18460.04999985902,0.11637410535529416,19.89459379422247,2.8439078289268118e-05,1.0024364911455486,9.991988511573735,6.53822367198065
18470.04999985891,0.12126574638269379,19.900000305106037,1.6728835077661114e-05,1.0011377170424733,9.988466273472572,6.526880560899432
18480.049999858802,0.11848462519119679,20.047629399230747,1.280211283464418e-05,1.0007665025436125,9.99932032500712,6.538688390484659
18490.049999858693,0.11902454952051754,20.001649620228164,1.562155020396291e-05,1.000898923171545,9.991404078851264,6.54064392530576
18500.049999858584,0.12132716325111034,19.824864851233993,2.326163886122871e-05,1.0018388338977835,9.987885897899115,6.519164816696438
18510.049999858475,0.12107492944251501,19.74962255249718,2.9644197825399602e-05,1.003054654997653,9.99380245551459,6.502861769042843
18520.049999858365,0.12137893958001786,19.90093832346413,1.854220118452751e-05,1.0013293839418624,9.988459804685718,6.524640266529421
18530.049999858256,0.1199710135532286,19.922277538726657,1.6383300874961144e-05,1.001137645702535,9.991617535803792,6.531431703611977
18540.049999858147,0.1197564016426187,19.962514947177596,1.2904746181526877e-05,1.000512366502705,9.995458843049603,6.53555307763648
18550.049999858038,0.12232748008238684,19.81409990290002,2.28228753283663e-05,1.0017982130999497,9.987473035629332,6.514365200036887
18560.04999985793,0.11915806698347939,19.942967962403067,2.2911574402729938e-05,1.0017504358493279,10.00121719851312,6.522334719954859
18570.04999985782,0.11917357747046177,19.940225213831305,2.080242978074874e-05,1.001583486036184,9.988940429949475,6.534604617465906
18580.049999857714,0.12190704397755162,19.855751782200546,1.6408436818869294e-05,1.0011092781508786,9.989361631808256,6.521879759047974
18590.049999857605,0.12246720112231171,19.840272344475736,1.0516133791221499e-05,1.000192986581201,10.002714998776005,6.5146334719770005
18600.049999857496,0.12021310705955693,19.85089596072014,2.199033852461139e-05,1.0016753046776972,9.987553028953274,6.527394593271003
18610.049999857387,0.11808773234917568,20.019155211119795,1.9838544199069968e-05,1.0012488905597419,9.996156867752648,6.538727495088302
18620.049999857278,0.11638590597314288,20.01257485536825,2.5110341902496124e-05,1.0019126162229257,9.99082905349152,6.5466229656954
18630.04999985717,0.12052812916730092,19.85811888244902,1.5658692015701844e-05,1.0010623600653863,9.988410200726754,6.530478567457121
18640.04999985706,0.11603230761045452,19.82793157572983,1.6232671179408455e-05,1.0011664961838207,9.998959751151235,6.543313318704404
18650.04999985695,0.11566329778016392,19.929787359844763,1.9277385994080227e-05,1.0014199586486752,9.988264885050373,6.555102187015967
18660.04999985684,0.11815337253171489,19.994258977220113,2.2037303997896818e-05,1.001470054598101,9.99124513851986,6.540248879254619
18670.049999856732,0.11669600340112701,20.046355143878788,3.39605916440034e-05,1.002276317834172,9.99610828431936,6.537879573084765
18680.049999856623,0.11620933181832568,19.902569485660162,1.6224536563401748e-05,1.0011480891884414,9.987823874217177,6.554300035133082
18690.049999856514,0.10979786013057234,20.06532709824966,1.8446938652650692e-05,1.001345078001487,9.996110874599532,6.583647365256116
18700.049999856405,0.11006885854788032,20.044380278077544,1.3139634832767684e-05,1.0010336506574395,9.990208005356184,6.589726718535333
18710.049999856295,0.11536192694108109,19.99562099078528,2.4161343139748472e-05,1.0016135723343151,9.988858440434331,6.556082029809011
18720.049999856186,0.11602040587290269,19.91733100732784,4.024066216837315e-05,1.0024549487082777,9.999390459549492,6.533898150633987
18730.049999856077,0.1102933652305756,19.971935262449854,2.028857250937246e-05,1.0014219209983926,9.98750643292454,6.585766087754658
18740.049999855968,0.10999932225387737,20.150785749459086,1.399133905970204e-05,1.000982063646427,9.9934208507138,6.590260826146489
18750.04999985586,0.10648873304874917,20.173357524446992,8.023175175130965e-06,1.0006415199628134,9.995243159784666,6.6113697217154055
18760.04999985575,0.11009494561683104,20.023664052503573,2.196903231223162e-05,1.0015102497471846,9.987836026090115,6.587031431451676
18770.04999985564,0.10340610398983761,20.001766470323524,3.111550537989244e-05,1.0023260290225817,9.994234584848153,6.610193414268893
18780.04999985553,0.10434403955154548,20.062311632644853,2.3833237604408656e-05,1.001736112758114,9.987969105284776,6.617374518429051
18790.049999855426,0.10778637817995913,20.1666613804554,1.4100644795533805e-05,1.0009395540820523,9.990761869214836,6.605516642883972
18800.049999855317,0.10670308612026327,20.190648072492696,4.6811302211684285e-06,0.999981937796962,10.005192812121894,6.60747709625184
18810.049999855208,0.10411948024253129,20.059738518229793,1.8873000297035783e-05,1.0012901623211818,9.987606298504117,6.622825766167197
18820.0499998551,0.10169365604940936,20.212524462586536,2.6318881006249037e-05,1.0021075029898612,9.993697464250072,6.627278483140044
18830.04999985499,0.10055594289186791,20.180558826648433,2.5796193953456067e-05,1.0020808664167877,9.990616035967966,6.635851538612083
18840.04999985488,0.10347691486539502,20.164327159033828,1.6291580361028306e-05,1.0010866231129265,9.988974568492887,6.629520083709216
18850.04999985477,0.10183116185512049,20.037181992946728,5.700701735350871e-06,0.9997243004114663,10.003202808466307,6.63471494321005
18860.049999854662,0.09941604538399,20.09163301441349,1.693539815643646e-05,1.0010769868775,9.988114466866815,6.651204090924229
18870.049999854553,0.1012930156792817,20.265332895259025,2.4847811417745506e-05,1.0020050311146385,9.991001870961323,6.63417284356419
18880.049999854444,0.09963232326505078,20.29791857425535,2.966581549721875e-05,1.0027840756543878,9.996974987145576,6.631929690699738
18890.049999854335,0.09907658353573177,20.141662436409142,1.828920896616715e-05,1.0012846368579222,9.98786340280835,6.652729654639002
18900.049999854225,0.09857072033154318,20.148665425626483,1.3637372926004363e-05,1.0008553112472764,9.995449406448277,6.6526427640887515
18910.049999854116,0.09786435047135962,20.1264151272617,1.4890925975564702e-05,1.0008363446250732,9.990260761547216,6.660952365507237
18920.049999854007,0.09908413408986944,20.2345558475906,2.3901679413428604e-05,1.001885450761069,9.988950187799043,6.648668409551593
18930.049999853898,0.09581653496397288,20.16654956929167,3.2220825209985224e-05,1.0031532150298914,9.997061240193105,6.646727004663248
18940.04999985379,0.0964467894137196,20.09531178053711,2.0424843164963884e-05,1.001497403743586,9.9873309832105,6.66495614783601
18950.04999985368,0.09972701546970066,20.232173918364666,1.512025797506974e-05,1.0010518186464368,9.992686368795866,6.6490054723944025
18960.04999985357,0.09980392875618486,20.19531060919181,1.053380542814493e-05,1.0004253982860858,9.997137638997845,6.6491763970488735
18970.04999985346,0.09715886049986885,20.165247003242584,2.2402172824426756e-05,1.0016852967145022,9.987942497263447,6.660450668323527
18980.049999853352,0.09716118640759634,19.994866094010852,2.5170671993617193e-05,1.0017787993790486,9.995369755730238,6.648642165420663
18990.049999853247,0.09698478447367734,20.035644546031882,2.3775110116352596e-05,1.0017216515947105,9.987691499626596,6.658122073508983
19000.049999853138,0.09946409404838666,20.205308099537564,1.4203063476991561e-05,1.0009967568399516,9.990517968133393,6.65227531646748
19010.04999985303,0.09790324447290293,20.238831251395478,2.4720596550307425e-06,0.9999265054243579,10.00764852682229,6.655848768922899
19020.04999985292,0.09674140118390272,20.07436305587278,1.8858318095387055e-05,1.0013815212768107,9.987742513447206,6.663430856270163
19030.04999985281,0.10182910863364725,20.06007348025659,2.397963600051396e-05,1.0015705335959584,9.993398335233737,6.627785880645768
19040.0499998527,0.1009194067825203,20.003088174070168,2.9258803329051663e-05,1.0019427325065047,9.99044919551856,6.630824582762502
19050.049999852592,0.09908713427889328,20.13029370469686,1.5591096968912802e-05,1.001121427564502,9.989050281535325,6.652754598918098
19060.049999852483,0.09429165865387995,19.990969365247715,4.0683249464897275e-06,1.0003266337865686,9.999609027044368,6.673826497962771
19070.049999852374,0.09825749084599338,19.974344529504695,1.4321052521086195e-05,1.0010863105482,9.98821504403718,6.654628534437418
19080.049999852265,0.10309229728681683,20.075742205880747,2.540092656907088e-05,1.001699581497447,9.990656666097856,6.62250789500067
19090.049999852155,0.1046113977776335,20.071763847071466,3.671387754722656e-05,1.0022979797082245,9.99877724419114,6.601417247488566
19100.049999852046,0.09963177917231181,20.03821110762357,2.040536765362473e-05,1.0014447338968917,9.9881595510112,6.6453688074302395
19110.049999851937,0.10305422666378318,19.87566813125078,1.0553516478120487e-05,1.0006627457492716,9.994727299396729,6.623315148926501
19120.049999851828,0.10159541186899144,19.88280941931307,1.3533346167794583e-05,1.000965837389545,9.989679046417923,6.633472213780615
19130.04999985172,0.10275028345023353,20.03828705266317,2.281187259769107e-05,1.0016010049911166,9.98911294512933,6.62575552019731
19140.04999985161,0.10011191065409847,20.07029571917585,4.2692034377886446e-05,1.003271745200026,9.999813189077715,6.616788325466599
19150.0499998515,0.10088410410209069,19.943310610106618,2.312002735048815e-05,1.0017194390179958,9.987941102417063,6.633810573688682
19160.04999985139,0.10569971868186613,19.905290276278034,1.3403055767108425e-05,1.0007986259758204,9.991935186733336,6.610749924434912
19170.049999851282,0.10470531999947481,19.858210385689063,1.2864498495811188e-05,1.0007569762625783,9.994357190393544,6.613266081964495
19180.049999851173,0.10217628354394195,19.989572527722537,1.9604689247373257e-05,1.0013684900805933,9.988623448494712,6.630247320391135
19190.049999851068,0.10200146866874714,19.816222485336223,3.2125696358584255e-05,1.002817795563898,9.992464446438499,6.610716320235906
19200.04999985096,0.10239153408032009,19.85442516006635,2.373265748864644e-05,1.001882036473484,9.988626775161345,6.621204313222306
19210.04999985085,0.10422198383467689,19.9289482114488,1.5338146322485566e-05,1.0009508252853125,9.989961624114201,6.619915097430256
19220.04999985074,0.1036912095942839,20.00153677777532,6.204368107210927e-06,0.999658788274195,10.008062069014146,6.619750419479135
19230.04999985063,0.10161999409583972,19.951714956786944,1.7433254129886972e-05,1.0011390946174392,9.988888075759403,6.634202792159297
19240.049999850522,0.10443545711604289,19.78308574450155,2.5816966152534473e-05,1.0021492974467292,9.990275733552537,6.604331222892914
19250.049999850413,0.10278046790162507,19.788100290077367,2.5049863110322797e-05,1.0021203371735896,9.990488170691643,6.613654450400347
19260.049999850304,0.1013500672659486,19.95263172382013,1.709834793956189e-05,1.0011481921752088,9.988903776406405,6.635632229788453
19270.049999850195,0.10295870750822406,19.97134957795598,5.42774753017888e-06,0.9997157654053216,10.006145840828953,6.624283904619533
19280.049999850085,0.10083905097026265,19.927340544350685,1.5511505494743246e-05,1.000940114199717,9.989917967804244,6.638782749513632
19290.049999849976,0.10114040119600566,19.8566342100584,2.444863922141811e-05,1.0019301686210842,9.98861154046112,6.627793269685742
19300.049999849867,0.09787914487065803,19.846046603193567,3.017726589315406e-05,1.0027910039618162,9.99343764766175,6.6337616515961875
19310.049999849758,0.09800561251633051,19.98889376427149,1.9508575767743904e-05,1.0013982881007513,9.988557621824885,6.6533147174312735
19320.04999984965,0.10158987958487344,19.841058934389224,1.1998494938065273e-05,1.000747368964601,9.993607361652137,6.630864781305822
19330.04999984954,0.0991603526002678,19.902608202044,1.2872111030176664e-05,1.0007526283428838,9.992031875675073,6.647300439182423
19340.04999984943,0.09605286054228722,19.94493411452567,2.3489137319240876e-05,1.0017517872236354,9.987952037005119,6.660631623049283
19350.04999984932,0.09371092852650698,20.09493808683275,3.5656350532118826e-05,1.0028981571517663,10.00152770007053,6.655089128622268
19360.049999849212,0.09468645339075027,20.032492160326314,2.346523388262104e-05,1.0016679172617087,9.98894785105819,6.670351691303957
19370.049999849103,0.0956711954583274,19.879122167581304,1.3404917761476422e-05,1.0009555111518402,9.989643550163535,6.666717226203501
19380.049999848994,0.09386846414594543,19.878053468700866,7.935067473387325e-06,1.000502061686788,9.995586001323039,6.6755409993992
19390.04999984889,0.09078941548215054,20.033619291259946,1.992988444978963e-05,1.0014436251974015,9.988157517462001,6.695292143360293
19400.04999984878,0.09569795241519703,20.045476927562767,3.097048715280966e-05,1.0020526507423384,9.997708838412466,6.653580779242477
19410.04999984867,0.09147516082498006,20.05889289622633,2.685194500883779e-05,1.0018001172003104,9.990434549736262,6.686730281470135
19420.04999984856,0.08872495809823099,19.967775258655518,1.5078197805416918e-05,1.0010960256508254,9.988265253351168,6.708522601190709
19430.049999848452,0.0821935244966336,20.016641257404814,1.0593230037142718e-06,1.0000142150867501,10.002109807122952,6.7447317965771605
19440.049999848343,0.08609200859767678,20.114185876295466,1.4983556903060083e-05,1.0011094238946106,9.989005473128088,6.726583705303687
19450.049999848234,0.08944064873588536,19.9801518969558,2.6776367141660466e-05,1.0018372589097186,9.990207306704892,6.696302468364402
19460.049999848125,0.08737005995774426,20.027114667629665,2.5339478304054714e-05,1.001694155931303,9.99328586398538,6.70785149546791
19470.049999848015,0.0830182208167231,20.057079031365646,1.9308998122087076e-05,1.0013784440569546,9.987765078281642,6.741770815532399
19480.049999847906,0.08370621846836097,20.23082274082858,1.5390627737248444e-06,0.9999076598185108,10.006877181542492,6.737847775912549
19490.049999847797,0.0825583532271228,20.173327758161662,1.441693950388328e-05,1.0010019017533742,9.990430451105908,6.748315579477201
19500.049999847688,0.0820604147976335,20.010166238829957,2.319662635617733e-05,1.0016778176157912,9.987766370576782,6.743503468423265
19510.04999984758,0.08045685319453433,19.96642469926547,2.8206609423480136e-05,1.0020618122480431,9.99556770044109,6.741210108170582
19520.04999984747,0.07916495479286964,20.133110762807885,2.2183078117440272e-05,1.0016501225001815,9.987930212683604,6.7637117377372435
19530.04999984736,0.08255056138840905,20.152734782207432,1.0553981311470107e-05,1.0005006102375487,9.99581579683782,6.747407884525723
19540.04999984725,0.0795937080933333,20.180214181271044,1.6025772439011117e-05,1.0010709170422791,9.992681406360003,6.763214666605926
19550.049999847142,0.0773781375398747,20.058790036703613,2.0528809776091336e-05,1.0014820642093325,9.987366397089886,6.774454457974377
19560.049999847033,0.07592004608899683,20.168891671100447,3.849321310055006e-05,1.0035448826247706,9.997185124701588,6.758229972404274
19570.049999846924,0.07719562553232719,20.186721968252815,2.3329994682513947e-05,1.0018215326734243,9.988919551099626,6.774257189031411
19580.049999846815,0.07739075031717711,20.07932717105211,1.4552849373423162e-05,1.0008659621765998,9.989945327498205,6.778087992879151
19590.04999984671,0.07627538958187668,20.074733217598435,1.5005993782831225e-05,1.0008652811253003,9.995885647188409,6.779128401442517
19600.0499998466,0.07592420579124376,20.093154350938928,1.8527024285231233e-05,1.0012781217333484,9.987794495682355,6.785413387410006
19610.04999984649,0.07693324221125442,20.25004267671015,3.229325847512114e-05,1.0028254769204292,9.99603029240919,6.761800168148375
19620.049999846382,0.07626387312234052,20.20436458325268,2.413655903127442e-05,1.0019191818667441,9.99107019374745,6.777366518738375
19630.049999846273,0.0752580604553873,20.04141222117964,1.657363919862238e-05,1.0010956685108126,9.988024409604359,6.789521782542318
19640.049999846164,0.07798288486235586,19.99183780400301,6.459690316704967e-06,0.999718130826584,10.004513019423396,6.769403387301452
19650.049999846055,0.0767609093903232,20.107991706991527,1.6407108585134063e-05,1.0010797345372906,9.98881448660039,6.781661772262081
19660.049999845945,0.07516746009786768,20.12040669487497,2.6967971483849964e-05,1.0021042942263874,9.990183458929051,6.780916443317134
19670.049999845836,0.07461667245392227,20.141587557075912,2.5715317926340846e-05,1.0020211439175222,9.994236432174315,6.781750991700681
19680.049999845727,0.0763845618333362,20.008784520052544,1.8869608171877888e-05,1.0013266430383228,9.987460156260411,6.780419252500839
19690.049999845618,0.0793926999140681,20.165753103759386,3.981814274769335e-06,1.0000070063145616,10.004313440686536,6.762978008555219
19700.04999984551,0.07817059961945742,20.110070558750827,1.3799787189145756e-05,1.0009276619244873,9.990604655807234,6.773070434232891
19710.0499998454,0.07586565926582761,20.011082361414747,2.398388188391906e-05,1.0017396174624003,9.98785648283266,6.779457778668153
19720.04999984529,0.07578984296227735,19.924933333106747,3.0613546229286886e-05,1.0023238820062768,9.99531850706257,6.7656160565185965
19730.04999984518,0.07919058609731597,19.97861528743713,2.254962885408581e-05,1.00157205892401,9.987581156602396,6.760709132886844
19740.049999845072,0.0769514838938326,20.124815713107115,9.035071807559686e-06,1.0006578583028902,9.994663096190115,6.7793711010574045
19750.049999844963,0.07829614558562706,20.102494690914288,1.239798696907987e-05,1.0009438829142823,9.99363384627844,6.769195807418021
19760.049999844854,0.07862316355253643,19.93579244544853,1.9554439934700986e-05,1.001401383310344,9.987412422949209,6.764688028590616
19770.049999844745,0.08526814202199448,19.895410281901135,3.569462447365239e-05,1.0024559836958964,9.999021300782221,6.704731528010601
19780.049999844636,0.08173216974175908,19.965097293318784,2.4866150823865687e-05,1.0016882426245497,9.988573218984254,6.743465683266465
19790.04999984453,0.07801601695221916,20.009531249281395,1.4780569706652856e-05,1.001054597148347,9.990042656413156,6.770831140341041
19800.04999984442,0.07717531645266953,20.024450737536846,1.3379812800151391e-05,1.0011432676210208,9.997637683517642,6.768403752159178
19810.049999844312,0.08152035466936293,19.886007772745046,1.5934485728017758e-05,1.0011377286353345,9.987645187662519,6.748555737494421
19820.049999844203,0.08282705372065421,20.038683672295505,3.022755933269488e-05,1.0021778521665954,9.995525524002835,6.728125639609114
19830.049999844094,0.08244675142761543,19.98605360813516,2.248445238156961e-05,1.0015552048646907,9.991254125395455,6.738539247670894
19840.049999843985,0.08061631979494881,19.919902499981962,1.955152426604225e-05,1.00139961552396,9.988151081990425,6.751879046603121
19850.049999843875,0.0827229469702257,19.799672659511124,7.478432155255259e-06,1.0004760078777128,10.001850607137117,6.732368525392403
19860.049999843766,0.08312351842709229,19.86424041133443,1.5791243469858496e-05,1.0010646546232982,9.988169185903963,6.738808613716024
19870.049999843657,0.0807926729764196,20.011592387993197,2.443054509514301e-05,1.0018591503713428,9.990766675105037,6.74658048183692
19880.049999843548,0.0816285195459213,20.03192461231943,1.9705855171133704e-05,1.0013674525686038,9.997309488819628,6.740618394682144
19890.04999984344,0.08220463394204686,19.866655555596182,2.16793329451699e-05,1.0016273434096952,9.987390600854237,6.739890282672808
19900.04999984333,0.08565288215714308,19.869189268442984,7.408865606372964e-06,1.0000463570199707,10.00162103284811,6.721080473307202
19910.04999984322,0.08236619970405033,19.885140770710567,1.680931045332298e-05,1.001117132466923,9.989252939440412,6.742285253823821
19920.04999984311,0.08099345916938347,19.96038023546266,2.1085655754497492e-05,1.001571515090587,9.98883792242951,6.748489036105574
19930.049999843002,0.08232349301214362,19.934427104651864,2.458133568343468e-05,1.00210834951787,10.001313967260577,6.723849648869537
19940.049999842893,0.08172288097829963,19.850394557581772,2.2455707398420105e-05,1.0017392874593651,9.987264590874098,6.741416200088806
19950.049999842784,0.08125102441332967,19.9965715285515,1.2015795351871555e-05,1.0005650968917401,9.994743782384878,6.751526418594142
19960.049999842675,0.07955404945135411,19.97338733359639,1.7316040831855375e-05,1.0011549261412664,9.992333787186471,6.757824361858228
19970.049999842566,0.08053888595891684,19.937972806651878,1.8838753639840985e-05,1.0013267421184577,9.988220002477181,6.753377915160864
19980.049999842457,0.0803965996817827,19.77179347053573,3.418634244222332e-05,1.003201735573206,9.992356186996624,6.729455568548401
19990.04999984235,0.07887887447529753,19.872435010346766,2.287069545599868e-05,1.0017660607559868,9.987752473871948,6.757994158912333
20000.049999842242,0.0786473611684117,20.036399942916738,1.4963030085787667e-05,1.0009441866150801,9.99103441200247,6.767851838565492
