method,time,time_over_reference_period,rel_energy_error
whfast,0.0,0.0,2.220446049250313e-16
whfast,0.4749641646894904,0.12499999999999999,0.0008916412367544401
whfast,0.9499283293789812,0.2500000000000001,0.004168201371967193
whfast,1.424892494068472,0.37500000000000017,0.004772332147651588
whfast,1.8998566587579628,0.5000000000000003,0.0013217245751064542
whfast,2.374820823447452,0.625,0.00010191852865972146
whfast,2.849784988136941,0.7499999999999996,0.00019215822306602962
whfast,3.3247491528264295,0.8749999999999991,0.00021382166796669904
whfast,3.799713317515918,0.9999999999999986,1.4506693192126414e-06
whfast,4.274677482205407,1.1249999999999982,0.0008856162931901236
whfast,4.749641646894895,1.2499999999999976,0.0041544734302257575
whfast,5.224605811584384,1.3749999999999971,0.004777623667863398
whfast,5.699569976273873,1.4999999999999967,0.0013300525885646195
whfast,6.174534140963361,1.6249999999999962,0.00010387618747386741
whfast,6.64949830565285,1.7499999999999958,0.0001917141501380756
whfast,7.124462470342339,1.8749999999999953,0.00021408995338380828
whfast,7.599426635031827,1.999999999999995,2.8936666992174587e-06
whfast,8.074390799721316,2.1249999999999942,0.0008796233199969394
whfast,8.549354964410805,2.249999999999994,0.004140660231639554
whfast,9.024319129100293,2.3749999999999933,0.004782731188179799
whfast,9.499283293789782,2.499999999999993,0.0013384228233144866
whfast,9.97424745847927,2.6249999999999925,0.00010584447031677456
whfast,10.44921162316876,2.749999999999992,0.000191265534898755
whfast,10.924175787858248,2.8749999999999916,0.00021435398960113823
whfast,11.399139952547737,2.999999999999991,4.3276530718699916e-06
whfast,11.874104117237225,3.1249999999999907,0.0008736642220161249
whfast,12.349068281926714,3.2499999999999902,0.00412676160661822
whfast,12.824032446616203,3.37499999999999,0.004787653787216319
whfast,13.298996611305691,3.4999999999999893,0.0013468373701288883
whfast,13.77396077599518,3.624999999999989,0.00010782355965911601
whfast,14.248924940684669,3.7499999999999885,0.000190813061986452
whfast,14.723889105374157,3.874999999999988,0.0002146154487759298
whfast,15.198853270063646,3.9999999999999876,5.752968281981782e-06
whfast,15.673817434753134,4.124999999999987,0.0008677388018057497
whfast,16.148781599442625,4.249999999999987,0.004112782502362458
whfast,16.623745764132114,4.374999999999987,0.004792392912588485
whfast,17.098709928821602,4.499999999999986,0.0013552940922981543
whfast,17.57367409351109,4.624999999999986,0.00010981266269198756
whfast,18.04863825820058,4.749999999999985,0.00019035733260012384
whfast,18.523602422890068,4.874999999999985,0.00021487138285529488
whfast,18.998566587579557,4.999999999999984,7.170135007677947e-06
whfast,19.473530752269046,5.124999999999984,0.0008618454107194437
whfast,19.948494916958534,5.249999999999983,0.004098725583309665
whfast,20.423459081648023,5.374999999999983,0.0047969482265962995
whfast,20.89842324633751,5.499999999999982,0.0013637936561288998
whfast,21.373387411027,5.624999999999981,0.00011181293563686079
whfast,21.84835157571649,5.749999999999981,0.000189896876065435
whfast,22.323315740405977,5.8749999999999805,0.00021512464480639594
whfast,22.798279905095466,5.9999999999999805,8.579710166555139e-06
whfast,23.273244069784955,6.12499999999998,0.0008559872587029225
whfast,23.748208234474443,6.24999999999998,0.004084594186111682
whfast,24.223172399163932,6.374999999999979,0.0048013193954001745
whfast,24.69813656385342,6.499999999999979,0.0013723342951346821
whfast,25.17310072854291,6.624999999999978,0.00011382389304390372
whfast,25.648064893232398,6.749999999999978,0.00018943203290895262
whfast,26.123029057921887,6.874999999999977,0.000215373637053337
whfast,26.597993222611375,6.999999999999977,9.980026089668475e-06
whfast,27.072957387300864,7.124999999999976,0.000850161899237304
whfast,27.547921551990353,7.249999999999976,0.004070391092669119
whfast,28.02288571667984,7.374999999999975,0.004805506729465869
whfast,28.49784988136933,7.499999999999975,0.0013809180905226402
whfast,28.97281404605882,7.624999999999974,0.00011584488237391346
whfast,29.447778210748307,7.749999999999974,0.00018896479513061523
whfast,29.922742375437796,7.874999999999973,0.00021561892245580493
whfast,30.397706540127285,7.9999999999999725,1.1371553616293584e-05
whfast,30.872670704816773,8.124999999999972,0.0008443706471101931
whfast,31.347634869506262,8.249999999999972,0.004056120869354962
whfast,31.82259903419575,8.374999999999972,0.004809512315365143
whfast,32.297563198885264,8.499999999999977,0.0013895424483147292
whfast,32.77252736357479,8.624999999999986,0.00011787514904822697
whfast,33.24749152826431,8.749999999999995,0.00018849164334481546
whfast,33.72245569295384,8.875000000000004,0.00021586069122274336
whfast,34.19741985764336,9.000000000000012,1.275512783301468e-05
whfast,34.672384022332885,9.125000000000021,0.0008386122723873437
whfast,35.14734818702241,9.25000000000003,0.0040417864190781996
whfast,35.62231235171193,9.375000000000039,0.004813337092701116
whfast,36.09727651640146,9.500000000000048,0.0013982086356536644
whfast,36.57224068109098,9.625000000000057,0.0001199163020194825
whfast,37.047204845780506,9.750000000000066,0.0001880157436406049
whfast,37.52216901047003,9.875000000000075,0.00021609944944820674
whfast,37.997133175159554,10.000000000000083,1.4130747055697258e-05
whfast,38.47209733984908,10.125000000000092,0.000832888561972312
whfast,38.9470615045386,10.250000000000101,0.004027390442940847
whfast,39.42202566922813,10.37500000000011,0.004816980399357255
whfast,39.89698983391765,10.500000000000119,0.0014069159934755149
whfast,40.371953998607175,10.625000000000128,0.00012196777037211586
whfast,40.8469181632967,10.750000000000137,0.00018753568931339425
whfast,41.32188232798622,10.875000000000146,0.00021633396679221384
whfast,41.79684649267575,11.000000000000155,1.5497671928823465e-05
whfast,42.27181065736527,11.125000000000163,0.0008271975938989536
whfast,42.746774822054796,11.250000000000172,0.00401293539497618
whfast,43.22173898674432,11.375000000000181,0.004820447605645907
whfast,43.696703151433844,11.50000000000019,0.0014156641114935697
whfast,44.17166731612337,11.625000000000199,0.00012402850472829465
whfast,44.64663148081289,11.750000000000208,0.00018705261111147427
whfast,45.12159564550242,11.875000000000217,0.0002165646965774038
whfast,45.59655981019194,12.000000000000226,1.6855979406738948e-05
whfast,46.071523974881465,12.125000000000234,0.000821540636551753
whfast,46.54648813957099,12.250000000000243,0.003998426086490804
whfast,47.021452304260514,12.375000000000252,0.004823737009051023
whfast,47.49641646895004,12.500000000000261,0.0014244524738476903
whfast,47.97138063363956,12.62500000000027,0.0001260989451093137
whfast,48.446344798329086,12.750000000000279,0.0001865652746120873
whfast,48.92130896301861,12.875000000000288,0.0002167922186707226
whfast,49.396273127708135,13.000000000000297,1.820770372957008e-05
whfast,49.87123729239766,13.125000000000306,0.0008159171105811145
whfast,50.34620145708718,13.250000000000314,0.003983865011914815
whfast,50.82116562177671,13.375000000000323,0.004826852100520555
whfast,51.29612978646623,13.500000000000332,0.0014332823691013792
whfast,51.771093951155756,13.625000000000341,0.00012817924506725706
whfast,52.24605811584528,13.75000000000035,0.00018607519376618025
whfast,52.721022280534804,13.875000000000359,0.00021701734246320578
whfast,53.19598644522433,14.000000000000368,1.9549130893548332e-05
whfast,53.67095060991385,14.125000000000377,0.0008103264782019074
whfast,54.145914774603376,14.250000000000385,0.003969253875519285
whfast,54.6208789392929,14.375000000000394,0.004829794002334072
whfast,55.095843103982425,14.500000000000403,0.0014421534046328065
whfast,55.57080726867195,14.625000000000412,0.00013026952161305795
whfast,56.04577143336147,14.750000000000421,0.0001855811697953489
whfast,56.520735598051,14.87500000000043,0.00021723839784481842
whfast,56.99569976274052,15.000000000000439,2.0883823976323837e-05
whfast,57.470663927430046,15.125000000000448,0.0008047680793407111
whfast,57.94562809211957,15.250000000000457,0.003954596507922665
whfast,58.420592256809094,15.375000000000465,0.004832565750159535
whfast,58.89555642149862,15.500000000000474,0.0014510651466881318
whfast,59.37052058618814,15.625000000000483,0.00013236786625170854
whfast,59.84548475087767,15.750000000000492,0.000185083686321355
whfast,60.32044891556719,15.875000000000501,0.00021745591258465877
whfast,60.795413080256715,16.00000000000051,2.2210236359135927e-05
whfast,61.27037724494624,16.12500000000052,0.0007992430391954552
whfast,61.74534140963576,16.25000000000053,0.003939895027892212
whfast,62.22030557432529,16.375000000000536,0.004835168490653796
whfast,62.69526973901481,16.500000000000547,0.0014600169935495395
whfast,63.170233903704336,16.625000000000554,0.00013447776940497791
whfast,63.64519806839386,16.750000000000565,0.00018458321948108556
whfast,64.12016223308336,16.87500000000057,0.00021767129584995346
whfast,64.59512639777282,17.000000000000558,2.3529249347675206e-05
whfast,65.07009056246227,17.125000000000547,0.0007937506431427924
whfast,65.54505472715172,17.250000000000536,0.003925152260704047
whfast,66.02001889184118,17.37500000000053,0.004837605743325716
whfast,66.49498305653063,17.50000000000052,0.0014690108177466297
whfast,66.96994722122008,17.625000000000508,0.00013659591773473745
whfast,67.44491138590953,17.750000000000497,0.0001840803149360597
whfast,67.91987555059899,17.87500000000049,0.00021788281030318986
whfast,68.39483971528844,18.00000000000048,2.4840445705159462e-05
whfast,68.8698038799779,18.12500000000047,0.0007882900471613478
whfast,69.34476804466735,18.25000000000046,0.003910368758792644
whfast,69.8197322093568,18.375000000000448,0.00483987948843908
whfast,70.29469637404625,18.50000000000044,0.0014780464313339996
whfast,70.7696605387357,18.62500000000043,0.00013872390878736334
whfast,71.24462470342516,18.75000000000042,0.00018357359666349007
whfast,71.71958886811461,18.87500000000041,0.0002180917085691807
whfast,72.19455303280407,19.0000000000004,2.6144792719499505e-05
whfast,72.66951719749352,19.12500000000039,0.0007828602469618105
whfast,73.14448136218297,19.25000000000038,0.0038955497025762106
whfast,73.61944552687243,19.37500000000037,0.004841991708606761
whfast,74.09440969156188,19.500000000000362,0.0014871225900592428
whfast,74.56937385625133,19.62500000000035,0.00014086107366453548
whfast,75.04433802094078,19.75000000000034,0.0001830635697259634
whfast,75.51930218563024,19.87500000000033,0.00021829736896462703
whfast,75.99426635031969,20.000000000000323,2.7441260847339023e-05
whfast,76.46923051500914,20.125000000000313,0.0007774624383111384
whfast,76.9441946796986,20.250000000000302,0.0038806940723175526
whfast,77.41915884438805,20.37500000000029,0.004843944304994679
whfast,77.8941230090775,20.50000000000028,0.0014962421214723641
whfast,78.36908717376696,20.625000000000274,0.0001430076869749863
whfast,78.84405133845641,20.750000000000263,0.00018255085859887369
whfast,79.31901550314586,20.875000000000252,0.0002185013632250785
whfast,79.79397966783532,21.00000000000024,2.8730375872841896e-05
whfast,80.26894383252477,21.125000000000234,0.0007720958636095258
whfast,80.74390799721422,21.250000000000224,0.003865805147446509
whfast,81.21887216190368,21.375000000000213,0.0048457412106891
whfast,81.69383632659313,21.500000000000203,0.0015054034930118252
whfast,82.16880049128258,21.625000000000195,0.0001451631132475352
whfast,82.64376465597203,21.750000000000185,0.0001820360145063828
whfast,83.11872882066149,21.875000000000174,0.00021870115851157167
whfast,83.59369298535094,22.000000000000163,3.001270572684464e-05
whfast,84.0686571500404,22.125000000000156,0.00076675841933182
whfast,84.54362131472985,22.250000000000146,0.0038508839489131697
whfast,85.0185854794193,22.375000000000135,0.004847384387720729
whfast,85.49354964410875,22.500000000000124,0.0015146080847991347
whfast,85.9685138087982,22.625000000000117,0.00014732853315851068
whfast,86.44347797348766,22.750000000000107,0.00018151773085121802
whfast,86.91844213817711,22.875000000000096,0.00021889932008287472
whfast,87.39340630286657,23.000000000000085,3.128899110725994e-05
whfast,87.86837046755602,23.125000000000075,0.0007614527538889913
whfast,88.34333463224547,23.250000000000068,0.003835931983383781
whfast,88.81829879693493,23.375000000000057,0.0048488755849945145
whfast,89.29326296162438,23.500000000000046,0.001523855041962791
whfast,89.76822712631383,23.625000000000036,0.00014950359986002344
whfast,90.24319129100328,23.75000000000003,0.000180996337104043
whfast,90.71815545569274,23.875000000000018,0.00021909449481125046
whfast,91.19311962038219,24.000000000000007,3.255780300505896e-05
whfast,91.66808378507164,24.124999999999996,0.0007561758970978138
whfast,92.1430479497611,24.24999999999999,0.0038209500159175976
whfast,92.61801211445055,24.37499999999998,0.004850216933697993
whfast,93.09297627914,24.499999999999968,0.001533146931560975
whfast,93.56794044382946,24.624999999999957,0.0001516879466634594
whfast,94.04290460851891,24.74999999999995,0.00018047368035445984
whfast,94.51786877320836,24.87499999999994,0.00021928726452293795
whfast,94.99283293789782,24.99999999999993,3.381974753132969e-05
whfast,95.46779710258727,25.12499999999992,0.0007509286289926781
whfast,95.94276126727672,25.249999999999908,0.003805940387345873
whfast,96.41772543196618,25.3749999999999,0.004851411791663325
whfast,96.89268959665563,25.49999999999989,0.0015424822043825738
whfast,97.36765376134508,25.62499999999988,0.00015388097513588421
whfast,97.84261792603454,25.74999999999987,0.0001799463474526518
whfast,98.31758209072399,25.87499999999986,0.00021947777896757473
whfast,98.79254625541344,25.99999999999985,3.5075705911606904e-05
whfast,99.2675104201029,26.12499999999984,0.0007457094120182511
whfast,99.74247458479235,26.24999999999983,0.003790903772237307
whfast,100.2174387494818,26.374999999999822,0.004852462268386196
whfast,100.69240291417125,26.49999999999981,0.0015518626745647363
whfast,101.1673670788607,26.6249999999998,0.00015608437841597604
whfast,101.64233124355016,26.74999999999979,0.0001794173612244072
whfast,102.11729540823961,26.874999999999783,0.00021966657048184902
whfast,102.59225957292907,26.999999999999773,3.632565233851164e-05
whfast,103.06722373761852,27.124999999999762,0.0007405194322288441
whfast,103.54218790230797,27.24999999999975,0.0037758407312259686
whfast,104.01715206699743,27.37499999999974,0.004853368759265016
whfast,104.49211623168688,27.499999999999734,0.001561288383795825
whfast,104.96708039637633,27.624999999999723,0.00015829776661151372
whfast,105.44204456106579,27.749999999999712,0.00017888536778438695
whfast,105.91700872575524,27.8749999999997,0.00021985250794534871
whfast,106.39197289044469,27.999999999999694,3.756911017396738e-05
whfast,106.86693705513414,28.124999999999684,0.000735356655583643
whfast,107.3419012198236,28.249999999999673,0.0037607514319123302
whfast,107.81686538451305,28.374999999999662,0.004854137038360322
whfast,108.2918295492025,28.499999999999655,0.001570759657285531
whfast,108.76679371389196,28.624999999999645,0.0001605203385558386
whfast,109.24175787858141,28.749999999999634,0.00017835134154769184
whfast,109.71672204327086,28.874999999999623,0.00022003605358727644
whfast,110.19168620796032,28.999999999999616,3.8806199490127814e-05
whfast,110.66665037264977,29.124999999999606,0.0007302219009747357
whfast,111.14161453733922,29.249999999999595,0.003745638338996428
whfast,111.61657870202868,29.374999999999584,0.004854766057680422
whfast,112.09154286671813,29.499999999999577,0.0015802765477923415
whfast,112.56650703140758,29.624999999999567,0.00016275285681109216
whfast,113.04147119609704,29.749999999999556,0.00017781412432838582
whfast,113.51643536078649,29.874999999999545,0.0002202176671117104
whfast,113.99139952547594,29.999999999999535,4.0038813492489996e-05
whfast,114.4663636901654,30.124999999999527,0.0007251143596676321
whfast,114.94132785485485,30.249999999999517,0.0037305017564658333
whfast,115.4162920195443,30.374999999999506,0.004855259403220637
whfast,115.89125618423375,30.499999999999496,0.0015898407743827623
whfast,116.3662203489232,30.62499999999949,0.00016499547288926301
whfast,116.84118451361266,30.749999999999478,0.00017727499462222502
whfast,117.31614867830211,30.874999999999467,0.00022039812809020585
whfast,117.79111284299157,30.999999999999456,4.1263562339563974e-05
whfast,118.26607700768102,31.12499999999945,0.0007200334218431747
whfast,118.74104117237047,31.24999999999944,0.003715341361322251
whfast,119.21600533705993,31.374999999999428,0.004855618354357146
whfast,119.69096950174938,31.499999999999417,0.0015994523776387039
whfast,120.16593366643883,31.62499999999941,0.0001672484995733018
whfast,120.64089783112829,31.7499999999994,0.00017673282055528935
whfast,121.11586199581774,31.87499999999939,0.0002205758522171831
whfast,121.59082616050719,31.99999999999938,4.2483711060286945e-05
whfast,122.06579032519664,32.12499999999937,0.0007149782853969678
whfast,122.5407544898861,32.24999999999936,0.0037001591489373357
whfast,123.01571865457555,32.374999999999346,0.004855845800701473
whfast,123.490682819265,32.49999999999934,0.0016091113801341617
whfast,123.96564698395446,32.62499999999933,0.00016951038614120153
whfast,124.44061114864391,32.74999999999932,0.00017618801271336568
whfast,124.91557531333336,32.87499999999931,0.00022075133680467634
whfast,125.39053947802282,32.999999999999304,4.36978620137126e-05
whfast,125.86550364271227,33.12499999999929,0.0007099499253545461
whfast,126.34046780740172,33.24999999999928,0.003684955239887663
whfast,126.81543197209118,33.37499999999927,0.004855942845028168
whfast,127.29039613678063,33.49999999999926,0.0016188174883632338
whfast,127.76536030147008,33.624999999999254,0.0001717844552895004
whfast,128.24032446615962,33.74999999999926,0.00017564085793972544
whfast,128.71528863084922,33.87499999999929,0.00022092588995589697
whfast,129.1902527955388,33.99999999999932,4.490680425671925e-05
whfast,129.6652169602284,34.124999999999346,0.0007049476152728081
whfast,130.140181124918,34.249999999999375,0.0036697308291020023
whfast,130.6151452896076,34.3749999999994,0.004855912672032996
whfast,131.0901094542972,34.49999999999943,0.001628572633004056
whfast,131.5650736189868,34.62499999999946,0.00017406788211182835
whfast,132.04003778367638,34.74999999999948,0.0001750918522262017
whfast,132.51500194836598,34.87499999999951,0.00022109763266370497
whfast,132.98996611305557,34.99999999999954,4.6110091400578726e-05
whfast,133.46493027774517,35.12499999999957,0.0006999706535080497
whfast,133.93989444243476,35.249999999999595,0.0036544852026383304
whfast,134.41485860712436,35.37499999999962,0.004855757016331401
whfast,134.88982277181395,35.49999999999965,0.0016383767139419862
whfast,135.36478693650355,35.62499999999968,0.00017636222169308325
whfast,135.83975110119314,35.74999999999971,0.00017453962958500108
whfast,136.31471526588274,35.87499999999973,0.0002212679016434986
whfast,136.78967943057233,35.99999999999976,4.7308559572177353e-05
whfast,137.26464359526193,36.12499999999979,0.0006950181925557804
whfast,137.73960775995153,36.249999999999815,0.0036392219918664256
whfast,138.21457192464112,36.374999999999844,0.004855477745890567
whfast,138.68953608933072,36.49999999999987,0.0016482285569715555
whfast,139.1645002540203,36.6249999999999,0.00017866696892155065
whfast,139.6394644187099,36.74999999999993,0.00017398462832376416
whfast,140.1144285833995,36.87499999999995,0.00022143602755545421
whfast,140.5893927480891,36.99999999999998,4.8501211701185284e-05
whfast,141.0643569127787,37.12500000000001,0.0006900914413412286
whfast,141.5393210774683,37.250000000000036,0.003623939485830605
whfast,142.01428524215788,37.375000000000064,0.004855076539114718
whfast,142.48924940684748,37.50000000000009,0.0016581309265060401
whfast,142.96421357153707,37.62500000000012,0.00018098252729547434
whfast,143.43917773622667,37.75000000000015,0.0001734273190268624
whfast,143.91414190091626,37.87500000000018,0.00022160336391903834
whfast,144.38910606560586,38.0000000000002,4.96884935822725e-05
whfast,144.86407023029545,38.12500000000023,0.0006851898401434981
whfast,145.33903439498505,38.250000000000256,0.003608639996340321
whfast,145.81399855967464,38.375000000000284,0.004854557135239473
whfast,146.28896272436424,38.50000000000031,0.0016680820436852635
whfast,146.76392688905383,38.62500000000034,0.00018330838355590218
whfast,147.23889105374343,38.75000000000037,0.00017286810774783017
whfast,147.71385521843303,38.8750000000004,0.00022176759381701752
whfast,148.18881938312262,39.00000000000042,5.087076417073845e-05
whfast,148.66378354781222,39.12500000000045,0.0006803116209807663
whfast,149.1387477125018,39.250000000000476,0.003593324007249831
whfast,149.6137118771914,39.375000000000504,0.004853921474547664
whfast,150.088676041881,39.50000000000053,0.0016780829883872165
whfast,150.5636402065706,39.62500000000056,0.00018564568966591906
whfast,151.0386043712602,39.75000000000059,0.00017230577207543466
whfast,151.5135685359498,39.87500000000062,0.00022193092145264822
whfast,151.98853270063938,40.00000000000065,5.2048680862109396e-05
whfast,152.46349686532898,40.12500000000067,0.0006754596432710171
whfast,152.93846103001857,40.250000000000696,0.003577992750062669
whfast,153.41342519470817,40.375000000000725,0.00485317150693479
whfast,153.88838935939776,40.50000000000075,0.0016881326999872545
whfast,154.36335352408736,40.62500000000078,0.00018799414405426456
whfast,154.83831768877695,40.75000000000081,0.00017174057288956611
whfast,155.31328185346655,40.87500000000084,0.00022209209958491823
whfast,155.78824601815614,41.00000000000087,5.322080156213128e-05
whfast,156.26321018284574,41.12500000000089,0.0006706312656380324
whfast,156.73817434753533,41.25000000000092,0.0035626468833982457
whfast,157.21313851222493,41.375000000000945,0.004852309727166006
whfast,157.68810267691453,41.50000000000097,0.0016982331107614594
whfast,158.16306684160412,41.625000000001,0.0001903535250422095
whfast,158.63803100629372,41.75000000000103,0.0001711741677119143
whfast,159.1129951709833,41.87500000000106,0.00022225162657779943
whfast,159.5879593356729,42.00000000000109,5.438763156114545e-05
whfast,160.0629235003625,42.125000000001116,0.0006658275144641844
whfast,160.5378876650521,42.25000000000114,0.0035472887412030317
whfast,161.0128518297417,42.375000000001165,0.0048513397734986745
whfast,161.4878159944313,42.500000000001194,0.0017083824493267722
whfast,161.96278015912088,42.62500000000122,0.00019272324405060086
whfast,162.43774432381048,42.75000000000125,0.00017060324169927387
whfast,162.91270848850007,42.87500000000128,0.00022240950869551376
whfast,163.38767265318967,43.00000000000131,5.554988379944236e-05
whfast,163.86263681787926,43.125000000001336,0.0006610472926711593
whfast,164.33760098256886,43.25000000000136,0.003531919270273055
whfast,164.81256514725845,43.375000000001386,0.004850264388789323
whfast,165.28752931194805,43.500000000001414,0.001718581855724174
whfast,165.76249347663764,43.62500000000144,0.0001951048945794533
whfast,166.23745764132724,43.75000000000147,0.00017003063055901426
whfast,166.71242180601683,43.8750000000015,0.00022256622215725879
whfast,167.18738597070643,44.00000000000153,5.670731023757999e-05
whfast,167.66235013539603,44.125000000001556,0.0006562919706033932
whfast,168.13731430008562,44.250000000001585,0.0035165395928417717
whfast,168.61227846477522,44.375000000001606,0.004849084942003145
whfast,169.0872426294648,44.500000000001634,0.0017288308271423373
whfast,169.5622067941544,44.62500000000166,0.0001974980653295499
whfast,170.037170958844,44.75000000000169,0.00016945504203874127
whfast,170.5121351235336,44.87500000000172,0.00022272066150541924
whfast,170.9870992882232,45.00000000000175,5.785950076187214e-05
whfast,171.4620634529128,45.125000000001776,0.0006515600450562078
whfast,171.93702761760238,45.250000000001805,0.0035011504976973657
whfast,172.41199178229198,45.375000000001826,0.004847807987438908
whfast,172.88695594698157,45.500000000001855,0.0017391291958224167
whfast,173.36192011167117,45.62500000000188,0.00019990197782178195
whfast,173.83688427636076,45.75000000000191,0.00016887732331607335
whfast,174.31184844105036,45.87500000000194,0.0002228732368978532
whfast,174.78681260573995,46.00000000000197,5.900646319031423e-05
whfast,175.26177677042955,46.125000000002,0.0006468525318510129
whfast,175.73674093511914,46.250000000002025,0.0034857550726819226
whfast,176.21170509980874,46.37500000000205,0.00484643389972324
whfast,176.68666926449833,46.500000000002075,0.0017494764025033354
whfast,177.16163342918793,46.6250000000021,0.00020231747475064318
whfast,177.63659759387753,46.75000000000213,0.0001682963723158854
whfast,178.11156175856712,46.87500000000216,0.00022302425060028954
whfast,178.58652592325672,47.00000000000219,6.0149825451361984e-05
whfast,179.0614900879463,47.12500000000222,0.0006421689542999576
whfast,179.5364542526359,47.250000000002245,0.0034703544587215856
whfast,180.0114184173255,47.375000000002274,0.004844967516607709
whfast,180.4863825820151,47.500000000002295,0.0017598734821949913
whfast,180.9613467467047,47.62500000000232,0.00020474448402285175
whfast,181.4363109113943,47.75000000000235,0.00016771330215283007
whfast,181.91127507608388,47.87500000000238,0.00022317440813623342
whfast,182.38623924077348,48.00000000000241,6.128638981810946e-05
whfast,182.86120340546307,48.12500000000244,0.0006375091166081843
whfast,183.33616757015267,48.250000000002466,0.0034549492969941135
whfast,183.81113173484226,48.375000000002494,0.004843411737236996
whfast,184.28609589953186,48.50000000000252,0.001770319880814331
whfast,184.76106006422145,48.625000000002544,0.00020718326798458954
whfast,185.23602422891105,48.75000000000257,0.00016712707763450369
whfast,185.71098839360064,48.8750000000026,0.00022332218857019088
whfast,186.18595255829024,49.00000000000263,6.241904992581817e-05
whfast,186.66091672297983,49.12500000000266,0.000632872487425439
whfast,187.13588088766943,49.250000000002686,0.0034395426559296577
whfast,187.61084505235902,49.375000000002714,0.004841771140238235
whfast,188.08580921704862,49.50000000000274,0.0017808151503106856
whfast,188.56077338173822,49.625000000002764,0.00020963238117290256
whfast,189.0357375464278,49.75000000000279,0.0001665380828562657
whfast,189.5107017111174,49.87500000000282,0.00022346804627566133
whfast,189.985665875807,50.00000000000285,6.354649033227719e-05
whfast,190.4606300404966,50.12500000000288,0.0006282602226206798
whfast,190.9355942051862,50.250000000002906,0.0034241354892844437
whfast,191.4105583698758,50.375000000002935,0.0048400487644431715
whfast,191.88552253456538,50.50000000000296,0.0017913585017696042
whfast,192.36048669925498,50.625000000002984,0.00021209478610471381
whfast,192.83545086394457,50.75000000000301,0.000165946474514593
whfast,193.31041502863417,50.87500000000304,0.00022361318242753621
whfast,193.78537919332376,51.00000000000307,6.466938055184295e-05
whfast,194.26034335801336,51.1250000000031,0.0006236718265151554
whfast,194.73530752270295,51.250000000003126,0.003408729967174166
whfast,195.21027168739255,51.375000000003155,0.0048382496522819535
whfast,195.68523585208214,51.50000000000318,0.0018019512571004947
whfast,196.16020001677174,51.62500000000321,0.0002145678972502314
whfast,196.63516418146133,51.75000000000323,0.00016535274760540397
whfast,197.11012834615093,51.87500000000326,0.0002237556120255071
whfast,197.58509251084052,52.00000000000329,6.578720668323925e-05
whfast,198.06005667553012,52.12500000000332,0.0006191068853694208
whfast,198.53502084021972,52.25000000000335,0.003393326469913499
whfast,199.0099850049093,52.375000000003375,0.004836377589269209
whfast,199.4849491695989,52.5000000000034,0.0018125928840063163
whfast,199.9599133342885,52.62500000000343,0.00021705303967532277
whfast,200.4348774989781,52.75000000000345,0.00016475560787822618
whfast,200.9098416636677,52.87500000000348,0.00022389673692214945
whfast,201.3848058283573,53.00000000000351,6.690070035340964e-05
whfast,201.85976999304688,53.12500000000354,0.0006145647784851027
whfast,202.33473415773648,53.25000000000357,0.0033779292356719607
whfast,202.80969832242607,53.375000000003595,0.0048344366715939
whfast,203.28466248711567,53.500000000003624,0.0018232819271767975
whfast,203.75962665180526,53.62500000000365,0.00021954968905715984
whfast,204.23459081649486,53.75000000000368,0.0001641554823770811
whfast,204.70955498118445,53.8750000000037,0.00022403587504212657
whfast,205.18451914587405,54.00000000000373,6.80089201408618e-05
whfast,205.65948331056364,54.12500000000376,0.0006100467187126954
whfast,206.13444747525324,54.25000000000379,0.003362537644864309
whfast,206.60941163994283,54.375000000003816,0.004832430709788543
whfast,207.08437580463243,54.500000000003844,0.0018340208516257031
whfast,207.55933996932202,54.62500000000387,0.0002220582390292159
whfast,208.03430413401162,54.7500000000039,0.00016355275304540248
whfast,208.50926829870122,54.87500000000392,0.0002241742118338405
whfast,208.9842324633908,55.00000000000395,6.911227772081245e-05
whfast,209.4591966280804,55.12500000000398,0.0006055522451737947
whfast,209.93416079277,55.25000000000401,0.0033471545315189506
whfast,210.4091249574596,55.375000000004036,0.004830365483167545
whfast,210.8840891221492,55.500000000004064,0.0018448076350177723
whfast,211.3590532868388,55.62500000000409,0.00022457816218740353
whfast,211.83401745152838,55.75000000000412,0.0001629477326984619
whfast,212.30898161621798,55.87500000000415,0.00022430962629579545
whfast,212.78394578090757,56.00000000000417,7.02109938099053e-05
whfast,213.25890994559717,56.1250000000042,0.000601079760215796
whfast,213.73387411028676,56.25000000000423,0.003331780974432419
whfast,214.20883827497636,56.375000000004256,0.004828245034779781
whfast,214.68380243966595,56.500000000004285,0.0018556431720384721
whfast,215.15876660435555,56.62500000000431,0.000227110490054842
whfast,215.63373076904514,56.75000000000434,0.0001623393286477708
whfast,216.10869493373474,56.87500000000437,0.00022444404583913077
whfast,216.58365909842433,57.00000000000439,7.13057087526666e-05
whfast,217.05862326311393,57.12500000000442,0.0005966320638230683
whfast,217.53358742780352,57.25000000000445,0.003316418693573836
whfast,218.00855159249312,57.375000000004476,0.004826073409762917
whfast,218.48351575718272,57.500000000004505,0.0018665264646711168
whfast,218.9584799218723,57.62500000000453,0.00022965490484099549
whfast,219.4334440865619,57.75000000000456,0.0001617277797803534
whfast,219.9084082512515,57.87500000000459,0.0002245763541931654
whfast,220.3833724159411,58.00000000000462,7.239506149519651e-05
whfast,220.8583365806307,58.12500000000464,0.0005922065766354487
whfast,221.3333007453203,58.25000000000467,0.003301068630823004
whfast,221.80826491000988,58.3750000000047,0.004823855143103325
whfast,222.28322907469948,58.500000000004725,0.0018774593136950569
whfast,222.75819323938907,58.62500000000475,0.0002322112918663452
whfast,223.23315740407867,58.75000000000478,0.00016111459110137723
whfast,223.70812156876826,58.87500000000481,0.00022470700813952154
whfast,224.18308573345786,59.00000000000484,7.347955243660641e-05
whfast,224.65804989814745,59.12500000000486,0.0005878042036722586
whfast,225.13301406283705,59.25000000000489,0.0032857331427320635
whfast,225.60797822752664,59.37500000000492,0.004821595520749333
whfast,226.08294239221624,59.500000000004945,0.001888440264225149
whfast,226.55790655690583,59.625000000004974,0.00023477908419489203
whfast,227.03287072159543,59.750000000005,0.00016049659508631162
whfast,227.50783488628502,59.87500000000503,0.0002248359064131479
whfast,227.98279905097462,60.00000000000506,7.455983212599345e-05
whfast,228.45776321566422,60.12500000000509,0.0005834238734779035
whfast,228.9327273803538,60.25000000000511,0.0032704131233497603
whfast,229.4076915450434,60.37500000000514,0.00481929895203808
whfast,229.882655709733,60.500000000005166,0.0018994705120800647
whfast,230.3576198744226,60.625000000005194,0.00023735980743487062
whfast,230.8325840391122,60.75000000000522,0.00015987644098323808
whfast,231.3075482038018,60.87500000000525,0.00022496350576787065
whfast,231.78251236849138,61.00000000000528,7.563554401316433e-05
whfast,232.25747653318098,61.12500000000531,0.000579066754063012
whfast,232.73244069787057,61.25000000000533,0.003255109571610694
whfast,233.20740486256017,61.37500000000536,0.004816968428623998
whfast,233.68236902724976,61.500000000005386,0.0019105498398036926
whfast,234.15733319193936,61.625000000005414,0.00023995309595456035
whfast,234.63229735662895,61.75000000000544,0.00015925292214555184
whfast,235.10726152131855,61.87500000000547,0.00022508876508966577
whfast,235.58222568600814,62.0000000000055,7.6706439593256e-05
whfast,236.05718985069774,62.12500000000553,0.000574731375096712
whfast,236.53215401538733,62.250000000005556,0.003239822899452096
whfast,237.00711818007693,62.37500000000558,0.004814611549146365
whfast,237.48208234476652,62.500000000005606,0.0019216785273032386
whfast,237.95704650945612,62.625000000005635,0.0002425582923627444
whfast,238.43201067414572,62.75000000000566,0.00015862677942005723
whfast,238.9069748388353,62.87500000000569,0.00022521207168766784
whfast,239.3819390035249,63.00000000000572,7.777252540564896e-05
whfast,239.8569031682145,63.12500000000575,0.0005704184908566512
whfast,240.3318673329041,63.25000000000578,0.003224555542700016
whfast,240.8068314975937,63.3750000000058,0.00481222997831461
whfast,241.2817956622833,63.50000000000583,0.001932856414498012
whfast,241.75675982697288,63.625000000005855,0.00024517642624221063
whfast,242.23172399166248,63.75000000000588,0.0001579969300078155
whfast,242.70668815635207,63.87500000000591,0.00022533360649019648
whfast,243.18165232104167,64.00000000000594,7.883527575905653e-05
whfast,243.65661648573126,64.12500000000597,0.00056612748347469
whfast,244.13158065042086,64.250000000006,0.0032093079335689585
whfast,244.60654481511045,64.37500000000603,0.004809829235778733
whfast,245.08150897980005,64.50000000000605,0.0019440849131165628
whfast,245.55647314448964,64.62500000000608,0.00024780737407022576
whfast,246.03143730917924,64.75000000000611,0.00015736434121914667
whfast,246.50640147386883,64.87500000000614,0.00022545401556150032
whfast,246.98136563855843,65.00000000000615,7.989175631025562e-05
whfast,247.45632980324802,65.12500000000618,0.0005618581045017728
whfast,247.93129396793762,65.25000000000621,0.0031940799283599742
whfast,248.40625813262722,65.37500000000624,0.0048074128619781786
whfast,248.8812222973168,65.50000000000627,0.0019553639752638383
whfast,249.3561864620064,65.6250000000063,0.0002504515071631107
whfast,249.831150626696,65.75000000000632,0.00015672804967675364
whfast,250.3061147913856,65.87500000000635,0.00022557186228140894
whfast,250.7810789560752,66.00000000000638,8.094459260705618e-05
whfast,251.2560431207648,66.12500000000641,0.0005576096516072688
whfast,251.73100728545438,66.25000000000644,0.0031788737011168235
whfast,252.20597145014398,66.37500000000647,0.004804985749192461
whfast,252.68093561483357,66.5000000000065,0.001966693784433576
whfast,253.15589977952317,66.62500000000652,0.00025310765548931867
whfast,253.63086394421276,66.75000000000655,0.00015608838757530578
whfast,254.10582810890236,66.87500000000658,0.0002256875702948622
whfast,254.58079227359195,67.00000000000661,8.199262298643946e-05
whfast,255.05575643828155,67.12500000000662,0.0005533830308408898
whfast,255.53072060297114,67.25000000000665,0.003163689009200887
whfast,256.00568476766074,67.37500000000668,0.004802551088374888
whfast,256.48064893235033,67.50000000000671,0.001978074161320827
whfast,256.95561309703993,67.62500000000674,0.0002557786599986694
whfast,257.4305772617295,67.75000000000676,0.00015544535526688542
whfast,257.9055414264191,67.87500000000679,0.00022580223578165247
whfast,258.3805055911087,68.00000000000682,8.303646936419941e-05
whfast,258.8554697557983,68.12500000000685,0.0005491775885841301
whfast,259.3304339204879,68.25000000000688,0.0031485268300537952
whfast,259.8053980851775,68.3750000000069,0.004800113640456274
whfast,260.2803622498671,68.50000000000693,0.001989506877669568
whfast,260.7553264145567,68.62500000000696,0.00025846234991784713
whfast,261.2302905792463,68.75000000000699,0.00015479940021004266
whfast,261.7052547439359,68.87500000000702,0.00022591380167986402
whfast,262.1802189086255,69.00000000000705,8.407558076698436e-05
whfast,262.6551830733151,69.12500000000708,0.0005449928472051533
whfast,263.13014723800467,69.25000000000709,0.0031333864402339805
whfast,263.60511140269426,69.37500000000712,0.004797676785219197
whfast,264.08007556738386,69.50000000000715,0.0020009919659931177
whfast,264.55503973207345,69.62500000000718,0.0002611600377015341
whfast,265.03000389676305,69.7500000000072,0.00015414926565215453
whfast,265.50496806145264,69.87500000000723,0.0002260236939950519
whfast,265.97993222614224,70.00000000000726,8.511063327180232e-05
whfast,266.45489639083183,70.12500000000729,0.0005408281188879994
whfast,266.92986055552143,70.25000000000732,0.0031182705611860176
whfast,267.404824720211,70.37500000000735,0.004795244069225757
whfast,267.8797888849006,70.50000000000738,0.00201252860753255
whfast,268.3547530495902,70.6250000000074,0.00026387138014074364
whfast,268.8297172142798,70.75000000000743,0.0001534953237742339
whfast,269.3046813789694,70.87500000000746,0.000226131225812363
whfast,269.779645543659,71.00000000000749,8.614076378859255e-05
whfast,270.2546097083486,71.12500000000752,0.0005366843715975944
whfast,270.7295738730382,71.25000000000755,0.003103177500248932
whfast,271.2045380377278,71.37500000000756,0.004792818432489126
whfast,271.6795022024174,71.50000000000759,0.002024119750547823
whfast,272.154466367107,71.62500000000762,0.0002665969779996091
whfast,272.6294305317966,71.75000000000765,0.00015283782640330165
whfast,273.10439469648617,71.87500000000767,0.00022623742106036632
whfast,273.57935886117576,72.0000000000077,8.716635438791772e-05
whfast,274.05432302586536,72.12500000000773,0.0005325610540097973
whfast,274.52928719055495,72.25000000000776,0.00308810861388253
whfast,275.00425135524455,72.37500000000779,0.004790404482022592
whfast,275.47921551993414,72.50000000000782,0.002035763858792169
whfast,275.95417968462374,72.62500000000784,0.00026933647349241684
whfast,276.42914384931333,72.75000000000787,0.00015217694920604985
whfast,276.90410801400293,72.8750000000079,0.00022634029040947634
whfast,277.3790721786925,73.00000000000793,8.818748651823724e-05
whfast,277.8540363433821,73.12500000000796,0.0005284566163192214
whfast,278.3290005080717,73.25000000000799,0.0030730636979296746
whfast,278.8039646727613,73.375000000008,0.00478800499668235
whfast,279.2789288374509,73.50000000000803,0.0020474621758511057
whfast,279.7538930021405,73.62500000000806,0.00027209094651504197
whfast,280.2288571668301,73.75000000000809,0.00015151168051990744
whfast,280.7038213315197,73.87500000000811,0.00022644150910702772
whfast,281.1787854962093,74.00000000000814,8.920475174019964e-05
whfast,281.6537496608989,74.12500000000817,0.0005243737060598634
whfast,282.1287138255885,74.2500000000082,0.0030580432880158138
whfast,282.6036779902781,74.37500000000823,0.004785622659805553
whfast,283.07864215496767,74.50000000000826,0.0020592141479710375
whfast,283.55360631965726,74.62500000000828,0.00027486021593489684
whfast,284.02857048434686,74.75000000000831,0.00015084220339452265
whfast,284.50353464903645,74.87500000000834,0.00022654006180931408
whfast,284.97849881372605,75.00000000000837,9.021684327294947e-05
whfast,285.45346297841564,75.1250000000084,0.0005203098344411944
whfast,285.92842714310524,75.25000000000843,0.003043047132186582
whfast,286.40339130779483,75.37500000000846,0.0047832605238319085
whfast,286.87835547248443,75.50000000000847,0.002071021720417602
whfast,287.353319637174,75.6250000000085,0.000277644394663116
whfast,287.8282838018636,75.75000000000853,0.00015016983514585687
whfast,288.3032479665532,75.87500000000855,0.0002266363455732388
whfast,288.7782121312428,76.00000000000858,9.122420928027889e-05
whfast,289.2531762959324,76.12500000000861,0.0005162658294596697
whfast,289.728140460622,76.25000000000864,0.0030280763800669707
whfast,290.2031046253116,76.37500000000867,0.004780922050175823
whfast,290.6780687900012,76.5000000000087,0.002082883779523458
whfast,291.1530329546908,76.62500000000873,0.00028044304491156347
whfast,291.6279971193804,76.75000000000875,0.00014949153999648966
whfast,292.10296128407,76.87500000000878,0.0002267301270007288
whfast,292.5779254487596,77.00000000000881,9.222738127512403e-05
whfast,293.05288961344917,77.12500000000884,0.0005122407477523882
whfast,293.52785377813876,77.25000000000887,0.0030131309059308223
whfast,294.00281794282836,77.3750000000089,0.004778609864437895
whfast,294.47778210751795,77.50000000000892,0.002094801471297535
whfast,294.95274627220755,77.62500000000894,0.0002832576825747497
whfast,295.42771043689714,77.75000000000897,0.00014880974194754566
whfast,295.90267460158674,77.875000000009,0.00022682181916089362
whfast,296.37763876627633,78.00000000000902,9.322584194592248e-05
whfast,296.85260293096593,78.12500000000905,0.0005082357661018714
whfast,297.3275670956555,78.25000000000908,0.00299821090797767
whfast,297.8025312603451,78.37500000000911,0.004776325264222646
whfast,298.2774954250347,78.50000000000914,0.0021067745742018064
whfast,298.7524595897243,78.62500000000917,0.00028608801672037816
whfast,299.2274237544139,78.7500000000092,0.00014812332114503304
whfast,299.7023879191035,78.87500000000922,0.00022691043545365212
whfast,300.1773520837931,79.00000000000925,9.421941440554486e-05
whfast,300.6523162484827,79.12500000000928,0.0005042496432509991
whfast,301.1272804131723,79.25000000000931,0.0029833160578428704
whfast,301.6022445778619,79.37500000000934,0.0047740737347343985
whfast,302.0772087425515,79.50000000000936,0.002118803340870239
whfast,302.5521729072411,79.6250000000094,0.00028893350773007674
whfast,303.02713707193067,79.75000000000941,0.00014743292359933237
whfast,303.50210123662026,79.87500000000944,0.00022699632429833586
whfast,303.97706540130986,80.00000000000946,9.520803642095485e-05
whfast,304.45202956599945,80.12500000000949,0.0005002831471812663
whfast,304.92699373068905,80.25000000000952,0.002968448048264755
whfast,305.40195789537864,80.37500000000955,0.0047718552741170695
whfast,305.87692206006824,80.50000000000958,0.002130887383880359
whfast,306.35188622475783,80.6250000000096,0.00029179530465632525
whfast,306.82685038944743,80.75000000000963,0.00014673746586530234
whfast,307.301814554137,80.87500000000966,0.00022707953990593312
whfast,307.7767787188266,81.00000000000969,9.619296054930671e-05
whfast,308.2517428835162,81.12500000000972,0.00049633583121004
whfast,308.7267070482058,81.25000000000975,0.0029536068240661544
whfast,309.2016712128954,81.37500000000978,0.004769673360900491
whfast,309.676635377585,81.5000000000098,0.002143027682218736
whfast,310.1515995422746,81.62500000000983,0.000294673173274282
whfast,310.6265637069642,81.75000000000986,0.00014603781569626356
whfast,311.1015278716538,81.87500000000988,0.0002271606560627506
whfast,311.5764920363434,82.0000000000099,9.717141062307427e-05
whfast,312.051456201033,82.12500000000993,0.0004924077358882023
whfast,312.5264203657226,82.25000000000996,0.002938791976084911
whfast,313.00138453041217,82.37500000000999,0.004767529719495324
whfast,313.47634869510176,82.50000000001002,0.0021552237519985766
whfast,313.95131285979136,82.62500000001005,0.0002975674575835027
whfast,314.42627702448095,82.75000000001008,0.00014533311741743224
whfast,314.90124118917055,82.8750000000101,0.00022723832575745887
whfast,315.37620535386014,83.00000000001013,9.814568538092243e-05
whfast,315.85116951854974,83.12500000001016,0.0004884983700823981
whfast,316.32613368323933,83.25000000001019,0.0029240055560898533
whfast,316.80109784792893,83.37500000001022,0.004765427444956816
whfast,317.2760620126185,83.50000000001025,0.002167475319660501
whfast,317.7510261773081,83.62500000001027,0.00030047708645030905
whfast,318.2259903419977,83.7500000000103,0.00014462370044926692
whfast,318.7009545066873,83.87500000001033,0.00022731295307093982
whfast,319.1759186713769,84.00000000001035,9.911470316203922e-05
whfast,319.6508828360665,84.12500000001037,0.00048460876526252493
whfast,320.1258470007561,84.2500000000104,0.0029092472085872506
whfast,320.6008111654457,84.37500000001043,0.004763368037052425
whfast,321.0757753301353,84.50000000001046,0.002179781625995553
whfast,321.5507394948249,84.62500000001049,0.0003034046189265629
whfast,322.0257036595145,84.75000000001052,0.00014390947303854245
whfast,322.5006678242041,84.87500000001054,0.00022738553381386998
whfast,322.97563198889367,85.00000000001057,0.00010007897662873294
whfast,323.45059615358326,85.1250000000106,0.0004807385115288611
whfast,323.92556031827286,85.25000000001063,0.0028945180044375627
whfast,324.40052448296245,85.37500000001066,0.004761354492738935
whfast,324.87548864765205,85.50000000001069,0.002192143595331777
whfast,325.35045281234164,85.62500000001071,0.00030634803393881185
whfast,325.82541697703124,85.75000000001074,0.00014319089895207455
whfast,326.30038114172083,85.87500000001077,0.00022745400056095933
whfast,326.77534530641043,86.0000000000108,0.0001010378425063051
whfast,327.2503094711,86.12500000001081,0.000476887460993022
whfast,327.7252736357896,86.25000000001084,0.0028798176001833624
whfast,328.2002378004792,86.37500000001087,0.004759388627859178
whfast,328.6752019651688,86.5000000000109,0.0022045604572931304
whfast,329.1501661298584,86.62500000001093,0.00030930837195940224
whfast,329.625130294548,86.75000000001096,0.00014246686014411815
whfast,330.1000944592376,86.87500000001098,0.00022751979482382376
whfast,330.5750586239272,87.00000000001101,0.00010199188003683085
whfast,331.0500227886168,87.12500000001104,0.00047305525042731593
whfast,331.5249869533064,87.25000000001107,0.0028651489279273882
whfast,331.999951117996,87.3750000000111,0.004757472646030537
whfast,332.4749152826856,87.50000000001113,0.002217030629889503
whfast,332.94987944737517,87.62500000001116,0.0003122851778682218
whfast,333.42484361206476,87.75000000001118,0.00014173777158597568
whfast,333.89980777675436,87.87500000001121,0.0002275822865743382
whfast,334.37477194144395,88.00000000001124,0.0001029402735374722
whfast,334.84973610613355,88.12500000001127,0.00046924297999303955
whfast,335.32470027082314,88.25000000001128,0.0028505110127145642
whfast,335.79966443551274,88.37500000001131,0.0047556081618253965
whfast,336.27462860020233,88.50000000001134,0.002229556068463111
whfast,336.74959276489193,88.62500000001137,0.00031527895526781423
whfast,337.2245569295815,88.7500000000114,0.00014100386648287217
whfast,337.6995210942711,88.87500000001143,0.00022764240438320407
whfast,338.1744852589607,89.00000000001145,0.00010388335085465968
whfast,338.6494494236503,89.12500000001148,0.0004654503542659371
whfast,339.1244135883399,89.25000000001151,0.002835905672310384
whfast,339.5993777530295,89.37500000001154,0.004753798460052223
whfast,340.0743419177191,89.50000000001157,0.0022421343254508926
whfast,340.5493060824087,89.6250000000116,0.00031828918184959016
whfast,341.0242702470983,89.75000000001162,0.00014026530780951213
whfast,341.4992344117879,89.87500000001165,0.0002276983087012859
whfast,341.9741985764775,90.00000000001168,0.00010482104940284365
whfast,342.4491627411671,90.12500000001171,0.0004616761985600364
whfast,342.92412690585667,90.25000000001174,0.002821333418169432
whfast,343.39909107054626,90.37500000001175,0.004752045221057943
whfast,343.87405523523586,90.50000000001178,0.0022547655665213916
whfast,344.34901939992545,90.62500000001181,0.00032131663065089564
whfast,344.82398356461505,90.75000000001184,0.00013952129074568201
whfast,345.29894772930464,90.87500000001187,0.00022775152763393125
whfast,345.77391189399424,91.0000000000119,0.00010575390642631822
whfast,346.24887605868383,91.12500000001192,0.00045792326500516175
whfast,346.72384022337343,91.25000000001195,0.0028067956287204632
whfast,347.198804388063,91.37500000001198,0.00475035022448964
whfast,347.6737685527526,91.50000000001201,0.002267448318581376
whfast,348.1487327174422,91.62500000001204,0.00032436090872065926
whfast,348.6236968821318,91.75000000001207,0.000138772085216169
whfast,349.0986610468214,91.8750000000121,0.00022780122163470231
whfast,349.573625211511,92.00000000001212,0.00010668070593666033
whfast,350.0485893762006,92.12500000001215,0.00045418942426188634
whfast,350.5235535408902,92.25000000001218,0.002792292877796757
whfast,350.9985177055798,92.37500000001221,0.004748715749904599
whfast,351.4734818702694,92.50000000001222,0.0022801834351265544
whfast,351.948446034959,92.62500000001225,0.00032742199622095734
whfast,352.4234101996486,92.75000000001228,0.00013801896185671665
whfast,352.89837436433817,92.8750000000123,0.00022784781475944534
whfast,353.37333852902776,93.00000000001234,0.0001076018844981211
whfast,353.84830269371736,93.12500000001236,0.0004504755998379499
whfast,354.32326685840695,93.25000000001239,0.0027778270487653282
whfast,354.79823102309655,93.37500000001242,0.004747144380660003
whfast,355.27319518778614,93.50000000001245,0.0022929689459249007
whfast,355.74815935247574,93.62500000001248,0.0003304992477828716
whfast,356.22312351716533,93.7500000000125,0.00013725917047201423
whfast,356.69808768185493,93.87500000001253,0.00022789103079717306
whfast,357.1730518465445,94.00000000001256,0.00010851790557908654
whfast,357.6480160112341,94.12500000001259,0.00044678110425827036
whfast,358.1229801759237,94.25000000001262,0.0027633988751273016
whfast,358.5979443406133,94.37500000001265,0.004745638089889432
whfast,359.0729085053029,94.50000000001268,0.0023058049028549113
whfast,359.5478726699925,94.62500000001269,0.0003335938132834958
whfast,360.0228368346821,94.75000000001272,0.00013649504846406792
whfast,360.4978009993717,94.87500000001275,0.0002279313316549564
whfast,360.9727651640613,95.00000000001278,0.00010942818614774796
whfast,361.4477293287509,95.1250000000128,0.0004431072361075531
whfast,361.9226934934405,95.25000000001283,0.0027490094865656707
whfast,362.3976576581301,95.37500000001286,0.004744197759853335
whfast,362.87262182281967,95.50000000001289,0.0023186901806999103
whfast,363.34758598750926,95.62500000001292,0.00033670515406611243
whfast,363.82255015219886,95.75000000001295,0.00013572572131823974
whfast,364.29751431688845,95.87500000001297,0.00022796790520353293
whfast,364.77247848157805,96.000000000013,0.000110332690294936
whfast,365.24744264626764,96.12500000001303,0.00043945298228042205
whfast,365.72240681095724,96.25000000001306,0.002734659404341828
whfast,366.19737097564683,96.37500000001309,0.004742828189260708
whfast,366.67233514033643,96.50000000001312,0.0023316242774208237
whfast,367.147299305026,96.62500000001315,0.0003398325529454037
whfast,367.6222634697156,96.75000000001316,0.00013495189396031361
whfast,368.0972276344052,96.87500000001319,0.00022800116635861308
whfast,368.5721917990948,97.00000000001322,0.00011123140744805242
whfast,369.0471559637844,97.12500000001324,0.00043581908572216997
whfast,369.522120128474,97.25000000001327,0.0027203509557215144
whfast,369.9970842931636,97.3750000000133,0.004741529182582802
whfast,370.4720484578532,97.50000000001333,0.0023446060331626644
whfast,370.9470126225428,97.62500000001336,0.0003429769726774588
whfast,371.4219767872324,97.75000000001339,0.00013417260015517827
whfast,371.896940951922,97.87500000001342,0.00022803115735629066
whfast,372.3719051166116,98.00000000001344,0.0001121254975297431
whfast,372.84686928130117,98.12500000001347,0.00043220517806220296
whfast,373.32183344599076,98.2500000000135,0.0027060847800141237
whfast,373.79679761068036,98.37500000001353,0.004740303702387606
whfast,374.27176177536995,98.50000000001356,0.0023576356127126925
whfast,374.74672594005955,98.62500000001359,0.0003461378509315764
whfast,375.22169010474914,98.75000000001361,0.0001333887610670925
whfast,375.69665426943874,98.87500000001363,0.0002280584842768411
whfast,376.17161843412833,99.00000000001366,0.00011301245169608275
whfast,376.64658259881793,99.12500000001369,0.00042861143615532954
whfast,377.1215467635075,99.25000000001371,0.002691861156309575
whfast,377.5965109281971,99.37500000001374,0.004739153174644476
whfast,378.0714750928867,99.50000000001377,0.0023707119282018975
whfast,378.5464392575763,99.6250000000138,0.0003493152785605213
whfast,379.0214034222659,99.75000000001383,0.00013259976180962781
whfast,379.4963675869555,99.87500000001386,0.00022808201426508166
whfast,379.9713317516451,100.00000000001388,0.00011389440837448966
whfast,380.4462959163347,100.12500000001391,0.0004250373849379321
whfast,380.9212600810243,100.25000000001394,0.002677682660700818
whfast,381.3962242457139,100.37500000001397,0.004738080401870016
whfast,381.8711884104035,100.500000000014,0.0023838342881463276
whfast,382.3461525750931,100.62500000001403,0.00035250810157748895
whfast,382.82111673978267,100.75000000001405,0.0001318060429690484
whfast,383.29608090447226,100.87500000001408,0.00022810224433332413
whfast,383.77104506916186,101.0000000000141,0.0001147705239990985
whfast,384.24600923385145,101.12500000001413,0.00042148390348383506
whfast,384.72097339854105,101.25000000001415,0.0026635492933175676
whfast,385.19593756323064,101.37500000001418,0.004737086595830677
whfast,385.67090172792024,101.50000000001421,0.0023970015957501542
whfast,386.14586589260983,101.62500000001424,0.00035571850368157083
whfast,386.62083005729943,101.75000000001427,0.0001310075294686376
whfast,387.095794221989,101.8750000000143,0.00022812016646027875
whfast,387.5707583866786,102.00000000001432,0.00011564136781943859
whfast,388.0457225513682,102.12500000001435,0.0004179505199778871
whfast,388.5206867160578,102.25000000001438,0.002649462352555344
whfast,388.9956508807474,102.37500000001441,0.004736174280581248
whfast,389.470615045437,102.50000000001444,0.002410214363655
whfast,389.9455792101266,102.62500000001447,0.00035894450085695306
whfast,390.4205433748162,102.7500000000145,0.00013020477869270589
whfast,390.8955075395058,102.87500000001452,0.00022813384816839697
whfast,391.3704717041954,103.00000000001454,0.00011650631967926597
whfast,391.845435868885,103.12500000001457,0.00041443706692886076
whfast,392.3204000335746,103.2500000000146,0.002635421755646133
whfast,392.79536419826417,103.37500000001462,0.0047353448894356855
whfast,393.27032836295376,103.50000000001465,0.0024234716474768395
whfast,393.74529252764336,103.62500000001468,0.0003621868264401396
whfast,394.22025669233295,103.75000000001471,0.00012939690794576387
whfast,394.69522085702255,103.87500000001474,0.0002281448067822815
whfast,395.17018502171214,104.00000000001477,0.00011736603588661623
whfast,395.64514918640174,104.1250000000148,0.00041094311833950084
whfast,396.12011335109133,104.25000000001482,0.002621430304025512
whfast,396.59507751578093,104.37500000001485,0.00473460027110524
whfast,397.0700416804705,104.50000000001488,0.002436771927189041
whfast,397.5450058451601,104.62500000001491,0.0003654449230280739
whfast,398.0199700098497,104.75000000001494,0.0001285844314727667
whfast,398.4949341745393,104.87500000001496,0.00022815258274696122
whfast,398.9698983392289,105.00000000001499,0.00011821993397852858
whfast,399.4448625039185,105.125000000015,0.00040746948603826995
whfast,399.9198266686081,105.25000000001504,0.002607487078416547
whfast,400.3947908332977,105.37500000001506,0.004733941546791253
whfast,400.8697549979873,105.50000000001509,0.0024501171170541714
whfast,401.3447191626769,105.62500000001512,0.00036871926630558115
whfast,401.8196833273665,105.75000000001515,0.000127767605764857
whfast,402.2946474920561,105.87500000001518,0.00022815810546895609
whfast,402.76961165674567,106.0000000000152,0.00011906845292005075
whfast,403.24457582143526,106.12500000001523,0.0004040156815843597
whfast,403.71953998612486,106.25000000001526,0.0025935934787034705
whfast,404.19450415081445,106.37500000001529,0.004733371254086447
whfast,404.66946831550405,106.50000000001532,0.002463505034636239
whfast,405.14443248019364,106.62500000001535,0.0003720092806701355
whfast,405.61939664488324,106.75000000001538,0.0001269466137938973
whfast,406.09436080957283,106.8750000000154,0.0002281597267199133
whfast,406.56932497426243,107.00000000001543,0.000119911556331852
whfast,407.044289138952,107.12500000001546,0.00040058045411013734
whfast,407.5192533036416,107.25000000001548,0.0025797496378316366
whfast,407.9942174683312,107.3750000000155,0.004732890371467368
whfast,408.4691816330208,107.50000000001553,0.0024769360186259843
whfast,408.9441457977104,107.62500000001556,0.00037531557088849076
whfast,409.4191099624,107.75000000001559,0.00012612085996257377
whfast,409.8940741270896,107.87500000001562,0.00022815892246962503
whfast,410.3690382917792,108.00000000001565,0.00012074986859645758
whfast,410.8440024564688,108.12500000001567,0.00039716617116805516
whfast,411.3189666211584,108.2500000000157,0.002565956490732715
whfast,411.793930785848,108.37500000001573,0.004732499920544745
whfast,412.2688949505376,108.50000000001576,0.002490409042028446
whfast,412.74385911522717,108.62500000001579,0.0003786377323050994
whfast,413.21882327991676,108.75000000001582,0.00012529069849182006
whfast,413.69378744460636,108.87500000001585,0.0002281550862101026
whfast,414.16875160929595,109.00000000001587,0.00012158243728538397
whfast,414.64371577398555,109.1250000000159,0.0003937706155713347
whfast,415.11867993867514,109.25000000001593,0.0025522139752997223
whfast,415.59364410336474,109.37500000001594,0.004732201295039214
whfast,416.06860826805433,109.50000000001597,0.0025039253642069144
whfast,416.54357243274393,109.625000000016,0.00038197584872763125
whfast,417.0185365974335,109.75000000001603,0.000124457322585762
whfast,417.4935007621231,109.87500000001606,0.00022814870953516617
whfast,417.9684649268127,110.00000000001609,0.00012240982079049194
whfast,418.4434290915023,110.12500000001612,0.0003903943261339885
whfast,418.9183932561919,110.25000000001614,0.00253852308020774
whfast,419.3933574208815,110.37500000001617,0.004731995872347416
whfast,419.8683215855711,110.5000000000162,0.0025174836547808884
whfast,420.3432857502607,110.62500000001623,0.00038532935755453574
whfast,420.8182499149503,110.75000000001626,0.00012361822610120894
whfast,421.2932140796399,110.87500000001629,0.0002281395035786867
whfast,421.7681782443295,111.00000000001631,0.0001232325321668965
whfast,422.2431424090191,111.12500000001634,0.00038703641275386906
whfast,422.71810657370867,111.25000000001637,0.002524883673642001
whfast,423.19307073839826,111.3750000000164,0.004731884382541012
whfast,423.66803490308786,111.50000000001641,0.0025310844227149493
whfast,424.14299906777745,111.62500000001644,0.0003886993330354418
whfast,424.61796323246705,111.75000000001647,0.00012277558963961683
whfast,425.09292739715664,111.8750000000165,0.00022812798464726203
whfast,425.56789156184624,112.00000000001653,0.00012405005873548247
whfast,426.04285572653583,112.12500000001656,0.00038369789124204307
whfast,426.51781989122543,112.25000000001658,0.0025112960160105094
whfast,426.992784055915,112.37500000001661,0.004731866474938856
whfast,427.4677482206046,112.50000000001664,0.0025447271985074757
whfast,427.9427123852942,112.62500000001667,0.0003920853263220006
whfast,428.4176765499838,112.7500000000167,0.00012192871689173891
whfast,428.8926407146734,112.87500000001673,0.00022811354143928268
whfast,429.367604879363,113.00000000001675,0.00012486257657061623
whfast,429.8425690440526,113.12500000001678,0.000380377558211792
whfast,430.3175332087422,113.25000000001681,0.0024977596483040866
whfast,430.7924973734318,113.37500000001684,0.004731945222508737
whfast,431.2674615381214,113.50000000001687,0.0025584122517081174
whfast,431.742425702811,113.62500000001688,0.00039548681499228396
whfast,432.2173898675006,113.75000000001691,0.00012107828337478521
whfast,432.69235403219017,113.87500000001694,0.00022809664115124302
whfast,433.16731819687976,114.00000000001697,0.0001256702175700234
whfast,433.64228236156936,114.125000000017,0.00037707575354735883
whfast,434.11724652625895,114.25000000001702,0.0024842756627220983
whfast,434.59221069094855,114.37500000001705,0.0047321189699940135
whfast,435.06717485563814,114.50000000001708,0.0025721391390630577
whfast,435.54213902032774,114.62500000001711,0.00039890491381577484
whfast,436.01710318501733,114.75000000001714,0.0001202233124239046
whfast,436.49206734970693,114.87500000001717,0.00022807729497479432
whfast,436.9670315143965,115.0000000000172,0.00012647411417410171
whfast,437.4419956790861,115.12500000001722,0.0003737918605838035
whfast,437.9169598437757,115.25000000001725,0.0024708435562569206
whfast,438.3919240084653,115.37500000001728,0.004732388693304737
whfast,438.8668881731549,115.50000000001731,0.0025859085839009563
whfast,439.3418523378445,115.62500000001734,0.0004023391572943345
whfast,439.8168165025341,115.75000000001735,0.00011936466770059141
whfast,440.2917806672237,115.87500000001738,0.00022805609531308333
whfast,440.7667448319133,116.00000000001741,0.00012727203916538816
whfast,441.2417089966029,116.12500000001744,0.00037052590415995526
whfast,441.7166731612925,116.25000000001747,0.0024574625411550696
whfast,442.1916373259821,116.3750000000175,0.0047327538870878625
whfast,442.66660149067167,116.50000000001752,0.0025997201957792754
whfast,443.14156565536126,116.62500000001755,0.00040578975379220394
whfast,443.61652982005086,116.75000000001758,0.00011850185876660553
whfast,444.09149398474045,116.87500000001761,0.0002280320922834363
whfast,444.56645814943005,117.00000000001764,0.00012806601091660058
whfast,445.04142231411964,117.12500000001766,0.000367277206250502
whfast,445.51638647880924,117.25000000001769,0.002444133997634155
whfast,445.99135064349883,117.37500000001772,0.004733215276259438
whfast,446.46631480818843,117.50000000001775,0.002613574018935634
whfast,446.941278972878,117.62500000001778,0.0004092558478757134
whfast,447.4162431375676,117.7500000000178,0.00011763529559277477
whfast,447.8912073022572,117.87500000001782,0.00022800581782671811
whfast,448.3661714669468,118.00000000001785,0.000128855427142584
whfast,448.8411356316364,118.12500000001788,0.0003640462791383046
whfast,449.316099796326,118.2500000000179,0.002430856763733805
whfast,449.7910639610156,118.37500000001793,0.0047337718551644856
whfast,450.2660281257052,118.50000000001796,0.0026274696325081373
whfast,450.7409922903948,118.62500000001799,0.0004127396594709457
whfast,451.2159564550844,118.75000000001802,0.00011676477768456691
whfast,451.690920619774,118.87500000001805,0.00022797817591699225
whfast,452.16588478446357,119.00000000001808,0.00012964089436597924
whfast,452.64084894915317,119.1250000000181,0.0003608324624836182
whfast,453.11581311384276,119.25000000001813,0.0024176309253573776
whfast,453.59077727853236,119.37500000001816,0.004734423617809417
whfast,454.06574144322195,119.50000000001819,0.0026414079641146667
whfast,454.54070560791155,119.62500000001822,0.0004162395866354509
whfast,455.01566977260114,119.75000000001825,0.00011589078563635247
whfast,455.49063393729074,119.87500000001828,0.00022794733255699246
whfast,455.96559810198033,120.00000000001829,0.0001304217863277094
whfast,456.44056226666993,120.12500000001832,0.0003576354911934149
whfast,456.9155264313595,120.25000000001835,0.002404455403154358
whfast,457.3904905960491,120.37500000001837,0.0047351694951297384
whfast,457.8654547607387,120.5000000000184,0.0026553885544230503
whfast,458.3404189254283,120.62500000001843,0.00041975639919279993
whfast,458.8153830901179,120.75000000001846,0.00011501254963080918
whfast,459.2903472548075,120.87500000001849,0.00022791475168817924
whfast,459.7653114194971,121.00000000001852,0.00013119877553483114
whfast,460.2402755841867,121.12500000001855,0.0003544548512231293
whfast,460.7152397488763,121.25000000001857,0.0023913318458922135
whfast,461.1902039135659,121.3750000000186,0.004736008804689197
whfast,461.6651680782555,121.50000000001863,0.002669410420179928
whfast,462.14013224294507,121.62500000001866,0.0004232897644915215
whfast,462.61509640763467,121.75000000001869,0.00011413052511470593
whfast,463.09006057232426,121.87500000001872,0.00022788007313503136
whfast,463.56502473701386,122.00000000001874,0.00013197145715381634
whfast,464.03998890170345,122.12500000001876,0.0003512910915762617
whfast,464.51495306639305,122.25000000001879,0.0023782585180852018
whfast,464.98991723108264,122.37500000001882,0.0047369399912320235
whfast,465.46488139577224,122.50000000001884,0.002683475654607411
whfast,465.93984556046183,122.62500000001887,0.0004268404315814649
whfast,466.41480972515143,122.7500000000189,0.00011324483435543213
whfast,466.889773889841,122.87500000001893,0.00022784413394256426
whfast,467.3647380545306,123.00000000001896,0.0001327402838639028
whfast,467.8397022192202,123.12500000001899,0.0003481436102594071
whfast,468.3146663839098,123.25000000001901,0.002365235769820414
whfast,468.7896305485994,123.37500000001904,0.004737962616188348
whfast,469.264594713289,123.50000000001907,0.002697582420008567
whfast,469.7395588779786,123.6250000000191,0.0004304080428210677
whfast,470.2145230426682,123.75000000001913,0.00011235554416524962
whfast,470.6894872073578,123.87500000001916,0.00022780534220612306
whfast,471.1644513720474,124.00000000001918,0.00013350514300024128
whfast,471.639415536737,124.12500000001921,0.00034501122070241283
whfast,472.11437970142657,124.25000000001923,0.002352262948991316
whfast,472.58934386611617,124.37500000001926,0.004739074773028058
whfast,473.06430803080576,124.50000000001928,0.0027117310513471047
whfast,473.53927219549536,124.62500000001931,0.00043399323413034015
whfast,474.01423636018495,124.75000000001934,0.0001114621192563563
whfast,474.48920052487455,124.87500000001937,0.0002277650336910869
whfast,474.96416468956414,125.0000000000194,0.00013426660504357207
whfast,475.43912885425374,125.12500000001943,0.0003418960647119551
whfast,475.91409301894333,125.25000000001945,0.00233934037170668
whfast,476.38905718363293,125.37500000001948,0.004740274622039982
whfast,476.8640213483225,125.50000000001951,0.0027259206111188254
whfast,477.3389855130121,125.62500000001954,0.0004375957839490629
whfast,477.8139496777017,125.75000000001957,0.00011056487298464464
whfast,478.2889138423913,125.8750000000196,0.00022772273329289835
whfast,478.7638780070809,126.00000000001963,0.00013502388084479455
whfast,479.2388421717705,126.12500000001965,0.0003387960791159592
whfast,479.7138063364601,126.25000000001968,0.0023264674092236745
whfast,480.1887705011497,126.3750000000197,0.0047415606092769185
whfast,480.6637346658393,126.50000000001972,0.0027401522316538047
whfast,481.1386988305289,126.62500000001975,0.0004412160191286136
whfast,481.6136629952185,126.75000000001978,0.00010966478945286735
whfast,482.08862715990807,126.87500000001981,0.00022767888500401388
whfast,482.56359132459767,127.00000000001984,0.00013577750637303547
whfast,483.03855548928726,127.12500000001987,0.0003357116612490729
whfast,483.51351965397686,127.2500000000199,0.002313644403297708
whfast,483.98848381866645,127.37500000001992,0.0047429309972886625
whfast,484.46344798335605,127.50000000001995,0.002754424472385059
whfast,484.93841214804564,127.62500000001998,0.00044485358320692735
whfast,485.41337631273524,127.75000000002001,0.00010875949380060036
whfast,485.88834047742483,127.87500000002004,0.0002276330735176401
whfast,486.36330464211443,128.00000000002007,0.00013652788229458117
whfast,486.838268806804,128.1250000000201,0.00033264200940035345
whfast,487.3132329714936,128.25000000002012,0.002300870853796208
whfast,487.7881971361832,128.37500000002015,0.004744383445467836
whfast,488.2631613008728,128.50000000002018,0.0027687373830357115
whfast,488.7381254655624,128.6250000000202,0.00044850949924637307
whfast,489.213089630252,128.75000000002024,0.00010785089775601912
whfast,489.6880537949416,128.87500000002026,0.0002275857403575629
whfast,490.1630179596312,129.0000000000203,0.0001372744491807163
whfast,490.6379821243208,129.12500000002032,0.00032958819559208866
whfast,491.1129462890104,129.25000000002035,0.0022881468303233175
whfast,491.5879104537,129.37500000002038,0.004745914720351603
whfast,492.06287461838957,129.50000000002038,0.002783090113089179
whfast,492.53783878307917,129.6250000000204,0.00045218343022806334
whfast,493.01280294776876,129.75000000002044,0.0001069384042841761
whfast,493.48776711245836,129.87500000002046,0.00022753640077919238
whfast,493.96273127714795,130.0000000000205,0.00013801741095004953
whfast,494.43769544183755,130.12500000002052,0.0003265491586236754
whfast,494.91265960652714,130.25000000002055,0.002275471781843843
whfast,495.38762377121674,130.37500000002058,0.004747524703062177
whfast,495.86258793590633,130.5000000000206,0.002797482531250197
whfast,496.33755210059593,130.62500000002063,0.00045587504020788873
whfast,496.8125162652855,130.75000000002066,0.0001060225759161623
whfast,497.2874804299751,130.8750000000207,0.0002274854614230106
whfast,497.7624445946647,131.00000000002072,0.00013875690616875507
whfast,498.2374087593543,131.12500000002075,0.0003235251759913955
whfast,498.7123729240439,131.25000000002078,0.0022628465646190848
whfast,499.1873370887335,131.3750000000208,0.0047492089839661425
whfast,499.6623012534231,131.50000000002083,0.0028119136637910235
whfast,500.1372654181127,131.62500000002086,0.00045958548613841965
whfast,500.6122295828023,131.7500000000209,0.00010510234232222787
whfast,501.0871937474919,131.87500000002092,0.00022743280287319361
whfast,501.5621579121815,132.00000000002095,0.0001394938878539878
whfast,502.03712207687107,132.12500000002098,0.00032051575594068624
whfast,502.51208624156067,132.250000000021,0.0022502707140533043
whfast,502.98705040625026,132.37500000002103,0.00475096545327671
whfast,503.46201457093986,132.50000000002106,0.0028263834053481006
whfast,503.93697873562945,132.6250000000211,0.0004633143304829767
whfast,504.41194290031905,132.75000000002112,0.00010417845438266264
whfast,504.88690706500864,132.87500000002115,0.0002273788946779047
whfast,505.36187122969824,133.00000000002117,0.0001402262417476851
whfast,505.83683539438783,133.1250000000212,0.0003175211368983222
whfast,506.31179955907743,133.25000000002123,0.002237743674841287
whfast,506.786763723767,133.37500000002126,0.0047527907996124585
whfast,507.2617278884566,133.5000000000213,0.002840890677526967
whfast,507.7366920531462,133.62500000002132,0.0004670617404328494
whfast,508.2116562178358,133.75000000002132,0.0001032505246965407
whfast,508.6866203825254,133.87500000002134,0.00022732290697965082
whfast,509.161584547215,134.00000000002137,0.00014095573581960287
whfast,509.6365487119046,134.1250000000214,0.00031454082824679
whfast,510.1115128765942,134.25000000002143,0.00222526695019913
whfast,510.5864770412838,134.37500000002146,0.004754683045161249
whfast,511.0614412059734,134.5000000000215,0.0028554348577826483
whfast,511.536405370663,134.62500000002152,0.0004708269910105813
whfast,512.0113695353525,134.75000000002154,0.00010231889076519265
whfast,512.4863337000415,134.8750000000214,0.0002272653233456791
whfast,512.9612978647306,135.0000000000213,0.0001416818823684351
whfast,513.4362620294196,135.12500000002117,0.0003115752917427606
whfast,513.9112261941086,135.25000000002106,0.002212839684530267
whfast,514.3861903587976,135.37500000002092,0.004756638564431612
whfast,514.8611545234867,135.5000000000208,0.0028700148141065545
whfast,515.3361186881757,135.6250000000207,0.00047461216839900596
whfast,515.8110828528647,135.75000000002055,0.00010138321022687053
whfast,516.2860470175538,135.87500000002044,0.00022720686386243155
whfast,516.7610111822428,136.00000000002032,0.00014240519079725022
whfast,517.2359753469318,136.12500000002018,0.0003086240302308485
whfast,517.7109395116208,136.25000000002007,0.002200462193746527
whfast,518.1859036763099,136.37500000001995,0.004758654627377305
whfast,518.6608678409989,136.50000000001984,0.002884630510276434
whfast,519.1358320056879,136.6250000000197,0.000478415821241776
whfast,519.610796170377,136.75000000001958,0.00010044384678826195
whfast,520.085760335066,136.87500000001947,0.0002271457721905059
whfast,520.560724499755,137.00000000001933,0.000143124900880708
whfast,521.035688664444,137.1250000000192,0.000305687009105925
whfast,521.510652829133,137.2500000000191,0.0021881338656161045
whfast,521.9856169938221,137.37500000001899,0.004760727738561001
whfast,522.4605811585111,137.50000000001884,0.002899280673182701
whfast,522.9355453232001,137.62500000001873,0.00048223851840574136
whfast,523.4105094878892,137.75000000001862,9.950018767780275e-05
whfast,523.8854736525782,137.87500000001847,0.0002270833571118524
whfast,524.3604378172672,138.00000000001836,0.0001438415787465696
whfast,524.8354019819562,138.12500000001825,0.00030276392083438504
whfast,525.3103661466453,138.25000000001813,0.002175856652981734
whfast,525.7853303113343,138.375000000018,0.004762854988612759
whfast,526.2602944760233,138.50000000001788,0.002913963677788975
whfast,526.7352586407123,138.62500000001776,0.00048607992305452007
whfast,527.2102228054014,138.75000000001762,9.855262520014625e-05
whfast,527.6851869700904,138.8750000000175,0.00022701933222728885
whfast,528.1601511347794,139.0000000000174,0.00014455493113564884
whfast,528.6351152994685,139.12500000001725,0.0002998553113397624
whfast,529.1100794641575,139.25000000001714,0.0021636293713273636
whfast,529.5850436288465,139.37500000001702,0.004765032717728596
whfast,530.0600077935355,139.5000000000169,0.0029286806840411726
whfast,530.5349719582246,139.62500000001677,0.0004899408221811932
whfast,531.0099361229136,139.75000000001666,9.760115278165178e-05
whfast,531.4849002876026,139.87500000001654,0.00022695439530718227
whfast,531.9598644522916,140.0000000000164,0.00014526532501171847
whfast,532.4348286169807,140.12500000001629,0.0002969606958352347
whfast,532.9097927816697,140.25000000001617,0.002151452619070845
whfast,533.3847569463587,140.37500000001606,0.004767258228260956
whfast,533.8597211110477,140.50000000001592,0.002943429291721613
whfast,534.3346852757368,140.6250000000158,0.0004938208576723128
whfast,534.8096494404258,140.7500000000157,9.664575428556996e-05
whfast,535.2846136051148,140.87500000001555,0.00022688695538418394
whfast,535.7595777698039,141.00000000001543,0.00014597249992885018
whfast,536.2345419344929,141.12500000001532,0.00029407916936849225
whfast,536.7095060991819,141.25000000001518,0.002139326185311392
whfast,537.1844702638709,141.37500000001506,0.004769527726352109
whfast,537.65943442856,141.50000000001495,0.002958209019593171
whfast,538.134398593249,141.62500000001484,0.0004977204330465928
whfast,538.609362757938,141.7500000000147,9.568597972154669e-05
whfast,539.084326922627,141.87500000001458,0.0002268181871951178
whfast,539.5592910873161,142.00000000001447,0.00014667687415529398
whfast,540.0342552520051,142.12500000001432,0.0002912127922445304
whfast,540.5092194166941,142.2500000000142,0.002127250862166888
whfast,540.9841835813831,142.3750000000141,0.004771837698377754
whfast,541.4591477460722,142.50000000001398,0.0029730184041804534
whfast,541.9341119107612,142.62500000001384,0.0005016393086460476
whfast,542.4090760754502,142.75000000001373,9.472213724374837e-05
whfast,542.8840402401393,142.8750000000136,0.00022674773982332385
whfast,543.3590044048283,143.00000000001347,0.0001473778179971229
whfast,543.8339685695173,143.12500000001336,0.00028835980421936625
whfast,544.3089327342063,143.25000000001324,0.0021152264325914826
whfast,544.7838968988954,143.3750000000131,0.004774184978291291
whfast,545.2588610635844,143.500000000013,0.0029878580420894018
whfast,545.7338252282734,143.62500000001288,0.000505577855383418
whfast,546.2087893929624,143.75000000001276,9.375502264149733e-05
whfast,546.6837535576515,143.87500000001262,0.00022667597898391061
whfast,547.1587177223405,144.0000000000125,0.00014807579121271428
whfast,547.6336818870295,144.1250000000124,0.00028552053040335827
whfast,548.1086460517186,144.25000000001225,0.002103253356961097
whfast,548.5836102164076,144.37500000001214,0.004776566249030359
whfast,549.0585743810966,144.50000000001202,0.0030027261415142403
whfast,549.5335385457856,144.6250000000119,0.0005095357853843955
whfast,550.0085027104747,144.75000000001177,9.278243061758229e-05
whfast,550.4834668751637,144.87500000001165,0.00022660235160331415
whfast,550.9584310398527,145.00000000001154,0.00014877103099181403
whfast,551.4333952045417,145.1250000000114,0.0002826943176600132
whfast,551.9083593692308,145.25000000001128,0.0020913314340600124
whfast,552.3833235339198,145.37500000001117,0.004778977767562064
whfast,552.8582876986088,145.50000000001106,0.0030176222257160515
whfast,553.3332518632978,145.6250000000109,0.0005135138803280738
whfast,553.8082160279869,145.7500000000108,9.180602850007034e-05
whfast,554.2831801926759,145.8750000000107,0.00022652718425021198
whfast,554.7581443573649,146.00000000001054,0.0001494629502209144
whfast,555.233108522054,146.12500000001043,0.0002798823248746915
whfast,555.708072686743,146.25000000001032,0.002079461026781507
whfast,556.183036851432,146.37500000001017,0.004781415210043871
whfast,556.658001016121,146.50000000001006,0.003032545213214159
whfast,557.1329651808101,146.62500000000995,0.000517511812323204
whfast,557.6079293454991,146.75000000000983,9.082536089455243e-05
whfast,558.0828935101881,146.8750000000097,0.0002264501583956434
whfast,558.5578576748771,147.00000000000958,0.00015015174025829025
whfast,559.0328218395662,147.12500000000946,0.0002770836214337952
whfast,559.5077860042552,147.25000000000932,0.0020676418334194344
whfast,559.9827501689442,147.3750000000092,0.0047838771485201985
whfast,560.4577143336332,147.5000000000091,0.003047494900855097
whfast,560.9326784983223,147.62500000000898,0.0005215293749422136
whfast,561.4076426630113,147.75000000000884,8.984089496412471e-05
whfast,561.8826068277003,147.87500000000873,0.00022637159819843938
whfast,562.3575709923894,148.0000000000086,0.0001508375616806506
whfast,562.8325351570784,148.12500000000847,0.0002742983485966915
whfast,563.3074993217674,148.25000000000836,0.0020558745736047276
whfast,563.7824634864564,148.37500000000824,0.004786358364050846
whfast,564.2574276511455,148.5000000000081,0.0030624703263152303
whfast,564.7323918158345,148.625000000008,0.0005255676736909838
whfast,565.2073559805235,148.75000000000787,8.885147897474975e-05
whfast,565.6823201452125,148.87500000000776,0.00022629125262731974
whfast,566.1572843099016,149.00000000000762,0.00015152118506852198
whfast,566.6322484745906,149.1250000000075,0.00027152607983929475
whfast,567.1072126392796,149.2500000000074,0.0020441588074050815
whfast,567.5821768039687,149.37500000000725,0.00478885565146885
whfast,568.0571409686577,149.50000000000713,0.0030774711769561906
whfast,568.5321051333467,149.62500000000702,0.0005296263316349587
whfast,569.0070692980357,149.7500000000069,8.785775600573314e-05
whfast,569.4820334627248,149.87500000000676,0.00022620944022546635
whfast,569.9569976274138,150.00000000000665,0.00015220061161044327
whfast,570.4319617921028,150.12500000000654,0.00026876716474039493
whfast,570.9069259567918,150.2500000000064,0.002032494064501803
whfast,571.3818901214809,150.37500000000628,0.00479136492159867
whfast,571.8568542861699,150.50000000000617,0.0030924965151304887
whfast,572.3318184508589,150.62500000000603,0.0005337054772691193
whfast,572.806782615548,150.7500000000059,8.685947945289641e-05
whfast,573.281746780237,150.8750000000058,0.00022612549075927491
whfast,573.756710944926,151.00000000000568,0.00015287737947821499
whfast,574.231675109615,151.12500000000554,0.00026602122485324894
whfast,574.706639274304,151.25000000000543,0.002020881592550258
whfast,575.1816034389931,151.37500000000531,0.00479388349037981
whfast,575.6565676036821,151.50000000000517,0.0031075459846671644
whfast,576.1315317683711,151.62500000000506,0.0005378045814265961
whfast,576.6064959330602,151.75000000000495,8.585690110555275e-05
whfast,577.0814600977492,151.87500000000483,0.00022603982734793193
whfast,577.5564242624382,152.0000000000047,0.00015355114781387297
whfast,578.0313884271272,152.12500000000458,0.0002632884804340354
whfast,578.5063525918163,152.25000000000446,0.002009320432029033
whfast,578.9813167565053,152.37500000000432,0.004796407090782988
whfast,579.4562809211943,152.5000000000042,0.003122618787341622
whfast,579.9312450858833,152.6250000000041,0.0005419257015356084
whfast,580.4062092505724,152.75000000000398,8.484953948567814e-05
whfast,580.8811734152614,152.87500000000384,0.00022595296076060272
whfast,581.3561375799504,153.00000000000372,0.00015422233640647343
whfast,581.8311017446395,153.1250000000036,0.00026056847375951646
whfast,582.3060659093285,153.25000000000347,0.0019978105199334843
whfast,582.7810300740175,153.37500000000335,0.0047989321376349075
whfast,583.2559942387065,153.50000000000324,0.00313771499969407
whfast,583.7309584033956,153.6250000000031,0.0005460676568599264
whfast,584.2059225680846,153.75000000000298,8.383758439411093e-05
whfast,584.6808867327736,153.87500000000287,0.0002258632587093882
whfast,585.1558508974626,154.00000000000276,0.0001548900736659891
whfast,585.6308150621517,154.12500000000261,0.00025786125741256876
whfast,586.1057792268407,154.2500000000025,0.001986351044054409
whfast,586.5807433915297,154.3750000000024,0.0048014545547928915
whfast,587.0557075562187,154.50000000000225,0.0031528336921141497
whfast,587.5306717209078,154.62500000000213,0.0005502309507084045
whfast,588.0056358855968,154.75000000000202,8.28206219071769e-05
whfast,588.4806000502858,154.8750000000019,0.0002257718313578271
whfast,588.9555642149749,155.00000000000176,0.0001555548154085091
whfast,589.4305283796639,155.12500000000165,0.00025516658589223406
whfast,589.9054925443529,155.25000000000153,0.0019749435208471925
whfast,590.3804567090419,155.3750000000014,0.004803970903740602
whfast,590.855420873731,155.50000000000128,0.0031679737747246457
whfast,591.33038503842,155.62500000000117,0.0005544154290628915
whfast,591.805349203109,155.75000000000102,8.179893625080078e-05
whfast,592.280313367798,155.8750000000009,0.00022567848436507167
whfast,592.7552775324871,156.0000000000008,0.00015621644017940699
whfast,593.2302416971761,156.12500000000068,0.00025248483343535
whfast,593.7052058618651,156.25000000000054,0.001963586509503092
whfast,594.1801700265542,156.37500000000043,0.0048064770551541165
whfast,594.6551341912432,156.5000000000003,0.0031831365648374256
whfast,595.1300983559322,156.62500000000017,0.000558622107594612
whfast,595.6050625206212,156.75000000000006,8.077235077185657e-05
whfast,596.0800266853103,156.87499999999994,0.0002255837635941079
whfast_hj,0.0,0.0,2.220446049250313e-16
whfast_hj,0.47496416468949043,0.125,9.921230770047746e-10
whfast_hj,0.9499283293789808,0.24999999999999997,1.6921393158201064e-10
whfast_hj,1.4248924940684715,0.37500000000000006,1.8528000591730013e-10
whfast_hj,1.8998566587579624,0.5000000000000002,4.785286338642962e-10
whfast_hj,2.374820823447453,0.6250000000000002,3.6305035781870064e-10
whfast_hj,2.849784988136944,0.7500000000000003,6.59764002012388e-10
whfast_hj,3.324749152826435,0.8750000000000004,4.804907281334568e-10
whfast_hj,3.7997133175159257,1.0000000000000007,2.1217401361672913e-10
whfast_hj,4.274677482205416,1.1250000000000004,1.1972453160611241e-09
whfast_hj,4.749641646894904,1.25,9.1568651221807e-10
whfast_hj,5.224605811584393,1.3749999999999996,2.3279862807483433e-10
whfast_hj,5.699569976273882,1.4999999999999991,8.928524408484809e-10
whfast_hj,6.17453414096337,1.6249999999999987,9.413807680076938e-11
whfast_hj,6.649498305652859,1.7499999999999982,5.504853060581921e-10
whfast_hj,7.124462470342348,1.8749999999999976,5.794959019418912e-10
whfast_hj,7.599426635031836,1.9999999999999971,2.3616711255866766e-10
whfast_hj,8.074390799721325,2.124999999999997,4.425162530831262e-10
whfast_hj,8.549354964410814,2.2499999999999964,6.129939319623723e-11
whfast_hj,9.024319129100302,2.374999999999996,3.354243894084943e-10
whfast_hj,9.49928329378979,2.499999999999995,1.0477488589335765e-10
whfast_hj,9.97424745847928,2.6249999999999947,2.397564565445754e-11
whfast_hj,10.449211623168768,2.7499999999999942,8.535347090801681e-11
whfast_hj,10.924175787858257,2.874999999999994,2.4317708541816676e-10
whfast_hj,11.399139952547745,2.9999999999999933,5.5794066095748415e-11
whfast_hj,11.874104117237234,3.124999999999993,4.4437535140888027e-10
whfast_hj,12.349068281926723,3.2499999999999925,1.9479592610277518e-10
whfast_hj,12.824032446616211,3.374999999999992,3.7238161791317297e-10
whfast_hj,13.2989966113057,3.4999999999999916,5.49311626343266e-10
whfast_hj,13.773960775995189,3.624999999999991,1.2145635021686617e-10
whfast_hj,14.248924940684677,3.7499999999999907,8.740089236041777e-11
whfast_hj,14.723889105374166,3.8749999999999902,1.1407126096013648e-09
whfast_hj,15.198853270063655,3.99999999999999,3.764863725614826e-10
whfast_hj,15.673817434753143,4.124999999999989,8.394102591089687e-10
whfast_hj,16.148781599442632,4.2499999999999885,5.957237962635786e-11
whfast_hj,16.62374576413212,4.3749999999999885,2.8463877040173853e-10
whfast_hj,17.09870992882161,4.499999999999988,4.29692180765604e-10
whfast_hj,17.573674093511098,4.624999999999988,3.516328911885362e-10
whfast_hj,18.048638258200587,4.749999999999987,5.898381598741519e-10
whfast_hj,18.523602422890075,4.874999999999987,3.1276506638640024e-10
whfast_hj,18.998566587579564,4.999999999999986,5.129320801069399e-10
whfast_hj,19.473530752269053,5.124999999999986,1.642438386309392e-10
whfast_hj,19.94849491695854,5.249999999999985,2.220364138796048e-10
whfast_hj,20.42345908164803,5.374999999999985,1.5797466086230037e-10
whfast_hj,20.89842324633752,5.499999999999984,7.459774244060428e-10
whfast_hj,21.373387411027007,5.624999999999984,1.8051956788868568e-10
whfast_hj,21.848351575716496,5.749999999999983,5.945307240070069e-10
whfast_hj,22.323315740405985,5.874999999999983,5.922482218553248e-10
whfast_hj,22.798279905095473,5.999999999999982,2.1439187396292605e-10
whfast_hj,23.273244069784962,6.124999999999981,5.2980337586589e-10
whfast_hj,23.74820823447445,6.249999999999981,3.227457611533138e-10
whfast_hj,24.22317239916394,6.3749999999999805,2.4773627195903733e-10
whfast_hj,24.698136563853428,6.4999999999999805,4.752616370150747e-11
whfast_hj,25.173100728542916,6.62499999999998,2.596159274984209e-10
whfast_hj,25.648064893232405,6.74999999999998,2.095174508839727e-10
whfast_hj,26.123029057921894,6.874999999999979,3.5324247214511746e-10
whfast_hj,26.597993222611382,6.999999999999979,1.354200575650923e-10
whfast_hj,27.07295738730087,7.124999999999978,3.917246008411918e-10
whfast_hj,27.54792155199036,7.249999999999978,1.7961910753827696e-10
whfast_hj,28.02288571667985,7.374999999999977,3.3170813201115067e-10
whfast_hj,28.497849881369337,7.499999999999977,7.107077779698975e-10
whfast_hj,28.972814046058826,7.624999999999976,4.3009942414016066e-10
whfast_hj,29.447778210748314,7.749999999999976,1.362991214778854e-09
whfast_hj,29.922742375437803,7.874999999999975,1.2215879116980527e-10
whfast_hj,30.39770654012729,7.999999999999975,2.9599762846159637e-10
whfast_hj,30.87267070481678,8.124999999999975,6.908881694627679e-10
whfast_hj,31.34763486950627,8.249999999999973,2.1185274384346773e-11
whfast_hj,31.822599034195758,8.374999999999973,3.586254107605543e-10
whfast_hj,32.29756319888525,8.499999999999973,4.044590365217745e-10
whfast_hj,32.77252736357474,8.624999999999973,3.105894386864536e-10
whfast_hj,33.24749152826423,8.749999999999973,4.674544152212582e-10
whfast_hj,33.722455692953716,8.874999999999972,4.599781594715259e-11
whfast_hj,34.197419857643204,8.999999999999972,2.745369799858827e-10
whfast_hj,34.67238402233269,9.124999999999972,1.8640778995033177e-10
whfast_hj,35.14734818702218,9.249999999999972,4.1845484930005826e-10
whfast_hj,35.62231235171167,9.37499999999997,1.8750433044404557e-12
whfast_hj,36.09727651640116,9.49999999999997,6.261351800721418e-10
whfast_hj,36.57224068109065,9.62499999999997,2.4021993828990424e-10
whfast_hj,37.047204845780136,9.74999999999997,6.155173325758292e-10
whfast_hj,37.522169010469625,9.874999999999968,5.7965384341996e-10
whfast_hj,37.997133175159114,9.999999999999968,1.5356824445505983e-10
whfast_hj,38.4720973398486,10.124999999999968,6.943359478946631e-10
whfast_hj,38.94706150453809,10.249999999999968,6.149581809583823e-10
whfast_hj,39.42202566922758,10.374999999999966,1.2347287288624522e-09
whfast_hj,39.89698983391707,10.499999999999966,9.055784730943505e-10
whfast_hj,40.37195399860656,10.624999999999966,1.7967750063589858e-10
whfast_hj,40.846918163296046,10.749999999999966,3.241713284369472e-10
whfast_hj,41.321882327985534,10.874999999999964,4.3475492697120417e-10
whfast_hj,41.79684649267502,10.999999999999964,1.9062394397676092e-10
whfast_hj,42.27181065736451,11.124999999999964,3.6265776658672053e-10
whfast_hj,42.746774822054,11.249999999999963,1.343008924394587e-10
whfast_hj,43.22173898674349,11.374999999999963,2.354465719001927e-10
whfast_hj,43.69670315143298,11.499999999999963,9.724415864886982e-10
whfast_hj,44.171667316122466,11.624999999999963,3.875491711522183e-12
whfast_hj,44.646631480811955,11.749999999999961,6.456496792573814e-10
whfast_hj,45.12159564550144,11.874999999999961,1.1469611019922484e-12
whfast_hj,45.59655981019093,11.999999999999961,1.5761611431454252e-10
whfast_hj,46.07152397488042,12.124999999999961,5.697093480641182e-10
whfast_hj,46.54648813956991,12.24999999999996,7.621096488556121e-11
whfast_hj,47.0214523042594,12.37499999999996,4.095855626421201e-10
whfast_hj,47.49641646894889,12.49999999999996,4.0486951198660546e-10
whfast_hj,47.971380633638375,12.62499999999996,2.293667946216255e-10
whfast_hj,48.446344798327864,12.749999999999957,2.6451383710003386e-10
whfast_hj,48.92130896301735,12.874999999999957,2.1050668598058107e-10
whfast_hj,49.39627312770684,12.999999999999957,1.0599138003078347e-09
whfast_hj,49.87123729239633,13.124999999999957,8.85173640774895e-10
whfast_hj,50.34620145708582,13.249999999999956,3.285949826589838e-10
whfast_hj,50.82116562177531,13.374999999999956,1.4047224560912991e-10
whfast_hj,51.296129786464796,13.499999999999956,5.337368297296639e-10
whfast_hj,51.771093951154285,13.624999999999954,2.7683111766255214e-10
whfast_hj,52.24605811584377,13.749999999999954,6.137388210342467e-10
whfast_hj,52.72102228053326,13.874999999999954,5.360723381618439e-10
whfast_hj,53.19598644522275,13.999999999999954,3.4916271232826204e-11
whfast_hj,53.67095060991224,14.124999999999952,9.58439525002551e-10
whfast_hj,54.14591477460173,14.249999999999952,4.355004624611334e-11
whfast_hj,54.62087893929122,14.374999999999952,3.194106749356478e-10
whfast_hj,55.095843103980705,14.499999999999952,9.562376096350404e-10
whfast_hj,55.570807268670194,14.62499999999995,5.965404377395416e-11
whfast_hj,56.04577143335968,14.74999999999995,4.1232271215904806e-10
whfast_hj,56.52073559804917,14.87499999999995,4.91494056263146e-10
whfast_hj,56.99569976273866,14.99999999999995,2.236078561709498e-10
whfast_hj,57.47066392742815,15.124999999999948,3.5938753764722474e-10
whfast_hj,57.94562809211764,15.249999999999948,4.756430236674373e-11
whfast_hj,58.420592256807126,15.374999999999948,5.466391186318232e-11
whfast_hj,58.895556421496615,15.499999999999948,1.1656822307514996e-09
whfast_hj,59.3705205861861,15.624999999999947,1.0601251790117712e-09
whfast_hj,59.84548475087559,15.749999999999947,6.40927810839373e-11
whfast_hj,60.32044891556508,15.874999999999947,1.0310885109331931e-10
whfast_hj,60.79541308025457,15.999999999999945,3.570037633336158e-11
whfast_hj,61.27037724494406,16.124999999999947,4.750500428384532e-10
whfast_hj,61.74534140963355,16.249999999999943,1.0915285990618472e-10
whfast_hj,62.220305574323035,16.374999999999943,4.3760907815606034e-10
whfast_hj,62.695269739012524,16.499999999999943,4.370195448900354e-10
whfast_hj,63.17023390370201,16.624999999999943,8.793181705613614e-11
whfast_hj,63.6451980683915,16.749999999999943,3.4230852621998224e-11
whfast_hj,64.120162233081,16.874999999999947,6.9644456358959e-10
whfast_hj,64.59512639777053,16.999999999999954,1.5003363053112956e-11
whfast_hj,65.07009056246005,17.124999999999964,8.868023988004369e-10
whfast_hj,65.54505472714958,17.24999999999997,2.126696007921156e-10
whfast_hj,66.0200188918391,17.374999999999982,2.5629506247796165e-10
whfast_hj,66.49498305652862,17.49999999999999,4.6539212615359563e-10
whfast_hj,66.96994722121815,17.625,2.918211214091982e-10
whfast_hj,67.44491138590767,17.750000000000007,5.862248984202147e-10
whfast_hj,67.9198755505972,17.875000000000018,4.4906856195979015e-10
whfast_hj,68.39483971528672,18.000000000000025,1.7197823065724236e-10
whfast_hj,68.86980387997625,18.125000000000036,1.0746812207709267e-09
whfast_hj,69.34476804466577,18.250000000000043,7.584569559003289e-10
whfast_hj,69.8197322093553,18.375000000000053,1.0078648649492132e-10
whfast_hj,70.29469637404482,18.50000000000006,8.349473888582711e-10
whfast_hj,70.76966053873434,18.62500000000007,4.199691913298914e-11
whfast_hj,71.24462470342387,18.750000000000078,4.751620886346275e-10
whfast_hj,71.71958886811339,18.87500000000009,5.263545200705701e-10
whfast_hj,72.19455303280292,19.000000000000096,2.3380079153253976e-10
whfast_hj,72.66951719749244,19.125000000000107,3.8897818599881094e-10
whfast_hj,73.14448136218196,19.250000000000114,1.0241912302879232e-10
whfast_hj,73.61944552687149,19.375000000000124,2.154890608746947e-10
whfast_hj,74.09440969156101,19.50000000000013,1.9208097027239714e-11
whfast_hj,74.56937385625054,19.625000000000142,1.095527772094531e-11
whfast_hj,75.04433802094006,19.75000000000015,6.732551777625174e-11
whfast_hj,75.51930218562958,19.87500000000016,2.1985970881623344e-10
whfast_hj,75.99426635031911,20.000000000000167,6.040949100739109e-11
whfast_hj,76.46923051500863,20.125000000000178,4.0366308042356683e-10
whfast_hj,76.94419467969816,20.250000000000185,1.2110211312280732e-10
whfast_hj,77.41915884438768,20.375000000000195,4.392294327468891e-10
whfast_hj,77.8941230090772,20.500000000000203,5.144500851724172e-10
whfast_hj,78.36908717376673,20.625000000000213,1.4496463561766577e-10
whfast_hj,78.84405133845625,20.75000000000022,7.894983818396877e-11
whfast_hj,79.31901550314578,20.87500000000023,1.0157085016267865e-09
whfast_hj,79.7939796678353,21.000000000000238,3.101569850077577e-10
whfast_hj,80.26894383252483,21.12500000000025,7.570344052342847e-10
whfast_hj,80.74390799721435,21.250000000000256,1.1620075595823515e-10
whfast_hj,81.21887216190387,21.375000000000266,3.474591852810423e-10
whfast_hj,81.6938363265934,21.500000000000274,4.1836025679136497e-10
whfast_hj,82.16880049128292,21.625000000000284,2.843795567617429e-10
whfast_hj,82.64376465597245,21.75000000000029,5.252101446407972e-10
whfast_hj,83.11872882066197,21.875000000000302,2.952258053041032e-10
whfast_hj,83.5936929853515,22.00000000000031,4.5589516756439625e-10
whfast_hj,84.06865715004102,22.12500000000032,2.4548996921842694e-10
whfast_hj,84.54362131473054,22.250000000000327,2.474994674782766e-10
whfast_hj,85.01858547942007,22.375000000000338,4.0985274877145887e-11
whfast_hj,85.49354964410959,22.500000000000345,7.072765909347435e-10
whfast_hj,85.96851380879912,22.625000000000355,1.1884202013036007e-10
whfast_hj,86.44347797348864,22.750000000000362,5.159495595869887e-10
whfast_hj,86.91844213817816,22.875000000000373,5.402968956229861e-10
whfast_hj,87.39340630286769,23.00000000000038,2.1731842396992563e-10
whfast_hj,87.86837046755721,23.12500000000039,4.660232456478161e-10
whfast_hj,88.34333463224674,23.250000000000398,3.467390755679373e-10
whfast_hj,88.81829879693626,23.37500000000041,9.576554199020155e-11
whfast_hj,89.29326296162579,23.500000000000416,8.964633321028837e-11
whfast_hj,89.76822712631531,23.625000000000426,2.597359457839384e-10
whfast_hj,90.24319129100483,23.750000000000433,1.701273202935164e-10
whfast_hj,90.71815545569436,23.875000000000444,3.15965913121342e-10
whfast_hj,91.19311962038388,24.00000000000045,1.3284796012483652e-10
whfast_hj,91.6680837850734,24.125000000000462,3.5316274725168574e-10
whfast_hj,92.14304794976293,24.25000000000047,1.1079433082013869e-10
whfast_hj,92.61801211445245,24.37500000000048,4.060436226469015e-10
whfast_hj,93.09297627914198,24.500000000000487,6.621613511051488e-10
whfast_hj,93.5679404438315,24.625000000000497,4.3519901617488744e-10
whfast_hj,94.04290460852103,24.750000000000504,1.288211419466735e-09
whfast_hj,94.51786877321055,24.875000000000515,1.260750072187831e-10
whfast_hj,94.99283293790008,25.000000000000522,2.470549473292234e-10
whfast_hj,95.4677971025896,25.125000000000533,6.274338339443394e-10
whfast_hj,95.94276126727912,25.25000000000054,4.367846796634392e-11
whfast_hj,96.41772543196865,25.37500000000055,4.1699265165998325e-10
whfast_hj,96.89268959665817,25.500000000000558,3.918956861530426e-10
whfast_hj,97.3676537613477,25.62500000000057,2.5022045654383325e-10
whfast_hj,97.84261792603722,25.750000000000576,4.149956508158607e-10
whfast_hj,98.31758209072675,25.875000000000586,4.443003669145175e-11
whfast_hj,98.79254625541627,26.000000000000593,1.8222050926368602e-10
whfast_hj,99.2675104201058,26.125000000000604,1.7924978735627156e-10
whfast_hj,99.74247458479532,26.25000000000061,4.224171765036156e-10
whfast_hj,100.21743874948484,26.37500000000062,9.291785498589392e-11
whfast_hj,100.69240291417437,26.50000000000063,6.00689795233636e-10
whfast_hj,101.16736707886389,26.62500000000064,1.7322926506606577e-10
whfast_hj,101.64233124355341,26.750000000000647,5.36761419808316e-10
whfast_hj,102.11729540824294,26.875000000000657,5.317462930660899e-10
whfast_hj,102.59225957293246,27.000000000000664,1.6500531909955475e-10
whfast_hj,103.06722373762199,27.125000000000675,6.170053869380984e-10
whfast_hj,103.54218790231151,27.250000000000682,6.188453081948918e-10
whfast_hj,104.01715206700104,27.375000000000693,1.2606350097740674e-09
whfast_hj,104.49211623169056,27.5000000000007,8.319736503332673e-10
whfast_hj,104.96708039638008,27.62500000000071,1.9783387548789423e-10
whfast_hj,105.44204456106961,27.750000000000718,2.6829107326721853e-10
whfast_hj,105.91700872575913,27.87500000000073,3.887120772328969e-10
whfast_hj,106.39197289044866,28.000000000000735,1.8460148243239057e-10
whfast_hj,106.86693705513818,28.125000000000746,3.2303794211410684e-10
whfast_hj,107.3419012198277,28.250000000000753,7.34055105275039e-11
whfast_hj,107.81686538451723,28.375000000000764,3.207582411073291e-10
whfast_hj,108.29182954920675,28.50000000000077,9.082292180646134e-10
whfast_hj,108.76679371389628,28.62500000000078,2.665203187422942e-11
whfast_hj,109.2417578785858,28.75000000000079,5.580718838226191e-10
whfast_hj,109.71672204327533,28.8750000000008,1.3993227106064362e-11
whfast_hj,110.19168620796485,29.000000000000806,1.2977747436428992e-10
whfast_hj,110.66665037265437,29.125000000000817,5.192781816241062e-10
whfast_hj,111.1416145373439,29.250000000000824,7.268971026809788e-12
whfast_hj,111.61657870203342,29.375000000000835,4.667603777030322e-10
whfast_hj,112.09154286672295,29.500000000000842,3.8810724540624044e-10
whfast_hj,112.56650703141247,29.625000000000853,1.7905952497546017e-10
whfast_hj,113.041471196102,29.75000000000086,2.272405101665326e-10
whfast_hj,113.51643536079152,29.87500000000087,1.919475926804127e-10
whfast_hj,113.99139952548104,30.000000000000878,9.95792145884114e-10
whfast_hj,114.46636369017057,30.125000000000888,7.81696977808365e-10
whfast_hj,114.94132785486009,30.250000000000895,3.51123082815943e-10
whfast_hj,115.41629201954962,30.375000000000906,2.1817234222038498e-10
whfast_hj,115.89125618423914,30.500000000000913,5.167629689726773e-10
whfast_hj,116.36622034892866,30.625000000000924,2.0777643158957155e-10
whfast_hj,116.84118451361819,30.75000000000093,5.375562985430989e-10
whfast_hj,117.31614867830771,30.87500000000094,4.95161401361006e-10
whfast_hj,117.79111284299724,31.00000000000095,5.828363749766809e-11
whfast_hj,118.26607700768676,31.12500000000096,8.658162211769845e-10
whfast_hj,118.74104117237628,31.250000000000966,6.910596857199886e-11
whfast_hj,119.21600533706581,31.375000000000977,3.86935074000109e-10
whfast_hj,119.69096950175533,31.500000000000984,8.824399388209263e-10
whfast_hj,120.16593366644486,31.625000000000995,9.703058212354675e-11
whfast_hj,120.64089783113438,31.750000000001002,3.454630463276596e-10
whfast_hj,121.1158619958239,31.875000000001013,4.405927284245718e-10
whfast_hj,121.59082616051343,32.00000000000102,2.1717233348952909e-10
whfast_hj,122.06579032520295,32.12500000000103,3.157924576099567e-10
whfast_hj,122.54075448989248,32.25000000000104,2.1573125217257922e-12
whfast_hj,123.015718654582,32.375000000001044,1.540707267563647e-10
whfast_hj,123.49068281927153,32.50000000000106,1.0795332346906451e-09
whfast_hj,123.96564698396105,32.625000000001066,9.217391399383334e-10
whfast_hj,124.44061114865058,32.75000000000107,5.343076168720982e-11
whfast_hj,124.9155753133401,32.87500000000108,9.561428016536621e-11
whfast_hj,125.39053947802962,33.000000000001094,2.3541037248912102e-11
whfast_hj,125.86550364271915,33.1250000000011,4.329307352204121e-10
whfast_hj,126.34046780740867,33.25000000000111,3.937849506546898e-11
whfast_hj,126.8154319720982,33.375000000001116,4.964861274280825e-10
whfast_hj,127.29039613678772,33.50000000000113,4.1303915883650893e-10
whfast_hj,127.76536030147724,33.62500000000114,5.0916195453835866e-11
whfast_hj,128.24032446616673,33.75000000000114,5.5098520268727756e-11
whfast_hj,128.71528863085618,33.87500000000112,7.268602568518523e-10
whfast_hj,129.19025279554563,34.000000000001116,3.554825261778643e-11
whfast_hj,129.66521696023509,34.1250000000011,7.900202566826382e-10
whfast_hj,130.14018112492454,34.250000000001094,2.5280591329055597e-10
whfast_hj,130.615145289614,34.37500000000109,3.224376352138344e-10
whfast_hj,131.09010945430344,34.50000000000107,4.5296710924860204e-10
whfast_hj,131.5650736189929,34.625000000001066,2.2372097933054888e-10
whfast_hj,132.04003778368235,34.75000000000106,5.154817683879608e-10
whfast_hj,132.5150019483718,34.875000000001044,4.184203736704662e-10
whfast_hj,132.98996611306126,35.00000000000104,1.3389731210054613e-10
whfast_hj,133.4649302777507,35.12500000000102,9.580583538228733e-10
whfast_hj,133.93989444244016,35.250000000001016,6.221174763885523e-10
whfast_hj,134.41485860712962,35.37500000000101,2.2718793483140465e-11
whfast_hj,134.88982277181907,35.500000000000995,7.817917857897433e-10
whfast_hj,135.36478693650852,35.62500000000099,9.215982208023757e-12
whfast_hj,135.83975110119798,35.75000000000098,4.015999294651645e-10
whfast_hj,136.31471526588743,35.875000000000966,4.736865316880856e-10
whfast_hj,136.78967943057688,36.00000000000096,2.2975227525500221e-10
whfast_hj,137.26464359526634,36.125000000000945,3.382113131156459e-10
whfast_hj,137.7396077599558,36.25000000000094,1.3762886805852128e-10
whfast_hj,138.21457192464524,36.37500000000093,1.0063888770573014e-10
whfast_hj,138.6895360893347,36.50000000000092,5.160678540910266e-11
whfast_hj,139.16450025402415,36.62500000000091,3.882192912024148e-11
whfast_hj,139.6394644187136,36.750000000000895,4.637877165414532e-11
whfast_hj,140.11442858340305,36.87500000000089,1.9432511828615804e-10
whfast_hj,140.5893927480925,37.00000000000088,6.214102950365443e-11
whfast_hj,141.06435691278196,37.12500000000087,3.6603034505156795e-10
whfast_hj,141.5393210774714,37.25000000000086,5.348419891307757e-11
whfast_hj,142.01428524216087,37.37500000000085,5.029020420951727e-10
whfast_hj,142.48924940685032,37.50000000000084,4.796973577074686e-10
whfast_hj,142.96421357153977,37.62500000000083,1.6596266423879045e-10
whfast_hj,143.43917773622923,37.75000000000082,7.15996339549326e-11
whfast_hj,143.91414190091868,37.87500000000081,9.087039043895596e-10
whfast_hj,144.38910606560813,38.0000000000008,2.504186914139878e-10
whfast_hj,144.86407023029759,38.12500000000079,6.810669244827178e-10
whfast_hj,145.33903439498704,38.25000000000078,1.6849489923233034e-10
whfast_hj,145.8139985596765,38.37500000000077,4.0648663448716003e-10
whfast_hj,146.28896272436594,38.50000000000076,4.0712077059896976e-10
whfast_hj,146.7639268890554,38.62500000000075,2.201872272973584e-10
whfast_hj,147.23889105374485,38.75000000000074,4.6318137640600213e-10
whfast_hj,147.7138552184343,38.87500000000073,2.7835644879931773e-10
whfast_hj,148.18881938312376,39.000000000000725,4.017542079075891e-10
whfast_hj,148.6637835478132,39.12500000000071,3.1020417352576186e-10
whfast_hj,149.13874771250266,39.2500000000007,2.650990609123598e-10
whfast_hj,149.61371187719212,39.37500000000069,6.79708584676789e-11
whfast_hj,150.08867604188157,39.50000000000068,6.711504405759195e-10
whfast_hj,150.56364020657102,39.625000000000675,5.894556958583646e-11
whfast_hj,151.03860437126048,39.75000000000066,4.3941129169298745e-10
whfast_hj,151.51356853594993,39.875000000000654,4.890075014788157e-10
whfast_hj,151.98853270063938,40.00000000000065,2.189284358718768e-10
whfast_hj,152.46349686532884,40.12500000000063,4.043237196756255e-10
whfast_hj,152.9384610300183,40.250000000000625,3.6488532320374026e-10
whfast_hj,153.41342519470774,40.37500000000061,4.937901331939801e-11
whfast_hj,153.8883893593972,40.500000000000604,1.1424921985063722e-10
whfast_hj,154.36335352408665,40.6250000000006,2.6187386576401865e-10
whfast_hj,154.8383176887761,40.75000000000058,1.2969171623567958e-10
whfast_hj,155.31328185346555,40.875000000000576,2.778899504363996e-10
whfast_hj,155.788246018155,41.00000000000056,1.2843120102871835e-10
whfast_hj,156.26321018284446,41.125000000000554,3.1665391740438936e-10
whfast_hj,156.7381743475339,41.25000000000055,4.8269975409957074e-11
whfast_hj,157.21313851222337,41.37500000000053,4.778201596761785e-10
whfast_hj,157.68810267691282,41.500000000000526,6.13243880276915e-10
whfast_hj,158.16306684160227,41.62500000000052,4.388726099806109e-10
whfast_hj,158.63803100629173,41.750000000000504,1.2049568679828225e-09
whfast_hj,159.11299517098118,41.8750000000005,1.304488872505961e-10
whfast_hj,159.58795933567063,42.00000000000048,2.040849535509972e-10
whfast_hj,160.06292350036009,42.125000000000476,5.683296764623792e-10
whfast_hj,160.53788766504954,42.25000000000047,1.0346782858644707e-10
whfast_hj,161.012851829739,42.375000000000455,4.723833528895041e-10
whfast_hj,161.48781599442844,42.50000000000045,3.79086265978097e-10
whfast_hj,161.9627801591179,42.62500000000044,1.9268817229858805e-10
whfast_hj,162.43774432380735,42.750000000000426,3.6490105270974166e-10
whfast_hj,162.9127084884968,42.87500000000042,4.320701373167192e-11
whfast_hj,163.38767265318626,43.000000000000405,9.661924476797599e-11
whfast_hj,163.8626368178757,43.1250000000004,1.5877061696050804e-10
whfast_hj,164.33760098256516,43.25000000000039,4.2545857345169383e-10
whfast_hj,164.81256514725462,43.37500000000038,1.8163377714256543e-10
whfast_hj,165.28752931194407,43.50000000000037,5.76585512386263e-10
whfast_hj,165.76249347663352,43.625000000000355,1.0818107809705734e-10
whfast_hj,166.23745764132298,43.75000000000035,4.5983012973696485e-10
whfast_hj,166.71242180601243,43.87500000000034,4.842578370844488e-10
whfast_hj,167.18738597070188,44.00000000000033,1.7518812724495204e-10
whfast_hj,167.66235013539134,44.12500000000032,5.413475404348054e-10
whfast_hj,168.1373143000808,44.25000000000031,6.183464889292312e-10
whfast_hj,168.61227846477024,44.3750000000003,1.2797245968245843e-09
whfast_hj,169.0872426294597,44.50000000000029,7.594571801038697e-10
whfast_hj,169.56220679414915,44.62500000000028,2.175647092488242e-10
whfast_hj,170.0371709588386,44.75000000000027,2.1233109320405813e-10
whfast_hj,170.51213512352805,44.87500000000026,3.422111325663846e-10
whfast_hj,170.9870992882175,45.00000000000025,1.7695995913330112e-10
whfast_hj,171.46206345290696,45.12500000000024,2.8515827504515454e-10
whfast_hj,171.9370276175964,45.250000000000234,1.8662735661629646e-11
whfast_hj,172.41199178228587,45.37500000000022,4.0422632602202784e-10
whfast_hj,172.88695594697532,45.50000000000021,8.43359657951429e-10
whfast_hj,173.36192011166477,45.6250000000002,5.267294425423842e-11
whfast_hj,173.83688427635423,45.75000000000019,4.850201794438042e-10
whfast_hj,174.31184844104368,45.875000000000185,2.2645748242942198e-11
whfast_hj,174.78681260573313,46.00000000000017,1.0604208075355235e-10
whfast_hj,175.26177677042259,46.12500000000016,4.717162494568969e-10
whfast_hj,175.73674093511204,46.25000000000015,5.614270089999855e-11
whfast_hj,176.2117050998015,46.37500000000014,5.214979812244676e-10
whfast_hj,176.68666926449094,46.500000000000135,3.7075910859549466e-10
whfast_hj,177.1616334291804,46.62500000000012,1.3153034465636337e-10
whfast_hj,177.63659759386985,46.750000000000114,1.9225421031109745e-10
whfast_hj,178.1115617585593,46.87500000000011,1.7457618481969222e-10
whfast_hj,178.58652592324876,47.00000000000009,9.340822772230459e-10
whfast_hj,179.0614900879382,47.125000000000085,6.820802925200406e-10
whfast_hj,179.53645425262766,47.25000000000007,3.715421363326053e-10
whfast_hj,180.01141841731712,47.375000000000064,2.916360303728256e-10
whfast_hj,180.48638258200657,47.50000000000006,5.001133946065416e-10
whfast_hj,180.96134674669602,47.62500000000004,1.408730248031381e-10
whfast_hj,181.43631091138548,47.750000000000036,4.6308764578804856e-10
whfast_hj,181.91127507607493,47.87500000000002,4.546090111079259e-10
whfast_hj,182.38623924076438,48.000000000000014,8.066887926450497e-11
whfast_hj,182.86120340545384,48.12500000000001,7.747208341604031e-10
whfast_hj,183.3361675701433,48.24999999999999,9.052136778387292e-11
whfast_hj,183.81113173483274,48.374999999999986,4.616256636206585e-10
whfast_hj,184.2860958995222,48.49999999999998,8.124130399934484e-10
whfast_hj,184.76106006421165,48.624999999999964,1.346281954478987e-10
whfast_hj,185.2360242289011,48.74999999999996,2.7906901696844946e-10
whfast_hj,185.71098839359055,48.87499999999994,3.89392539971971e-10
whfast_hj,186.18595255828,48.999999999999936,2.0931943148650307e-10
whfast_hj,186.66091672296946,49.12499999999993,2.734277266037568e-10
whfast_hj,187.1358808876589,49.249999999999915,4.566943557528782e-11
whfast_hj,187.61084505234837,49.37499999999991,2.521894459389122e-10
whfast_hj,188.08580921703782,49.4999999999999,9.942187643386045e-10
whfast_hj,188.56077338172727,49.624999999999886,7.962771525082348e-10
whfast_hj,189.03573754641673,49.74999999999988,4.145780647524264e-11
whfast_hj,189.51070171110618,49.874999999999865,8.48134963595305e-11
whfast_hj,189.98566587579563,49.99999999999986,1.4369657886673128e-11
whfast_hj,190.46063004048509,50.12499999999985,3.928144616816721e-10
whfast_hj,190.93559420517454,50.24999999999984,2.4835812612780488e-11
whfast_hj,191.410558369864,50.37499999999983,5.532321518459428e-10
whfast_hj,191.88552253455344,50.499999999999815,3.8811478695021373e-10
whfast_hj,192.3604866992429,50.62499999999981,1.6724558860498655e-11
whfast_hj,192.83545086393235,50.7499999999998,7.427731301081418e-11
whfast_hj,193.3104150286218,50.87499999999979,7.448354191758044e-10
whfast_hj,193.78537919331126,50.99999999999978,6.115071704362129e-11
whfast_hj,194.2603433580007,51.12499999999977,6.987550771903157e-10
whfast_hj,194.73530752269016,51.24999999999976,2.897370696003556e-10
whfast_hj,195.21027168737962,51.37499999999975,3.854827881035417e-10
whfast_hj,195.68523585206907,51.49999999999974,4.401632913634652e-10
whfast_hj,196.16020001675852,51.62499999999973,1.577402265810741e-10
whfast_hj,196.63516418144798,51.74999999999972,4.462881024331871e-10
whfast_hj,197.11012834613743,51.87499999999971,3.8823566712647106e-10
whfast_hj,197.58509251082688,51.9999999999997,9.636671078121384e-11
whfast_hj,198.06005667551634,52.124999999999694,8.446451679898445e-10
whfast_hj,198.5350208402058,52.24999999999968,5.062151500989738e-10
whfast_hj,199.00998500489524,52.37499999999967,1.4102988891778216e-10
whfast_hj,199.4849491695847,52.49999999999966,7.308967066590326e-10
whfast_hj,199.95991333427415,52.62499999999965,5.988718521907074e-11
whfast_hj,200.4348774989636,52.749999999999645,3.2863678435986427e-10
whfast_hj,200.90984166365305,52.87499999999963,4.2069684258696967e-10
whfast_hj,201.3848058283425,52.99999999999962,2.2441221570387052e-10
whfast_hj,201.85976999303196,53.12499999999961,2.8823134647792054e-10
whfast_hj,202.3347341577214,53.2499999999996,1.6646212992250604e-10
whfast_hj,202.80969832241087,53.374999999999595,1.2672379547316948e-11
whfast_hj,203.28466248710032,53.49999999999958,1.0944159330401857e-10
whfast_hj,203.75962665178977,53.624999999999574,6.086456931800684e-11
whfast_hj,204.23459081647923,53.74999999999957,2.2513448014382508e-11
whfast_hj,204.70955498116868,53.87499999999955,1.6622424807832053e-10
whfast_hj,205.18451914585813,53.999999999999545,6.13082275763202e-11
whfast_hj,205.65948331054759,54.12499999999953,3.300246439236313e-10
whfast_hj,206.13444747523704,54.249999999999524,8.857220187580943e-12
whfast_hj,206.6094116399265,54.37499999999952,5.64567738855826e-10
whfast_hj,207.08437580461595,54.4999999999995,4.437353975345769e-10
whfast_hj,207.5593399693054,54.624999999999496,1.8434571635535418e-10
whfast_hj,208.03430413399485,54.74999999999948,6.612985984746064e-11
whfast_hj,208.5092682986843,54.874999999999474,8.174169621560571e-10
whfast_hj,208.98423246337376,54.99999999999947,1.9598511985101775e-10
whfast_hj,209.4591966280632,55.12499999999945,6.094414338055911e-10
whfast_hj,209.93416079275266,55.249999999999446,2.1711932720903123e-10
whfast_hj,210.40912495744212,55.37499999999944,4.6276335939719786e-10
whfast_hj,210.88408912213157,55.499999999999424,3.9559190459068584e-10
whfast_hj,211.35905328682102,55.62499999999942,1.5744912298370578e-10
whfast_hj,211.83401745151048,55.7499999999994,4.0206319573780837e-10
whfast_hj,212.30898161619993,55.874999999999396,2.6172001826696386e-10
whfast_hj,212.78394578088938,55.99999999999939,3.49088589724639e-10
whfast_hj,213.25890994557884,56.124999999999375,3.610184503996161e-10
whfast_hj,213.7338741102683,56.24999999999937,2.75639984660145e-10
whfast_hj,214.20883827495774,56.37499999999936,1.711749484877464e-10
whfast_hj,214.6838024396472,56.499999999999346,6.365244110497219e-10
whfast_hj,215.15876660433665,56.62499999999934,6.796008483343136e-13
whfast_hj,215.6337307690261,56.749999999999325,3.627187453565616e-10
whfast_hj,216.10869493371555,56.87499999999932,4.3657976514005113e-10
whfast_hj,216.583659098405,56.99999999999931,2.1871942736747466e-10
whfast_hj,217.05862326309446,57.1249999999993,3.433468890887594e-10
whfast_hj,217.5335874277839,57.24999999999929,3.769461912711673e-10
whfast_hj,218.00855159247337,57.374999999999275,1.884614601105963e-10
whfast_hj,218.48351575716282,57.49999999999927,1.2279012613671063e-10
whfast_hj,218.95847992185227,57.62499999999926,2.6652333535988353e-10
whfast_hj,219.43344408654173,57.74999999999925,8.661484800571784e-11
whfast_hj,219.90840825123118,57.87499999999924,2.371966410473618e-10
whfast_hj,220.38337241592063,57.99999999999923,1.2117537383569054e-10
whfast_hj,220.85833658061009,58.12499999999922,2.819630306000215e-10
whfast_hj,221.33330074529954,58.24999999999921,9.561384921999631e-12
whfast_hj,221.808264909989,58.3749999999992,5.478606332828084e-10
whfast_hj,222.28322907467845,58.49999999999919,5.625224721302745e-10
whfast_hj,222.7581932393679,58.62499999999918,4.4105922678748993e-10
whfast_hj,223.23315740405735,58.74999999999917,1.1139769743253746e-09
whfast_hj,223.7081215687468,58.87499999999916,1.3431942309036443e-10
whfast_hj,224.18308573343626,58.999999999999154,1.66392316772582e-10
whfast_hj,224.6580498981257,59.12499999999914,5.123143199191865e-10
whfast_hj,225.13301406281516,59.24999999999913,1.5935282415524466e-10
whfast_hj,225.60797822750462,59.37499999999912,5.251681274672319e-10
whfast_hj,226.08294239219407,59.49999999999911,3.657877228083135e-10
whfast_hj,226.55790655688352,59.624999999999105,1.3636124225295668e-10
whfast_hj,227.03287072157298,59.74999999999909,3.1560973677311853e-10
whfast_hj,227.50783488626243,59.87499999999908,4.216972822631955e-11
whfast_hj,227.98279905095188,59.99999999999907,1.8432179888732465e-11
whfast_hj,228.45776321564134,60.12499999999906,1.2583777179265245e-10
whfast_hj,228.9327273803308,60.249999999999055,4.271140500901696e-10
whfast_hj,229.40769154502024,60.37499999999904,2.659633218516968e-10
whfast_hj,229.8826557097097,60.499999999999034,5.530013806003607e-10
whfast_hj,230.35761987439915,60.62499999999903,4.351621703457609e-11
whfast_hj,230.8325840390886,60.74999999999901,3.8253641460952666e-10
whfast_hj,231.30754820377805,60.874999999999005,4.355401094351643e-10
whfast_hj,231.7825123684675,60.99999999999899,1.8388438933687485e-10
whfast_hj,232.25747653315696,61.124999999998984,4.6539212615359563e-10
whfast_hj,232.7324406978464,61.24999999999898,6.128487033727155e-10
whfast_hj,233.20740486253587,61.37499999999896,1.295916507207885e-09
whfast_hj,233.68236902722532,61.499999999998956,6.866297827900885e-10
whfast_hj,234.15733319191477,61.62499999999895,2.3941428592087377e-10
whfast_hj,234.63229735660423,61.749999999998934,1.545068434707048e-10
whfast_hj,235.10726152129368,61.87499999999893,2.9346000665093273e-10
whfast_hj,235.58222568598313,61.99999999999891,1.667840461138223e-10
whfast_hj,236.0571898506726,62.124999999998906,2.485261948220664e-10
whfast_hj,236.53215401536204,62.2499999999989,3.1192687764194225e-11
whfast_hj,237.0071181800515,62.374999999998884,4.864405753829988e-10
whfast_hj,237.48208234474095,62.49999999999888,7.762463807698536e-10
whfast_hj,237.9570465094304,62.62499999999886,7.159984942761754e-11
whfast_hj,238.43201067411985,62.749999999998856,4.2249151457992355e-10
whfast_hj,238.9069748388093,62.87499999999885,2.6340458371790798e-11
whfast_hj,239.38193900349876,62.999999999998835,8.687363070034356e-11
whfast_hj,239.8569031681882,63.12499999999883,4.266348388388394e-10
whfast_hj,240.33186733287766,63.24999999999882,1.157792913864717e-10
whfast_hj,240.80683149756712,63.374999999998806,5.739757072261407e-10
whfast_hj,241.28179566225657,63.4999999999988,3.525225779046974e-10
whfast_hj,241.75675982694602,63.624999999998785,8.536984683207305e-11
whfast_hj,242.23172399163548,63.74999999999878,1.5847067898305674e-10
whfast_hj,242.70668815632493,63.87499999999877,1.587449757109989e-10
whfast_hj,243.18165232101438,63.99999999999876,8.763459403451523e-10
whfast_hj,243.65661648570384,64.12499999999875,5.847284406232325e-10
whfast_hj,244.1315806503933,64.24999999999874,3.9015832989428557e-10
whfast_hj,244.60654481508274,64.37499999999874,3.6175041111039343e-10
whfast_hj,245.0815089797722,64.49999999999872,4.83309757270666e-10
whfast_hj,245.55647314446165,64.6249999999987,7.424542305344149e-11
whfast_hj,246.0314373091511,64.74999999999869,3.8799778528228553e-10
whfast_hj,246.50640147384055,64.87499999999869,4.127896414673361e-10
whfast_hj,246.98136563853,64.99999999999868,1.0219697069060821e-10
whfast_hj,247.45632980321946,65.12499999999866,6.825547633723019e-10
whfast_hj,247.9312939679089,65.24999999999866,1.0623105029825406e-10
whfast_hj,248.40625813259837,65.37499999999865,5.429450549210294e-10
whfast_hj,248.88122229728782,65.49999999999864,7.444083523142323e-10
whfast_hj,249.35618646197727,65.62499999999864,1.735386838416549e-10
whfast_hj,249.83115062666673,65.74999999999862,2.1101369320826992e-10
whfast_hj,250.30611479135618,65.87499999999861,3.3594992728708893e-10
whfast_hj,250.78107895604563,65.99999999999861,1.9904246177778235e-10
whfast_hj,251.2560431207351,66.1249999999986,2.3181370243192497e-10
whfast_hj,251.73100728542454,66.24999999999858,8.382576957171678e-11
whfast_hj,252.205971450114,66.37499999999856,3.503163530834878e-10
whfast_hj,252.68093561480345,66.49999999999856,9.083488054047609e-10
whfast_hj,253.1558997794929,66.62499999999855,6.830432399490851e-10
whfast_hj,253.63086394418235,66.74999999999854,2.70327721085372e-11
whfast_hj,254.1058281088718,66.87499999999854,6.964982162881427e-11
whfast_hj,254.58079227356126,66.99999999999852,8.880275764870662e-12
whfast_hj,255.0557564382507,67.12499999999851,3.5437693583138255e-10
whfast_hj,255.53072060294016,67.24999999999851,8.500138854080746e-11
whfast_hj,256.00568476762965,67.3749999999985,6.080940831065948e-10
whfast_hj,256.48064893231924,67.49999999999852,3.6174286956642015e-10
whfast_hj,256.95561309700884,67.62499999999855,1.54907622664713e-11
whfast_hj,257.43057726169843,67.74999999999858,9.221584497832473e-11
whfast_hj,257.905541426388,67.87499999999861,7.482982806956462e-10
whfast_hj,258.3805055910776,67.99999999999864,9.062156258237496e-11
whfast_hj,258.8554697557672,68.12499999999866,6.109956382821401e-10
whfast_hj,259.3304339204568,68.24999999999869,3.239418500274748e-10
whfast_hj,259.8053980851464,68.37499999999872,4.4565655199359676e-10
whfast_hj,260.280362249836,68.49999999999875,4.269966174768715e-10
whfast_hj,260.7553264145256,68.62499999999878,9.168319650112676e-11
whfast_hj,261.2302905792152,68.7499999999988,3.7607934465961087e-10
whfast_hj,261.7052547439048,68.87499999999883,3.568083296083656e-10
whfast_hj,262.1802189085944,68.99999999999886,5.897401198024995e-11
whfast_hj,262.655183073284,69.12499999999889,7.329639515984489e-10
whfast_hj,263.1301472379736,69.24999999999892,4.0957134144491334e-10
whfast_hj,263.60511140266317,69.37499999999895,2.5567859512631786e-10
whfast_hj,264.08007556735276,69.49999999999896,6.811722906256586e-10
whfast_hj,264.55503973204236,69.62499999999899,1.1159718204426476e-10
whfast_hj,265.03000389673196,69.74999999999902,2.537358933988029e-10
whfast_hj,265.50496806142155,69.87499999999905,3.650432646818091e-10
whfast_hj,265.97993222611115,69.99999999999908,2.1648023522546764e-10
whfast_hj,266.45489639080074,70.1249999999991,2.385093006440811e-10
whfast_hj,266.92986055549034,70.24999999999913,1.8913847528671123e-10
whfast_hj,267.40482472017993,70.37499999999916,1.26411575552676e-10
whfast_hj,267.8797888848695,70.49999999999919,1.555876544584172e-10
whfast_hj,268.3547530495591,70.62499999999922,7.839693527438544e-11
whfast_hj,268.8297172142487,70.74999999999925,4.9664299154272656e-12
whfast_hj,269.3046813789383,70.87499999999928,1.3445452446382849e-10
whfast_hj,269.7796455436279,70.9999999999993,5.7285998966346636e-11
whfast_hj,270.2546097083175,71.12499999999933,2.951053560732158e-10
whfast_hj,270.7295738730071,71.24999999999936,6.70096348201141e-11
whfast_hj,271.2045380376967,71.37499999999939,6.248895324804422e-10
whfast_hj,271.6795022023863,71.49999999999942,4.0526986023524374e-10
whfast_hj,272.1544663670759,71.62499999999943,1.9976968208949077e-10
whfast_hj,272.6294305317655,71.74999999999946,6.369307925335387e-11
whfast_hj,273.1043946964551,71.87499999999949,7.395703441190355e-10
whfast_hj,273.57935886114467,71.99999999999952,1.456507006465486e-10
whfast_hj,274.05432302583426,72.12499999999955,5.400551352704714e-10
whfast_hj,274.52928719052386,72.24999999999957,2.6231817044038687e-10
whfast_hj,275.00425135521346,72.3749999999996,5.167763282791443e-10
whfast_hj,275.47921551990305,72.49999999999963,3.8294538176556294e-10
whfast_hj,275.95417968459265,72.62499999999966,9.493381742629209e-11
whfast_hj,276.42914384928224,72.74999999999969,3.402912709434744e-10
whfast_hj,276.90410801397184,72.87499999999972,2.448429047455202e-10
whfast_hj,277.37907217866143,72.99999999999974,2.964070265630026e-10
whfast_hj,277.854036343351,73.12499999999977,4.012493554067498e-10
whfast_hj,278.3290005080406,73.2499999999998,2.789505069917266e-10
whfast_hj,278.8039646727302,73.37499999999983,2.706252888632888e-10
whfast_hj,279.2789288374198,73.49999999999986,6.016277478312261e-10
whfast_hj,279.7538930021094,73.62499999999989,6.083483408748365e-11
whfast_hj,280.228857166799,73.7499999999999,2.842201069748794e-10
whfast_hj,280.7038213314886,73.87499999999993,3.816413410762417e-10
whfast_hj,281.1787854961782,73.99999999999996,2.1652117503560824e-10
whfast_hj,281.6537496608678,74.12499999999999,2.811696601740333e-10
whfast_hj,282.1287138255574,74.25000000000001,3.813741549469029e-10
whfast_hj,282.603677990247,74.37500000000004,3.2286599491151627e-10
whfast_hj,283.0786421549366,74.50000000000007,1.1498290434289415e-10
whfast_hj,283.55360631962617,74.6250000000001,2.7274360082903855e-10
whfast_hj,284.02857048431576,74.75000000000013,4.052933467579034e-11
whfast_hj,284.50353464900536,74.87500000000016,1.9322642306559472e-10
whfast_hj,284.97849881369496,75.00000000000018,1.1107660003742402e-10
whfast_hj,285.45346297838455,75.12500000000021,2.47711708072953e-10
whfast_hj,285.92842714307415,75.25000000000024,6.273831978633759e-11
whfast_hj,286.40339130776374,75.37500000000027,6.171148470620532e-10
whfast_hj,286.87835547245334,75.5000000000003,5.078749361911484e-10
whfast_hj,287.35331963714293,75.62500000000033,4.410288451389119e-10
whfast_hj,287.8282838018325,75.75000000000036,1.0164546835347705e-09
whfast_hj,288.3032479665221,75.87500000000037,1.3712121441277758e-10
whfast_hj,288.7782121312117,76.0000000000004,1.3310652734677728e-10
whfast_hj,289.2531762959013,76.12500000000043,4.576215347162208e-10
whfast_hj,289.7281404605909,76.25000000000045,2.1140391424071554e-10
whfast_hj,290.2031046252805,76.37500000000048,5.761108260613167e-10
whfast_hj,290.6780687899701,76.50000000000051,3.5086667032085173e-10
whfast_hj,291.1530329546597,76.62500000000054,8.056329764887916e-11
whfast_hj,291.6279971193493,76.75000000000057,2.6639577553039274e-10
whfast_hj,292.1029612840389,76.8750000000006,4.2056605066720465e-11
whfast_hj,292.5779254487285,77.00000000000063,5.1949602450859125e-11
whfast_hj,293.0528896134181,77.12500000000065,8.015476143821275e-11
whfast_hj,293.52785377810767,77.25000000000068,4.2577402546246154e-10
whfast_hj,294.00281794279726,77.37500000000071,3.4762596113919413e-10
whfast_hj,294.47778210748686,77.50000000000074,5.282433536268474e-10
whfast_hj,294.95274627217646,77.62500000000077,2.155890402005118e-11
whfast_hj,295.42771043686605,77.7500000000008,3.0330861666197154e-10
whfast_hj,295.90267460155565,77.87500000000082,3.843325949112752e-10
whfast_hj,296.37763876624524,78.00000000000084,1.9127100844966767e-10
whfast_hj,296.85260293093484,78.12500000000087,3.8641880144696727e-10
whfast_hj,297.32756709562443,78.2500000000009,6.003861942205405e-10
whfast_hj,297.802531260314,78.37500000000092,1.312862141043143e-09
whfast_hj,298.2774954250036,78.50000000000095,6.110057654983328e-10
whfast_hj,298.7524595896932,78.62500000000098,2.6294885898923735e-10
whfast_hj,299.2274237543828,78.75000000000101,9.382111648120699e-11
whfast_hj,299.7023879190724,78.87500000000104,2.413001028595618e-10
whfast_hj,300.177352083762,79.00000000000107,1.5372295384285437e-10
whfast_hj,300.6523162484516,79.1250000000011,2.1190273350637627e-10
whfast_hj,301.1272804131412,79.25000000000112,7.586405386279069e-11
whfast_hj,301.6022445778308,79.37500000000115,5.694326811366415e-10
whfast_hj,302.0772087425204,79.50000000000118,7.03241003018303e-10
whfast_hj,302.55217290721,79.62500000000121,8.237520745662908e-11
whfast_hj,303.0271370718996,79.75000000000124,3.685367233229138e-10
whfast_hj,303.50210123658917,79.87500000000126,2.5786909044152605e-11
whfast_hj,303.97706540127876,80.0000000000013,7.115554475124934e-11
whfast_hj,304.45202956596836,80.12500000000131,3.8182578569455947e-10
whfast_hj,304.92699373065795,80.25000000000134,1.7113099206001646e-10
whfast_hj,305.40195789534755,80.37500000000136,6.246107108261161e-10
whfast_hj,305.87692206003715,80.50000000000139,3.322198796379084e-10
whfast_hj,306.35188622472674,80.62500000000142,4.0061112531392604e-11
whfast_hj,306.82685038941634,80.75000000000145,1.2567810653310403e-10
whfast_hj,307.30181455410593,80.87500000000148,1.4419216604211773e-10
whfast_hj,307.7767787187955,81.0000000000015,8.244562393007094e-10
whfast_hj,308.2517428834851,81.12500000000153,4.868501889570899e-10
whfast_hj,308.7267070481747,81.25000000000156,4.055777707020382e-10
whfast_hj,309.2016712128643,81.37500000000159,4.2950989087413575e-10
whfast_hj,309.6766353775539,81.50000000000162,4.6500987761049324e-10
whfast_hj,310.1515995422435,81.62500000000165,6.9123637332164815e-12
whfast_hj,310.6265637069331,81.75000000000168,3.1049937110414426e-10
whfast_hj,311.1015278716227,81.8750000000017,3.6842230732720497e-10
whfast_hj,311.5764920363123,82.00000000000173,1.233529407898017e-10
whfast_hj,312.0514562010019,82.12500000000176,5.860130887709082e-10
whfast_hj,312.5264203656915,82.25000000000178,1.1555929377513711e-10
whfast_hj,313.0013845303811,82.3750000000018,6.308755791410559e-10
whfast_hj,313.47634869507067,82.50000000000183,6.757887055921669e-10
whfast_hj,313.95131285976026,82.62500000000186,2.1399324949576735e-10
whfast_hj,314.42627702444986,82.75000000000189,1.3974265509788707e-10
whfast_hj,314.90124118913945,82.87500000000192,2.7852128540330496e-10
whfast_hj,315.37620535382905,83.00000000000195,1.855917948924237e-10
whfast_hj,315.85116951851865,83.12500000000198,1.898635408715701e-10
whfast_hj,316.32613368320824,83.250000000002,1.1615679953050523e-10
whfast_hj,316.80109784789784,83.37500000000203,4.5057062204658106e-10
whfast_hj,317.27606201258743,83.50000000000206,8.190310680390223e-10
whfast_hj,317.751026177277,83.62500000000209,5.822046090644057e-10
whfast_hj,318.2259903419666,83.75000000000212,1.0128509028789711e-11
whfast_hj,318.7009545066562,83.87500000000215,5.0001729378905355e-11
whfast_hj,319.1759186713458,84.00000000000217,6.778339723177184e-12
whfast_hj,319.6508828360354,84.1250000000022,3.1602624547312815e-10
whfast_hj,320.125847000725,84.25000000000223,1.4094671646139122e-10
whfast_hj,320.6008111654146,84.37500000000225,6.614688218957174e-10
whfast_hj,321.0757753301042,84.50000000000227,3.32221603419388e-10
whfast_hj,321.5507394947938,84.6250000000023,4.55612682874426e-11
whfast_hj,322.0257036594834,84.75000000000233,1.0830174280062969e-10
whfast_hj,322.500667824173,84.87500000000236,7.359598838100027e-10
whfast_hj,322.9756319888626,85.00000000000239,1.2379961566570438e-10
whfast_hj,323.45059615355217,85.12500000000242,5.238048317895492e-10
whfast_hj,323.92556031824176,85.25000000000244,3.5415478349319847e-10
whfast_hj,324.40052448293136,85.37500000000247,5.040112954772986e-10
whfast_hj,324.87548864762095,85.5000000000025,4.117301622754338e-10
whfast_hj,325.35045281231055,85.62500000000253,2.502801424775646e-11
whfast_hj,325.82541697700015,85.75000000000256,3.0361954374635533e-10
whfast_hj,326.30038114168974,85.87500000000259,3.2364169657733854e-10
whfast_hj,326.77534530637934,86.00000000000261,2.0028617011531745e-11
whfast_hj,327.25030947106893,86.12500000000264,6.202777706044437e-10
whfast_hj,327.7252736357585,86.25000000000267,3.3265621182493346e-10
whfast_hj,328.2002378004481,86.3750000000027,3.688418326448039e-10
whfast_hj,328.6752019651377,86.50000000000271,6.297460713265447e-10
whfast_hj,329.1501661298273,86.62500000000274,1.6431860765261708e-10
whfast_hj,329.6251302945169,86.75000000000277,1.7567531098562543e-10
whfast_hj,330.1000944592065,86.8750000000028,3.054799349082191e-10
whfast_hj,330.5750586238961,87.00000000000283,2.0581993961021974e-10
whfast_hj,331.0500227885857,87.12500000000286,1.8712725324538195e-10
whfast_hj,331.5249869532753,87.25000000000288,2.0399919542238686e-10
whfast_hj,331.9999511179649,87.37500000000291,2.434095804452285e-10
whfast_hj,332.4749152826545,87.50000000000294,1.9277759346284256e-10
whfast_hj,332.9498794473441,87.62500000000297,9.174611452513234e-11
whfast_hj,333.42484361203367,87.750000000003,3.6325462592403383e-11
whfast_hj,333.89980777672326,87.87500000000303,9.820577014726753e-11
whfast_hj,334.37477194141286,88.00000000000306,4.979121256570858e-11
whfast_hj,334.84973610610245,88.12500000000308,2.6003178978037563e-10
whfast_hj,335.32470027079205,88.25000000000311,1.2068129496909872e-10
whfast_hj,335.79966443548165,88.37500000000314,6.83986579363799e-10
whfast_hj,336.27462860017124,88.50000000000317,3.622966343667433e-10
whfast_hj,336.74959276486084,88.62500000000318,2.1122701116637106e-10
whfast_hj,337.22455692955043,88.75000000000321,6.553838732727113e-11
whfast_hj,337.69952109424,88.87500000000324,6.72741490881595e-10
whfast_hj,338.1744852589296,89.00000000000327,9.845162448079621e-11
whfast_hj,338.6494494236192,89.1250000000033,4.7065483101083e-10
whfast_hj,339.1244135883088,89.25000000000333,3.031786866329463e-10
whfast_hj,339.5993777529984,89.37500000000335,5.68771610939213e-10
whfast_hj,340.074341917688,89.50000000000338,3.6801247828042886e-10
whfast_hj,340.5493060823776,89.62500000000341,3.162471049752025e-11
whfast_hj,341.0242702470672,89.75000000000344,2.763827190051699e-10
whfast_hj,341.4992344117568,89.87500000000347,2.2740857886079412e-10
whfast_hj,341.9741985764464,90.0000000000035,2.4192217250101427e-10
whfast_hj,342.449162741136,90.12500000000352,4.346730473509229e-10
whfast_hj,342.9241269058256,90.25000000000355,2.7364643137898174e-10
whfast_hj,343.39909107051517,90.37500000000358,3.679482674203136e-10
whfast_hj,343.87405523520476,90.50000000000361,5.643529125889302e-10
whfast_hj,344.34901939989436,90.62500000000364,1.221441390272286e-10
whfast_hj,344.82398356458395,90.75000000000365,2.0208321230780578e-10
whfast_hj,345.29894772927355,90.87500000000368,3.22421905707833e-10
whfast_hj,345.77391189396315,91.00000000000371,2.117637536245831e-10
whfast_hj,346.24887605865274,91.12500000000374,2.1585385613031611e-10
whfast_hj,346.72384022334234,91.25000000000377,3.756399958549965e-10
whfast_hj,347.19880438803193,91.3750000000038,4.5246204127507777e-10
whfast_hj,347.6737685527215,91.50000000000382,9.044422856266058e-11
whfast_hj,348.1487327174111,91.62500000000385,2.7987122177452073e-10
whfast_hj,348.6236968821007,91.75000000000388,9.37887955784644e-12
whfast_hj,349.0986610467903,91.87500000000391,1.4470973143136917e-10
whfast_hj,349.5736252114799,92.00000000000394,9.749277103276587e-11
whfast_hj,350.0485893761695,92.12500000000396,2.1282452565259509e-10
whfast_hj,350.5235535408591,92.250000000004,1.108348396849094e-10
whfast_hj,350.9985177055487,92.37500000000402,6.862154288169284e-10
whfast_hj,351.4734818702383,92.50000000000405,4.461133540856921e-10
whfast_hj,351.9484460349279,92.62500000000408,4.3694951626742644e-10
whfast_hj,352.4234101996175,92.7500000000041,9.139071387857476e-10
whfast_hj,352.8983743643071,92.87500000000412,1.385028252686811e-10
whfast_hj,353.37333852899667,93.00000000000415,1.0340577245318129e-10
whfast_hj,353.84830269368626,93.12500000000418,4.0227371255100514e-10
whfast_hj,354.32326685837586,93.2500000000042,2.5886931464506694e-10
whfast_hj,354.79823102306545,93.37500000000423,6.249324115447474e-10
whfast_hj,355.27319518775505,93.50000000000426,3.331886448294465e-10
whfast_hj,355.74815935244465,93.62500000000429,2.4179051869050943e-11
whfast_hj,356.22312351713424,93.75000000000432,2.1584803836782246e-10
whfast_hj,356.69808768182384,93.87500000000435,4.296697716063691e-11
whfast_hj,357.17305184651343,94.00000000000438,1.129436708525213e-10
whfast_hj,357.648016011203,94.1250000000044,2.1635612295893607e-11
whfast_hj,358.1229801758926,94.25000000000443,4.1966968429781e-10
whfast_hj,358.5979443405822,94.37500000000446,4.2702419798054517e-10
whfast_hj,359.0729085052718,94.50000000000449,5.009847661444819e-10
whfast_hj,359.5478726699614,94.62500000000452,8.84422718467842e-11
whfast_hj,360.022836834651,94.75000000000455,2.1954705795037007e-10
whfast_hj,360.4978009993406,94.87500000000458,3.2819851291867463e-10
whfast_hj,360.9727651640302,95.00000000000459,1.9636478272190078e-10
whfast_hj,361.4477293287198,95.12500000000462,3.023327408718301e-10
whfast_hj,361.9226934934094,95.25000000000465,5.787725601385119e-10
whfast_hj,362.397657658099,95.37500000000468,1.3326369312318029e-09
whfast_hj,362.8726218227886,95.5000000000047,5.301446845988518e-10
whfast_hj,363.34758598747817,95.62500000000473,2.8807017290957746e-10
whfast_hj,363.82255015216776,95.75000000000476,2.8737591991866648e-11
whfast_hj,364.29751431685736,95.87500000000479,1.8376286274256268e-10
whfast_hj,364.77247848154695,96.00000000000482,1.3654784159812393e-10
whfast_hj,365.24744264623655,96.12500000000485,1.7463500886268374e-10
whfast_hj,365.72240681092615,96.25000000000487,1.150887014312049e-10
whfast_hj,366.19737097561574,96.3750000000049,6.531429573492248e-10
whfast_hj,366.67233514030534,96.50000000000493,6.209418574194615e-10
whfast_hj,367.14729930499493,96.62500000000496,8.278999237515906e-11
whfast_hj,367.6222634696845,96.75000000000499,3.202990688156993e-10
whfast_hj,368.0972276343741,96.87500000000502,2.0108341904963483e-11
whfast_hj,368.5721917990637,97.00000000000504,5.946356592045779e-11
whfast_hj,369.0471559637533,97.12500000000506,3.3651511213971444e-10
whfast_hj,369.5221201284429,97.25000000000509,2.221458740035597e-10
whfast_hj,369.9970842931325,97.37500000000512,6.727195126677301e-10
whfast_hj,370.4720484578221,97.50000000000514,3.087620148453873e-10
whfast_hj,370.9470126225117,97.62500000000517,5.17393011103473e-12
whfast_hj,371.4219767872013,97.7500000000052,9.33313470683142e-11
whfast_hj,371.8969409518909,97.87500000000523,1.3111469784709358e-10
whfast_hj,372.3719051165805,98.00000000000526,7.786420060811348e-10
whfast_hj,372.8468692812701,98.12500000000529,3.8627960609248916e-10
whfast_hj,373.32183344595967,98.25000000000531,4.1625918264041127e-10
whfast_hj,373.79679761064926,98.37500000000534,4.948662037826236e-10
whfast_hj,374.27176177533886,98.50000000000537,4.4403533551202816e-10
whfast_hj,374.74672594002845,98.6250000000054,6.265730205679616e-11
whfast_hj,375.22169010471805,98.75000000000543,2.2799164794627054e-10
whfast_hj,375.69665426940765,98.87500000000546,3.1913810198918523e-10
whfast_hj,376.17161843409724,99.00000000000549,1.4361556113718982e-10
whfast_hj,376.64658259878684,99.1250000000055,4.818650129180719e-10
whfast_hj,377.12154676347643,99.25000000000553,1.185944420153518e-10
whfast_hj,377.596510928166,99.37500000000556,7.248897591479787e-10
whfast_hj,378.0714750928556,99.50000000000558,6.037023188419309e-10
whfast_hj,378.5464392575452,99.62500000000561,2.5621081265814596e-10
whfast_hj,379.0214034222348,99.75000000000564,6.336857738981822e-11
whfast_hj,379.4963675869244,99.87500000000567,2.149154725873561e-10
whfast_hj,379.971331751614,100.0000000000057,1.674916584112002e-10
whfast_hj,380.4462959163036,100.12500000000573,1.4689721012898805e-10
whfast_hj,380.9212600809932,100.25000000000576,1.4170668862121212e-10
whfast_hj,381.3962242456828,100.37500000000578,5.539136919484417e-10
whfast_hj,381.8711884103724,100.50000000000581,7.236809573854056e-10
whfast_hj,382.346152575062,100.62500000000584,4.926489898544816e-10
whfast_hj,382.8211167397516,100.75000000000587,1.0329760516533607e-11
whfast_hj,383.29608090444117,100.8750000000059,2.4425983566004374e-11
whfast_hj,383.77104506913076,101.00000000000593,9.235374749669314e-12
whfast_hj,384.24600923382036,101.12500000000595,2.772691736310568e-10
whfast_hj,384.72097339850995,101.25000000000597,1.9259034769962045e-10
whfast_hj,385.19593756319955,101.375000000006,7.117823402497464e-10
whfast_hj,385.67090172788915,101.50000000000603,2.98858459299686e-10
whfast_hj,386.14586589257874,101.62500000000605,7.413402367532201e-11
whfast_hj,386.62083005726834,101.75000000000608,1.2269898119097651e-10
whfast_hj,387.09579422195793,101.87500000000611,7.054155533548249e-10
whfast_hj,387.5707583866475,102.00000000000614,1.5907572628239815e-10
whfast_hj,388.0457225513371,102.12500000000617,4.354937828078999e-10
whfast_hj,388.5206867160267,102.2500000000062,3.796085717664174e-10
whfast_hj,388.9956508807163,102.37500000000622,5.590389252326776e-10
whfast_hj,389.4706150454059,102.50000000000625,3.9400624110213407e-10
whfast_hj,389.9455792100955,102.62500000000628,4.455177875844886e-11
whfast_hj,390.4205433747851,102.75000000000631,2.2554667939013564e-10
whfast_hj,390.8955075394747,102.87500000000634,2.85902517698974e-10
whfast_hj,391.3704717041643,103.00000000000637,2.01484198243643e-11
whfast_hj,391.8454358688539,103.1250000000064,5.056269096690585e-10
whfast_hj,392.3204000335435,103.25000000000642,2.7487419473783046e-10
whfast_hj,392.7953641982331,103.37500000000644,4.805139991834315e-10
whfast_hj,393.27032836292267,103.50000000000647,5.747927796474736e-10
whfast_hj,393.74529252761226,103.6250000000065,2.1940527692367256e-10
whfast_hj,394.22025669230186,103.75000000000652,9.148884013930127e-11
whfast_hj,394.69522085699145,103.87500000000655,2.3868663466379547e-10
whfast_hj,395.17018502168105,104.00000000000658,1.900120015515011e-10
whfast_hj,395.64514918637065,104.12500000000661,1.3399772237173312e-10
whfast_hj,396.12011335106024,104.25000000000664,2.098182507521638e-10
whfast_hj,396.59507751574984,104.37500000000666,3.648605438449709e-10
whfast_hj,397.07004168043943,104.5000000000067,2.2357704357700185e-10
whfast_hj,397.545005845129,104.62500000000672,1.0177593706421466e-10
whfast_hj,398.0199700098186,104.75000000000675,7.286381219753799e-11
whfast_hj,398.4949341745082,104.87500000000678,5.544047541974442e-11
whfast_hj,398.9698983391978,105.0000000000068,3.725501175528044e-11
whfast_hj,399.4448625038874,105.12500000000684,2.2449107870656246e-10
whfast_hj,399.919826668577,105.25000000000686,1.6975110498559258e-10
whfast_hj,400.3947908332666,105.37500000000689,7.402221489910112e-10
whfast_hj,400.8697549979562,105.5000000000069,3.1344682196158405e-10
whfast_hj,401.3447191626458,105.62500000000693,2.1821048088562127e-10
whfast_hj,401.8196833273354,105.75000000000696,7.414199616466518e-11
whfast_hj,402.294647492025,105.87500000000699,6.13143685478413e-10
whfast_hj,402.7696116567146,106.00000000000702,5.479642756442696e-11
whfast_hj,403.24457582140417,106.12500000000705,3.9987140758649047e-10
whfast_hj,403.71953998609376,106.25000000000708,3.389075053607214e-10
whfast_hj,404.19450415078336,106.3750000000071,6.172029753901981e-10
whfast_hj,404.66946831547295,106.50000000000713,3.501672459855019e-10
whfast_hj,405.14443248016255,106.62500000000716,3.440430813338349e-11
whfast_hj,405.61939664485215,106.75000000000719,2.0746334977833827e-10
whfast_hj,406.09436080954174,106.87500000000722,2.0750428958847888e-10
whfast_hj,406.56932497423134,107.00000000000725,1.8501411262407105e-10
whfast_hj,407.04428913892093,107.12500000000728,4.6386959616173446e-10
whfast_hj,407.5192533036105,107.2500000000073,2.5853921049172255e-10
whfast_hj,407.9942174683001,107.37500000000733,4.626198545890207e-10
whfast_hj,408.4691816329897,107.50000000000736,5.233618199492907e-10
whfast_hj,408.9441457976793,107.62500000000738,1.8637159053926006e-10
whfast_hj,409.4191099623689,107.7500000000074,1.1288161471925552e-10
whfast_hj,409.8940741270585,107.87500000000743,2.5516878675372467e-10
whfast_hj,410.3690382917481,108.00000000000746,2.0182658434002956e-10
whfast_hj,410.8440024564377,108.12500000000749,1.4701291896080656e-10
whfast_hj,411.3189666211273,108.25000000000752,3.572554354296381e-10
whfast_hj,411.7939307858169,108.37500000000755,5.748600071251782e-10
whfast_hj,412.2688949505065,108.50000000000757,4.944667174247251e-11
whfast_hj,412.7438591151961,108.6250000000076,2.8827271723343106e-10
whfast_hj,413.21882327988567,108.75000000000763,6.538475530290134e-11
whfast_hj,413.69378744457526,108.87500000000766,8.853341679251833e-11
whfast_hj,414.16875160926486,109.00000000000769,7.785415958099478e-11
whfast_hj,414.64371577395445,109.12500000000772,1.7778845160693633e-10
whfast_hj,415.11867993864405,109.25000000000774,1.5411597602020434e-10
whfast_hj,415.59364410333365,109.37500000000777,7.527732174167009e-10
whfast_hj,416.06860826802324,109.5000000000078,3.755488509092624e-10
whfast_hj,416.54357243271284,109.62500000000783,4.282851441328763e-10
whfast_hj,417.01853659740243,109.75000000000784,8.054114705686623e-10
whfast_hj,417.493500762092,109.87500000000787,1.3613693518792308e-10
whfast_hj,417.9684649267816,110.0000000000079,7.838120576838404e-11
whfast_hj,418.4434290914712,110.12500000000793,3.4563628636635994e-10
whfast_hj,418.9183932561608,110.25000000000796,3.012708914803934e-10
whfast_hj,419.3933574208504,110.37500000000799,6.693206465353187e-10
whfast_hj,419.86832158554,110.50000000000801,3.122733577193429e-10
whfast_hj,420.3432857502296,110.62500000000804,3.4543718960546554e-11
whfast_hj,420.8182499149192,110.75000000000807,1.6171268100082405e-10
whfast_hj,421.2932140796088,110.8750000000081,4.4465805157153554e-11
whfast_hj,421.7681782442984,111.00000000000813,1.6169802885824742e-10
whfast_hj,422.243142408988,111.12500000000816,4.9538247633576535e-11
whfast_hj,422.7181065736776,111.25000000000819,4.0629184717996466e-10
whfast_hj,423.19307073836717,111.37500000000821,5.03411204049711e-10
whfast_hj,423.66803490305676,111.50000000000824,4.69563892806925e-10
whfast_hj,424.14299906774636,111.62500000000827,1.584228440469977e-10
whfast_hj,424.61796323243595,111.7500000000083,1.2830988990709112e-10
whfast_hj,425.09292739712555,111.87500000000831,2.6395209981036755e-10
whfast_hj,425.56789156181514,112.00000000000834,1.9741047166196624e-10
whfast_hj,426.04285572650474,112.12500000000837,2.1094991329352455e-10
whfast_hj,426.51781989119434,112.2500000000084,5.443137374158359e-10
whfast_hj,426.99278405588393,112.37500000000843,1.3550452285759294e-09
whfast_hj,427.4677482205735,112.50000000000846,4.415929526281127e-10
whfast_hj,427.9427123852631,112.62500000000848,3.1487238924521746e-10
whfast_hj,428.4176765499527,112.75000000000851,4.2974734177295134e-11
whfast_hj,428.8926407146423,112.87500000000854,1.1782822114766732e-10
whfast_hj,429.3676048793319,113.00000000000857,1.1284692361697846e-10
whfast_hj,429.8425690440215,113.1250000000086,1.367736569719522e-10
whfast_hj,430.3175332087111,113.25000000000863,1.4807670760640785e-10
whfast_hj,430.7924973734007,113.37500000000865,7.363701438021486e-10
whfast_hj,431.2674615380903,113.50000000000868,5.253754121901544e-10
whfast_hj,431.7424257027799,113.62500000000871,7.064983035967019e-11
whfast_hj,432.2173898674695,113.75000000000874,2.747072034069937e-10
whfast_hj,432.6923540321591,113.87500000000877,7.828338116941645e-12
whfast_hj,433.16731819684867,114.00000000000878,5.291017968036907e-11
whfast_hj,433.64228236153826,114.12500000000881,2.898710936103949e-10
whfast_hj,434.11724652622786,114.25000000000884,2.677314907044017e-10
whfast_hj,434.59221069091745,114.37500000000887,7.159202776915384e-10
whfast_hj,435.06717485560705,114.5000000000089,2.810701117935861e-10
whfast_hj,435.54213902029664,114.62500000000892,5.135748351261477e-11
whfast_hj,436.01710318498624,114.75000000000895,6.050559182487907e-11
whfast_hj,436.49206734967584,114.87500000000898,1.202169513330301e-10
whfast_hj,436.96703151436543,115.00000000000901,7.377190028099397e-10
whfast_hj,437.441995679055,115.12500000000904,2.808481749280869e-10
whfast_hj,437.9169598437446,115.25000000000907,4.193757795555373e-10
whfast_hj,438.3919240084342,115.3750000000091,5.565719784626777e-10
whfast_hj,438.8668881731238,115.50000000000912,4.186496366072537e-10
whfast_hj,439.3418523378134,115.62500000000915,1.3560234745656055e-10
whfast_hj,439.816816502503,115.75000000000918,1.3761335402520485e-10
whfast_hj,440.2917806671926,115.87500000000921,2.620044422110987e-10
whfast_hj,440.7667448318822,116.00000000000924,1.6203976853657912e-10
whfast_hj,441.2417089965718,116.12500000000925,3.663059346156198e-10
whfast_hj,441.7166731612614,116.25000000000928,1.1654529678147123e-10
whfast_hj,442.191637325951,116.37500000000931,8.231315132336329e-10
whfast_hj,442.6666014906406,116.50000000000934,5.247701494181281e-10
whfast_hj,443.14156565533017,116.62500000000936,3.000584266821761e-10
whfast_hj,443.61652982001976,116.7500000000094,2.0136137881322114e-11
whfast_hj,444.09149398470936,116.87500000000942,1.422882493978939e-10
whfast_hj,444.56645814939895,117.00000000000945,1.4268558102894287e-10
whfast_hj,445.04142231408855,117.12500000000948,1.0231267952242671e-10
whfast_hj,445.51638647877814,117.2500000000095,1.584398663891088e-10
whfast_hj,445.99135064346774,117.37500000000954,6.605550022388418e-10
whfast_hj,446.46631480815734,117.50000000000956,6.184934413003674e-10
whfast_hj,446.94127897284693,117.62500000000959,4.136508857890838e-10
whfast_hj,447.4162431375365,117.75000000000962,3.4905713071263625e-11
whfast_hj,447.8912073022261,117.87500000000965,8.299361406243741e-12
whfast_hj,448.3661714669157,118.00000000000968,1.7151841194755772e-11
whfast_hj,448.8411356316053,118.1250000000097,2.369281620819133e-10
whfast_hj,449.3160997962949,118.25000000000972,2.3813071513662285e-10
whfast_hj,449.7910639609845,118.37500000000975,7.569762276093481e-10
whfast_hj,450.2660281256741,118.50000000000978,2.5954223584016776e-10
whfast_hj,450.7409922903637,118.6250000000098,1.0064427452285391e-10
whfast_hj,451.2159564550533,118.75000000000983,1.3414769136045878e-10
whfast_hj,451.6909206197429,118.87500000000986,6.548701863917891e-10
whfast_hj,452.1658847844325,119.00000000000989,1.9553564383021073e-10
whfast_hj,452.6408489491221,119.12500000000992,3.4315985879822225e-10
whfast_hj,453.11581311381167,119.25000000000995,3.968851716457596e-10
whfast_hj,453.59077727850126,119.37500000000998,6.098195883676795e-10
whfast_hj,454.06574144319086,119.50000000001,3.713223541939556e-10
whfast_hj,454.54070560788045,119.62500000001003,1.173966293597112e-10
whfast_hj,455.01566977257005,119.75000000001006,1.3983380004362118e-10
whfast_hj,455.49063393725964,119.87500000001009,2.4174095997297076e-10
whfast_hj,455.96559810194924,120.00000000001012,6.266419718271457e-11
whfast_hj,456.44056226663884,120.12500000001015,3.8630977226838225e-10
whfast_hj,456.91552643132843,120.25000000001017,2.382675402915665e-10
whfast_hj,457.390490596018,120.37500000001019,5.906657904570473e-10
whfast_hj,457.8654547607076,120.50000000001022,5.127931002251468e-10
whfast_hj,458.3404189253972,120.62500000001025,2.766121974146423e-10
whfast_hj,458.8153830900868,120.75000000001027,8.636145212821589e-13
whfast_hj,459.2903472547764,120.8750000000103,1.6181266032664116e-10
whfast_hj,459.765311419466,121.00000000001033,1.670105079057054e-10
whfast_hj,460.2402755841556,121.12500000001036,7.802093543914658e-11
whfast_hj,460.7152397488452,121.25000000001039,2.0290717985505702e-10
whfast_hj,461.1902039135348,121.37500000001042,4.922658794206392e-10
whfast_hj,461.6651680782244,121.50000000001044,2.5181021401339905e-10
whfast_hj,462.140132242914,121.62500000001047,1.0808583917030915e-10
whfast_hj,462.6150964076036,121.7500000000105,1.1516153119871822e-10
whfast_hj,463.09006057229317,121.87500000001053,4.39758202715758e-12
whfast_hj,463.56502473698276,122.00000000001056,1.8178353065860613e-11
whfast_hj,464.03998890167236,122.12500000001059,1.8765645415962072e-10
whfast_hj,464.51495306636195,122.25000000001062,2.121884502866208e-10
whfast_hj,464.98991723105155,122.37500000001064,7.911674332573154e-10
whfast_hj,465.46488139574114,122.50000000001066,2.559990030088395e-10
whfast_hj,465.93984556043074,122.62500000001069,2.1844146760388835e-10
whfast_hj,466.41480972512034,122.75000000001071,9.110206666981488e-11
whfast_hj,466.88977388980993,122.87500000001074,5.573196686794565e-10
whfast_hj,467.3647380544995,123.00000000001077,1.457952828181505e-11
whfast_hj,467.8397022191891,123.1250000000108,3.251497898993081e-10
whfast_hj,468.3146663838787,123.25000000001083,3.6613851233941315e-10
whfast_hj,468.7896305485683,123.37500000001086,6.600533818282766e-10
whfast_hj,469.2645947132579,123.50000000001089,3.272000124966134e-10
whfast_hj,469.7395588779475,123.62500000001091,1.0380741353792928e-10
whfast_hj,470.2145230426371,123.75000000001094,1.3137671263199357e-10
whfast_hj,470.6894872073267,123.87500000001097,1.8394903114236004e-10
whfast_hj,471.1644513720163,124.000000000011,1.2370157559405184e-10
whfast_hj,471.6394155367059,124.12500000001103,4.921607287503833e-10
whfast_hj,472.1143797013955,124.25000000001106,2.2949155330621193e-10
whfast_hj,472.5893438660851,124.37500000001108,5.543590739882347e-10
whfast_hj,473.06430803077467,124.50000000001111,4.748832669803014e-10
whfast_hj,473.53927219546426,124.62500000001113,2.5307654698285396e-10
whfast_hj,474.01423636015386,124.75000000001116,1.4744364885802286e-11
whfast_hj,474.48920052484345,124.87500000001118,1.7716207251178483e-10
whfast_hj,474.96416468953305,125.00000000001121,1.8496067539820328e-10
whfast_hj,475.43912885422264,125.12500000001124,7.25604266571275e-11
whfast_hj,475.91409301891224,125.25000000001127,3.1994440077627053e-10
whfast_hj,476.38905718360184,125.3750000000113,6.880163495177458e-10
whfast_hj,476.86402134829143,125.50000000001133,1.0232366862935918e-11
whfast_hj,477.338985512981,125.62500000001135,2.9592716889361754e-10
whfast_hj,477.8139496776706,125.75000000001138,1.2783908209047399e-10
whfast_hj,478.2889138423602,125.87500000001141,2.308466610218665e-11
whfast_hj,478.7638780070498,126.00000000001144,5.085370837520018e-11
whfast_hj,479.2388421717394,126.12500000001147,1.4130181544618987e-10
whfast_hj,479.713806336429,126.2500000000115,1.8949098859929045e-10
whfast_hj,480.1887705011186,126.37500000001153,8.147741896751375e-10
whfast_hj,480.6637346658082,126.50000000001155,2.915224762678566e-10
whfast_hj,481.1386988304978,126.62500000001158,4.1108956198307554e-10
whfast_hj,481.6136629951874,126.7500000000116,6.90913810712277e-10
whfast_hj,482.088627159877,126.87500000001162,1.289604019429571e-10
whfast_hj,482.5635913245666,127.00000000001165,5.793370985730826e-11
whfast_hj,483.03855548925617,127.12500000001168,2.852306738672979e-10
whfast_hj,483.51351965394576,127.25000000001171,3.3470923556714313e-10
whfast_hj,483.98848381863536,127.37500000001174,7.067702301251095e-10
whfast_hj,484.46344798332495,127.50000000001177,2.858359366393243e-10
whfast_hj,484.93841214801455,127.6250000000118,9.613744784442636e-11
whfast_hj,485.41337631270414,127.75000000001182,1.0231332594048155e-10
whfast_hj,485.88834047739374,127.87500000001185,4.6876082611011394e-11
whfast_hj,486.36330464208334,128.00000000001188,1.9543157052337956e-10
whfast_hj,486.83826880677293,128.1250000000119,1.3384107372977401e-10
whfast_hj,487.3132329714625,128.25000000001194,3.8067947101062207e-10
whfast_hj,487.7881971361521,128.37500000001197,5.752650957728854e-10
whfast_hj,488.2631613008417,128.500000000012,4.3083009201482827e-10
whfast_hj,488.7381254655313,128.62500000001202,2.3175056893523443e-10
whfast_hj,489.2130896302209,128.75000000001205,2.689486959016879e-11
whfast_hj,489.6880537949105,128.87500000001208,1.8803223852217465e-10
whfast_hj,490.1630179596001,129.0000000000121,1.9209432957886409e-10
whfast_hj,490.6379821242897,129.12500000001214,1.0957777204090738e-10
whfast_hj,491.1129462889793,129.25000000001216,4.902456075265421e-10
whfast_hj,491.5879104536689,129.3750000000122,1.3782637032154705e-09
whfast_hj,492.0628746183585,129.50000000001222,3.4088683744467793e-10
whfast_hj,492.5378387830481,129.62500000001225,3.416034995948238e-10
whfast_hj,493.01280294773767,129.75000000001228,1.2233871086173904e-10
whfast_hj,493.48776711242726,129.87500000001228,4.1085900621017835e-11
whfast_hj,493.96273127711686,130.0000000000123,8.051697102161477e-11
whfast_hj,494.43769544180645,130.12500000001234,9.752810855309777e-11
whfast_hj,494.91265960649605,130.25000000001236,1.7145980337725114e-10
whfast_hj,495.38762377118564,130.3750000000124,8.169582208097972e-10
whfast_hj,495.86258793587524,130.50000000001242,4.0993074988341104e-10
whfast_hj,496.33755210056484,130.62500000001245,4.545396289033718e-11
whfast_hj,496.81251626525443,130.75000000001248,2.2967448961573502e-10
whfast_hj,497.287480429944,130.8750000000125,1.1922965549058628e-11
whfast_hj,497.7624445946336,131.00000000001253,5.2129737615477863e-11
whfast_hj,498.2374087593232,131.12500000001256,2.399512438517708e-10
whfast_hj,498.7123729240128,131.2500000000126,3.0399037223715535e-10
whfast_hj,499.1873370887024,131.37500000001262,7.50800349513293e-10
whfast_hj,499.662301253392,131.50000000001265,2.4691726028353994e-10
whfast_hj,500.1372654180816,131.62500000001268,9.861236710376939e-11
whfast_hj,500.6122295827712,131.7500000000127,2.698687642664271e-11
whfast_hj,501.0871937474608,131.87500000001273,1.1144398096526486e-10
whfast_hj,501.5621579121504,132.00000000001276,6.992304099333168e-10
whfast_hj,502.03712207684,132.1250000000128,1.6794307368617175e-10
whfast_hj,502.5120862415296,132.25000000001282,4.0961809901754765e-10
whfast_hj,502.98705040621917,132.37500000001285,6.121023059920465e-10
whfast_hj,503.46201457090876,132.50000000001288,3.859141644188129e-10
whfast_hj,503.93697873559836,132.6250000000129,2.1242805591228592e-10
whfast_hj,504.41194290028795,132.75000000001293,3.630262248779861e-11
whfast_hj,504.88690706497755,132.87500000001296,1.9317341678509687e-10
whfast_hj,505.36187122966714,133.000000000013,1.7672767957892435e-10
whfast_hj,505.83683539435674,133.12500000001302,2.34598471412227e-10
whfast_hj,506.31179955904634,133.25000000001305,1.1285037117993768e-10
whfast_hj,506.78676372373593,133.37500000001307,9.221231122629154e-10
whfast_hj,507.2617278884255,133.5000000000131,4.347329487573392e-10
whfast_hj,507.7366920531151,133.62500000001313,3.447196655645799e-10
whfast_hj,508.2116562178047,133.75000000001316,1.1297534533720904e-10
whfast_hj,508.6866203824943,133.8750000000132,5.691710972971114e-11
whfast_hj,509.1615845471839,134.00000000001322,1.0771781182441346e-10
whfast_hj,509.6365487118735,134.12500000001322,5.6312924321109554e-11
whfast_hj,510.1115128765631,134.25000000001324,1.628447744875547e-10
whfast_hj,510.5864770412527,134.37500000001327,7.687358648632142e-10
whfast_hj,511.0614412059423,134.5000000000133,4.985514331133344e-10
whfast_hj,511.5364053706319,134.62500000001333,3.437946413280868e-10
whfast_hj,512.0113695353215,134.75000000001336,6.473919913878922e-11
whfast_hj,512.4863337000111,134.8750000000134,5.0340452439647756e-11
whfast_hj,512.9612978647007,135.00000000001342,3.2678587399613826e-11
whfast_hj,513.4362620293903,135.12500000001344,1.9429710683711444e-10
whfast_hj,513.9112261940799,135.25000000001347,2.740711280410194e-10
whfast_hj,514.3861903587695,135.3750000000135,7.923271072477197e-10
whfast_hj,514.861154523459,135.50000000001353,2.1220525715604696e-10
whfast_hj,515.3361186881486,135.62500000001356,1.2454989155470248e-10
whfast_hj,515.8110828528382,135.75000000001359,1.410402316066598e-10
whfast_hj,516.2860470175278,135.8750000000136,5.812468329798001e-10
whfast_hj,516.7610111822174,136.00000000001364,2.3070315621368937e-10
whfast_hj,517.235975346907,136.12500000001367,2.444460040598411e-10
whfast_hj,517.7109395115966,136.2500000000137,4.007942770961341e-10
whfast_hj,518.1859036762862,136.37500000001373,6.522909783529299e-10
whfast_hj,518.6608678409758,136.50000000001376,3.4136604869600815e-10
whfast_hj,519.1358320056654,136.62500000001378,1.9458670212568812e-10
whfast_hj,519.610796170355,136.7500000000138,4.281269871821225e-11
whfast_hj,520.0857603350446,136.87500000001384,1.8712552946390235e-10
whfast_hj,520.5607244997342,137.00000000001387,1.0689535258595688e-10
whfast_hj,521.0356886644238,137.1250000000139,2.6016581379041494e-10
whfast_hj,521.5106528291134,137.25000000001393,2.2555766849706813e-10
whfast_hj,521.985616993803,137.37500000001396,6.966731801083226e-10
whfast_hj,522.4605811584926,137.50000000001398,4.39273820119989e-10
whfast_hj,522.9355453231822,137.625000000014,3.3506584286073646e-10
whfast_hj,523.4105094878718,137.75000000001404,1.036955832144399e-10
whfast_hj,523.8854736525614,137.87500000001407,7.08579769733325e-11
whfast_hj,524.360437817251,138.0000000000141,1.3313561615924563e-10
whfast_hj,524.8354019819405,138.12500000001413,1.9150781293042844e-11
whfast_hj,525.3103661466301,138.25000000001415,1.778602040110249e-10
whfast_hj,525.7853303113197,138.37500000001415,6.258236065697032e-10
whfast_hj,526.2602944760093,138.50000000001418,2.8152411274077707e-10
whfast_hj,526.7352586406989,138.6250000000142,1.098578865313432e-10
whfast_hj,527.2102228053885,138.75000000001424,1.639020989526075e-10
whfast_hj,527.6851869700781,138.87500000001427,5.736486196903857e-11
whfast_hj,528.1601511347677,139.0000000000143,9.93609192112879e-12
whfast_hj,528.6351152994573,139.12500000001432,1.4896660979525398e-10
whfast_hj,529.1100794641469,139.25000000001435,2.4388663696970923e-10
whfast_hj,529.5850436288365,139.37500000001438,8.3139445975612e-10
whfast_hj,530.0600077935261,139.5000000000144,1.871113082666956e-10
whfast_hj,530.5349719582157,139.62500000001444,2.0888309929947802e-10
whfast_hj,531.0099361229053,139.75000000001447,1.1815724793758694e-10
whfast_hj,531.4849002875949,139.8750000000145,5.00015570007574e-10
whfast_hj,531.9598644522845,140.00000000001452,2.0805826986148698e-11
whfast_hj,532.4348286169741,140.12500000001455,2.444600097843629e-10
whfast_hj,532.9097927816637,140.25000000001458,3.793387999648592e-10
whfast_hj,533.3847569463533,140.3750000000146,6.923477814306235e-10
whfast_hj,533.8597211110429,140.50000000001464,2.9673476051681255e-10
whfast_hj,534.3346852757325,140.62500000001467,1.774236563513149e-10
whfast_hj,534.809649440422,140.7500000000147,4.4814009016033784e-11
whfast_hj,535.2846136051116,140.87500000001472,1.5392549816670797e-10
whfast_hj,535.7595777698012,141.00000000001475,5.6455136293176973e-11
whfast_hj,536.2345419344908,141.12500000001478,5.210064880300952e-10
whfast_hj,536.7095060991804,141.2500000000148,1.8061760796033822e-10
whfast_hj,537.18447026387,141.37500000001484,6.397832199369153e-10
whfast_hj,537.6594344285596,141.50000000001486,4.147836256938693e-10
whfast_hj,538.1343985932492,141.6250000000149,3.2176385212799375e-10
whfast_hj,538.6093627579388,141.75000000001492,9.528525337544659e-11
whfast_hj,539.0843269226284,141.87500000001495,8.359478285344968e-11
whfast_hj,539.559291087318,142.00000000001498,1.5675034506641086e-10
whfast_hj,540.0342552520076,142.125000000015,7.770160492004973e-12
whfast_hj,540.5092194166972,142.25000000001504,2.5524377124808747e-10
whfast_hj,540.9841835813868,142.37500000001506,7.865657985975096e-10
whfast_hj,541.4591477460764,142.5000000000151,9.042009562194611e-11
whfast_hj,541.934111910766,142.6250000000151,3.0079211117443304e-10
whfast_hj,542.4090760754556,142.75000000001512,1.9784831215778592e-10
whfast_hj,542.8840402401452,142.87500000001515,5.4874859621748996e-11
whfast_hj,543.3590044048348,143.00000000001518,1.3062385107077605e-11
whfast_hj,543.8339685695244,143.1250000000152,1.0352385148453424e-10
whfast_hj,544.308932734214,143.25000000001523,2.1257112977509315e-10
whfast_hj,544.7838968989035,143.37500000001526,8.661575299099463e-10
whfast_hj,545.2588610635931,143.5000000000153,1.8941471126881794e-10
whfast_hj,545.7338252282827,143.62500000001532,3.800324065377153e-10
whfast_hj,546.2087893929723,143.75000000001535,5.681609613500628e-10
whfast_hj,546.6837535576619,143.87500000001538,1.1424835795989742e-10
whfast_hj,547.1587177223515,144.0000000000154,4.3616842778448035e-11
whfast_hj,547.6336818870411,144.12500000001543,2.1933718755522813e-10
whfast_hj,548.1086460517307,144.25000000001546,3.5313344296653243e-10
whfast_hj,548.5836102164203,144.3750000000155,7.316359934410982e-10
whfast_hj,549.0585743811099,144.50000000001552,2.5111703838591286e-10
whfast_hj,549.5335385457995,144.62500000001555,1.6081825388559395e-10
whfast_hj,550.0085027104891,144.75000000001558,3.552498156781176e-11
whfast_hj,550.4834668751787,144.8750000000156,5.051584720519758e-11
whfast_hj,550.9584310398683,145.00000000001563,2.1057886933003956e-10
whfast_hj,551.4333952045579,145.12500000001566,2.3133406023522484e-10
whfast_hj,551.9083593692475,145.2500000000157,3.3459481957143436e-10
whfast_hj,552.3833235339371,145.37500000001572,6.388411733583111e-10
whfast_hj,552.8582876986267,145.50000000001575,3.8017741965468705e-10
whfast_hj,553.3332518633163,145.62500000001577,3.0743944350516023e-10
whfast_hj,553.8082160280059,145.7500000000158,8.739399723449935e-11
whfast_hj,554.2831801926955,145.87500000001583,9.575929328233798e-11
whfast_hj,554.758144357385,146.00000000001586,1.7652104127405667e-10
whfast_hj,555.2331085220746,146.1250000000159,4.355780326277156e-12
whfast_hj,555.7080726867642,146.25000000001592,4.0515285856731554e-10
whfast_hj,556.1830368514538,146.37500000001594,1.395512722591139e-09
whfast_hj,556.6580010161434,146.50000000001597,2.2316441338532137e-10
whfast_hj,557.132965180833,146.625000000016,3.6574786036159765e-10
whfast_hj,557.6079293455226,146.750000000016,2.1062670426609859e-10
whfast_hj,558.0828935102122,146.87500000001603,5.017884792593478e-11
whfast_hj,558.5578576749018,147.00000000001606,3.552972196688068e-11
whfast_hj,559.0328218395914,147.1250000000161,5.7352580025996384e-11
whfast_hj,559.507786004281,147.25000000001612,1.8003303056606715e-10
whfast_hj,559.9827501689706,147.37500000001614,8.886998512641122e-10
whfast_hj,560.4577143336602,147.50000000001617,2.6659336398249247e-10
whfast_hj,560.9326784983498,147.6250000000162,7.271772171714146e-12
whfast_hj,561.4076426630394,147.75000000001623,1.8203132424629937e-10
whfast_hj,561.882606827729,147.87500000001626,4.142527009981509e-11
whfast_hj,562.3575709924186,148.00000000001629,5.937694590110764e-11
whfast_hj,562.8325351571082,148.1250000000163,1.856236848497964e-10
whfast_hj,563.3074993217978,148.25000000001634,3.244852721389203e-10
whfast_hj,563.7824634864874,148.37500000001637,7.702441736578687e-10
whfast_hj,564.257427651177,148.5000000000164,2.0370981560649815e-10
whfast_hj,564.7323918158665,148.62500000001643,1.4681705429018642e-10
whfast_hj,565.2073559805561,148.75000000001646,7.571710149165436e-12
whfast_hj,565.6823201452457,148.87500000001648,1.0431571360172784e-10
whfast_hj,566.1572843099353,149.0000000000165,6.576069049633471e-10
whfast_hj,566.6322484746249,149.12500000001654,4.54931789189982e-11
whfast_hj,567.1072126393145,149.25000000001657,3.780920750097348e-10
whfast_hj,567.5821768040041,149.3750000000166,6.563336768679738e-10
whfast_hj,568.0571409686937,149.50000000001663,3.4138242462006443e-10
whfast_hj,568.5321051333833,149.62500000001666,2.9228438768184206e-10
whfast_hj,569.0070692980729,149.75000000001668,7.900133615567199e-11
whfast_hj,569.4820334627625,149.8750000000167,1.0759111388566249e-10
whfast_hj,569.9569976274521,150.00000000001674,1.8428473758551312e-10
whfast_hj,570.4319617921417,150.12500000001677,8.080484252870882e-11
whfast_hj,570.9069259568313,150.2500000000168,1.1483185799074375e-10
whfast_hj,571.3818901215209,150.37500000001683,1.0151043162181848e-09
whfast_hj,571.8568542862105,150.50000000001685,3.271017569522759e-10
whfast_hj,572.3318184509001,150.62500000001688,3.869729971926603e-10
whfast_hj,572.8067826155897,150.7500000000169,2.1610208066337925e-10
whfast_hj,573.2817467802793,150.87500000001694,4.493898317330515e-11
whfast_hj,573.7567109449689,151.00000000001694,5.838016926052599e-11
whfast_hj,574.2316751096585,151.12500000001697,9.150478511798762e-12
whfast_hj,574.706639274348,151.250000000017,1.4782848307334471e-10
whfast_hj,575.1816034390376,151.37500000001702,8.742140536002506e-10
whfast_hj,575.6565676037272,151.50000000001705,3.5528687697992913e-10
whfast_hj,576.1315317684168,151.62500000001708,2.824467667777357e-10
whfast_hj,576.6064959331064,151.7500000000171,9.983452817280941e-11
whfast_hj,577.081460097796,151.87500000001714,1.0346955236792668e-10
whfast_hj,577.5564242624856,152.00000000001717,5.8084325264088756e-11
whfast_hj,578.0313884271752,152.1250000000172,1.4810277980128688e-10
whfast_hj,578.5063525918648,152.25000000001722,2.927379576836631e-10
whfast_hj,578.9813167565544,152.37500000001725,8.096543432080254e-10
whfast_hj,579.456280921244,152.50000000001728,1.5361909600870817e-10
whfast_hj,579.9312450859336,152.6250000000173,1.4386594039710248e-10
whfast_hj,580.4062092506232,152.75000000001734,1.3942849592322902e-10
whfast_hj,580.8811734153128,152.87500000001737,4.806299234879349e-10
whfast_hj,581.3561375800024,153.0000000000174,2.609152277886732e-10
whfast_hj,581.831101744692,153.12500000001742,1.3640541415337156e-10
whfast_hj,582.3060659093816,153.25000000001745,3.8124336302713786e-10
whfast_hj,582.7810300740712,153.37500000001748,6.80171420004063e-10
whfast_hj,583.2559942387608,153.5000000000175,2.995910664285182e-10
whfast_hj,583.7309584034504,153.62500000001754,2.751194026533043e-10
whfast_hj,584.20592256814,153.75000000001756,6.861727652253082e-11
whfast_hj,584.6808867328295,153.8750000000176,1.1723696410016276e-10
whfast_hj,585.1558508975191,154.00000000001762,1.5188109333189632e-10
whfast_hj,585.6308150622087,154.12500000001765,1.2332751501297753e-10
whfast_hj,586.1057792268983,154.25000000001768,2.4264680714050325e-10
whfast_hj,586.5807433915879,154.3750000000177,7.92661951800133e-10
whfast_hj,587.0557075562775,154.50000000001774,3.4770740981410545e-10
whfast_hj,587.5306717209671,154.62500000001776,3.9181553031424094e-10
whfast_hj,588.0056358856567,154.7500000000178,2.1868839930084177e-10
whfast_hj,588.4806000503463,154.87500000001782,3.901779379086161e-11
whfast_hj,588.9555642150359,155.00000000001785,8.289535851809991e-11
whfast_hj,589.4305283797255,155.12500000001788,4.170710837173053e-11
whfast_hj,589.9054925444151,155.25000000001788,1.2546284932083835e-10
whfast_hj,590.3804567091047,155.3750000000179,7.639234979175266e-10
whfast_hj,590.8554208737943,155.50000000001793,3.171124432779643e-10
whfast_hj,591.3303850384839,155.62500000001796,1.0489274945202564e-10
whfast_hj,591.8053492031735,155.750000000018,2.1883642903540286e-10
whfast_hj,592.2803133678631,155.87500000001802,1.3244502620397884e-10
whfast_hj,592.7552775325527,156.00000000001805,5.059018528150555e-11
whfast_hj,593.2302416972423,156.12500000001808,1.0814423226793078e-10
whfast_hj,593.7052058619319,156.2500000000181,2.569216570457981e-10
whfast_hj,594.1801700266215,156.37500000001813,8.508684500765889e-10
whfast_hj,594.655134191311,156.50000000001816,1.0313212214329398e-10
whfast_hj,595.1300983560006,156.6250000000182,1.8427611867811512e-10
whfast_hj,595.6050625206902,156.75000000001822,1.5526961677543006e-10
whfast_hj,596.0800266853798,156.87500000001825,4.341037685172833e-10
