method,time_years,relative_energy_error
whfast,0.0,2.220446049250313e-16
whfast,0.004117347746948149,1.0365066645815931e-08
whfast,0.008234695493896308,3.191063276220271e-08
whfast,0.012352043240844468,4.893599688925502e-08
whfast,0.016469390987792615,4.109881233513889e-08
whfast,0.020586738734740716,2.167369201282749e-08
whfast,0.024704086481688817,2.3402102930424377e-09
whfast,0.02882143422863692,4.737296400047997e-09
whfast,0.032938781975585064,2.573503395649402e-08
whfast,0.03705612972253328,4.292663327916135e-08
whfast,0.0411734774694815,4.6622767397890076e-08
whfast,0.04529082521642972,2.8168322156778514e-08
whfast,0.04940817296337794,8.89198228172763e-09
whfast,0.05352552071032616,2.0997384283230942e-09
whfast,0.05764286845727438,1.6329883207686795e-08
whfast,0.0617602162042226,3.856764535024923e-08
whfast,0.06587756395117081,4.624457961865547e-08
whfast,0.06999491169811903,3.816130916810744e-08
whfast,0.07411225944506725,1.4866552979185475e-08
whfast,0.07822960719201547,1.8761338925424835e-09
whfast,0.08234695493896368,8.6731737330386e-09
whfast,0.0864643026859119,2.985195950877548e-08
whfast,0.09058165043286012,4.7427957646737934e-08
whfast,0.09469899817980834,4.274852313500368e-08
whfast,0.09881634592675656,2.4334265949686968e-08
whfast,0.10293369367370478,2.8411765546088287e-09
whfast,0.107051041420653,3.1772191913836348e-09
whfast,0.11116838916760122,2.3000567038813114e-08
whfast,0.11528573691454944,4.315746270209538e-08
whfast,0.11940308466149765,4.807072593809636e-08
whfast,0.12352043240844587,2.986226370210378e-08
whfast,0.1276377801553941,8.727764812144487e-09
whfast,0.1317551279023423,1.4366561446539768e-10
whfast,0.13587247564929053,1.575094997789558e-08
whfast,0.13998982339623875,3.83054372066484e-08
whfast,0.14410717114318697,4.733275344943611e-08
whfast,0.1482245188901352,3.819128457645697e-08
whfast,0.1523418666370834,1.4834226719507674e-08
whfast,0.15645921438403163,2.31312914299322e-09
whfast,0.16057656213097984,8.494588254488546e-09
whfast,0.16469390987792806,3.009107168239956e-08
whfast,0.16881125762487628,4.600398901814346e-08
whfast,0.1729286053718245,4.258226348803103e-08
whfast,0.17704595311877272,2.5067738410488434e-08
whfast,0.18116330086572094,4.398216513433442e-09
whfast,0.18528064861266916,4.249477535675475e-09
whfast,0.18939799635961738,2.1065225455232758e-08
whfast,0.1935153441065656,4.1755813859580956e-08
whfast,0.19763269185351381,4.738847965836875e-08
whfast,0.20175003960046203,3.209377949481107e-08
whfast,0.20586738734741025,1.1193760322064137e-08
whfast,0.20998473509435847,2.865397873869283e-10
whfast,0.2141020828413067,1.3731467556093486e-08
whfast,0.2182194305882549,3.5760399846822376e-08
whfast,0.22233677833520313,4.827600780013192e-08
whfast,0.22645412608215135,4.020633113076271e-08
whfast,0.23057147382909957,1.64154731311673e-08
whfast,0.23468882157604778,1.671709392910972e-09
whfast,0.238806169322996,6.018094896488147e-09
whfast,0.24292351706994422,2.9730102549210166e-08
whfast,0.24704086481689244,4.6233087089346206e-08
whfast,0.2511582125638404,4.415170889205349e-08
whfast,0.2552755603107877,2.525268926206839e-08
whfast,0.25939290805773496,3.6146346139639384e-09
whfast,0.26351025580468224,4.021574451222971e-09
whfast,0.2676276035516295,2.045634322455826e-08
whfast,0.2717449512985768,4.2377792824236303e-08
whfast,0.27586229904552406,4.6741221119694586e-08
whfast,0.27997964679247134,3.230951323637503e-08
whfast,0.2840969945394186,1.2015658281388099e-08
whfast,0.2882143422863659,5.070039864040089e-10
whfast,0.29233169003331316,1.4238727205892906e-08
whfast,0.29644903778026044,3.373261354835723e-08
whfast,0.3005663855272077,4.7257651789104156e-08
whfast,0.304683733274155,4.017827407812764e-08
whfast,0.30880108102110226,1.8642394415969912e-08
whfast,0.31291842876804954,3.690886857380668e-09
whfast,0.3170357765149968,4.826790325093629e-09
whfast,0.3211531242619441,2.7713792935574538e-08
whfast,0.32527047200889136,4.444347364115031e-08
whfast,0.32938781975583864,4.580770838549065e-08
whfast,0.3335051675027859,2.772914995305499e-08
whfast,0.3376225152497332,4.566480780510288e-09
whfast,0.34173986299668047,2.4184493559749996e-09
whfast,0.34585721074362774,1.7532884330518663e-08
whfast,0.349974558490575,4.223558451068584e-08
whfast,0.3540919062375223,4.7794130420053366e-08
whfast,0.35820925398446957,3.4356926541806806e-08
whfast,0.36232660173141684,1.2065321336071188e-08
whfast,0.3664439494783641,9.272469271023185e-10
whfast,0.3705612972253114,1.3564471238618061e-08
whfast,0.37467864497225867,3.334972504452039e-08
whfast,0.37879599271920594,4.833387438310633e-08
whfast,0.3829133404661532,3.990750639446834e-08
whfast,0.3870306882131005,1.868664922156629e-08
whfast,0.39114803596004777,3.803695836567442e-09
whfast,0.39526538370699504,4.847238310844149e-09
whfast,0.3993827314539423,2.79933235945878e-08
whfast,0.4035000792008896,4.297500804071347e-08
whfast,0.40761742694783687,4.574975827667856e-08
whfast,0.41173477469478414,2.8263819379150217e-08
whfast,0.4158521224417314,6.538469863300221e-09
whfast,0.4199694701886787,3.5214199747299983e-09
whfast,0.42408681793562597,1.5699739054468888e-08
whfast,0.42820416568257325,4.055057866510486e-08
whfast,0.4323215134295205,4.653836502794709e-08
whfast,0.4364388611764678,3.643237479584635e-08
whfast,0.44055620892341507,1.4306416192644814e-08
whfast,0.44467355667036235,7.421687328518109e-10
whfast,0.4487909044173096,1.1708853600016609e-08
whfast,0.4529082521642569,3.081458305132304e-08
whfast,0.4570255999112042,4.913718794135313e-08
whfast,0.46114294765815145,4.161456990757554e-08
whfast,0.4652602954050987,2.060889367994407e-08
whfast,0.469377643152046,3.0379499310206624e-09
whfast,0.4734949908989933,2.4053457756140092e-09
whfast,0.47761233864594055,2.7165215968479344e-08
whfast,0.4817296863928878,4.28824285499454e-08
whfast,0.4858470341398351,4.73610469956022e-08
whfast,0.4899643818867824,2.837571720294615e-08
whfast,0.49408172963372965,6.3323895177297985e-09
whfast,0.4981990773806769,3.361202356033903e-09
whfast,0.5023164251276253,1.5348664701075578e-08
whfast,0.5064337728745745,4.1010459799467566e-08
whfast,0.5105511206215236,4.552064299172004e-08
whfast,0.5146684683684728,3.658867022116724e-08
whfast,0.518785816115422,1.4719983912709296e-08
whfast,0.5229031638623711,2.9528535337426223e-10
whfast,0.5270205116093203,1.2099777015582538e-08
whfast,0.5311378593562694,2.892280322405831e-08
whfast,0.5352552071032186,4.8175419218268424e-08
whfast,0.5393725548501678,4.1387155654664835e-08
whfast,0.5434899025971169,2.3184990719122498e-08
whfast,0.5476072503440661,5.103813057257185e-09
whfast,0.5517245980910153,1.7333080355036359e-09
whfast,0.5558419458379644,2.4897094928508462e-08
whfast,0.5599592935849136,4.059947805498636e-08
whfast,0.5640766413318627,4.864479608627065e-08
whfast,0.5681939890788119,3.0468063301218755e-08
whfast,0.5723113368257611,7.848685885914142e-09
whfast,0.5764286845727102,1.878096260700683e-09
whfast,0.5805460323196594,1.2816521226767488e-08
whfast,0.5846633800666086,4.081752763353446e-08
whfast,0.5887807278135577,4.644641638220596e-08
whfast,0.5928980755605069,3.8795261082346834e-08
whfast,0.597015423307456,1.4559252033059463e-08
whfast,0.6011327710544052,7.721558778530029e-10
whfast,0.6052501188013544,1.1059239319742644e-08
whfast,0.6093674665483035,2.834655710066554e-08
whfast,0.6134848142952527,4.893269830330489e-08
whfast,0.6176021620422019,4.088533848585281e-08
whfast,0.621719509789151,2.372870030116182e-08
whfast,0.6258368575361002,5.296757937896264e-09
whfast,0.6299542052830494,2.3786446974678403e-09
whfast,0.6340715530299985,2.5113744324513063e-08
whfast,0.6381889007769477,3.906567099374124e-08
whfast,0.6423062485238968,4.837673780864796e-08
whfast,0.646423596270846,3.0413598586729116e-08
whfast,0.6505409440177952,9.969513903612048e-09
whfast,0.6546582917647443,2.6974303484686728e-09
whfast,0.6587756395116935,1.1262507759185264e-08
whfast,0.6628929872586427,3.893134325495048e-08
whfast,0.6670103350055918,4.51251563659872e-08
whfast,0.671127682752541,4.116127420846143e-08
whfast,0.6752450304994901,1.6729312761546115e-08
whfast,0.6793623782464393,1.757113681684328e-11
whfast,0.6834797259933885,8.934079890748188e-09
whfast,0.6875970737403376,2.5789238312927584e-08
whfast,0.6917144214872868,4.9269654051579144e-08
whfast,0.695831769234236,4.196519572526442e-08
whfast,0.6999491169811851,2.5663727342477585e-08
whfast,0.7040664647281343,4.379432589277999e-09
whfast,0.7081838124750834,6.655014031879022e-10
whfast,0.7123011602220326,2.4252040533016774e-08
whfast,0.7164185079689818,3.9056472784221405e-08
whfast,0.7205358557159309,4.995467487576009e-08
whfast,0.7246532034628801,3.032059716333374e-08
whfast,0.7287705512098293,1.0221844089950845e-08
whfast,0.7328878989567784,2.2143945608709003e-09
whfast,0.7370052467037276,1.1029612098725812e-08
whfast,0.7411225944506767,3.883890382155894e-08
whfast,0.7452399421976259,4.379339947974199e-08
whfast,0.7493572899445751,4.139957674873157e-08
whfast,0.7534746376915242,1.71313263348801e-08
whfast,0.7575919854384734,1.92384670694076e-09
whfast,0.7617093331854226,9.35530284186043e-09
whfast,0.7658266809323717,2.4225560299532747e-08
whfast,0.7699440286793209,4.8046629027343545e-08
whfast,0.77406137642627,4.141918360777951e-08
whfast,0.7781787241732192,2.8302985563806862e-08
whfast,0.7822960719201684,5.93161729092013e-09
whfast,0.7864134196671175,3.339351253576968e-10
whfast,0.7905307674140667,2.1660499429524717e-08
whfast,0.7946481151610159,3.701496751362636e-08
whfast,0.798765462907965,5.129493848713127e-08
whfast,0.8028828106549142,3.226005792042639e-08
whfast,0.8070001584018633,1.23268377996673e-08
whfast,0.8111175061488125,6.7759015440169e-10
whfast,0.8152348538957617,9.081666524923625e-09
whfast,0.8193522016427108,3.817726495043362e-08
whfast,0.82346954938966,4.4289773580734026e-08
whfast,0.8275868971366092,4.321821493649222e-08
whfast,0.8317042448835583,1.6496105297374125e-08
whfast,0.8358215926305075,1.5343260168595226e-09
whfast,0.8399389403774566,8.3033438190647e-09
whfast,0.8440562881244058,2.42500865761256e-08
whfast,0.848173635871355,4.858117541420716e-08
whfast,0.8522909836183041,4.073942354209603e-08
whfast,0.8564083313652533,2.9125596133497682e-08
whfast,0.8605256791122025,5.994473515738577e-09
whfast,0.8646430268591516,1.5308519679670167e-09
whfast,0.8687603746061008,2.1117784528713907e-08
whfast,0.87287772235305,3.52150733454055e-08
whfast,0.8769950700999991,5.06534219096728e-08
whfast,0.8811124178469483,3.2156169774558464e-08
whfast,0.8852297655938974,1.5098351262714356e-08
whfast,0.8893471133408466,1.3043330259674058e-09
whfast,0.8934644610877958,8.112710863192544e-09
whfast,0.8975818088347449,3.596792908204071e-08
whfast,0.9016991565816941,4.3127201506277834e-08
whfast,0.9058165043286432,4.5457914500793865e-08
whfast,0.9099338520755924,1.8058624512028018e-08
whfast,0.9140511998225416,2.386353330280671e-09
whfast,0.9181685475694907,5.531187969949907e-09
whfast,0.9222858953164399,2.2163858207532787e-08
whfast,0.9264032430633891,4.871755158993499e-08
whfast,0.9305205908103382,4.181930953630422e-08
whfast,0.9346379385572874,3.116798947740196e-08
whfast,0.9387552863042365,4.941189816191718e-09
whfast,0.9428726340511857,8.115610989818686e-10
whfast,0.9469899817981349,2.0060725735159362e-08
whfast,0.951107329545084,3.527274979462295e-08
whfast,0.9552246772920332,5.140222243754728e-08
whfast,0.9593420250389824,3.154596345396542e-08
whfast,0.9634593727859315,1.5791979356003865e-08
whfast,0.9675767205328807,8.389679411147585e-10
whfast,0.9716940682798298,8.673148694848384e-09
whfast,0.975811416026779,3.541540781754301e-08
whfast,0.9799287637737282,4.2032909554595686e-08
whfast,0.9840461115206773,4.5795413264818435e-08
whfast,0.9881634592676265,1.8540808609936714e-08
whfast,0.9922808070145757,4.968889683394483e-09
whfast,0.9963981547615248,5.3157366904693274e-09
whfast,1.0005155025084735,2.076690383007305e-08
whfast,1.004632850255419,4.679852375655655e-08
whfast,1.0087501980023643,4.13981196434275e-08
whfast,1.0128675457493097,3.403639017359944e-08
whfast,1.016984893496255,6.227956791224669e-09
whfast,1.0211022412432005,1.1049811071850196e-09
whfast,1.0252195889901459,1.710739823630038e-08
whfast,1.0293369367370913,3.4092914279234376e-08
whfast,1.0334542844840366,5.2547100335955024e-08
whfast,1.037571632230982,3.310516002253327e-08
whfast,1.0416889799779274,1.7595170740898833e-08
whfast,1.0458063277248728,1.3378955462871352e-09
whfast,1.0499236754718182,7.632907936295585e-09
whfast,1.0540410232187636,3.4417421743532206e-08
whfast,1.058158370965709,4.2750803957643694e-08
whfast,1.0622757187126544,4.7074478257807834e-08
whfast,1.0663930664595997,1.7799394152565168e-08
whfast,1.0705104142065451,5.57300526860656e-09
whfast,1.0746277619534905,4.293455356292585e-09
whfast,1.078745109700436,2.1392937025434826e-08
whfast,1.0828624574473813,4.625689136625087e-08
whfast,1.0869798051943267,4.045490050268668e-08
whfast,1.091097152941272,3.4704855276943334e-08
whfast,1.0952145006882175,6.321355500278871e-09
whfast,1.0993318484351629,3.0635841475305854e-09
whfast,1.1034491961821082,1.580788271461927e-08
whfast,1.1075665439290536,3.264405925445183e-08
whfast,1.111683891675999,5.149051257335392e-08
whfast,1.1158012394229444,3.3587213647997635e-08
whfast,1.1199185871698898,2.0762203887914254e-08
whfast,1.1240359349168352,1.3969093869616925e-09
whfast,1.1281532826637806,6.656970336100529e-09
whfast,1.132270630410726,3.1228182264736156e-08
whfast,1.1363879781576713,4.229897651365274e-08
whfast,1.1405053259046167,4.9051735532307956e-08
whfast,1.1446226736515621,1.9100603468692234e-08
whfast,1.1487400213985075,6.459820995613729e-09
whfast,1.152857369145453,1.2730008606855342e-09
whfast,1.1569747168923983,2.0570627892080905e-08
whfast,1.1610920646393437,4.59756244652348e-08
whfast,1.165209412386289,4.164796087717011e-08
whfast,1.1693267601332344,3.6086159220631023e-08
whfast,1.1734441078801798,5.091296896311971e-09
whfast,1.1775614556271252,3.1720292440178708e-09
whfast,1.1816788033740706,1.4366736713871282e-08
whfast,1.185796151121016,3.330310178261824e-08
whfast,1.1899134988679614,5.1359002804627656e-08
whfast,1.1940308466149068,3.32859134562565e-08
whfast,1.1981481943618522,2.1899102819299172e-08
whfast,1.2022655421087975,1.5139480597972644e-09
whfast,1.206382889855743,8.10445784535337e-09
whfast,1.2105002376026883,2.9571489526407383e-08
whfast,1.2146175853496337,4.142048246389698e-08
whfast,1.218734933096579,4.87916697188575e-08
whfast,1.2228522808435245,2.0081398086567522e-08
whfast,1.2269696285904699,9.355627360278937e-09
whfast,1.2310869763374153,2.2691329349551702e-10
whfast,1.2352043240843606,1.9632558011646745e-08
whfast,1.239321671831306,4.351603814517793e-08
whfast,1.2434390195782514,4.245464246322272e-08
whfast,1.2475563673251968,3.866333407565391e-08
whfast,1.2516737150721422,5.875938811037584e-09
whfast,1.2557910628190876,3.3392640111329336e-09
whfast,1.259908410566033,1.0724518621166912e-08
whfast,1.2640257583129784,3.324129696617801e-08
whfast,1.2681431060599238,5.170132376759919e-08
whfast,1.2722604538068691,3.49193048332044e-08
whfast,1.2763778015538145,2.307189810418718e-08
whfast,1.28049514930076,3.626092911372515e-09
whfast,1.2846124970477053,8.359199522387372e-09
whfast,1.2887298447946507,2.8212375678798855e-08
whfast,1.292847192541596,4.265566959341927e-08
whfast,1.2969645402885415,4.867640758386212e-08
whfast,1.3010818880354869,1.95212053553206e-08
whfast,1.3051992357824322,1.0424667123462821e-08
whfast,1.3093165835293776,6.776511849903421e-10
whfast,1.313433931276323,2.065370597649448e-08
whfast,1.3175512790232684,4.140119484177429e-08
whfast,1.3216686267702138,4.2150100412681164e-08
whfast,1.3257859745171592,3.9358576740990655e-08
whfast,1.3299033222641046,7.104092947661159e-09
whfast,1.33402067001105,5.451222249946729e-09
whfast,1.3381380177579953,8.061773990582202e-09
whfast,1.3422553655049407,3.202331146455602e-08
whfast,1.3463727132518861,4.9846579140270666e-08
whfast,1.3504900609988315,3.665905237825428e-08
whfast,1.354607408745777,2.5686735483177718e-08
whfast,1.3587247564927223,4.156394933772753e-09
whfast,1.3628421042396677,7.512774895248834e-09
whfast,1.366959451986613,2.460746018607777e-08
whfast,1.3710767997335584,4.3751567119049036e-08
whfast,1.3751941474805038,4.9870282481971024e-08
whfast,1.3793114952274492,2.1211048853106557e-08
whfast,1.3834288429743946,1.083707095890397e-08
whfast,1.38754619072134,3.6728081103793623e-09
whfast,1.3916635384682854,2.0820479884420877e-08
whfast,1.3957808862152308,4.0118836739938877e-08
whfast,1.3998982339621762,4.392653790449748e-08
whfast,1.4040155817091216,3.956253118772302e-08
whfast,1.408132929456067,6.810433120542343e-09
whfast,1.4122502772030123,6.483294690163194e-09
whfast,1.4163676249499577,6.715999238811388e-09
whfast,1.420484972696903,3.3223021239039615e-08
whfast,1.4246023204438485,4.798955427713472e-08
whfast,1.4287196681907939,3.721381553883064e-08
whfast,1.4328370159377393,2.6602059341465568e-08
whfast,1.4369543636846847,3.488257674232007e-09
whfast,1.44107171143163,8.78558307923622e-09
whfast,1.4451890591785754,2.139305576122749e-08
whfast,1.4493064069255208,4.364086408639248e-08
whfast,1.4534237546724662,4.909984758847367e-08
whfast,1.4575411024194116,2.3989478529368273e-08
whfast,1.461658450166357,1.3076484931348468e-08
whfast,1.4657757979133024,5.417158574600952e-09
whfast,1.4698931456602478,1.9817314817252525e-08
whfast,1.4740104934071931,3.684285284236032e-08
whfast,1.4781278411541385,4.6193610470253056e-08
whfast,1.482245188901084,4.0610749152800894e-08
whfast,1.4863625366480293,7.70287500713545e-09
whfast,1.4904798843949747,5.965765861379608e-09
whfast,1.49459723214192,3.487690989567503e-09
whfast,1.4987145798888655,3.455491250994638e-08
whfast,1.5028319276358109,4.706473683692682e-08
whfast,1.5069492753827562,3.935093618075747e-08
whfast,1.5110666231297016,2.6316356964174857e-08
whfast,1.515183970876647,4.228566930238538e-09
whfast,1.5193013186235924,9.564112350164426e-09
whfast,1.5234186663705378,1.9098942341260074e-08
whfast,1.5275360141174832,4.455735574152089e-08
whfast,1.5316533618644286,4.698687784589731e-08
whfast,1.535770709611374,2.5369532128432037e-08
whfast,1.5398880573583194,1.4501266714292383e-08
whfast,1.5440054051052647,5.3082903718211836e-09
whfast,1.5481227528522101,2.018209855784354e-08
whfast,1.5522401005991555,3.30452258327574e-08
whfast,1.556357448346101,4.703430604649273e-08
whfast,1.5604747960930463,4.0685375087518733e-08
whfast,1.5645921438399917,1.0641757426348261e-08
whfast,1.568709491586937,6.723486048907771e-09
whfast,1.5728268393338825,1.879957302432851e-10
whfast,1.5769441870808278,3.3605065095178385e-08
whfast,1.5810615348277732,4.480558670665522e-08
whfast,1.5851788825747186,4.30946819830693e-08
whfast,1.589296230321664,2.7573310692262102e-08
whfast,1.5934135780686094,3.7164459593199423e-09
whfast,1.5975309258155548,8.413239565697641e-09
whfast,1.6016482735625002,1.5961777994674902e-08
whfast,1.6057656213094456,4.6476170945893346e-08
whfast,1.609882969056391,4.6089305086418475e-08
whfast,1.6140003168033363,2.783128210022314e-08
whfast,1.6181176645502817,1.3632702458676839e-08
whfast,1.622235012297227,6.1113009288442e-09
whfast,1.6263523600441725,2.0986207861073157e-08
whfast,1.6304697077911179,3.100682823191209e-08
whfast,1.6345870555380633,4.906713147634976e-08
whfast,1.6387044032850087,3.895748097381678e-08
whfast,1.642821751031954,1.2882373231923139e-08
whfast,1.6469390987788994,7.578185797912783e-09
whfast,1.6510564465258448,5.13603701245465e-10
whfast,1.6551737942727902,3.349339457120301e-08
whfast,1.6592911420197356,4.0857814668425e-08
whfast,1.663408489766681,4.528705702053189e-08
whfast,1.6675258375136264,2.7894338434952457e-08
whfast,1.6716431852605718,6.793305042325811e-10
whfast,1.6757605330075172,7.988678124019609e-09
whfast,1.6798778807544625,1.2417912064859471e-08
whfast,1.683995228501408,4.683005309758638e-08
whfast,1.6881125762483533,4.461128291736432e-08
whfast,1.6922299239952987,3.221812794991376e-08
whfast,1.696347271742244,1.3029087246047366e-08
whfast,1.7004646194891895,7.023765738786733e-09
whfast,1.7045819672361349,1.9298971073621745e-08
whfast,1.7086993149830803,2.8470707401965973e-08
whfast,1.7128166627300256,5.190042980352922e-08
whfast,1.716934010476971,3.749285814874555e-08
whfast,1.7210513582239164,1.5266545305492078e-08
whfast,1.7251687059708618,6.169499854671562e-09
whfast,1.7292860537178072,8.580478245029924e-10
whfast,1.7334034014647526,3.410056853222783e-08
whfast,1.737520749211698,3.8042473809512994e-08
whfast,1.7416380969586434,4.714837026057496e-08
whfast,1.7457554447055887,2.58443859049332e-08
whfast,1.7498727924525341,2.1319218920723184e-09
whfast,1.7539901401994795,7.876245695740385e-09
whfast,1.758107487946425,1.0954943912061982e-08
whfast,1.7622248356933703,4.6579578671486496e-08
whfast,1.7663421834403157,4.14928788260204e-08
whfast,1.770459531187261,3.6059089416011746e-08
whfast,1.7745768789342065,1.3263485197919795e-08
whfast,1.7786942266811518,4.606275658474394e-09
whfast,1.7828115744280972,1.7292196707019566e-08
whfast,1.7869289221750426,2.5019533634774582e-08
whfast,1.791046269921988,5.308532811922387e-08
whfast,1.7951636176689334,3.6478913945078236e-08
whfast,1.7992809654158788,2.0094798017383026e-08
whfast,1.8033983131628242,4.358450781487635e-09
whfast,1.8075156609097696,1.3409110833213059e-09
whfast,1.811633008656715,3.286972102965825e-08
whfast,1.8157503564036603,3.667775375462636e-08
whfast,1.8198677041506057,5.070703063103442e-08
whfast,1.8239850518975511,2.3749565524878992e-08
whfast,1.8281023996444965,4.638391049643968e-09
whfast,1.8322197473914419,5.310275235228406e-09
whfast,1.8363370951383873,1.1115054531617075e-08
whfast,1.8404544428853327,4.70687284721577e-08
whfast,1.844571790632278,3.8988299856199224e-08
whfast,1.8486891383792234,3.8817819122455655e-08
whfast,1.8528064861261688,1.093358946558129e-08
whfast,1.8569238338731142,8.980500499798272e-10
whfast,1.8610411816200596,1.611053946768189e-08
whfast,1.865158529367005,2.3828130671116948e-08
whfast,1.8692758771139504,5.295909045442502e-08
whfast,1.8733932248608958,3.3724256465539975e-08
whfast,1.8775105726078412,2.4763039871258024e-08
whfast,1.8816279203547865,2.7656425942739282e-09
whfast,1.885745268101732,1.5801425795706394e-10
whfast,1.8898626158486773,2.9656086529157124e-08
whfast,1.8939799635956227,3.490159539950879e-08
whfast,1.898097311342568,5.350334520393413e-08
whfast,1.9022146590895135,2.2648161357899396e-08
whfast,1.9063320068364589,8.398050969168563e-09
whfast,1.9104493545834043,9.400240329361923e-10
whfast,1.9145667023303496,1.1370888890920982e-08
whfast,1.918684050077295,4.6152885658255445e-08
whfast,1.9228013978242404,3.8352924872945586e-08
whfast,1.9269187455711858,4.170523964950702e-08
whfast,1.9310360933181312,7.433518655838736e-09
whfast,1.9351534410650766,1.8521938617002404e-09
whfast,1.939270788812022,1.3149515659494325e-08
whfast,1.9433881365589674,2.5278038669164603e-08
whfast,1.9475054843059127,5.307416832398928e-08
whfast,1.9516228320528581,3.176517437419566e-08
whfast,1.9557401797998035,2.7701574494359863e-08
whfast,1.959857527546749,1.6179991495124572e-10
whfast,1.9639748752936943,3.880460971661883e-09
whfast,1.9680922230406397,2.6800938273185903e-08
whfast,1.972209570787585,3.4669466729235566e-08
whfast,1.9763269185345305,5.362291801547479e-08
whfast,1.9804442662814759,2.1280420875707065e-08
whfast,1.9845616140284212,1.3571000729160394e-08
whfast,1.9886789617753666,2.195335412233939e-09
whfast,1.992796309522312,1.320261383650857e-08
whfast,1.9969136572692574,4.250211291576414e-08
whfast,2.0010310050162046,3.903261764849286e-08
whfast,2.0051483527631575,4.476397382134838e-08
whfast,2.0092657005101104,5.717357281583433e-09
whfast,2.0133830482570634,4.6807370844580774e-09
whfast,2.0175003960040163,7.255043893036044e-09
whfast,2.0216177437509693,2.7785611658825237e-08
whfast,2.025735091497922,5.229775419330176e-08
whfast,2.029852439244875,3.282348175187638e-08
whfast,2.033969786991828,2.993845276321238e-08
whfast,2.038087134738781,4.6171782254266865e-09
whfast,2.042204482485734,7.2112808531443826e-09
whfast,2.046321830232687,2.2772279579018617e-08
whfast,2.05043917797964,3.76353639864157e-08
whfast,2.0545565257265928,5.241741033506924e-08
whfast,2.0586738734735457,2.029105498112165e-08
whfast,2.0627912212204986,1.666983982218064e-08
whfast,2.0669085689674516,5.797692901724885e-09
whfast,2.0710259167144045,1.6667712358455702e-08
whfast,2.0751432644613574,3.742988651351907e-08
whfast,2.0792606122083104,4.093866572318536e-08
whfast,2.0833779599552633,4.542548769713348e-08
whfast,2.0874953077022163,5.912757665361455e-09
whfast,2.091612655449169,7.775691932610165e-09
whfast,2.095730003196122,7.629930738990183e-10
whfast,2.099847350943075,2.993158956054107e-08
whfast,2.103964698690028,4.873897802121255e-08
whfast,2.108082046436981,3.665427419175106e-08
whfast,2.112199394183934,3.176371335667437e-08
whfast,2.116316741930887,7.002562695112505e-09
whfast,2.1204340896778398,8.890471383436767e-09
whfast,2.1245514374247927,1.6390964655162802e-08
whfast,2.1286687851717456,4.19729121825117e-08
whfast,2.1327861329186986,5.058749850655286e-08
whfast,2.1369034806656515,2.321788464151911e-08
whfast,2.1410208284126044,1.7467979473152288e-08
whfast,2.1451381761595574,9.958203683625297e-09
whfast,2.1492555239065103,1.968274589027007e-08
whfast,2.1533728716534632,3.230829145093682e-08
whfast,2.157490219400416,4.5816699834330344e-08
whfast,2.161607567147369,4.3361255574256514e-08
whfast,2.165724914894322,7.599135525521932e-09
whfast,2.169842262641275,9.846853570240343e-09
whfast,2.173959610388228,3.214405402904585e-09
whfast,2.178076958135181,3.29606869264334e-08
whfast,2.182194305882134,4.252828056309219e-08
whfast,2.1863116536290867,4.144312833328242e-08
whfast,2.1904290013760397,3.161543719421368e-08
whfast,2.1945463491229926,4.953642207996225e-09
whfast,2.1986636968699456,9.969718903794444e-09
whfast,2.2027810446168985,9.522634827573442e-09
whfast,2.2068983923638514,4.534434068314033e-08
whfast,2.2110157401108044,4.6577765945637015e-08
whfast,2.2151330878577573,2.971840541094023e-08
whfast,2.2192504356047102,1.6623240816025265e-08
whfast,2.223367783351663,1.1721666698248919e-08
whfast,2.227485131098616,2.010501535948901e-08
whfast,2.231602478845569,2.652188979494516e-08
whfast,2.235719826592522,5.1445112661776874e-08
whfast,2.239837174339475,3.9405185918910804e-08
whfast,2.243954522086428,1.2154970184918784e-08
whfast,2.248071869833381,8.646791109374244e-09
whfast,2.2521892175803337,4.829500122351956e-09
whfast,2.2563065653272867,3.494529427903802e-08
whfast,2.2604239130742396,3.597715056925301e-08
whfast,2.2645412608211926,4.6450449095717664e-08
whfast,2.2686586085681455,2.8070477212852315e-08
whfast,2.2727759563150984,2.452772411322548e-10
whfast,2.2768933040620514,9.667291406660993e-09
whfast,2.2810106518090043,6.0055014692528124e-09
whfast,2.2851279995559572,4.6855116325992854e-08
whfast,2.28924534730291,4.0500186177520866e-08
whfast,2.293362695049863,3.695015987485793e-08
whfast,2.297480042796816,1.4706914759859853e-08
whfast,2.301597390543769,8.083293532629633e-09
whfast,2.305714738290722,1.8019784019455046e-08
whfast,2.309832086037675,2.1579462740057208e-08
whfast,2.313949433784628,5.507673607902426e-08
whfast,2.3180667815315807,3.524199018233142e-08
whfast,2.3221841292785337,1.9799916404826002e-08
whfast,2.3263014770254866,4.8620135816237966e-09
whfast,2.3304188247724396,3.509581409807512e-09
whfast,2.3345361725193925,3.436374534081265e-08
whfast,2.3386535202663454,3.2575960658556854e-08
whfast,2.3427708680132984,5.153428167718228e-08
whfast,2.3468882157602513,2.237914263094888e-08
whfast,2.3510055635072042,6.2351306239433495e-09
whfast,2.355122911254157,6.209935162594794e-09
whfast,2.35924025900111,7.85724640402691e-09
whfast,2.363357606748063,4.7035013179755484e-08
whfast,2.367474954495016,3.5429258044560685e-08
whfast,2.371592302241969,4.209263365830677e-08
whfast,2.375709649988922,1.0179055583369007e-08
whfast,2.379826997735875,9.20176181307419e-10
whfast,2.3839443454828277,1.4271680789602142e-08
whfast,2.3880616932297807,2.083424208655107e-08
whfast,2.3921790409767336,5.5284311674016664e-08
whfast,2.3962963887236866,3.1312127100875106e-08
whfast,2.4004137364706395,2.679508931282921e-08
whfast,2.4045310842175924,7.233304288769916e-10
whfast,2.4086484319645454,5.239407571984199e-10
whfast,2.4127657797114983,3.0055878354331136e-08
whfast,2.4168831274584512,3.3206247412092476e-08
whfast,2.421000475205404,5.445116726384666e-08
whfast,2.425117822952357,1.80226825811943e-08
whfast,2.42923517069931,1.1716776035500583e-08
whfast,2.433352518446263,4.0176808170334823e-10
whfast,2.437469866193216,1.2493086883653456e-08
whfast,2.441587213940169,4.4463172828524676e-08
whfast,2.445704561687122,3.529390804341e-08
whfast,2.4498219094340747,4.4900516853140694e-08
whfast,2.4539392571810277,4.994996104523016e-09
whfast,2.4580566049279806,5.280301000544044e-09
whfast,2.4621739526749336,8.702510667537613e-09
whfast,2.4662913004218865,2.5505019448407187e-08
whfast,2.4704086481688394,5.321449975132783e-08
whfast,2.4745259959157924,3.041934915482269e-08
whfast,2.4786433436627453,3.071304458311822e-08
whfast,2.4827606914096982,5.5351174009269715e-09
whfast,2.486878039156651,6.537688202299408e-09
whfast,2.490995386903604,2.3355480450965675e-08
whfast,2.495112734650557,3.661535134700558e-08
whfast,2.49923008239751,5.3948551220278046e-08
whfast,2.503347430144463,1.850343422076742e-08
whfast,2.507464777891416,1.6469557969364753e-08
whfast,2.511582125638369,7.531833065831489e-09
whfast,2.5156994733853217,1.6941727964852113e-08
whfast,2.5198168211322747,3.880612433151605e-08
whfast,2.5239341688792276,4.0465785660272334e-08
whfast,2.5280515166261806,4.5332140238124874e-08
whfast,2.5321688643731335,2.7180541883832887e-09
whfast,2.5362862121200864,8.258108025000085e-09
whfast,2.5404035598670394,1.4115031308622725e-09
whfast,2.5445209076139923,3.1714553021904215e-08
whfast,2.5486382553609452,4.876489509102757e-08
whfast,2.552755603107898,3.435341258829864e-08
whfast,2.556872950854851,3.119563692089396e-08
whfast,2.560990298601804,7.966635909751415e-09
whfast,2.565107646348757,1.0704315540214447e-08
whfast,2.56922499409571,1.5566277480570923e-08
whfast,2.573342341842663,4.1334677759691025e-08
whfast,2.577459689589616,4.967300227781817e-08
whfast,2.5815770373365687,2.295002119231404e-08
whfast,2.5856943850835217,1.8609822860272336e-08
whfast,2.5898117328304746,1.1341453759769715e-08
whfast,2.5939290805774275,1.955501278043838e-08
whfast,2.5980464283243805,3.0985264481810056e-08
whfast,2.6021637760713334,4.698549546394216e-08
whfast,2.6062811238182864,4.3681018301508364e-08
whfast,2.6103984715652393,6.618232734840476e-09
whfast,2.6145158193121922,8.691059216509174e-09
whfast,2.618633167059145,4.838688355717879e-09
whfast,2.622750514806098,3.4999710677644975e-08
whfast,2.626867862553051,4.285845174426128e-08
whfast,2.630985210300004,4.2075035135969374e-08
whfast,2.635102558046957,2.9494602134524776e-08
whfast,2.63921990579391,6.2348910006385455e-09
whfast,2.643337253540863,1.1332143074004765e-08
whfast,2.6474546012878157,1.0238917005904557e-08
whfast,2.6515719490347687,4.645825338224156e-08
whfast,2.6556892967817216,4.3829208003968464e-08
whfast,2.6598066445286745,2.9187725272745553e-08
whfast,2.6639239922756275,1.6852923959313455e-08
whfast,2.6680413400225804,9.85690268700581e-09
whfast,2.6721586877695334,2.0945550143600897e-08
whfast,2.6762760355164863,2.4303473474770776e-08
whfast,2.6803933832634392,5.160024087708979e-08
whfast,2.684510731010392,3.9167331131901644e-08
whfast,2.688628078757345,1.4569822452769668e-08
whfast,2.692745426504298,7.747660309387034e-09
whfast,2.696862774251251,6.480713018018865e-09
whfast,2.700980121998204,3.4839921642345474e-08
whfast,2.705097469745157,3.6673951666319847e-08
whfast,2.70921481749211,4.9045011213348005e-08
whfast,2.7133321652390627,2.5899216607343894e-08
whfast,2.7174495129860157,1.2639145405782257e-09
whfast,2.7215668607329686,8.375496841276963e-09
whfast,2.7256842084799215,8.420616246879245e-09
whfast,2.7298015562268745,4.913355720816092e-08
whfast,2.7339189039738274,3.8674840688945176e-08
whfast,2.7380362517207804,3.532874751143076e-08
whfast,2.7421535994677333,1.2392717190343498e-08
whfast,2.7462709472146862,5.292752609905106e-09
whfast,2.750388294961639,1.945215452575396e-08
whfast,2.754505642708592,2.1607590995045707e-08
whfast,2.758622990455545,5.381738631349984e-08
whfast,2.762740338202498,3.3797129726942674e-08
whfast,2.766857685949451,2.170307022121819e-08
whfast,2.770975033696404,4.982954104305023e-09
whfast,2.775092381443357,2.676714962671078e-09
whfast,2.7792097291903097,3.295924214461357e-08
whfast,2.7833270769372627,3.300511054420287e-08
whfast,2.7874444246842156,5.258124303808867e-08
whfast,2.7915617724311685,2.224009265036116e-08
whfast,2.7956791201781215,6.1935347567814215e-09
whfast,2.7997964679250744,4.241923239832024e-09
whfast,2.8039138156720274,9.446309034472952e-09
whfast,2.8080311634189803,4.7924721991397796e-08
whfast,2.8121485111659332,3.681537069004592e-08
whfast,2.816265858912886,4.1198231750885794e-08
whfast,2.820383206659839,8.060971007997532e-09
whfast,2.824500554406792,4.473377835078015e-10
whfast,2.828617902153745,1.490514543718662e-08
whfast,2.832735249900698,2.3636401707590247e-08
whfast,2.836852597647651,5.46237637246635e-08
whfast,2.840969945394604,3.066171531512058e-08
whfast,2.8450872931415567,2.6052988065724467e-08
whfast,2.8492046408885097,5.78970982687398e-11
whfast,2.8533219886354626,3.0109589575783957e-09
whfast,2.8574393363824155,2.987894441828105e-08
whfast,2.8615566841293685,3.372527442446095e-08
whfast,2.8656740318763214,5.3333197399876094e-08
whfast,2.8697913796232744,1.9231098408271297e-08
whfast,2.8739087273702273,1.2249911090001618e-08
whfast,2.8780260751171802,3.3180198891778813e-10
whfast,2.882143422864133,1.2635520149694148e-08
whfast,2.886260770611086,4.3798615638963136e-08
whfast,2.890378118358039,3.7283426989125094e-08
whfast,2.894495466104992,4.448865055634575e-08
whfast,2.898612813851945,5.690006970989391e-09
whfast,2.902730161598898,3.561150105499092e-09
whfast,2.906847509345851,8.506675049593723e-09
whfast,2.9109648570928037,2.6803461848904496e-08
whfast,2.9150822048397567,5.34727493179333e-08
whfast,2.9191995525867096,3.1926919322494946e-08
whfast,2.9233169003336625,2.8662353426487586e-08
whfast,2.9274342480806155,4.799655968890202e-09
whfast,2.9315515958275684,6.370506250116832e-09
whfast,2.9356689435745214,2.5220120640533728e-08
whfast,2.9397862913214743,3.76952899605354e-08
whfast,2.9439036390684272,5.28527556079069e-08
whfast,2.94802098681538,1.9093400098733535e-08
whfast,2.952138334562333,1.498711479923968e-08
whfast,2.956255682309286,4.472889003536215e-09
whfast,2.960373030056239,1.7007153733941506e-08
whfast,2.964490377803192,3.965433175604233e-08
whfast,2.968607725550145,3.994636566568398e-08
whfast,2.972725073297098,4.4326997153929444e-08
whfast,2.9768424210440507,5.6385239528549565e-09
whfast,2.9809597687910037,7.608992356810974e-09
whfast,2.9850771165379566,3.739305826987387e-09
whfast,2.9891944642849095,2.9582243037883543e-08
whfast,2.9933118120318625,4.9587081967593326e-08
whfast,2.9974291597788154,3.5713885344558985e-08
whfast,3.0015465075257683,3.0951249709179546e-08
whfast,3.0056638552727213,6.1545348413566816e-09
whfast,3.0097812030196742,7.764520791945631e-09
whfast,3.013898550766627,1.90311089936927e-08
whfast,3.01801589851358,4.179756523737743e-08
whfast,3.022133246260533,5.164155056556198e-08
whfast,3.026250594007486,2.220696360370955e-08
whfast,3.030367941754439,1.5443878483309598e-08
whfast,3.034485289501392,8.088975441310974e-09
whfast,3.038602637248345,1.9647193225049874e-08
whfast,3.0427199849952977,3.567725212494226e-08
whfast,3.0468373327422507,4.416147828528764e-08
whfast,3.0509546804892036,4.244018525570317e-08
whfast,3.0550720282361565,6.9048922360743755e-09
whfast,3.0591893759831095,9.149944104756475e-09
whfast,3.0633067237300624,6.61408050309266e-10
whfast,3.0674240714770153,3.192257460965984e-08
whfast,3.0715414192239683,4.480639379706797e-08
whfast,3.075658766970921,3.927781605844811e-08
whfast,3.079776114717874,3.130877002727752e-08
whfast,3.083893462464827,4.257605753785289e-09
whfast,3.08801081021178,8.780099715578858e-09
whfast,3.092128157958733,1.3584568885316413e-08
whfast,3.096245505705686,4.348185749453724e-08
whfast,3.100362853452639,4.909799261067819e-08
whfast,3.104480201199592,2.747185027279085e-08
whfast,3.1085975489465447,1.6187565938886715e-08
whfast,3.1127148966934977,9.462764406938283e-09
whfast,3.1168322444404506,1.9124913986505336e-08
whfast,3.1209495921874035,3.1440047410300835e-08
whfast,3.1250669399343565,4.862075942366304e-08
whfast,3.1291842876813094,4.15966284793987e-08
whfast,3.1333016354282623,1.0229715666610942e-08
whfast,3.1374189831752153,7.974732047680015e-09
whfast,3.141536330922168,1.5426502370521236e-09
whfast,3.145653678669121,3.366957677471402e-08
whfast,3.149771026416074,4.192343358887059e-08
whfast,3.153888374163027,4.318607822373879e-08
whfast,3.15800572190998,2.941076507997027e-08
whfast,3.162123069656933,1.7845144598805246e-09
whfast,3.166240417403886,9.414839159144891e-09
whfast,3.170357765150839,1.1586677599136898e-08
whfast,3.1744751128977917,4.480071267083007e-08
whfast,3.1785924606447447,4.5243313932948056e-08
whfast,3.1827098083916976,3.1629298179828715e-08
whfast,3.1868271561386505,1.6415259328496157e-08
whfast,3.1909445038856035,7.464511045054939e-09
whfast,3.1950618516325564,1.8334513092419122e-08
whfast,3.1991791993795093,2.7211718734091075e-08
whfast,3.2032965471264623,5.083233914424322e-08
whfast,3.207413894873415,4.052012009792851e-08
whfast,3.211531242620368,1.5319966827259665e-08
whfast,3.215648590367321,6.781331114687468e-09
whfast,3.219765938114274,3.2166819221056536e-09
whfast,3.223883285861227,3.284290317182803e-08
whfast,3.22800063360818,3.968015454142232e-08
whfast,3.232117981355133,4.7256256888053905e-08
whfast,3.236235329102086,2.779229098728715e-08
whfast,3.2403526768490387,3.9056173108382255e-10
whfast,3.2444700245959917,7.626644476524298e-09
whfast,3.2485873723429446,1.0884549235879829e-08
whfast,3.2527047200898975,4.5989229005010973e-08
whfast,3.2568220678368505,4.27222672671773e-08
whfast,3.2609394155838034,3.455318937387126e-08
whfast,3.2650567633307563,1.4656539486031628e-08
whfast,3.2691741110777093,4.974153767276591e-09
whfast,3.273291458824662,1.7655246161716385e-08
whfast,3.277408806571615,2.5214537906558948e-08
whfast,3.281526154318568,5.141627766474735e-08
whfast,3.285643502065521,3.825707105197417e-08
whfast,3.289760849812474,1.974791932134869e-08
whfast,3.293878197559427,6.746700167844604e-09
whfast,3.29799554530638,2.0836603892087564e-09
whfast,3.3021128930533328,3.0877264400031695e-08
whfast,3.3062302408002857,3.674874367465873e-08
whfast,3.3103475885472387,4.967713064504094e-08
whfast,3.3144649362941916,2.7798339470722123e-08
whfast,3.3185822840411445,4.527073212051089e-09
whfast,3.3226996317880975,5.314602343086014e-09
whfast,3.3268169795350504,9.418224791928195e-09
whfast,3.3309343272820033,4.554041690244333e-08
whfast,3.3350516750289563,4.240272773191792e-08
whfast,3.339169022775909,3.85901494017604e-08
whfast,3.343286370522862,1.3054773886268055e-08
whfast,3.347403718269815,3.736948129278977e-09
whfast,3.351521066016768,1.539157898544108e-08
whfast,3.355638413763721,2.526667641668881e-08
whfast,3.359755761510674,5.2595568012666145e-08
whfast,3.363873109257627,3.662230081406662e-08
whfast,3.3679904570045798,2.2192742694110158e-08
whfast,3.3721078047515327,5.051996522604636e-09
whfast,3.3762251524984856,3.826381219346817e-10
whfast,3.3803425002454386,3.0048985223198084e-08
whfast,3.3844598479923915,3.546828867089061e-08
whfast,3.3885771957393445,5.028205371188749e-08
whfast,3.3926945434862974,2.6465708203927956e-08
whfast,3.3968118912332503,8.628027137526628e-09
whfast,3.4009292389802033,4.1963834664893134e-09
whfast,3.405046586727156,9.243120013039924e-09
whfast,3.409163934474109,4.323785485377568e-08
whfast,3.413281282221062,4.1195091218511404e-08
whfast,3.417398629968015,4.205284895210744e-08
whfast,3.421515977714968,1.3292104436169564e-08
whfast,3.425633325461921,1.7061169521505002e-09
whfast,3.429750673208874,1.1830801714243178e-08
whfast,3.4338680209558268,2.4471494206325596e-08
whfast,3.4379853687027797,5.309902870393283e-08
whfast,3.4421027164497326,3.695191020084274e-08
whfast,3.4462200641966856,2.456739262657334e-08
whfast,3.4503374119436385,2.367590727709084e-09
whfast,3.4544547596905915,9.57611014232782e-10
whfast,3.4585721074375444,2.848811168271833e-08
whfast,3.4626894551844973,3.6190052647992194e-08
whfast,3.4668068029314503,5.1309428948497215e-08
whfast,3.470924150678403,2.541160137387774e-08
whfast,3.475041498425356,1.0651805565059424e-08
whfast,3.479158846172309,2.6819763080011306e-09
whfast,3.483276193919262,1.0686807390094866e-08
whfast,3.487393541666215,4.173030581207642e-08
whfast,3.491510889413168,4.023860203256683e-08
whfast,3.495628237160121,4.296352881294276e-08
whfast,3.4997455849070738,1.3166588379837176e-08
whfast,3.5038629326540267,1.771355912867575e-09
whfast,3.5079802804009796,1.0259609700842269e-08
whfast,3.5120976281479326,2.411621617552801e-08
whfast,3.5162149758948855,5.1553623287902616e-08
whfast,3.5203323236418385,3.732355870899195e-08
whfast,3.5244496713887914,2.8125759971962928e-08
whfast,3.5285670191357443,2.1463753829855156e-09
whfast,3.5326843668826973,1.4825458658271317e-09
whfast,3.53680171462965,2.480653727160036e-08
whfast,3.540919062376603,3.628188529649271e-08
whfast,3.545036410123556,5.26926846973566e-08
whfast,3.549153757870509,2.6652308055066686e-08
whfast,3.553271105617462,1.2638650119082042e-08
whfast,3.557388453364415,1.383624084110773e-10
whfast,3.561505801111368,1.1181878722752216e-08
whfast,3.5656231488583208,4.064118952816717e-08
whfast,3.5697404966052737,4.1507024229827425e-08
whfast,3.5738578443522266,4.382904408206689e-08
whfast,3.5779751920991796,1.1815391099386792e-08
whfast,3.5820925398461325,3.0144071858372415e-09
whfast,3.5862098875930855,8.611907628909746e-09
whfast,3.5903272353400384,2.556776241453708e-08
whfast,3.5944445830869913,5.0458484341192054e-08
whfast,3.5985619308339443,3.7079694756330886e-08
whfast,3.602679278580897,2.9612023813426314e-08
whfast,3.60679662632785,2.293405113039501e-09
whfast,3.610913974074803,3.761759019674679e-09
whfast,3.615031321821756,2.2063986148253378e-08
whfast,3.619148669568709,3.538356021764223e-08
whfast,3.623266017315662,5.1760142975466985e-08
whfast,3.627383365062615,2.7895716513468655e-08
whfast,3.6315007128095678,1.5727612232894557e-08
whfast,3.6356180605565207,1.5442297947552196e-09
whfast,3.6397354083034736,1.0480158794973051e-08
whfast,3.6438527560504266,3.768417300407938e-08
whfast,3.6479701037973795,4.2825971930057545e-08
whfast,3.6520874515443325,4.5910692809180455e-08
whfast,3.6562047992912854,1.2611951192655344e-08
whfast,3.6603221470382383,3.149978814093511e-09
whfast,3.6644394947851913,5.067489098411808e-09
whfast,3.668556842532144,2.581638714433473e-08
whfast,3.672674190279097,5.005109166478966e-08
whfast,3.67679153802605,3.8709412365697136e-08
whfast,3.680908885773003,3.040455080196144e-08
whfast,3.685026233519956,1.1969788512522774e-09
whfast,3.689143581266909,4.646801338615437e-09
whfast,3.693260929013862,2.0752160639474618e-08
whfast,3.6973782767608148,3.664506111580578e-08
whfast,3.7014956245077677,5.086588053858995e-08
whfast,3.7056129722547206,2.8000998973554252e-08
whfast,3.7097303200016736,1.7009230338842564e-08
whfast,3.7138476677486265,1.6403873993938757e-09
whfast,3.7179650154955795,1.1729216299431704e-08
whfast,3.7220823632425324,3.5111393720715465e-08
whfast,3.7261997109894853,4.2767716863913055e-08
whfast,3.7303170587364383,4.6315114743435866e-08
whfast,3.734434406483391,1.4784067204459202e-08
whfast,3.738551754230344,5.651438573124159e-09
whfast,3.742669101977297,2.9170913692902224e-09
whfast,3.74678644972425,2.4763201837050988e-08
whfast,3.750903797471203,4.784729275743004e-08
whfast,3.755021145218156,4.0709488820805605e-08
whfast,3.759138492965109,3.2514555670716644e-08
whfast,3.7632558407120618,1.3293853001656618e-09
whfast,3.7673731884590147,4.034932716925068e-09
whfast,3.7714905362059676,1.7721197341578596e-08
whfast,3.7756078839529206,3.7901143201896125e-08
whfast,3.7797252316998735,5.138945276492613e-08
whfast,3.7838425794468264,2.9722179331282746e-08
whfast,3.7879599271937794,1.716021610295072e-08
whfast,3.7920772749407323,3.388308935495059e-09
whfast,3.7961946226876853,1.2198620944176195e-08
whfast,3.800311970434638,3.3721755776292124e-08
whfast,3.804429318181591,4.385190590584294e-08
whfast,3.808546665928544,4.5662533828843e-08
whfast,3.812664013675497,1.519530402550324e-08
whfast,3.81678136142245,7.099502156362835e-09
whfast,3.820898709169403,2.4961671159628247e-09
whfast,3.825016056916356,2.5274937845795008e-08
whfast,3.8291334046633088,4.5421488433079016e-08
whfast,3.8332507524102617,4.105711455471835e-08
whfast,3.8373681001572146,3.354010214138627e-08
whfast,3.8414854479041676,3.0540044968316726e-09
whfast,3.8456027956511205,4.905668448709289e-09
whfast,3.8497201433980734,1.4574461951172396e-08
whfast,3.8538374911450264,3.683703635340656e-08
whfast,3.8579548388919793,5.0633849869358125e-08
whfast,3.8620721866389323,3.271165317432526e-08
whfast,3.866189534385885,1.926609495181349e-08
whfast,3.870306882132838,4.2402773700470275e-09
whfast,3.874424229879791,1.057072564559162e-08
whfast,3.878541577626744,3.1155866689898345e-08
whfast,3.882658925373697,4.552223311240964e-08
whfast,3.88677627312065,4.668021322190234e-08
whfast,3.890893620867603,1.6543289766836666e-08
whfast,3.8950109686145558,6.444605991618408e-09
whfast,3.8991283163615087,6.110932202371093e-10
whfast,3.9032456641084616,2.5814125882780824e-08
whfast,3.9073630118554146,4.4947756680476916e-08
whfast,3.9114803596023675,4.267594563722291e-08
whfast,3.9155977073493204,3.3302031008764775e-08
whfast,3.9197150550962734,3.4119766760187004e-09
whfast,3.9238324028432263,5.653782773683156e-09
whfast,3.9279497505901793,1.376521473306606e-08
whfast,3.932067098337132,3.7070876031881515e-08
whfast,3.936184446084085,4.879287370370736e-08
whfast,3.940301793831038,3.367108728178316e-08
whfast,3.944419141577991,2.0718889970559596e-08
whfast,3.948536489324944,2.721066986865405e-09
whfast,3.952653837071897,1.083333361779247e-08
whfast,3.95677118481885,2.825516672832189e-08
whfast,3.9608885325658028,4.5191909941601495e-08
whfast,3.9650058803127557,4.688854465726189e-08
whfast,3.9691232280597086,1.9608541301346966e-08
whfast,3.9732405758066616,7.568853594953117e-09
whfast,3.9773579235536145,1.4182264717679213e-09
whfast,3.9814752713005674,2.4049616545661368e-08
whfast,3.9855926190475204,4.3368671768832054e-08
whfast,3.9897099667944733,4.5226993336366e-08
whfast,3.9938273145414263,3.459351826948607e-08
whfast,3.997944662288379,4.020831521172648e-09
whfast,4.002062010035324,4.340406266387015e-09
whfast,4.006179357782262,1.1893038830686356e-08
whfast,4.0102967055292,3.7892895074328475e-08
whfast,4.014414053276138,4.853823198382336e-08
whfast,4.0185314010230755,3.4963883179164985e-08
whfast,4.022648748770013,2.01735057639387e-08
whfast,4.026766096516951,2.8111254448560688e-09
whfast,4.030883444263889,1.1221124912251036e-08
whfast,4.035000792010827,2.7267302342706006e-08
whfast,4.039118139757765,4.54452488931508e-08
whfast,4.0432354875047025,4.5737733685827205e-08
whfast,4.04735283525164,2.096086510474622e-08
whfast,4.051470182998578,8.925029954261038e-09
whfast,4.055587530745516,1.0404512358393039e-09
whfast,4.059704878492454,2.3165930201209508e-08
whfast,4.063822226239392,4.058993341863158e-08
whfast,4.0679395739863295,4.555482227308471e-08
whfast,4.072056921733267,3.586808127850807e-08
whfast,4.076174269480205,6.864015630048583e-09
whfast,4.080291617227143,4.462137056946942e-09
whfast,4.084408964974081,9.270645786576341e-09
whfast,4.088526312721019,3.638748640667098e-08
whfast,4.092643660467957,4.8148741026593e-08
whfast,4.096761008214894,3.795546199068341e-08
whfast,4.100878355961832,2.136454273967528e-08
whfast,4.10499570370877,3.1625974751299226e-09
whfast,4.109113051455708,9.183549072633055e-09
whfast,4.113230399202646,2.575957588195576e-08
whfast,4.117347746949584,4.681867284891137e-08
whfast,4.1214650946965214,4.642870420995829e-08
whfast,4.125582442443459,2.2462010824908535e-08
whfast,4.129699790190397,8.080230266545363e-09
whfast,4.133817137937335,1.49225696702468e-09
whfast,4.137934485684273,2.3293483740270745e-08
whfast,4.142051833431211,4.0030551885625484e-08
whfast,4.1461691811781485,4.6194172655867754e-08
whfast,4.150286528925086,3.511585990789529e-08
whfast,4.154403876672024,8.265787316183757e-09
whfast,4.158521224418962,5.402125097484699e-09
whfast,4.1626385721659,9.288858722628337e-09
whfast,4.166755919912838,3.5616858054032035e-08
whfast,4.1708732676597755,4.619959342404957e-08
whfast,4.174990615406713,3.9164004182376656e-08
whfast,4.179107963153651,2.2948462173751355e-08
whfast,4.183225310900589,1.0877720460720068e-09
whfast,4.187342658647527,8.272627827995183e-09
whfast,4.191460006394465,2.298148226515335e-08
whfast,4.1955773541414025,4.6106248507982165e-08
whfast,4.19969470188834,4.698914967043771e-08
whfast,4.203812049635278,2.5698412669139824e-08
whfast,4.207929397382216,8.649035157172376e-09
whfast,4.212046745129154,2.8508027606926753e-09
whfast,4.216164092876092,2.1212348882889192e-08
whfast,4.22028144062303,3.913381321085823e-08
whfast,4.224398788369967,4.81433629015789e-08
whfast,4.228516136116905,3.5819124965866e-08
whfast,4.232633483863843,8.844096742939034e-09
whfast,4.236750831610781,3.796691794076165e-09
whfast,4.240868179357719,8.500823350684977e-09
whfast,4.244985527104657,3.599841953378742e-08
whfast,4.249102874851594,4.602372517597057e-08
whfast,4.253220222598532,3.996850177316548e-08
whfast,4.25733757034547,2.2423988376956534e-08
whfast,4.261454918092408,1.065240022207706e-10
whfast,4.265572265839346,8.496878270839029e-09
whfast,4.269689613586284,2.223975776456702e-08
whfast,4.2738069613332215,4.516391196344647e-08
whfast,4.277924309080159,4.5712625662533544e-08
whfast,4.282041656827097,2.7306015101386702e-08
whfast,4.286159004574035,1.0246062670659245e-08
whfast,4.290276352320973,1.7022323160606198e-09
whfast,4.294393700067911,1.9703104677467947e-08
whfast,4.2985110478148485,3.679508075787114e-08
whfast,4.302628395561786,4.8186713593775434e-08
whfast,4.306745743308724,3.7306808550958996e-08
whfast,4.310863091055662,1.1790921354332787e-08
whfast,4.3149804388026,3.3665646365682654e-09
whfast,4.319097786549538,6.2738017175106394e-09
whfast,4.3232151342964755,3.396494232854132e-08
whfast,4.327332482043413,4.611765399045825e-08
whfast,4.331449829790351,4.264880912930001e-08
whfast,4.335567177537289,2.3474099659558646e-08
whfast,4.339684525284227,9.723033460073386e-12
whfast,4.343801873031165,6.4725990795019084e-09
whfast,4.3479192207781026,2.16239184380079e-08
whfast,4.35203656852504,4.588733902408883e-08
whfast,4.356153916271978,4.607734367787524e-08
whfast,4.360271264018916,2.819212252146596e-08
whfast,4.364388611765854,9.33524060072793e-09
whfast,4.368505959512792,1.2580241107189896e-09
whfast,4.37262330725973,1.9600265005815326e-08
whfast,4.376740655006667,3.6508776094739213e-08
whfast,4.380858002753605,4.812667357852373e-08
whfast,4.384975350500543,3.680236589316977e-08
whfast,4.389092698247481,1.3668289551408587e-08
whfast,4.393210045994419,4.387025029239358e-09
whfast,4.397327393741357,6.578868005159851e-09
whfast,4.4014447414882945,3.2205347127473526e-08
whfast,4.405562089235232,4.4189048266878656e-08
whfast,4.40967943698217,4.3437401992197407e-08
whfast,4.413796784729108,2.527115844834838e-08
whfast,4.417914132476046,2.4015974802942906e-09
whfast,4.422031480222984,5.304827472747759e-09
whfast,4.4261488279699215,1.936604955887627e-08
whfast,4.430266175716859,4.483180716891575e-08
whfast,4.434383523463797,4.7086062724221795e-08
whfast,4.438500871210735,3.106787055721589e-08
whfast,4.442618218957673,9.545931689904505e-09
whfast,4.446735566704611,2.5460036774796786e-09
whfast,4.4508529144515485,1.713844500533596e-08
whfast,4.454970262198486,3.6119529064252605e-08
whfast,4.459087609945424,4.9487434078360697e-08
whfast,4.463204957692362,3.757569837035207e-08
whfast,4.4673223054393,1.435032535384969e-08
whfast,4.471439653186238,3.162850204362418e-09
whfast,4.4755570009331755,6.582696696543466e-09
whfast,4.479674348680113,3.211066384189472e-08
whfast,4.483791696427051,4.403361294251387e-08
whfast,4.487909044173989,4.3467162815432345e-08
whfast,4.492026391920927,2.472863152957505e-08
whfast,4.496143739667865,3.6094180635210694e-09
whfast,4.500261087414803,5.536063766272802e-09
whfast,4.50437843516174,1.9116630453371834e-08
whfast,4.508495782908678,4.3401301225344506e-08
whfast,4.512613130655616,4.6153717200025835e-08
whfast,4.516730478402554,3.266039139207469e-08
whfast,4.520847826149492,1.1545838159174707e-08
whfast,4.52496517389643,1.0600559431677738e-09
whfast,4.529082521643367,1.509130907610517e-08
whfast,4.533199869390305,3.3792113286410674e-08
whfast,4.537317217137243,4.88726054731207e-08
whfast,4.541434564884181,3.9225854967369234e-08
whfast,4.545551912631119,1.713559143409475e-08
whfast,4.549669260378057,2.7814622314407996e-09
whfast,4.5537866081249945,4.9163552568818274e-09
whfast,4.557903955871932,3.0037206710809945e-08
whfast,4.56202130361887,4.463783357075833e-08
whfast,4.566138651365808,4.559853914881316e-08
whfast,4.570255999112746,2.56879046492943e-08
whfast,4.574373346859684,3.5907509190496818e-09
whfast,4.5784906946066215,3.3507923372297716e-09
whfast,4.582608042353559,1.8729222556200955e-08
whfast,4.586725390100497,4.3489372668208476e-08
whfast,4.590842737847435,4.6637928022066016e-08
whfast,4.594960085594373,3.328317509981246e-08
whfast,4.599077433341311,1.108433560638464e-08
whfast,4.6031947810882485,9.074387844783413e-12
whfast,4.607312128835186,1.5025058220403812e-08
whfast,4.611429476582124,3.368592123582113e-08
whfast,4.615546824329062,4.7982365382379736e-08
whfast,4.619664172076,3.863083646086182e-08
whfast,4.623781519822938,1.873676257245155e-08
whfast,4.627898867569876,3.880590661662769e-09
whfast,4.632016215316813,5.406336599323418e-09
whfast,4.636133563063751,2.7878753335208e-08
whfast,4.640250910810689,4.3084557751733184e-08
whfast,4.644368258557627,4.6235269910944825e-08
whfast,4.648485606304565,2.7956118213202468e-08
whfast,4.652602954051503,6.089220766068958e-09
whfast,4.65672030179844,2.1022856729558763e-09
whfast,4.660837649545378,1.652301176692441e-08
whfast,4.664954997292316,4.1739349880237733e-08
whfast,4.669072345039254,4.76180188320632e-08
whfast,4.673189692786192,3.562726298695378e-08
whfast,4.67730704053313,1.1527704641132303e-08
whfast,4.6814243882800675,9.695364303775808e-10
whfast,4.685541736027005,1.2669074845579435e-08
whfast,4.689659083773943,3.37653273131508e-08
whfast,4.693776431520881,4.905542181898472e-08
whfast,4.697893779267819,3.966507724747319e-08
whfast,4.702011127014757,1.9154142748198178e-08
whfast,4.7061284747616945,2.6916138595149188e-09
whfast,4.710245822508632,5.4603238277012e-09
whfast,4.71436317025557,2.7360194028408327e-08
whfast,4.718480518002508,4.296248014311659e-08
whfast,4.722597865749446,4.5799644327743264e-08
whfast,4.726715213496384,2.7823407002567543e-08
whfast,4.7308325612433215,7.63776378031065e-09
whfast,4.734949908990259,2.755842294523734e-09
whfast,4.739067256737197,1.664571493907469e-08
whfast,4.743184604484135,3.992561057088159e-08
whfast,4.747301952231073,4.6700632844078004e-08
whfast,4.751419299978011,3.6606649402240265e-08
whfast,4.7555366477249486,1.3498411885949682e-08
whfast,4.759653995471886,4.90476824752667e-10
whfast,4.763771343218824,1.055739241807974e-08
whfast,4.767888690965762,3.165887121663703e-08
whfast,4.7720060387127,4.812820951500481e-08
whfast,4.776123386459638,4.170486055565828e-08
whfast,4.780240734206576,2.1945449291832913e-08
whfast,4.784358081953513,2.663616076970753e-09
whfast,4.788475429700451,3.893118754870508e-09
whfast,4.792592777447389,2.4873162135268077e-08
whfast,4.796710125194327,4.344648303081147e-08
whfast,4.800827472941265,4.7203515700861105e-08
whfast,4.804944820688203,2.878726484964842e-08
whfast,4.8090621684351404,7.562849710794463e-09
whfast,4.813179516182078,8.954513596905849e-10
whfast,4.817296863929016,1.6654752943299317e-08
whfast,4.821414211675954,3.985435501129989e-08
whfast,4.825531559422892,4.7419913736909233e-08
whfast,4.82964890716983,3.6931603054912185e-08
whfast,4.8337662549167675,1.3263306213981921e-08
whfast,4.837883602663705,1.4427239935641984e-09
whfast,4.842000950410643,1.0246926683832567e-08
whfast,4.846118298157581,3.143349151229226e-08
whfast,4.850235645904519,4.668403037224515e-08
whfast,4.854352993651457,4.1263720115450725e-08
whfast,4.8584703413983945,2.3430255832381366e-08
whfast,4.862587689145332,4.289700410203591e-09
whfast,4.86670503689227,4.801617358994096e-09
whfast,4.870822384639208,2.2692413033721998e-08
whfast,4.874939732386146,4.1904026644122655e-08
whfast,4.879057080133084,4.7227054925049023e-08
whfast,4.8831744278800215,3.107554221957597e-08
whfast,4.887291775626959,9.83048270166699e-09
whfast,4.891409123373897,2.988396027198047e-10
whfast,4.895526471120835,1.4425531274770587e-08
whfast,4.899643818867773,3.7813645681298517e-08
whfast,4.903761166614711,4.865657616354567e-08
whfast,4.907878514361649,3.914890595806539e-08
whfast,4.911995862108586,1.4250345512985833e-08
whfast,4.916113209855524,7.232879813201405e-10
whfast,4.920230557602462,7.928354864241087e-09
whfast,4.9243479053494,3.135424818319899e-08
whfast,4.928465253096338,4.7096345204744514e-08
whfast,4.932582600843276,4.228332666671327e-08
whfast,4.936699948590213,2.359002530659476e-08
whfast,4.940817296337151,3.4076593487041455e-09
whfast,4.944934644084089,5.002809780368239e-09
whfast,4.949051991831027,2.2289557746852853e-08
whfast,4.953169339577965,4.2130471449605924e-08
whfast,4.957286687324903,4.658208092562123e-08
whfast,4.9614040350718405,3.113887671294973e-08
whfast,4.965521382818778,1.1170384237334342e-08
whfast,4.969638730565716,5.112510894194419e-10
whfast,4.973756078312654,1.4491838466399933e-08
whfast,4.977873426059592,3.5556905281224367e-08
whfast,4.98199077380653,4.7654103950047216e-08
whfast,4.9861081215534675,3.976299085081162e-08
whfast,4.990225469300405,1.6626629774193207e-08
whfast,4.994342817047343,2.4027459116596006e-09
whfast,4.998460164794281,6.144734345995626e-09
whfast,5.000155543278314,2.1955117749862748e-08
whfast_hj,0.0,2.220446049250313e-16
whfast_hj,0.00411734774694815,8.11628584728936e-12
whfast_hj,0.008234695493896297,3.0180799753645887e-12
whfast_hj,0.012352043240844457,1.0891808354933935e-11
whfast_hj,0.016469390987792615,1.0098801924178342e-11
whfast_hj,0.020586738734740775,5.349761439253752e-12
whfast_hj,0.024704086481688935,5.233959809503552e-12
whfast_hj,0.028821434228637095,5.190729809208292e-12
whfast_hj,0.03293878197558523,2.159739517013444e-12
whfast_hj,0.03705612972253333,2.1217910099669255e-12
whfast_hj,0.04117347746948143,1.16629063692503e-11
whfast_hj,0.045290825216429534,1.5772103727632821e-12
whfast_hj,0.049408172963377635,1.125936116287418e-11
whfast_hj,0.053525520710325736,4.7101139235727486e-12
whfast_hj,0.05764286845727384,2.728771511850153e-13
whfast_hj,0.06176021620422194,2.4756510576326553e-12
whfast_hj,0.06587756395117013,1.7804500574093257e-12
whfast_hj,0.06999491169811835,2.4867617545411203e-11
whfast_hj,0.07411225944506657,1.3838490366009971e-11
whfast_hj,0.07822960719201479,3.29467373290983e-12
whfast_hj,0.082346954938963,2.1165095167181833e-12
whfast_hj,0.08646430268591122,4.1158481276587154e-12
whfast_hj,0.09058165043285944,1.1482357544487742e-12
whfast_hj,0.09469899817980766,4.682924013884779e-12
whfast_hj,0.09881634592675588,1.836922912998655e-11
whfast_hj,0.1029336936737041,2.0908844939187303e-12
whfast_hj,0.10705104142065232,6.735077557312733e-12
whfast_hj,0.11116838916760054,2.351242549995616e-12
whfast_hj,0.11528573691454876,8.1491484719482e-13
whfast_hj,0.11940308466149697,3.675528079402464e-12
whfast_hj,0.1235204324084452,6.572524931768111e-13
whfast_hj,0.1276377801553934,1.4286634848708803e-11
whfast_hj,0.13175512790234162,7.454729915169128e-12
whfast_hj,0.13587247564928984,2.03513539851534e-12
whfast_hj,0.13998982339623806,1.980559968278337e-12
whfast_hj,0.14410717114318627,7.016757197245653e-12
whfast_hj,0.1482245188901345,2.421466849117781e-12
whfast_hj,0.1523418666370827,5.074732568597027e-12
whfast_hj,0.15645921438403093,1.6795148531000297e-12
whfast_hj,0.16057656213097915,4.793444150386237e-12
whfast_hj,0.16469390987792737,2.421662459978846e-13
whfast_hj,0.1688112576248756,2.1834084312022517e-12
whfast_hj,0.1729286053718238,1.2362606419278115e-13
whfast_hj,0.17704595311877203,4.4282386727787646e-12
whfast_hj,0.18116330086572024,9.600581061046991e-13
whfast_hj,0.18528064861266846,2.3886042244589404e-12
whfast_hj,0.18939799635961668,2.0656506928414063e-12
whfast_hj,0.1935153441065649,2.6857371224159573e-13
whfast_hj,0.19763269185351312,6.242138187430125e-12
whfast_hj,0.20175003960046134,5.118353790614417e-12
whfast_hj,0.20586738734740956,5.10426980861777e-12
whfast_hj,0.20998473509435778,8.755542141248234e-13
whfast_hj,0.214102082841306,7.08619905292356e-12
whfast_hj,0.21821943058825422,7.220779325335954e-12
whfast_hj,0.22233677833520243,9.494559974350018e-12
whfast_hj,0.22645412608215065,6.795521313381672e-13
whfast_hj,0.23057147382909887,9.144807754766642e-13
whfast_hj,0.2346888215760471,1.5762323184579596e-12
whfast_hj,0.2388061693229953,1.0553205954431237e-12
whfast_hj,0.24292351706994353,9.488104815934887e-12
whfast_hj,0.24704086481689175,4.898878404500017e-12
whfast_hj,0.25115821256383997,1.064318695052092e-12
whfast_hj,0.2552755603107882,8.563256664821804e-12
whfast_hj,0.2593929080577364,3.722670296919015e-12
whfast_hj,0.2635102558046846,2.23172431388519e-12
whfast_hj,0.26762760355163284,6.445377872076169e-12
whfast_hj,0.27174495129858106,7.502654576129938e-12
whfast_hj,0.2758622990455293,6.673068914355278e-12
whfast_hj,0.2799796467924775,1.0109169299814761e-11
whfast_hj,0.2840969945394257,7.93788874199851e-13
whfast_hj,0.28821434228637394,1.4297197835206287e-12
whfast_hj,0.29233169003332216,4.128954055350039e-12
whfast_hj,0.2964490377802704,4.130910163960683e-12
whfast_hj,0.3005663855272186,1.219868451770604e-11
whfast_hj,0.3046837332741668,4.065380525504067e-12
whfast_hj,0.30880108102111503,1.3436510046522368e-12
whfast_hj,0.31291842876806325,5.5715841557009255e-12
whfast_hj,0.31703577651501147,1.7372200571140652e-12
whfast_hj,0.3211531242619597,9.130332551047868e-12
whfast_hj,0.3252704720089079,1.3995174665722656e-11
whfast_hj,0.3293878197558561,4.508439125815221e-12
whfast_hj,0.33350516750280434,4.349603106630825e-12
whfast_hj,0.33762251524975256,3.7838964964322126e-12
whfast_hj,0.3417398629967008,1.0003539434839917e-12
whfast_hj,0.345857210743649,1.5067904627800523e-12
whfast_hj,0.3499745584905972,9.033700785681992e-12
whfast_hj,0.35409190623754544,4.802246639134141e-12
whfast_hj,0.35820925398449366,1.0852099350137836e-11
whfast_hj,0.3623266017314419,3.058962645327075e-12
whfast_hj,0.3664439494783901,1.5850348072058632e-12
whfast_hj,0.3705612972253383,1.0152203689248958e-13
whfast_hj,0.37467864497228653,1.014242314619573e-12
whfast_hj,0.37879599271923475,2.3620207084402713e-11
whfast_hj,0.38291334046618297,1.4299740776400126e-11
whfast_hj,0.3870306882131312,2.373933409879101e-12
whfast_hj,0.3911480359600794,2.2417004677994809e-13
whfast_hj,0.39526538370702763,3.765313464631083e-12
whfast_hj,0.39938273145397585,4.923525372994147e-13
whfast_hj,0.40350007920092407,3.451162421761452e-12
whfast_hj,0.4076174269478723,2.24512365786811e-11
whfast_hj,0.4117347746948205,5.071015962236801e-12
whfast_hj,0.4158521224417687,5.452261530451564e-12
whfast_hj,0.41996947018871694,6.836599594205223e-13
whfast_hj,0.42408681793566516,1.9787994705287565e-12
whfast_hj,0.4282041656826134,5.863631171270265e-12
whfast_hj,0.4323215134295616,2.572478433859596e-12
whfast_hj,0.4364388611765098,2.3386452105430605e-11
whfast_hj,0.44055620892345804,5.753306645629872e-12
whfast_hj,0.44467355667040626,1.17268711208184e-12
whfast_hj,0.4487909044173545,3.4816777160875183e-12
whfast_hj,0.4529082521643027,6.1762173272513794e-12
whfast_hj,0.4570255999112509,1.3941186068068847e-12
whfast_hj,0.46114294765819913,3.4715059513121626e-12
whfast_hj,0.46526029540514735,1.3715451134400383e-11
whfast_hj,0.46937764315209557,8.26710182117011e-12
whfast_hj,0.4734949908990438,3.4654420146191626e-12
whfast_hj,0.477612338645992,4.088266996248617e-13
whfast_hj,0.4817296863929402,7.266943488547183e-13
whfast_hj,0.48584703413988845,5.6398523462124456e-12
whfast_hj,0.48996438188683666,2.5893009679111454e-12
whfast_hj,0.4940817296337849,7.38998272015677e-12
whfast_hj,0.4981990773807331,2.7833469420871564e-12
whfast_hj,0.5023164251276808,1.6100729974221227e-12
whfast_hj,0.5064337728746281,6.823689277374964e-12
whfast_hj,0.5105511206215754,4.751387815257364e-12
whfast_hj,0.5146684683685226,3.2453797959215694e-12
whfast_hj,0.5187858161154699,1.2141566146275199e-12
whfast_hj,0.5229031638624172,1.023436025089606e-12
whfast_hj,0.5270205116093645,9.316358479920232e-12
whfast_hj,0.5311378593563117,1.0696197493869407e-11
whfast_hj,0.535255207103259,1.4408696026013068e-12
whfast_hj,0.5393725548502063,4.544040302528965e-13
whfast_hj,0.5434899025971536,8.669473362379841e-13
whfast_hj,0.5476072503441008,2.630770470456825e-12
whfast_hj,0.5517245980910481,5.2212451035343576e-12
whfast_hj,0.5558419458379954,3.9998508870474505e-12
whfast_hj,0.5599592935849427,2.101643091277279e-12
whfast_hj,0.56407664133189,7.687311228974851e-12
whfast_hj,0.5681939890788372,3.3073884388790244e-12
whfast_hj,0.5723113368257845,3.543295137322844e-12
whfast_hj,0.5764286845727318,7.473704168692387e-12
whfast_hj,0.580546032319679,5.014288812528088e-12
whfast_hj,0.5846633800666263,5.408640308434175e-12
whfast_hj,0.5887807278135736,1.0360920478004807e-11
whfast_hj,0.5928980755605209,2.048045715345599e-12
whfast_hj,0.5970154233074682,4.328868355357985e-13
whfast_hj,0.6011327710544154,8.931591916206308e-12
whfast_hj,0.6052501188013627,6.20907995191022e-12
whfast_hj,0.60936746654831,1.0898459124210129e-11
whfast_hj,0.6134848142952573,2.332268296472357e-12
whfast_hj,0.6176021620422045,1.3170479275474612e-12
whfast_hj,0.6217195097891518,4.040929167871001e-12
whfast_hj,0.6258368575360991,1.3309362986830425e-12
whfast_hj,0.6299542052830464,1.1453015915328063e-12
whfast_hj,0.6340715530299936,1.473595299657402e-11
whfast_hj,0.6381889007769409,3.1113863560923682e-12
whfast_hj,0.6423062485238882,1.2687320448645228e-12
whfast_hj,0.6464235962708355,3.617040431944171e-12
whfast_hj,0.6505409440177827,1.2515182890908445e-12
whfast_hj,0.65465829176473,7.638604124569784e-13
whfast_hj,0.6587756395116773,6.609299773648242e-12
whfast_hj,0.6628929872586246,9.221487212303937e-12
whfast_hj,0.6670103350055718,1.0547924461182495e-11
whfast_hj,0.6711276827525191,1.6055739476176385e-12
whfast_hj,0.6752450304994664,1.761280193025002e-12
whfast_hj,0.6793623782464137,2.9169491601942283e-12
whfast_hj,0.6834797259933609,2.840269702656934e-13
whfast_hj,0.6875970737403082,5.223983655589261e-12
whfast_hj,0.6917144214872555,1.475453602837515e-11
whfast_hj,0.6958317692342028,2.2718245404034178e-12
whfast_hj,0.69994911698115,1.7757553967437771e-12
whfast_hj,0.7040664647280973,3.799936587039504e-12
whfast_hj,0.7081838124750446,2.537855311451175e-12
whfast_hj,0.7123011602219919,3.1023882564834e-12
whfast_hj,0.7164185079689391,8.128218109814295e-12
whfast_hj,0.7205358557158864,1.1055925867367073e-11
whfast_hj,0.7246532034628337,5.303206054320395e-12
whfast_hj,0.728770551209781,7.93397652477722e-13
whfast_hj,0.7328878989567282,2.3596538170213908e-12
whfast_hj,0.7370052467036755,9.106859247720125e-12
whfast_hj,0.7411225944506228,2.6698926426697306e-12
whfast_hj,0.7452399421975701,1.9129568546944363e-11
whfast_hj,0.7493572899445173,7.984248516070804e-12
whfast_hj,0.7534746376914646,1.3876634483917554e-12
whfast_hj,0.7575919854384119,3.3815249552224803e-12
whfast_hj,0.7617093331853592,5.726312346802967e-12
whfast_hj,0.7658266809323064,1.3503017739284308e-12
whfast_hj,0.7699440286792537,3.1397499309467248e-12
whfast_hj,0.774061376426201,2.27622578477737e-11
whfast_hj,0.7781787241731483,1.0650228941519243e-11
whfast_hj,0.7822960719200955,1.5058124084747297e-12
whfast_hj,0.7864134196670428,9.815753008217971e-13
whfast_hj,0.7905307674139901,1.5310462095520538e-12
whfast_hj,0.7946481151609374,8.76532268430146e-12
whfast_hj,0.7987654629078846,4.658277045390649e-12
whfast_hj,0.8028828106548319,2.428078496221762e-11
whfast_hj,0.8070001584017792,3.6813964052344003e-13
whfast_hj,0.8111175061487265,1.1286746683423215e-12
whfast_hj,0.8152348538956737,5.228482705393745e-12
whfast_hj,0.819352201642621,4.321043920915404e-12
whfast_hj,0.8234695493895683,1.6478258936075764e-12
whfast_hj,0.8275868971365156,1.8158556232620053e-12
whfast_hj,0.8317042448834628,1.9288991398711955e-11
whfast_hj,0.8358215926304101,7.253055117411601e-12
whfast_hj,0.8399389403773574,9.537985585506342e-12
whfast_hj,0.8440562881243047,3.5963056806713312e-12
whfast_hj,0.8481736358712519,7.063508193040074e-13
whfast_hj,0.8522909836181992,3.947427176282157e-13
whfast_hj,0.8564083313651465,6.951031947927971e-12
whfast_hj,0.8605256791120938,9.47695499685421e-12
whfast_hj,0.864643026859041,2.453742641193428e-12
whfast_hj,0.8687603746059883,1.7761466184659062e-12
whfast_hj,0.8728777223529356,5.604446780359766e-12
whfast_hj,0.8769950700998829,3.1990200218492766e-12
whfast_hj,0.8811124178468301,2.8664815580395802e-12
whfast_hj,0.8852297655937774,9.810862736691357e-12
whfast_hj,0.8893471133407247,4.957170441097246e-12
whfast_hj,0.893464461087672,2.4085565322875226e-12
whfast_hj,0.8975818088346192,1.0937776907284098e-11
whfast_hj,0.9016991565815665,3.473070838200679e-12
whfast_hj,0.9058165043285138,9.976153914290883e-14
whfast_hj,0.9099338520754611,8.785274992130041e-12
whfast_hj,0.9140511998224083,1.2634309905296742e-11
whfast_hj,0.9181685475693556,5.53031026401631e-12
whfast_hj,0.9222858953163029,1.2890755744152337e-12
whfast_hj,0.9264032430632502,2.3217053099748724e-12
whfast_hj,0.9305205908101974,1.9891668461651764e-12
whfast_hj,0.9346379385571447,3.9141733299011875e-13
whfast_hj,0.938755286304092,2.4801501074371394e-12
whfast_hj,0.9428726340510393,1.6315315088809014e-11
whfast_hj,0.9469899817979865,9.091992822279221e-13
whfast_hj,0.9511073295449338,7.746190098155274e-14
whfast_hj,0.9552246772918811,4.88948908316892e-12
whfast_hj,0.9593420250388284,2.559763727890402e-12
whfast_hj,0.9634593727857756,7.472334892664936e-14
whfast_hj,0.9675767205327229,9.221487212303937e-12
whfast_hj,0.9716940682796702,1.3794086700548323e-11
whfast_hj,0.9758114160266175,9.55735106075173e-12
whfast_hj,0.9799287637735647,4.98416473992415e-13
whfast_hj,0.984046111520512,3.1745686642162107e-12
whfast_hj,0.9881634592674593,4.259817721402207e-12
whfast_hj,0.9922808070144066,1.0158072015080893e-12
whfast_hj,0.9963981547613538,1.4083981996645952e-13
whfast_hj,1.0005155025083015,1.5882037031551086e-11
whfast_hj,1.0046328502552506,1.889992139605461e-12
whfast_hj,1.0087501980021998,8.76141046708017e-13
whfast_hj,1.012867545749149,3.177307216271114e-12
whfast_hj,1.016984893496098,3.1542251346654996e-12
whfast_hj,1.0211022412430473,1.3876634483917554e-12
whfast_hj,1.0252195889899964,9.469521784133757e-13
whfast_hj,1.0293369367369456,1.0398282152468132e-11
whfast_hj,1.0334542844838948,5.343697502560752e-12
whfast_hj,1.037571632230844,1.684013902904514e-12
whfast_hj,1.041688979977793,3.3277319684297354e-12
whfast_hj,1.0458063277247422,1.118542025739179e-11
whfast_hj,1.0499236754716914,5.8086645193111326e-12
whfast_hj,1.0540410232186406,1.154319252227881e-11
whfast_hj,1.0581583709655897,8.103571141320164e-12
whfast_hj,1.062275718712539,9.19957879586471e-13
whfast_hj,1.066393066459488,2.3588713735771326e-12
whfast_hj,1.0705104142064372,5.490014426637018e-12
whfast_hj,1.0746277619533864,2.3921252199581022e-12
whfast_hj,1.0787451097003355,1.4874249875346642e-12
whfast_hj,1.0828624574472847,1.8597702615709915e-11
whfast_hj,1.0869798051942339,7.7317148944365e-12
whfast_hj,1.091097152941183,3.0677651340749787e-12
whfast_hj,1.0952145006881322,2.4245966228948137e-12
whfast_hj,1.0993318484350814,2.036504674542792e-12
whfast_hj,1.1034491961820305,9.436267937752787e-12
whfast_hj,1.1075665439289797,7.999114941511708e-12
whfast_hj,1.1116838916759288,2.50203896279026e-11
whfast_hj,1.115801239422878,1.6685606448804162e-13
whfast_hj,1.1199185871698272,2.4541338629155573e-12
whfast_hj,1.1240359349167763,4.580032700964838e-12
whfast_hj,1.1281532826637255,3.8815063161034116e-12
whfast_hj,1.1322706304106747,4.774861118585107e-13
whfast_hj,1.1363879781576238,3.313843597294154e-12
whfast_hj,1.140505325904573,2.5080637773110473e-11
whfast_hj,1.1446226736515221,5.701469767447772e-12
whfast_hj,1.1487400213984713,1.1000567993685811e-11
whfast_hj,1.1528573691454205,4.156926408482266e-12
whfast_hj,1.1569747168923696,1.2415421351765537e-12
whfast_hj,1.1610920646393188,1.3722101903676576e-12
whfast_hj,1.165209412386268,1.0133425046586763e-11
whfast_hj,1.1693267601332171,1.6126941829603872e-11
whfast_hj,1.1734441078801663,1.4351968876304354e-12
whfast_hj,1.1775614556271154,2.891910969977969e-12
whfast_hj,1.1816788033740646,4.5211538317844156e-12
whfast_hj,1.1857961511210138,1.8045101933202626e-12
whfast_hj,1.189913498867963,1.1337605507299991e-12
whfast_hj,1.194030846614912,1.0240424187589059e-11
whfast_hj,1.1981481943618613,1.0147313417722345e-11
whfast_hj,1.2022655421088104,2.5300308770085936e-12
whfast_hj,1.2063828898557596,1.0450510252372361e-11
whfast_hj,1.2105002376027088,4.8032246934394634e-12
whfast_hj,1.214617585349658,1.042801500334994e-12
whfast_hj,1.218734933096607,7.54901435020223e-12
whfast_hj,1.2228522808435562,1.3935904574820105e-11
whfast_hj,1.2269696285905054,1.8446104198384907e-12
whfast_hj,1.2310869763374546,3.012407260393718e-13
whfast_hj,1.2352043240844037,2.3940813285687474e-12
whfast_hj,1.239321671831353,2.476433501076913e-13
whfast_hj,1.243439019578302,1.2429114112040053e-12
whfast_hj,1.2475563673252512,1.8354167093684578e-12
whfast_hj,1.2516737150722004,1.6976088577484987e-11
whfast_hj,1.2557910628191495,2.273389427291934e-12
whfast_hj,1.2599084105660987,8.068948018911743e-13
whfast_hj,1.2640257583130479,2.701190380440055e-12
whfast_hj,1.268143106059997,4.091396770025649e-12
whfast_hj,1.2722604538069462,7.169138058014919e-13
whfast_hj,1.2763778015538954,9.098839202416479e-12
whfast_hj,1.2804951493008445,1.3635641903086056e-11
whfast_hj,1.2846124970477937,8.099854534959939e-12
whfast_hj,1.2887298447947428,8.155016797780136e-13
whfast_hj,1.292847192541692,3.258876945335022e-12
whfast_hj,1.2969645402886412,8.553280510907513e-12
whfast_hj,1.3010818880355903,2.932793639940455e-12
whfast_hj,1.3051992357825395,1.3902063895855943e-12
whfast_hj,1.3093165835294887,1.6091927485473323e-11
whfast_hj,1.3134339312764378,9.794235813500874e-13
whfast_hj,1.317551279023387,4.69074844832736e-13
whfast_hj,1.3216686267703361,3.980485411802062e-12
whfast_hj,1.3257859745172853,5.0070512106687005e-12
whfast_hj,1.3299033222642345,8.847479245948561e-13
whfast_hj,1.3340206700111836,1.817224899289457e-12
whfast_hj,1.3381380177581328,9.941726402743527e-12
whfast_hj,1.342255365505082,3.805609302010375e-12
whfast_hj,1.3463727132520311,3.1759379402436623e-12
whfast_hj,1.3504900609989803,3.957598941057513e-12
whfast_hj,1.3546074087459294,1.3423404118831044e-11
whfast_hj,1.3587247564928786,7.815827564694245e-12
whfast_hj,1.3628421042398278,6.52538271425156e-12
whfast_hj,1.366959451986777,9.18099576406358e-12
whfast_hj,1.371076799733726,6.973527196950392e-13
whfast_hj,1.3751941474806753,1.3260460271564293e-12
whfast_hj,1.3793114952276244,4.299526726198306e-12
whfast_hj,1.3834288429745736,3.772159844768341e-12
whfast_hj,1.3875461907215227,5.563172888675151e-13
whfast_hj,1.391663538468472,1.393433968793159e-11
whfast_hj,1.395780886215421,7.321127697062057e-12
whfast_hj,1.3998982339623702,4.507656682370963e-12
whfast_hj,1.4040155817093194,3.818715229701698e-12
whfast_hj,1.4081329294562686,3.1248835055058207e-12
whfast_hj,1.4122502772032177,9.61701237337641e-12
whfast_hj,1.4163676249501669,1.2206704563009685e-11
whfast_hj,1.420484972697116,2.2396465537583032e-11
whfast_hj,1.4246023204440652,8.143280146116264e-13
whfast_hj,1.4287196681910144,2.1800830465641546e-12
whfast_hj,1.4328370159379635,2.9165579384720995e-12
whfast_hj,1.4369543636849127,2.342048839525583e-12
whfast_hj,1.4410717114318619,1.3941186068068847e-12
whfast_hj,1.445189059178811,5.095662930730931e-12
whfast_hj,1.4493064069257602,2.876829372589894e-11
whfast_hj,1.4534237546727093,5.515639449436471e-12
whfast_hj,1.4575411024196585,1.1689313835494012e-11
whfast_hj,1.4616584501666077,6.36419936473439e-12
whfast_hj,1.4657757979135568,2.4406367135021048e-12
whfast_hj,1.469893145660506,1.532219874718441e-12
whfast_hj,1.4740104934074552,1.3893848239691233e-11
whfast_hj,1.4781278411544043,2.5686053388105185e-11
whfast_hj,1.4822451889013535,9.268042597237295e-13
whfast_hj,1.4863625366483026,3.3015201130470886e-12
whfast_hj,1.4904798843952518,2.278866531401741e-12
whfast_hj,1.494597232142201,3.1669398406346943e-13
whfast_hj,1.4987145798891501,1.9248108728749468e-13
whfast_hj,1.5028319276360993,1.3781763216301258e-11
whfast_hj,1.5069492753830485,2.3259500656599725e-11
whfast_hj,1.5110666231299976,2.4899306504903655e-12
whfast_hj,1.5151839708769468,9.418271738534852e-12
whfast_hj,1.519301318623896,5.870868773129652e-12
whfast_hj,1.523418666370845,1.539261865716764e-12
whfast_hj,1.5275360141177943,5.844070085163812e-12
whfast_hj,1.5316533618647434,1.4634822181403662e-11
whfast_hj,1.5357707096116926,9.200948071892161e-12
whfast_hj,1.5398880573586418,1.178946659635905e-12
whfast_hj,1.544005405105591,3.593762739477492e-12
whfast_hj,1.54812275285254,2.47584666849372e-12
whfast_hj,1.5522401005994892,4.064011249476616e-12
whfast_hj,1.5563574483464384,2.977197305402103e-13
whfast_hj,1.5604747960933876,1.889053207472351e-11
whfast_hj,1.5645921438403367,1.0757423693382605e-11
whfast_hj,1.568709491587286,1.1480401435877097e-12
whfast_hj,1.572826839334235,2.679673185722957e-12
whfast_hj,1.5769441870811842,5.32589691420388e-12
whfast_hj,1.5810615348281334,1.822702003399264e-12
whfast_hj,1.5851788825750825,7.903656841312218e-12
whfast_hj,1.5892962303220317,1.0943449622254969e-11
whfast_hj,1.5934135780689809,2.8651122820121286e-12
whfast_hj,1.59753092581593,2.3790192922667786e-12
whfast_hj,1.6016482735628792,4.585509805074645e-12
whfast_hj,1.6057656213098284,9.768415179840355e-12
whfast_hj,1.6098829690567775,7.459033354112548e-12
whfast_hj,1.6140003168037267,2.2694772100706438e-12
whfast_hj,1.6181176645506758,1.60148568062139e-11
whfast_hj,1.622235012297625,2.737965222320186e-12
whfast_hj,1.6263523600445742,1.3645813667861412e-12
whfast_hj,1.6304697077915233,3.4533141412331617e-12
whfast_hj,1.6345870555384725,5.998602665404789e-12
whfast_hj,1.6387044032854217,5.852676963050652e-13
whfast_hj,1.6428217510323708,6.014055923428886e-12
whfast_hj,1.64693909877932,6.314709816885064e-12
whfast_hj,1.6510564465262692,1.424242679410822e-12
whfast_hj,1.6551737942732183,4.624240755565421e-12
whfast_hj,1.6592911420201675,4.494941976401768e-12
whfast_hj,1.6634084897671166,1.5585686577038328e-11
whfast_hj,1.6675258375140658,1.3977765299087914e-11
whfast_hj,1.671643185261015,2.816992010190255e-12
whfast_hj,1.6757605330079641,8.411267025774666e-12
whfast_hj,1.6798778807549133,4.3738588534028263e-13
whfast_hj,1.6839952285018625,1.2499534022023283e-13
whfast_hj,1.6881125762488116,3.570289436149749e-12
whfast_hj,1.6922299239957608,5.652762663042705e-12
whfast_hj,1.69634727174271,3.9787249140524813e-13
whfast_hj,1.700464619489659,8.411267025774666e-13
whfast_hj,1.7045819672366083,5.440329267926628e-12
whfast_hj,1.7086993149835574,6.058850810612663e-12
whfast_hj,1.7128166627305066,5.430548724873402e-12
whfast_hj,1.7169340104774558,3.2845019681344747e-12
whfast_hj,1.721051358224405,1.2434786827010924e-11
whfast_hj,1.725168705971354,1.4120756838526084e-11
whfast_hj,1.7292860537183032,3.1716345013002428e-12
whfast_hj,1.7334034014652524,1.0942471567949647e-12
whfast_hj,1.7375207492122016,3.1634188451355326e-12
whfast_hj,1.7416380969591507,1.4709936752052439e-12
whfast_hj,1.7457554447061,1.0942471567949647e-12
whfast_hj,1.749872792453049,4.519393334034835e-12
whfast_hj,1.7539901401999982,5.576865648949668e-12
whfast_hj,1.7581074879469474,1.2742482711465426e-11
whfast_hj,1.7622248356938965,6.285955020308579e-12
whfast_hj,1.7663421834408457,1.1142972700540787e-11
whfast_hj,1.7704595311877949,6.932057694404712e-12
whfast_hj,1.774576878934744,2.8498546348490956e-12
whfast_hj,1.7786942266816932,4.8468459154568526e-12
whfast_hj,1.7828115744286424,1.0651598217546695e-11
whfast_hj,1.7869289221755915,1.829841799828119e-11
whfast_hj,1.7910462699225407,8.338891007180791e-13
whfast_hj,1.7951636176694898,3.093390156874432e-12
whfast_hj,1.799280965416439,2.7678936840630586e-13
whfast_hj,1.8033983131633882,3.0304034596116542e-12
whfast_hj,1.8075156609103373,2.950203006575198e-12
whfast_hj,1.8116330086572865,1.4187264531288024e-11
whfast_hj,1.8157503564042357,2.9000679428843595e-11
whfast_hj,1.8198677041511848,4.28153052698037e-12
whfast_hj,1.823985051898134,8.933548024816953e-12
whfast_hj,1.8281023996450831,7.491895978771389e-12
whfast_hj,1.8322197473920323,2.575803818497693e-12
whfast_hj,1.8363370951389815,3.094955043762948e-12
whfast_hj,1.8404544428859306,9.835118483463359e-12
whfast_hj,1.8445717906328798,2.5264316371650064e-11
whfast_hj,1.848689138379829,3.2383378049232466e-12
whfast_hj,1.8528064861267781,2.7909757656686727e-12
whfast_hj,1.8569238338737273,4.634216909479712e-12
whfast_hj,1.8610411816206764,9.21170666925071e-12
whfast_hj,1.8651585293676256,1.5631263907666362e-12
whfast_hj,1.8692758771145748,2.0193496020274328e-11
whfast_hj,1.873393224861524,3.114281396836123e-11
whfast_hj,1.877510572608473,3.2039102933758896e-12
whfast_hj,1.8816279203554223,2.0541096520385994e-12
whfast_hj,1.8857452681023714,7.576008649029135e-12
whfast_hj,1.8898626158493206,1.958260330116981e-12
whfast_hj,1.8939799635962697,6.251527508761222e-12
whfast_hj,1.898097311343219,9.340027394109041e-12
whfast_hj,1.902214659090168,1.3686891948684963e-11
whfast_hj,1.9063320068371172,3.5730279882046523e-12
whfast_hj,1.9104493545840664,4.441931433053282e-12
whfast_hj,1.9145667023310156,1.260183850236003e-11
whfast_hj,1.9186840500779647,1.178692365516521e-11
whfast_hj,1.9228013978249139,1.1241756185378373e-12
whfast_hj,1.926918745571863,1.6997996993924213e-11
whfast_hj,1.9310360933188122,1.359867145034486e-11
whfast_hj,1.9351534410657614,2.831858435631159e-12
whfast_hj,1.9392707888127105,3.095737487207206e-12
whfast_hj,1.9433881365596597,8.271992092696723e-12
whfast_hj,1.9475054843066089,9.252393728352133e-13
whfast_hj,1.951622832053558,5.231221257448649e-12
whfast_hj,1.9557401798005072,7.36103231271922e-12
whfast_hj,1.9598575275474563,4.868363110173951e-12
whfast_hj,1.9639748752944055,5.8638267821313295e-12
whfast_hj,1.9680922230413547,5.189164922319775e-12
whfast_hj,1.9722095707883038,1.7786308764014256e-11
whfast_hj,1.976326918535253,1.3810713623738808e-11
whfast_hj,1.9804442662822022,3.6702465861537224e-12
whfast_hj,1.9845616140291513,9.98632567906624e-12
whfast_hj,1.9886789617761005,3.254964728113731e-12
whfast_hj,1.9927963095230496,2.1417433177955073e-12
whfast_hj,1.9969136572699988,1.2362606419278114e-12
whfast_hj,2.001031005016947,6.927949866322357e-12
whfast_hj,2.0051483527638925,1.5271339923307631e-12
whfast_hj,2.009265700510838,2.1769532727871224e-12
whfast_hj,2.0133830482577832,6.954161721705004e-12
whfast_hj,2.0175003960047286,6.621623257895308e-12
whfast_hj,2.021617743751674,6.882763757416451e-12
whfast_hj,2.0257350914986194,4.2140447799131075e-12
whfast_hj,2.029852439245565,1.2805273797867138e-11
whfast_hj,2.03396978699251,1.2884300585737207e-11
whfast_hj,2.0380871347394556,7.562315888754618e-13
whfast_hj,2.042204482486401,2.350068884829229e-12
whfast_hj,2.0463218302333464,3.368419027531157e-12
whfast_hj,2.0504391779802917,4.1567307976212013e-13
whfast_hj,2.054556525727237,2.350264495690293e-12
whfast_hj,2.0586738734741825,5.135176324665966e-12
whfast_hj,2.062791221221128,8.378013179393696e-12
whfast_hj,2.0669085689680733,7.507740458517616e-12
whfast_hj,2.0710259167150187,7.1667907276821445e-12
whfast_hj,2.075143264461964,1.1405091254367253e-11
whfast_hj,2.0792606122089095,9.079082505448961e-12
whfast_hj,2.083377959955855,3.963467266889449e-12
whfast_hj,2.0874953077028002,4.0882669962486166e-12
whfast_hj,2.0916126554497456,9.814383732190519e-12
whfast_hj,2.095730003196691,1.2635287959602064e-11
whfast_hj,2.0998473509436364,1.4414564351845003e-12
whfast_hj,2.103964698690582,3.955447221585803e-12
whfast_hj,2.108082046437527,1.4670814579839534e-12
whfast_hj,2.1121993941844726,6.727644344592281e-12
whfast_hj,2.116316741931418,3.52842871188194e-12
whfast_hj,2.1204340896783633,1.8165402612757312e-11
whfast_hj,2.1245514374253087,2.668523366642279e-11
whfast_hj,2.128668785172254,5.063582749516349e-12
whfast_hj,2.1327861329191995,9.141286759267481e-12
whfast_hj,2.136903480666145,8.166166616860813e-12
whfast_hj,2.1410208284130903,2.79214943083506e-12
whfast_hj,2.1451381761600357,2.6591340453111817e-12
whfast_hj,2.149255523906981,1.0095476539540245e-11
whfast_hj,2.1533728716539264,2.5508047504536464e-11
whfast_hj,2.157490219400872,4.043276498203776e-12
whfast_hj,2.161607567147817,4.3955716589809885e-12
whfast_hj,2.1657249148947626,6.586608913764757e-12
whfast_hj,2.169842262641708,1.2497577913412638e-11
whfast_hj,2.1739596103886534,2.5554602889469823e-12
whfast_hj,2.1780769581355988,2.0817103445348042e-11
whfast_hj,2.182194305882544,3.1391239761913185e-11
whfast_hj,2.1863116536294895,3.859597899664185e-12
whfast_hj,2.190429001376435,2.572674044720661e-12
whfast_hj,2.1945463491233803,8.042736163529096e-12
whfast_hj,2.1986636968703257,3.294478122048766e-12
whfast_hj,2.202781044617271,4.620524149205195e-12
whfast_hj,2.2068983923642165,9.291124678842908e-12
whfast_hj,2.211015740111162,1.332775040777049e-11
whfast_hj,2.2151330878581073,5.263105827802167e-12
whfast_hj,2.2192504356050526,5.868717053657943e-12
whfast_hj,2.223367783351998,1.5283467796693633e-11
whfast_hj,2.2274851310989434,1.3491281087620436e-11
whfast_hj,2.231602478845889,2.1517194717097982e-13
whfast_hj,2.235719826592834,1.512130639287114e-11
whfast_hj,2.2398371743397796,1.261005415852474e-11
whfast_hj,2.243954522086725,4.1876373136693965e-12
whfast_hj,2.2480718698336704,2.321118477391679e-12
whfast_hj,2.2521892175806157,8.412636301802118e-12
whfast_hj,2.256306565327561,2.674782914196344e-12
whfast_hj,2.2604239130745065,3.6737675816528834e-12
whfast_hj,2.264541260821452,7.157792628073176e-12
whfast_hj,2.2686586085683973,5.44169854395408e-12
whfast_hj,2.2727759563153427,7.175593216430048e-12
whfast_hj,2.276893304062288,5.873216103462427e-12
whfast_hj,2.2810106518092335,1.8762015739004117e-11
whfast_hj,2.285127999556179,1.5506855400029324e-11
whfast_hj,2.2892453473031242,2.2528502868801588e-12
whfast_hj,2.2933626950500696,8.661062095354067e-12
whfast_hj,2.297480042797015,3.5757665402595555e-12
whfast_hj,2.3015973905439604,2.5713047686932088e-12
whfast_hj,2.305714738290906,3.7928945960411806e-13
whfast_hj,2.309832086037851,8.085574942102228e-12
whfast_hj,2.3139494337847966,3.465246403758098e-12
whfast_hj,2.318066781531742,1.3655594210914637e-12
whfast_hj,2.3221841292786873,7.45394747172487e-12
whfast_hj,2.3263014770256327,1.0415691519102876e-11
whfast_hj,2.330418824772578,7.996572000317868e-12
whfast_hj,2.3345361725195235,5.009007319279346e-12
whfast_hj,2.338653520266469,1.0560052334568496e-11
whfast_hj,2.3427708680134143,1.3355527150041654e-11
whfast_hj,2.3468882157603597,4.5935298503782906e-12
whfast_hj,2.351005563507305,3.014754590726492e-12
whfast_hj,2.3551229112542504,4.958930938846827e-12
whfast_hj,2.359240259001196,8.481686935757896e-13
whfast_hj,2.363357606748141,3.78291844212689e-12
whfast_hj,2.3674749544950866,6.1762173272513794e-12
whfast_hj,2.371592302242032,1.0682309122733825e-11
whfast_hj,2.3757096499889774,1.8398961980868357e-11
whfast_hj,2.3798269977359228,8.564430329988191e-12
whfast_hj,2.383944345482868,1.2445349813508409e-11
whfast_hj,2.3880616932298135,9.65887309764422e-12
whfast_hj,2.392179040976759,4.62463197728755e-12
whfast_hj,2.3962963887237043,2.7489194305397994e-12
whfast_hj,2.4004137364706497,1.0433492107459747e-11
whfast_hj,2.404531084217595,2.5254340217735775e-11
whfast_hj,2.4086484319645405,3.3269495249854773e-12
whfast_hj,2.412765779711486,5.1598232931600964e-12
whfast_hj,2.4168831274584313,3.1563768541372094e-12
whfast_hj,2.4210004752053766,8.744783543889685e-12
whfast_hj,2.425117822952322,3.696458441536369e-12
whfast_hj,2.4292351706992674,2.0519188103946767e-11
whfast_hj,2.433352518446213,3.42420724510676e-11
whfast_hj,2.437469866193158,6.303951219526515e-12
whfast_hj,2.4415872139401036,6.625535475116598e-12
whfast_hj,2.445704561687049,1.0182718983575023e-11
whfast_hj,2.4498219094339944,3.949578895753867e-12
whfast_hj,2.4539392571809397,2.87293671645471e-12
whfast_hj,2.458056604927885,1.0951469667558615e-11
whfast_hj,2.4621739526748305,2.2667386580157402e-11
whfast_hj,2.466291300421776,5.623421033883025e-12
whfast_hj,2.4704086481687213,5.171951166546097e-12
whfast_hj,2.4745259959156667,1.0918020210316581e-11
whfast_hj,2.478643343662612,1.4055031589208402e-11
whfast_hj,2.4827606914095575,2.127072503215668e-12
whfast_hj,2.486878039156503,2.1785572818478514e-11
whfast_hj,2.4909953869034482,2.2239781237870347e-11
whfast_hj,2.4951127346503936,4.634608131201841e-12
whfast_hj,2.499230082397339,1.1744476098314208e-12
whfast_hj,2.5033474301442844,9.463262236579692e-12
whfast_hj,2.50746477789123,4.016673421099e-12
whfast_hj,2.511582125638175,4.274097314259918e-12
whfast_hj,2.5156994733851206,1.1624957862203782e-11
whfast_hj,2.519816821132066,4.72830573365175e-12
whfast_hj,2.5239341688790113,6.900955567495452e-12
whfast_hj,2.5280515166259567,6.9813516313929725e-12
whfast_hj,2.532168864372902,1.9496534522301416e-11
whfast_hj,2.5362862121198475,1.5152604130641463e-11
whfast_hj,2.540403559866793,5.543611802568699e-13
whfast_hj,2.5445209076137383,1.4778009331702893e-11
whfast_hj,2.5486382553606837,6.458483799767492e-12
whfast_hj,2.552755603107629,3.854316406415442e-12
whfast_hj,2.5568729508545744,1.1159599623731271e-12
whfast_hj,2.56099029860152,9.344917665635654e-12
whfast_hj,2.565107646348465,4.247103015433013e-12
whfast_hj,2.5692249940954106,1.3647769776472058e-12
whfast_hj,2.573342341842356,9.43157327708724e-12
whfast_hj,2.5774596895893014,5.388296778883464e-12
whfast_hj,2.5815770373362468,9.080843003198542e-12
whfast_hj,2.585694385083192,7.618651816741202e-12
whfast_hj,2.5898117328301375,1.766248708896041e-11
whfast_hj,2.593929080577083,1.722901342084142e-11
whfast_hj,2.5980464283240283,9.510600064957308e-13
whfast_hj,2.6021637760709737,8.859020286751369e-12
whfast_hj,2.606281123817919,3.1786764922985655e-12
whfast_hj,2.6103984715648645,3.815194234202537e-12
whfast_hj,2.61451581931181,2.0926449916683112e-12
whfast_hj,2.6186331670587553,8.186901368133653e-12
whfast_hj,2.6227505148057007,6.23157520093264e-12
whfast_hj,2.626867862552646,8.391510328807149e-12
whfast_hj,2.6309852102995914,8.572059153569708e-12
whfast_hj,2.635102558046537,1.354468285269105e-11
whfast_hj,2.639219905793482,9.602732780518701e-12
whfast_hj,2.6433372535404276,6.668569864550794e-12
whfast_hj,2.647454601287373,8.276099920779078e-12
whfast_hj,2.6515719490343184,1.6463392510634862e-11
whfast_hj,2.6556892967812638,1.3297821946027618e-11
whfast_hj,2.659806644528209,3.5155183950516814e-12
whfast_hj,2.6639239922751545,6.077433842413793e-12
whfast_hj,2.6680413400221,2.5347255376741424e-12
whfast_hj,2.6721586877690453,5.764847686432679e-12
whfast_hj,2.6762760355159907,6.383564839979778e-12
whfast_hj,2.680393383262936,1.4867012273487256e-11
whfast_hj,2.6845107310098815,2.7746422587697848e-11
whfast_hj,2.688628078756827,8.634654629110355e-12
whfast_hj,2.6927454265037722,1.3040202442005635e-11
whfast_hj,2.6968627742507176,1.139198532667593e-11
whfast_hj,2.700980121997663,6.087801218050213e-12
whfast_hj,2.7050974697446084,2.3696299709356814e-12
whfast_hj,2.709214817491554,1.2585994022613804e-11
whfast_hj,2.713332165238499,2.9855303280834517e-11
whfast_hj,2.7174495129854446,3.841992922168377e-12
whfast_hj,2.72156686073239,7.68770245069698e-12
whfast_hj,2.7256842084793353,5.332938905202203e-12
whfast_hj,2.7298015562262807,1.0829995322837544e-11
whfast_hj,2.733918903973226,4.569860936189483e-12
whfast_hj,2.7380362517201715,2.3987955503204024e-11
whfast_hj,2.742153599467117,3.397643290174197e-11
whfast_hj,2.7462709472140623,6.865550001642773e-12
whfast_hj,2.7503882949610077,6.187562757193122e-12
whfast_hj,2.754505642707953,1.0471440614506266e-11
whfast_hj,2.7586229904548984,4.74258532650946e-12
whfast_hj,2.762740338201844,1.7147248080916447e-12
whfast_hj,2.7668576859487892,1.1976666190397801e-11
whfast_hj,2.7709750336957346,1.9314029588928215e-11
whfast_hj,2.77509238144268,7.082482446563333e-12
whfast_hj,2.7792097291896254,7.369443579744995e-12
whfast_hj,2.7833270769365708,1.2895646015678951e-11
whfast_hj,2.787444424683516,1.622357359496975e-11
whfast_hj,2.7915617724304616,3.3422071721485103e-12
whfast_hj,2.795679120177407,2.1035600777157116e-11
whfast_hj,2.7997964679243523,1.955756511095355e-11
whfast_hj,2.8039138156712977,5.153759356467096e-12
whfast_hj,2.808031163418243,2.012053316909726e-12
whfast_hj,2.8121485111651885,1.0003539434839917e-11
whfast_hj,2.816265858912134,5.771107233986744e-12
whfast_hj,2.8203832066590793,2.8297067161594492e-12
whfast_hj,2.8245005544060247,1.1517958721201486e-11
whfast_hj,2.82861790215297,5.4170515754599495e-12
whfast_hj,2.8327352498999154,8.75456408694291e-12
whfast_hj,2.836852597646861,8.089682770184584e-12
whfast_hj,2.840969945393806,2.072712244925836e-11
whfast_hj,2.8450872931407516,1.6395319930984405e-11
whfast_hj,2.849204640887697,1.2088751213787776e-12
whfast_hj,2.8533219886346424,1.2487992981220475e-11
whfast_hj,2.8574393363815878,8.477383496814477e-12
whfast_hj,2.861556684128533,5.082948224761737e-12
whfast_hj,2.8656740318754785,4.436454328943475e-13
whfast_hj,2.869791379622424,1.0410605636715198e-11
whfast_hj,2.8739087273693693,5.433091666067241e-12
whfast_hj,2.8780260751163147,6.703584208681345e-13
whfast_hj,2.88214342286326,9.546592463393181e-12
whfast_hj,2.8862607706102055,9.636964681204994e-12
whfast_hj,2.890378118357151,1.0403172423994746e-11
whfast_hj,2.8944954661040962,8.088313494157132e-12
whfast_hj,2.8986128138510416,1.882558926885009e-11
whfast_hj,2.902730161597987,1.7459834236897562e-11
whfast_hj,2.9068475093449324,1.165253899361388e-12
whfast_hj,2.910964857091878,8.527068655524867e-12
whfast_hj,2.915082204838823,5.269952207939425e-12
whfast_hj,2.9191995525857686,4.417480075420216e-12
whfast_hj,2.923316900332714,3.870160886161669e-12
whfast_hj,2.9274342480796594,1.0278568305496642e-11
whfast_hj,2.9315515958266047,7.546862630730521e-12
whfast_hj,2.93566894357355,8.984993681276923e-12
whfast_hj,2.9397862913204955,9.697995269857125e-12
whfast_hj,2.943903639067441,1.6297123278730012e-11
whfast_hj,2.9480209868143863,1.0767399847296895e-11
whfast_hj,2.9521383345613317,7.718217745023047e-12
whfast_hj,2.956255682308277,9.455633412998176e-12
whfast_hj,2.9603730300552225,1.514204114414398e-11
whfast_hj,2.964490377802168,1.2309204654207498e-11
whfast_hj,2.9686077255491132,5.15610668679987e-12
whfast_hj,2.9727250732960586,7.466857788555129e-12
whfast_hj,2.976842421043004,4.226172653299108e-12
whfast_hj,2.9809597687899494,8.467016121178057e-12
whfast_hj,2.985077116536895,8.197659965492202e-12
whfast_hj,2.98919446428384,1.6727075951349843e-11
whfast_hj,2.9933118120307856,2.8624519743016512e-11
whfast_hj,2.997429159777731,1.0405324143466456e-11
whfast_hj,3.0015465075246763,1.238881827466076e-11
whfast_hj,3.0056638552716217,1.2458651352060796e-11
whfast_hj,3.009781203018567,6.7859363811895106e-12
whfast_hj,3.0138985507655125,3.1370113788918215e-12
whfast_hj,3.018015898512458,1.2356542482585114e-11
whfast_hj,3.0221332462594033,3.118526152521224e-11
whfast_hj,3.0262505940063487,6.183259318249702e-12
whfast_hj,3.030367941753294,7.948842950218124e-12
whfast_hj,3.0344852895002394,7.757339917235951e-12
whfast_hj,3.038602637247185,1.33878029421173e-11
whfast_hj,3.04271998499413,5.363454199528269e-12
whfast_hj,3.0468373327410756,2.6178210314543536e-11
whfast_hj,3.050954680488021,3.5747493637820203e-11
whfast_hj,3.0550720282349664,8.09555109601652e-12
whfast_hj,3.0591893759819118,5.6353532964079614e-12
whfast_hj,3.063306723728857,1.2781213661956202e-11
whfast_hj,3.0674240714758025,5.740983161382806e-12
whfast_hj,3.071541419222748,1.0410410025854133e-12
whfast_hj,3.0756587669696933,1.2876476151294626e-11
whfast_hj,3.0797761147166387,2.0756855300140167e-11
whfast_hj,3.083893462463584,8.467798564622314e-12
whfast_hj,3.0880108102105295,7.900135845813056e-12
whfast_hj,3.092128157957475,1.608175572069797e-11
whfast_hj,3.0962455057044203,1.748096020989253e-11
whfast_hj,3.1003628534513656,3.592197852588976e-12
whfast_hj,3.104480201198311,2.1729041279630866e-11
whfast_hj,3.1085975489452564,2.0358982808734916e-11
whfast_hj,3.112714896692202,6.440096378827426e-12
whfast_hj,3.116832244439147,2.9795446357348772e-12
whfast_hj,3.1209495921860926,1.1724915012207756e-11
whfast_hj,3.125066939933038,5.9993851088490465e-12
whfast_hj,3.1291842876799834,1.95865155183911e-12
whfast_hj,3.1333016354269287,1.3775503668747193e-11
whfast_hj,3.137418983173874,6.495258641647623e-12
whfast_hj,3.1415363309208195,1.0178024322909475e-11
whfast_hj,3.145653678667765,9.359979701937622e-12
whfast_hj,3.1497710264147103,2.2827396264508187e-11
whfast_hj,3.1538883741616557,1.716465744755119e-11
whfast_hj,3.158005721908601,2.3968198806236506e-12
whfast_hj,3.1621230696555465,1.2353021487085952e-11
whfast_hj,3.166240417402492,8.039606389752065e-12
whfast_hj,3.1703577651494372,5.853850628217039e-12
whfast_hj,3.1744751128963826,2.196123137171446e-12
whfast_hj,3.178592460643328,1.1145515641734627e-11
whfast_hj,3.1827098083902734,7.161900456155531e-12
whfast_hj,3.186827156137219,2.1673683405949606e-12
whfast_hj,3.190944503884164,1.1090157768053365e-11
whfast_hj,3.1950618516311096,1.1188941252890951e-11
whfast_hj,3.199179199378055,1.206253935840513e-11
whfast_hj,3.2032965471250003,9.6485057220078e-12
whfast_hj,3.2074138948719457,1.7467071838756948e-11
whfast_hj,3.211531242618891,1.871487352148757e-11
whfast_hj,3.2156485903658365,4.913157997357728e-12
whfast_hj,3.219765938112782,8.772951507882976e-12
whfast_hj,3.2238832858597273,6.205558956411058e-12
whfast_hj,3.2280006336066727,6.283998911697934e-12
whfast_hj,3.232117981353618,5.740200717938548e-12
whfast_hj,3.2362353291005634,1.0125013779560988e-11
whfast_hj,3.240352676847509,1.1306698991251796e-11
whfast_hj,3.244470024594454,1.7529471703436533e-11
whfast_hj,3.2485873723413996,9.95228938924101e-12
whfast_hj,3.252704720088345,1.788157125335268e-11
whfast_hj,3.2568220678352904,1.2147825693829263e-11
whfast_hj,3.2609394155822358,8.765127073440396e-12
whfast_hj,3.265056763329181,6.728426788036539e-12
whfast_hj,3.2691741110761265,1.837157646031932e-11
whfast_hj,3.273291458823072,2.337295495601715e-11
whfast_hj,3.2774088065700173,5.947157008944818e-12
whfast_hj,3.2815261543169627,9.364283140881043e-12
whfast_hj,3.285643502063908,5.577061259810733e-12
whfast_hj,3.2897608498108535,9.215423275610938e-12
whfast_hj,3.293878197557799,8.01828480589603e-12
whfast_hj,3.2979955453047443,2.1899222728757005e-11
whfast_hj,3.3021128930516896,3.7398644916065875e-11
whfast_hj,3.306230240798635,1.0301650387102256e-11
whfast_hj,3.3103475885455804,1.329743072430549e-11
whfast_hj,3.314464936292526,1.3404429865307785e-11
whfast_hj,3.318582284039471,7.864534669099312e-12
whfast_hj,3.3226996317864166,2.0920581590851173e-12
whfast_hj,3.326816979533362,1.4483810596661845e-11
whfast_hj,3.3309343272803074,2.7595997835539227e-11
whfast_hj,3.3350516750272527,7.118279234138142e-12
whfast_hj,3.339169022774198,1.0742752878802764e-11
whfast_hj,3.3432863705211435,9.959722601961462e-12
whfast_hj,3.347403718268089,1.4449578695975553e-11
whfast_hj,3.3515210660150343,5.236502750697391e-12
whfast_hj,3.3556384137619797,2.754944245060587e-11
whfast_hj,3.359755761508925,2.198705200537498e-11
whfast_hj,3.3638731092558705,8.968562368947504e-12
whfast_hj,3.367990457002816,6.1408117613987e-12
whfast_hj,3.3721078047497612,1.2716662077804909e-11
whfast_hj,3.3762251524967066,6.39530149164365e-12
whfast_hj,3.380342500243652,6.685979231185537e-13
whfast_hj,3.3844598479905974,1.3681023622853027e-11
whfast_hj,3.388577195737543,6.981156020531909e-12
whfast_hj,3.392694543484488,1.0171960386216474e-11
whfast_hj,3.3968118912314336,1.008921699198618e-11
whfast_hj,3.400929238978379,1.8939043568267515e-11
whfast_hj,3.4050465867253243,1.9034110446744877e-11
whfast_hj,3.4091639344722697,3.846687582833926e-12
whfast_hj,3.413281282219215,1.816501139103518e-11
whfast_hj,3.4173986299661605,1.0319842197181257e-11
whfast_hj,3.421515977713106,6.716494525511603e-12
whfast_hj,3.4256333254600513,3.3967826023855132e-12
whfast_hj,3.4297506732069967,1.188414225311428e-11
whfast_hj,3.433868020953942,8.163232453944846e-12
whfast_hj,3.4379853687008874,1.5615615038781199e-12
whfast_hj,3.442102716447833,1.3790761315910226e-11
whfast_hj,3.446220064194778,5.64650311548864e-12
whfast_hj,3.4503374119417236,1.1698898767686173e-11
whfast_hj,3.454454759688669,1.0327471020762773e-11
whfast_hj,3.4585721074356144,2.3115139841134104e-11
whfast_hj,3.4626894551825598,1.936527963452712e-11
whfast_hj,3.466806802929505,9.616816762515347e-12
whfast_hj,3.4709241506764505,9.846659524266166e-12
whfast_hj,3.475041498423396,9.156544406430514e-12
whfast_hj,3.4791588461703413,5.833702709527392e-12
whfast_hj,3.4832761939172867,3.1199932339792077e-12
whfast_hj,3.487393541664232,1.1022672020986103e-11
whfast_hj,3.4915108894111775,9.545418798226795e-12
whfast_hj,3.495628237158123,1.92754942492985e-11
whfast_hj,3.4997455849050683,1.1692052387548915e-11
whfast_hj,3.5038629326520137,1.688434708364572e-11
whfast_hj,3.507980280398959,1.2917945653840306e-11
whfast_hj,3.5120976281459044,1.0160810567135797e-11
whfast_hj,3.51621497589285,1.3097907646019671e-11
whfast_hj,3.520332323639795,2.192054431261304e-11
whfast_hj,3.5244496713867406,2.952589459080185e-11
whfast_hj,3.528567019133686,9.222856488331389e-12
whfast_hj,3.5326843668806314,9.046806713373315e-12
whfast_hj,3.5368017146275768,5.6496328892656724e-12
whfast_hj,3.540919062374522,5.938745741919043e-12
whfast_hj,3.5450364101214675,1.0048529932884757e-11
whfast_hj,3.549153757868413,1.5362494584563703e-11
whfast_hj,3.5532711056153583,3.754672233789172e-11
whfast_hj,3.5573884533623037,1.1097004148190623e-11
whfast_hj,3.561505801109249,2.0034464390228867e-11
whfast_hj,3.5656231488561945,1.2793341535342203e-11
whfast_hj,3.56974049660314,1.0326297355596387e-11
whfast_hj,3.5738578443500852,2.426943953227588e-12
whfast_hj,3.5779751920970306,2.2346389157150515e-11
whfast_hj,3.582092539843976,2.1014670415023214e-11
whfast_hj,3.5862098875909214,7.976032859906094e-12
whfast_hj,3.590327235337867,1.1196178854750339e-11
whfast_hj,3.594444583084812,8.127631277231102e-12
whfast_hj,3.5985619308317576,9.105685582553737e-12
whfast_hj,3.602679278578703,6.6808933487978595e-12
whfast_hj,3.6067966263256483,2.536525157595936e-11
whfast_hj,3.6109139740725937,1.7146270026611123e-11
whfast_hj,3.615031321819539,1.0760357856298572e-11
whfast_hj,3.6191486695664845,1.078187505101567e-11
whfast_hj,3.62326601731343,1.401043231288569e-11
whfast_hj,3.6273833650603753,8.574602094763546e-12
whfast_hj,3.6315007128073207,8.919855264542437e-14
whfast_hj,3.635618060554266,1.9900470950399666e-11
whfast_hj,3.6397354083012115,4.336105957217373e-12
whfast_hj,3.643852756048157,9.094731374334124e-12
whfast_hj,3.6479701037951022,1.2122787503613003e-11
whfast_hj,3.6520874515420476,1.4984183179264906e-11
whfast_hj,3.656204799288993,1.2816814838669946e-11
whfast_hj,3.6603221470359384,5.340763339644784e-12
whfast_hj,3.6644394947828838,2.693894095322348e-11
whfast_hj,3.668556842529829,6.8371864267884164e-12
whfast_hj,3.6726741902767746,8.687665172458843e-12
whfast_hj,3.67679153802372,4.689379172299909e-12
whfast_hj,3.6809088857706653,1.4114497290972018e-11
whfast_hj,3.6850262335176107,7.073484346954365e-12
whfast_hj,3.689143581264556,5.8229441121688436e-12
whfast_hj,3.6932609290115015,1.9189621081291176e-11
whfast_hj,3.697378276758447,3.2442061307551824e-12
whfast_hj,3.7014956245053923,1.0829212879393286e-11
whfast_hj,3.7056129722523377,1.1862038225813989e-11
whfast_hj,3.709730319999283,2.1790071868283e-11
whfast_hj,3.7138476677462284,1.6094079204945033e-11
whfast_hj,3.717965015493174,1.8671839132053372e-11
whfast_hj,3.722082363240119,1.590551033487883e-11
whfast_hj,3.7261997109870646,9.384235448709624e-12
whfast_hj,3.73031705873401,6.167806060225604e-12
whfast_hj,3.7344344064809554,5.151216415273257e-12
whfast_hj,3.7385517542279008,1.0786374100820154e-11
whfast_hj,3.742669101974846,9.271172371014327e-12
whfast_hj,3.7467864497217915,2.8676161010337546e-11
whfast_hj,3.750903797468737,1.8235040079296283e-11
whfast_hj,3.7550211452156823,1.2538460583375123e-11
whfast_hj,3.7591384929626277,1.332814162949262e-11
whfast_hj,3.763255840709573,1.1837586868180923e-11
whfast_hj,3.7673731884565185,1.806251129983737e-11
whfast_hj,3.771490536203464,1.6756417580509523e-11
whfast_hj,3.7756078839504092,3.6507246222194825e-11
whfast_hj,3.7797252316973546,8.70781309114849e-12
whfast_hj,3.7838425794443,1.139374582442551e-11
whfast_hj,3.7879599271912454,4.619350484038808e-12
whfast_hj,3.792077274938191,6.160372847505152e-12
whfast_hj,3.796194622685136,8.65382449349468e-12
whfast_hj,3.8003119704320816,1.4324778966616386e-11
whfast_hj,3.804429318179027,2.9203136670045384e-11
whfast_hj,3.8085466659259724,1.4330256070726193e-11
whfast_hj,3.8126640136729177,2.1732366664268962e-11
whfast_hj,3.816781361419863,1.4377007066520613e-11
whfast_hj,3.8208987091668085,1.0984527903078521e-11
whfast_hj,3.825016056913754,5.95243850219356e-12
whfast_hj,3.8291334046606993,2.0924493808072465e-11
whfast_hj,3.8332507524076447,1.3519840273335856e-11
whfast_hj,3.83736810015459,8.580666031456547e-12
whfast_hj,3.8414854479015355,1.1952606054486865e-11
whfast_hj,3.845602795648481,6.399996152309198e-12
whfast_hj,3.8497201433954262,8.219372771070365e-12
whfast_hj,3.8538374911423716,8.075207566465808e-12
whfast_hj,3.857954838889317,2.176503367806674e-11
whfast_hj,3.8620721866362624,1.1258969941152051e-11
whfast_hj,3.866189534383208,1.1551799400165649e-11
whfast_hj,3.870306882130153,1.894667239184903e-11
whfast_hj,3.8744242298770986,1.2587950131224449e-11
whfast_hj,3.878541577624044,1.1098764645940204e-11
whfast_hj,3.8826589253709893,1.7213755773678386e-13
whfast_hj,3.8867762731179347,2.384731129409863e-11
whfast_hj,3.89089362086488,1.3536271585665277e-13
whfast_hj,3.8950109686118255,9.097469926389027e-12
whfast_hj,3.899128316358771,1.3453136969712852e-11
whfast_hj,3.9032456641057163,1.0408258306382423e-11
whfast_hj,3.9073630118526617,9.923143370942396e-12
whfast_hj,3.911480359599607,9.669044862419576e-12
whfast_hj,3.9155977073465524,2.7743292813920817e-11
whfast_hj,3.919715055093498,8.001071050122353e-12
whfast_hj,3.923832402840443,1.006378758004779e-11
whfast_hj,3.9279497505873886,9.418858571118046e-12
whfast_hj,3.932067098334334,1.285026429591198e-11
whfast_hj,3.9361844460812794,9.658090654199961e-12
whfast_hj,3.9403017938282248,9.87580554256478e-12
whfast_hj,3.94441914157517,2.1996050104983947e-11
whfast_hj,3.9485364893221155,2.541571917811401e-12
whfast_hj,3.952653837069061,1.0168243779856249e-11
whfast_hj,3.9567711848160063,1.405405353490308e-11
whfast_hj,3.9608885325629517,1.7734863107554288e-11
whfast_hj,3.965005880309897,1.396113837589743e-11
whfast_hj,3.9691232280568425,2.4178676092741938e-11
whfast_hj,3.973240575803788,2.2564690878098527e-11
whfast_hj,3.9773579235507333,8.770408566689139e-12
whfast_hj,3.9814752712976786,8.79603358948859e-12
whfast_hj,3.985592619044624,5.289708904906942e-12
whfast_hj,3.9897099667915694,1.3171066108057805e-11
whfast_hj,3.993827314538515,8.244410961286625e-12
whfast_hj,3.99794466228546,3.187674591907534e-11
whfast_hj,4.002062010032409,2.185032001349087e-11
whfast_hj,4.006179357779362,1.0997633830769844e-11
whfast_hj,4.010296705526315,1.197960035331377e-11
whfast_hj,4.014414053273268,1.3147788415591126e-11
whfast_hj,4.018531401020221,2.051860127136357e-11
whfast_hj,4.022648748767174,1.5962824317170736e-11
whfast_hj,4.026766096514127,3.679968445948629e-11
whfast_hj,4.03088344426108,1.1654103880502397e-11
whfast_hj,4.035000792008033,1.2416986238654052e-11
whfast_hj,4.039118139754986,5.602686282610185e-12
whfast_hj,4.0432354875019385,6.571938099184917e-12
whfast_hj,4.0473528352488914,1.0590958850616692e-11
whfast_hj,4.051470182995844,1.161361243226204e-11
whfast_hj,4.055587530742797,2.799934743105428e-11
whfast_hj,4.05970487848975,2.1179374760039544e-11
whfast_hj,4.063822226236703,2.0436053487994342e-11
whfast_hj,4.067939573983656,1.371232136062335e-11
whfast_hj,4.072056921730609,1.2198097685122846e-11
whfast_hj,4.076174269477562,1.4669640914673146e-11
whfast_hj,4.080291617224515,1.4971272862434648e-11
whfast_hj,4.084408964971468,1.7546881070071277e-11
whfast_hj,4.088526312718421,7.874119601291474e-12
whfast_hj,4.092643660465374,1.4705828923970085e-11
whfast_hj,4.096761008212327,4.618176818872421e-12
whfast_hj,4.10087835595928,8.717202412479586e-12
whfast_hj,4.104995703706233,8.846892413365368e-12
whfast_hj,4.1091130514531855,1.733268717720562e-11
whfast_hj,4.113230399200138,1.0455009302176845e-11
whfast_hj,4.117347746947091,1.7597544283086987e-11
whfast_hj,4.121465094694044,2.2806661513235347e-11
whfast_hj,4.125582442440997,1.5187227253049885e-11
whfast_hj,4.12969979018795,1.1630434966313588e-11
whfast_hj,4.133817137934903,4.417871297142345e-12
whfast_hj,4.137934485681856,1.814408102890128e-11
whfast_hj,4.142051833428809,2.623337257736373e-12
whfast_hj,4.146169181175762,9.922360927498139e-12
whfast_hj,4.150286528922715,1.3229162533793968e-11
whfast_hj,4.154403876669668,7.415803353817288e-12
whfast_hj,4.158521224416621,9.940943959299268e-12
whfast_hj,4.162638572163574,9.930772194523912e-12
whfast_hj,4.166755919910527,2.5353319313434423e-11
whfast_hj,4.17087326765748,8.812269290956946e-12
whfast_hj,4.1749906154044325,1.3950575389399946e-11
whfast_hj,4.179107963151385,1.6538115859561508e-11
whfast_hj,4.183225310898338,1.3675155297021091e-11
whfast_hj,4.187342658645291,1.2109094743338487e-11
whfast_hj,4.191460006392244,4.0716400730581316e-12
whfast_hj,4.195577354139197,2.2032238114280882e-11
whfast_hj,4.19969470188615,6.685979231185537e-13
whfast_hj,4.203812049633103,1.0900610843681837e-11
whfast_hj,4.207929397380056,1.3879373035972458e-11
whfast_hj,4.212046745127009,1.421347638667067e-11
whfast_hj,4.216164092873962,1.1493702974429484e-11
whfast_hj,4.220281440620915,1.8580293249075172e-11
whfast_hj,4.224398788367868,2.743051104707864e-11
whfast_hj,4.228516136114821,1.066392170179376e-11
whfast_hj,4.232633483861774,1.0934060300923873e-11
whfast_hj,4.236750831608727,8.887775083327854e-12
whfast_hj,4.2408681793556795,1.4013170864940593e-11
whfast_hj,4.244985527102632,9.578281422885634e-12
whfast_hj,4.249102874849585,2.2740349431334473e-11
whfast_hj,4.253220222596538,2.2630024905694077e-11
whfast_hj,4.257337570343491,6.3726106317601645e-12
whfast_hj,4.261454918090444,1.1935392298713187e-11
whfast_hj,4.265572265837397,1.4817522725637928e-11
whfast_hj,4.26968961358435,2.0139507422620518e-11
whfast_hj,4.273806961331303,1.4312259871508256e-11
whfast_hj,4.277924309078256,3.598672572090212e-11
whfast_hj,4.282041656825209,2.0888892631358723e-11
whfast_hj,4.286159004572162,1.0611693601889532e-11
whfast_hj,4.290276352319115,9.428247892449143e-12
whfast_hj,4.294393700066068,6.332706016103001e-12
whfast_hj,4.298511047813021,1.3876830094778618e-11
whfast_hj,4.302628395559974,8.673189968740068e-12
whfast_hj,4.3067457433069265,3.662950301036016e-11
whfast_hj,4.310863091053879,2.3440831924806543e-11
whfast_hj,4.314980438800832,1.4408304804290939e-11
whfast_hj,4.319097786547785,1.2874324431822916e-11
whfast_hj,4.323215134294738,1.4360771365052258e-11
whfast_hj,4.327332482041691,1.961292298463481e-11
whfast_hj,4.331449829788644,1.6797300250472007e-11
whfast_hj,4.335567177535597,3.051842409984326e-11
whfast_hj,4.33968452528255,1.1641584785394267e-11
whfast_hj,4.343801873029503,1.3132921990150222e-11
whfast_hj,4.347919220776456,6.985655070336393e-12
whfast_hj,4.352036568523409,8.205484399934783e-12
whfast_hj,4.356153916270362,9.887933415950781e-12
whfast_hj,4.360271264017315,1.3299778054638263e-11
whfast_hj,4.364388611764268,1.9851177013411405e-11
whfast_hj,4.368505959511221,2.235656092192587e-11
whfast_hj,4.3726233072581735,2.2417004677994806e-11
whfast_hj,4.376740655005126,1.5284837072721084e-11
whfast_hj,4.380858002752079,1.3189649139858935e-11
whfast_hj,4.384975350499032,1.1868688995090183e-11
whfast_hj,4.389092698245985,1.6502123461125638e-11
whfast_hj,4.393210045992938,1.1579380531575747e-11
whfast_hj,4.397327393739891,8.448628700237991e-12
whfast_hj,4.401444741486844,1.5521134992887033e-11
whfast_hj,4.405562089233797,5.594275015584411e-12
whfast_hj,4.40967943698075,9.782107940114873e-12
whfast_hj,4.413796784727703,8.425742229493441e-12
whfast_hj,4.417914132474656,2.237436151028274e-11
whfast_hj,4.422031480221609,8.809139517179914e-12
whfast_hj,4.426148827968562,1.8261447545539995e-11
whfast_hj,4.430266175715515,2.3125507216770524e-11
whfast_hj,4.434383523462468,1.6066498073534935e-11
whfast_hj,4.4385008712094205,1.1960626099790511e-11
whfast_hj,4.442618218956373,3.9298221987863495e-12
whfast_hj,4.446735566703326,1.9714249410666235e-11
whfast_hj,4.450852914450279,2.1094675257198605e-12
whfast_hj,4.454970262197232,1.0384002559610423e-11
whfast_hj,4.459087609944185,1.4983791957542778e-11
whfast_hj,4.463204957691138,8.615875986448162e-12
whfast_hj,4.467322305438091,1.1215935551717856e-11
whfast_hj,4.471439653185044,1.2606337552164515e-11
whfast_hj,4.475557000931997,2.843732014897776e-11
whfast_hj,4.47967434867895,9.267064542931972e-12
whfast_hj,4.483791696425903,1.4222865708001768e-11
whfast_hj,4.487909044172856,1.7392544100691364e-11
whfast_hj,4.492026391919809,1.3614320319230023e-11
whfast_hj,4.496143739666762,1.2648589498154453e-11
whfast_hj,4.5002610874137146,9.568892101554538e-12
whfast_hj,4.5043784351606675,2.3009901197881388e-11
whfast_hj,4.50849578290762,2.2379838614392547e-12
whfast_hj,4.512613130654573,1.208288288795584e-11
whfast_hj,4.516730478401526,1.539398793319509e-11
whfast_hj,4.520847826148479,1.505264698063749e-11
whfast_hj,4.524965173895432,1.2660326149818325e-11
whfast_hj,4.529082521642385,2.731138403269034e-11
whfast_hj,4.533199869389338,2.6294403166015865e-11
whfast_hj,4.537317217136291,1.2354390763113404e-11
whfast_hj,4.541434564883244,1.17086793107394e-11
whfast_hj,4.545551912630197,9.841964863600617e-12
whfast_hj,4.54966926037715,1.3533728644471438e-11
whfast_hj,4.553786608124103,1.1032843785761459e-11
whfast_hj,4.557903955871056,3.2271097414981426e-11
whfast_hj,4.562021303618009,2.2000157933066302e-11
whfast_hj,4.5661386513649616,8.481686935757896e-12
whfast_hj,4.5702559991119145,1.271803135383236e-11
whfast_hj,4.574373346858867,1.5660801147687106e-11
whfast_hj,4.57849069460582,2.143718987492259e-11
whfast_hj,4.582608042352773,1.6555525226196252e-11
whfast_hj,4.586725390099726,3.8991308546853256e-11
whfast_hj,4.590842737846679,1.8846128409261866e-11
whfast_hj,4.594960085593632,1.2737201218216683e-11
whfast_hj,4.599077433340585,1.0214407943067476e-11
whfast_hj,4.603194781087538,6.9840901834478765e-12
whfast_hj,4.607312128834491,1.4115279734416277e-11
whfast_hj,4.611429476581444,1.0181349707547572e-11
whfast_hj,4.615546824328397,3.108354387745868e-11
whfast_hj,4.61966417207535,2.311103201305175e-11
whfast_hj,4.623781519822303,1.8182811979392055e-11
whfast_hj,4.627898867569256,1.3892674574524845e-11
whfast_hj,4.6320162153162086,1.5243954402758598e-11
whfast_hj,4.6361335630631615,1.8688466055243857e-11
whfast_hj,4.640250910810114,1.802964867517853e-11
whfast_hj,4.644368258557067,1.996971719521651e-11
whfast_hj,4.64848560630402,1.1485682929125838e-11
whfast_hj,4.652602954050973,1.5209135669489114e-11
whfast_hj,4.656720301797926,7.079548283647365e-12
whfast_hj,4.660837649544879,9.068128297229348e-12
whfast_hj,4.664954997291832,1.1046340935174911e-11
whfast_hj,4.669072345038785,1.5496488024392904e-11
whfast_hj,4.673189692785738,1.2458846962921862e-11
whfast_hj,4.677307040532691,2.3562110658666548e-11
whfast_hj,4.681424388279644,2.4739883653136067e-11
whfast_hj,4.685541736026597,1.5410223634663448e-11
whfast_hj,4.68965908377355,1.3855704121783649e-11
whfast_hj,4.693776431520503,1.0882223422741773e-11
whfast_hj,4.6978937792674555,1.6302013550256625e-11
whfast_hj,4.7020111270144085,7.295893895984733e-12
whfast_hj,4.706128474761361,9.770175677589936e-12
whfast_hj,4.710245822508314,1.710675663267609e-11
whfast_hj,4.714363170255267,6.231966422654769e-12
whfast_hj,4.71848051800222,1.2168756055963167e-11
whfast_hj,4.722597865749173,1.118542025739179e-11
whfast_hj,4.726715213496126,2.429760749626917e-11
whfast_hj,4.730832561243079,8.080097837992421e-12
whfast_hj,4.734949908990032,2.074629231364268e-11
whfast_hj,4.739067256736985,2.2814290336816864e-11
whfast_hj,4.743184604483938,1.7082696496765152e-11
whfast_hj,4.747301952230891,1.2945526785250404e-11
whfast_hj,4.751419299977844,8.789382820212398e-12
whfast_hj,4.755536647724797,1.8578728362186658e-11
whfast_hj,4.75965399547175,3.902436678237316e-12
whfast_hj,4.7637713432187025,1.1989380896366995e-11
whfast_hj,4.7678886909656555,1.5587251463926842e-11
whfast_hj,4.772006038712608,1.0476330886032878e-11
whfast_hj,4.776123386459561,1.2941810178890179e-11
whfast_hj,4.780240734206514,2.3807211067580403e-11
whfast_hj,4.784358081953467,2.949009780322704e-11
whfast_hj,4.78847542970042,1.1945955285210671e-11
whfast_hj,4.792592777447373,1.68469854091824e-11
whfast_hj,4.796710125194326,1.5864432054055277e-11
whfast_hj,4.800827472941279,1.4577508199111756e-11
whfast_hj,4.804944820688232,1.3385455611784526e-11
whfast_hj,4.809062168435185,2.6523072262600297e-11
whfast_hj,4.813179516182138,2.2192639020353795e-11
whfast_hj,4.817296863929091,5.1420227048032244e-12
whfast_hj,4.821414211676044,1.3282955520586714e-11
whfast_hj,4.825531559422997,1.6026789068738835e-11
whfast_hj,4.8296489071699495,1.9658109093540718e-11
whfast_hj,4.8337662549169025,1.4292111952818609e-11
whfast_hj,4.837883602663855,4.13887152600601e-11
whfast_hj,4.842000950410808,2.5644975107281633e-11
whfast_hj,4.846118298157761,1.4675118018782952e-11
whfast_hj,4.850235645904714,1.2986996287796084e-11
whfast_hj,4.854352993651667,1.0070242738462921e-11
whfast_hj,4.85847034139862,1.3642488283223314e-11
whfast_hj,4.862587689145573,1.1376923290373962e-11
whfast_hj,4.866705036892526,3.1978072345106764e-11
whfast_hj,4.870822384639479,2.1934628294609682e-11
whfast_hj,4.874939732386432,1.2141174924553069e-11
whfast_hj,4.879057080133385,1.4127603218663342e-11
whfast_hj,4.883174427880338,1.6964351925821115e-11
whfast_hj,4.887291775627291,2.1689332274834766e-11
whfast_hj,4.891409123374244,1.6968264143042405e-11
whfast_hj,4.8955264711211965,2.3485822422851385e-11
whfast_hj,4.8996438188681495,1.8503026958954684e-11
whfast_hj,4.903761166615102,1.4131711046745697e-11
whfast_hj,4.907878514362055,1.1213979443107211e-11
whfast_hj,4.911995862109008,8.73676349858604e-12
whfast_hj,4.916113209855961,1.3450202806796885e-11
whfast_hj,4.920230557602914,1.1907811167303089e-11
whfast_hj,4.924347905349867,1.4076353173064437e-11
whfast_hj,4.92846525309682,2.303454816637552e-11
whfast_hj,4.932582600843773,2.2417200288855872e-11
whfast_hj,4.936699948590726,1.441006530204052e-11
whfast_hj,4.940817296337679,1.6565501380110544e-11
whfast_hj,4.944934644084632,1.4177288377373731e-11
whfast_hj,4.949051991831585,1.9416529680126025e-11
whfast_hj,4.953169339578538,7.820522225359795e-12
whfast_hj,4.957286687325491,1.183484831612602e-11
whfast_hj,4.9614040350724435,1.6035982779208868e-11
whfast_hj,4.9655213828193965,8.164210508250168e-12
whfast_hj,4.969638730566349,1.1307481434696055e-11
whfast_hj,4.973756078313302,1.201891813638774e-11
whfast_hj,4.977873426060255,1.911255040203175e-11
whfast_hj,4.981990773807208,7.652492495705366e-12
whfast_hj,4.986108121554161,2.3580693690467678e-11
whfast_hj,4.990225469301114,2.7032442944812326e-11
whfast_hj,4.994342817048067,1.6204794952307556e-11
whfast_hj,4.99846016479502,1.456264177367085e-11
whfast_hj,5.000155543279059,1.7475091884060596e-11
ias15,0.0,2.220446049250313e-16
ias15,0.004117347746948149,2.1517194717097983e-15
ias15,0.008234695493896308,5.281493248742232e-15
ias15,0.012352043240844468,2.5429411938388524e-15
ias15,0.016469390987792615,1.1736651663871627e-15
ias15,0.020586738734740716,5.868325831935813e-16
ias15,0.024704086481688817,2.1517194717097983e-15
ias15,0.02882143422863692,9.780543053226356e-16
ias15,0.032938781975585064,5.868325831935813e-16
ias15,0.03705612972253328,2.3473303327743254e-15
ias15,0.0411734774694815,3.325384638096961e-15
ias15,0.04529082521642972,7.824434442581085e-16
ias15,0.04940817296337794,2.934162915967907e-15
ias15,0.05352552071032616,3.325384638096961e-15
ias15,0.05764286845727438,3.325384638096961e-15
ias15,0.0617602162042226,2.5429411938388524e-15
ias15,0.06587756395117081,2.3473303327743254e-15
ias15,0.06999491169811903,4.107828082355069e-15
ias15,0.07411225944506725,3.129773777032434e-15
ias15,0.07822960719201547,5.868325831935813e-16
ias15,0.08234695493896368,4.107828082355069e-15
ias15,0.0864643026859119,5.281493248742232e-15
ias15,0.09058165043286012,3.716606360226015e-15
ias15,0.09469899817980834,3.325384638096961e-15
ias15,0.09881634592675656,2.5429411938388524e-15
ias15,0.10293369367370478,4.890271526613178e-15
ias15,0.107051041420653,3.520995499161488e-15
ias15,0.11116838916760122,3.325384638096961e-15
ias15,0.11528573691454944,1.3692760274516897e-15
ias15,0.11940308466149765,2.220446049250313e-16
ias15,0.12352043240844587,1.1736651663871627e-15
ias15,0.1276377801553941,2.5429411938388524e-15
ias15,0.1317551279023423,2.7385520549033795e-15
ias15,0.13587247564929053,7.824434442581085e-16
ias15,0.13998982339623875,4.303438943419597e-15
ias15,0.14410717114318697,3.325384638096961e-15
ias15,0.1482245188901352,3.716606360226015e-15
ias15,0.1523418666370834,4.890271526613178e-15
ias15,0.15645921438403163,2.220446049250313e-16
ias15,0.16057656213097984,3.129773777032434e-15
ias15,0.16469390987792806,3.520995499161488e-15
ias15,0.16881125762487628,3.520995499161488e-15
ias15,0.1729286053718245,4.499049804484124e-15
ias15,0.17704595311877272,4.499049804484124e-15
ias15,0.18116330086572094,4.499049804484124e-15
ias15,0.18528064861266916,2.934162915967907e-15
ias15,0.18939799635961738,3.325384638096961e-15
ias15,0.1935153441065656,1.564886888516217e-15
ias15,0.19763269185351381,3.129773777032434e-15
ias15,0.20175003960046203,2.1517194717097983e-15
ias15,0.20586738734741025,1.9561086106452713e-15
ias15,0.20998473509435847,4.499049804484124e-15
ias15,0.2141020828413067,1.564886888516217e-15
ias15,0.2182194305882549,1.564886888516217e-15
ias15,0.22233677833520313,1.564886888516217e-15
ias15,0.22645412608215135,2.3473303327743254e-15
ias15,0.23057147382909957,3.520995499161488e-15
ias15,0.23468882157604778,4.890271526613178e-15
ias15,0.238806169322996,3.9122172212905425e-15
ias15,0.24292351706994422,3.129773777032434e-15
ias15,0.24704086481689244,2.934162915967907e-15
ias15,0.2511582125638404,2.934162915967907e-15
ias15,0.2552755603107877,2.1517194717097983e-15
ias15,0.25939290805773496,4.107828082355069e-15
ias15,0.26351025580468224,1.564886888516217e-15
ias15,0.2676276035516295,2.1517194717097983e-15
ias15,0.2717449512985768,1.1736651663871627e-15
ias15,0.27586229904552406,3.9122172212905425e-15
ias15,0.27997964679247134,2.7385520549033795e-15
ias15,0.2840969945394186,2.7385520549033795e-15
ias15,0.2882143422863659,2.3473303327743254e-15
ias15,0.29233169003331316,5.281493248742232e-15
ias15,0.29644903778026044,3.325384638096961e-15
ias15,0.3005663855272077,1.760497749580744e-15
ias15,0.304683733274155,4.890271526613178e-15
ias15,0.30880108102110226,1.1736651663871627e-15
ias15,0.31291842876804954,2.3473303327743254e-15
ias15,0.3170357765149968,4.107828082355069e-15
ias15,0.3211531242619441,4.107828082355069e-15
ias15,0.32527047200889136,1.1736651663871627e-15
ias15,0.32938781975583864,2.934162915967907e-15
ias15,0.3335051675027859,7.824434442581085e-16
ias15,0.3376225152497332,4.107828082355069e-15
ias15,0.34173986299668047,3.129773777032434e-15
ias15,0.34585721074362774,2.220446049250313e-16
ias15,0.349974558490575,3.9122172212905425e-15
ias15,0.3540919062375223,3.520995499161488e-15
ias15,0.35820925398446957,2.3473303327743254e-15
ias15,0.36232660173141684,1.760497749580744e-15
ias15,0.3664439494783641,4.890271526613178e-15
ias15,0.3705612972253114,4.107828082355069e-15
ias15,0.37467864497225867,7.041990998322976e-15
ias15,0.37879599271920594,3.9122172212905424e-16
ias15,0.3829133404661532,3.9122172212905425e-15
ias15,0.3870306882131005,2.7385520549033795e-15
ias15,0.39114803596004777,9.780543053226356e-16
ias15,0.39526538370699504,3.520995499161488e-15
ias15,0.3993827314539423,2.5429411938388524e-15
ias15,0.4035000792008896,4.890271526613178e-15
ias15,0.40761742694783687,2.7385520549033795e-15
ias15,0.41173477469478414,3.520995499161488e-15
ias15,0.4158521224417314,1.3692760274516897e-15
ias15,0.4199694701886787,2.3473303327743254e-15
ias15,0.42408681793562597,2.5429411938388524e-15
ias15,0.42820416568257325,3.9122172212905424e-16
ias15,0.4323215134295205,1.760497749580744e-15
ias15,0.4364388611764678,5.477104109806759e-15
ias15,0.44055620892341507,3.716606360226015e-15
ias15,0.44467355667036235,9.780543053226356e-16
ias15,0.4487909044173096,2.7385520549033795e-15
ias15,0.4529082521642569,1.564886888516217e-15
ias15,0.4570255999112042,3.325384638096961e-15
ias15,0.46114294765815145,2.934162915967907e-15
ias15,0.4652602954050987,2.220446049250313e-16
ias15,0.469377643152046,2.3473303327743254e-15
ias15,0.4734949908989933,2.220446049250313e-16
ias15,0.47761233864594055,1.564886888516217e-15
ias15,0.4817296863928878,2.220446049250313e-16
ias15,0.4858470341398351,1.760497749580744e-15
ias15,0.4899643818867824,5.868325831935813e-16
ias15,0.49408172963372965,3.9122172212905424e-16
ias15,0.4981990773806769,2.3473303327743254e-15
ias15,0.5023164251276253,1.564886888516217e-15
ias15,0.5064337728745745,1.9561086106452713e-15
ias15,0.5105511206215236,2.7385520549033795e-15
ias15,0.5146684683684728,5.868325831935813e-16
ias15,0.518785816115422,2.3473303327743254e-15
ias15,0.5229031638623711,1.9561086106452713e-15
ias15,0.5270205116093203,5.868325831935813e-16
ias15,0.5311378593562694,3.9122172212905424e-16
ias15,0.5352552071032186,3.716606360226015e-15
ias15,0.5393725548501678,1.3692760274516897e-15
ias15,0.5434899025971169,3.129773777032434e-15
ias15,0.5476072503440661,2.220446049250313e-16
ias15,0.5517245980910153,2.934162915967907e-15
ias15,0.5558419458379644,1.9561086106452713e-15
ias15,0.5599592935849136,1.9561086106452713e-15
ias15,0.5640766413318627,2.3473303327743254e-15
ias15,0.5681939890788119,1.760497749580744e-15
ias15,0.5723113368257611,1.9561086106452713e-15
ias15,0.5764286845727102,9.780543053226356e-16
ias15,0.5805460323196594,1.3692760274516897e-15
ias15,0.5846633800666086,9.780543053226356e-16
ias15,0.5887807278135577,2.220446049250313e-16
ias15,0.5928980755605069,5.868325831935813e-16
ias15,0.597015423307456,2.5429411938388524e-15
ias15,0.6011327710544052,1.1736651663871627e-15
ias15,0.6052501188013544,3.325384638096961e-15
ias15,0.6093674665483035,2.1517194717097983e-15
ias15,0.6134848142952527,2.1517194717097983e-15
ias15,0.6176021620422019,1.9561086106452713e-15
ias15,0.621719509789151,9.780543053226356e-16
ias15,0.6258368575361002,1.9561086106452713e-15
ias15,0.6299542052830494,3.325384638096961e-15
ias15,0.6340715530299985,1.3692760274516897e-15
ias15,0.6381889007769477,3.716606360226015e-15
ias15,0.6423062485238968,1.3692760274516897e-15
ias15,0.646423596270846,2.3473303327743254e-15
ias15,0.6505409440177952,2.7385520549033795e-15
ias15,0.6546582917647443,2.934162915967907e-15
ias15,0.6587756395116935,1.9561086106452713e-15
ias15,0.6628929872586427,3.520995499161488e-15
ias15,0.6670103350055918,2.7385520549033795e-15
ias15,0.671127682752541,2.7385520549033795e-15
ias15,0.6752450304994901,1.9561086106452713e-15
ias15,0.6793623782464393,1.760497749580744e-15
ias15,0.6834797259933885,2.5429411938388524e-15
ias15,0.6875970737403376,3.325384638096961e-15
ias15,0.6917144214872868,2.5429411938388524e-15
ias15,0.695831769234236,2.934162915967907e-15
ias15,0.6999491169811851,1.760497749580744e-15
ias15,0.7040664647281343,2.3473303327743254e-15
ias15,0.7081838124750834,2.934162915967907e-15
ias15,0.7123011602220326,2.7385520549033795e-15
ias15,0.7164185079689818,2.1517194717097983e-15
ias15,0.7205358557159309,3.9122172212905424e-16
ias15,0.7246532034628801,7.824434442581085e-16
ias15,0.7287705512098293,4.499049804484124e-15
ias15,0.7328878989567784,2.7385520549033795e-15
ias15,0.7370052467037276,2.5429411938388524e-15
ias15,0.7411225944506767,2.220446049250313e-16
ias15,0.7452399421976259,1.760497749580744e-15
ias15,0.7493572899445751,2.3473303327743254e-15
ias15,0.7534746376915242,1.9561086106452713e-15
ias15,0.7575919854384734,3.9122172212905425e-15
ias15,0.7617093331854226,4.890271526613178e-15
ias15,0.7658266809323717,1.1736651663871627e-15
ias15,0.7699440286793209,3.129773777032434e-15
ias15,0.77406137642627,2.934162915967907e-15
ias15,0.7781787241732192,3.520995499161488e-15
ias15,0.7822960719201684,3.9122172212905424e-16
ias15,0.7864134196671175,2.7385520549033795e-15
ias15,0.7905307674140667,2.5429411938388524e-15
ias15,0.7946481151610159,9.780543053226356e-16
ias15,0.798765462907965,3.9122172212905424e-16
ias15,0.8028828106549142,3.325384638096961e-15
ias15,0.8070001584018633,1.564886888516217e-15
ias15,0.8111175061488125,3.325384638096961e-15
ias15,0.8152348538957617,2.220446049250313e-16
ias15,0.8193522016427108,1.9561086106452713e-15
ias15,0.82346954938966,7.824434442581085e-16
ias15,0.8275868971366092,3.129773777032434e-15
ias15,0.8317042448835583,3.325384638096961e-15
ias15,0.8358215926305075,5.868325831935813e-16
ias15,0.8399389403774566,3.520995499161488e-15
ias15,0.8440562881244058,9.780543053226356e-16
ias15,0.848173635871355,4.499049804484124e-15
ias15,0.8522909836183041,3.325384638096961e-15
ias15,0.8564083313652533,9.780543053226356e-16
ias15,0.8605256791122025,2.7385520549033795e-15
ias15,0.8646430268591516,4.694660665548651e-15
ias15,0.8687603746061008,4.694660665548651e-15
ias15,0.87287772235305,1.3692760274516897e-15
ias15,0.8769950700999991,1.9561086106452713e-15
ias15,0.8811124178469483,7.824434442581085e-16
ias15,0.8852297655938974,2.934162915967907e-15
ias15,0.8893471133408466,1.9561086106452713e-15
ias15,0.8934644610877958,3.9122172212905424e-16
ias15,0.8975818088347449,1.564886888516217e-15
ias15,0.9016991565816941,1.9561086106452713e-15
ias15,0.9058165043286432,1.9561086106452713e-15
ias15,0.9099338520755924,3.325384638096961e-15
ias15,0.9140511998225416,9.780543053226356e-16
ias15,0.9181685475694907,3.9122172212905425e-15
ias15,0.9222858953164399,3.325384638096961e-15
ias15,0.9264032430633891,5.281493248742232e-15
ias15,0.9305205908103382,3.129773777032434e-15
ias15,0.9346379385572874,5.868325831935813e-16
ias15,0.9387552863042365,3.9122172212905424e-16
ias15,0.9428726340511857,1.564886888516217e-15
ias15,0.9469899817981349,2.934162915967907e-15
ias15,0.951107329545084,2.1517194717097983e-15
ias15,0.9552246772920332,7.824434442581085e-16
ias15,0.9593420250389824,2.1517194717097983e-15
ias15,0.9634593727859315,5.868325831935813e-16
ias15,0.9675767205328807,1.9561086106452713e-15
ias15,0.9716940682798298,2.5429411938388524e-15
ias15,0.975811416026779,7.824434442581085e-16
ias15,0.9799287637737282,3.716606360226015e-15
ias15,0.9840461115206773,1.1736651663871627e-15
ias15,0.9881634592676265,3.129773777032434e-15
ias15,0.9922808070145757,2.7385520549033795e-15
ias15,0.9963981547615248,2.220446049250313e-16
ias15,1.0005155025084735,2.934162915967907e-15
ias15,1.004632850255419,4.499049804484124e-15
ias15,1.0087501980023643,2.220446049250313e-16
ias15,1.0128675457493097,1.1736651663871627e-15
ias15,1.016984893496255,3.129773777032434e-15
ias15,1.0211022412432005,3.129773777032434e-15
ias15,1.0252195889901459,2.220446049250313e-16
ias15,1.0293369367370913,3.325384638096961e-15
ias15,1.0334542844840366,2.1517194717097983e-15
ias15,1.037571632230982,3.9122172212905424e-16
ias15,1.0416889799779274,2.220446049250313e-16
ias15,1.0458063277248728,3.716606360226015e-15
ias15,1.0499236754718182,1.3692760274516897e-15
ias15,1.0540410232187636,1.760497749580744e-15
ias15,1.058158370965709,2.5429411938388524e-15
ias15,1.0622757187126544,2.220446049250313e-16
ias15,1.0663930664595997,1.564886888516217e-15
ias15,1.0705104142065451,2.5429411938388524e-15
ias15,1.0746277619534905,7.824434442581085e-16
ias15,1.078745109700436,1.9561086106452713e-15
ias15,1.0828624574473813,2.7385520549033795e-15
ias15,1.0869798051943267,1.564886888516217e-15
ias15,1.091097152941272,1.760497749580744e-15
ias15,1.0952145006882175,5.868325831935813e-16
ias15,1.0993318484351629,7.824434442581085e-16
ias15,1.1034491961821082,1.564886888516217e-15
ias15,1.1075665439290536,1.3692760274516897e-15
ias15,1.111683891675999,2.934162915967907e-15
ias15,1.1158012394229444,3.9122172212905424e-16
ias15,1.1199185871698898,7.824434442581085e-16
ias15,1.1240359349168352,9.780543053226356e-16
ias15,1.1281532826637806,3.325384638096961e-15
ias15,1.132270630410726,1.760497749580744e-15
ias15,1.1363879781576713,4.107828082355069e-15
ias15,1.1405053259046167,1.1736651663871627e-15
ias15,1.1446226736515621,7.824434442581085e-16
ias15,1.1487400213985075,1.3692760274516897e-15
ias15,1.152857369145453,2.7385520549033795e-15
ias15,1.1569747168923983,5.868325831935813e-16
ias15,1.1610920646393437,4.694660665548651e-15
ias15,1.165209412386289,2.3473303327743254e-15
ias15,1.1693267601332344,5.868325831935813e-16
ias15,1.1734441078801798,2.5429411938388524e-15
ias15,1.1775614556271252,2.7385520549033795e-15
ias15,1.1816788033740706,3.325384638096961e-15
ias15,1.185796151121016,2.1517194717097983e-15
ias15,1.1899134988679614,3.9122172212905424e-16
ias15,1.1940308466149068,3.325384638096961e-15
ias15,1.1981481943618522,2.3473303327743254e-15
ias15,1.2022655421087975,2.1517194717097983e-15
ias15,1.206382889855743,2.220446049250313e-16
ias15,1.2105002376026883,2.1517194717097983e-15
ias15,1.2146175853496337,4.107828082355069e-15
ias15,1.218734933096579,1.1736651663871627e-15
ias15,1.2228522808435245,3.520995499161488e-15
ias15,1.2269696285904699,2.220446049250313e-16
ias15,1.2310869763374153,2.934162915967907e-15
ias15,1.2352043240843606,1.760497749580744e-15
ias15,1.239321671831306,1.760497749580744e-15
ias15,1.2434390195782514,3.129773777032434e-15
ias15,1.2475563673251968,3.9122172212905425e-15
ias15,1.2516737150721422,1.9561086106452713e-15
ias15,1.2557910628190876,2.5429411938388524e-15
ias15,1.259908410566033,3.129773777032434e-15
ias15,1.2640257583129784,3.9122172212905425e-15
ias15,1.2681431060599238,2.5429411938388524e-15
ias15,1.2722604538068691,2.1517194717097983e-15
ias15,1.2763778015538145,4.107828082355069e-15
ias15,1.28049514930076,1.9561086106452713e-15
ias15,1.2846124970477053,2.934162915967907e-15
ias15,1.2887298447946507,1.3692760274516897e-15
ias15,1.292847192541596,3.9122172212905424e-16
ias15,1.2969645402885415,9.780543053226356e-16
ias15,1.3010818880354869,1.1736651663871627e-15
ias15,1.3051992357824322,2.5429411938388524e-15
ias15,1.3093165835293776,7.824434442581085e-16
ias15,1.313433931276323,2.220446049250313e-16
ias15,1.3175512790232684,2.1517194717097983e-15
ias15,1.3216686267702138,2.934162915967907e-15
ias15,1.3257859745171592,2.3473303327743254e-15
ias15,1.3299033222641046,2.1517194717097983e-15
ias15,1.33402067001105,3.520995499161488e-15
ias15,1.3381380177579953,1.3692760274516897e-15
ias15,1.3422553655049407,1.564886888516217e-15
ias15,1.3463727132518861,3.716606360226015e-15
ias15,1.3504900609988315,2.220446049250313e-16
ias15,1.354607408745777,2.3473303327743254e-15
ias15,1.3587247564927223,7.824434442581085e-16
ias15,1.3628421042396677,2.220446049250313e-16
ias15,1.366959451986613,3.9122172212905424e-16
ias15,1.3710767997335584,5.868325831935813e-16
ias15,1.3751941474805038,4.694660665548651e-15
ias15,1.3793114952274492,9.780543053226356e-16
ias15,1.3834288429743946,2.934162915967907e-15
ias15,1.38754619072134,9.780543053226356e-16
ias15,1.3916635384682854,2.934162915967907e-15
ias15,1.3957808862152308,2.3473303327743254e-15
ias15,1.3998982339621762,3.129773777032434e-15
ias15,1.4040155817091216,3.520995499161488e-15
ias15,1.408132929456067,2.1517194717097983e-15
ias15,1.4122502772030123,5.868325831935814e-15
ias15,1.4163676249499577,2.1517194717097983e-15
ias15,1.420484972696903,3.520995499161488e-15
ias15,1.4246023204438485,3.325384638096961e-15
ias15,1.4287196681907939,3.325384638096961e-15
ias15,1.4328370159377393,4.890271526613178e-15
ias15,1.4369543636846847,5.085882387677705e-15
ias15,1.44107171143163,1.760497749580744e-15
ias15,1.4451890591785754,2.7385520549033795e-15
ias15,1.4493064069255208,1.9561086106452713e-15
ias15,1.4534237546724662,1.1736651663871627e-15
ias15,1.4575411024194116,9.780543053226356e-16
ias15,1.461658450166357,3.716606360226015e-15
ias15,1.4657757979133024,3.716606360226015e-15
ias15,1.4698931456602478,3.716606360226015e-15
ias15,1.4740104934071931,4.499049804484124e-15
ias15,1.4781278411541385,2.7385520549033795e-15
ias15,1.482245188901084,5.477104109806759e-15
ias15,1.4863625366480293,2.1517194717097983e-15
ias15,1.4904798843949747,1.3692760274516897e-15
ias15,1.49459723214192,3.325384638096961e-15
ias15,1.4987145798888655,5.868325831935813e-16
ias15,1.5028319276358109,1.760497749580744e-15
ias15,1.5069492753827562,2.1517194717097983e-15
ias15,1.5110666231297016,2.1517194717097983e-15
ias15,1.515183970876647,1.564886888516217e-15
ias15,1.5193013186235924,2.220446049250313e-16
ias15,1.5234186663705378,2.7385520549033795e-15
ias15,1.5275360141174832,7.824434442581085e-16
ias15,1.5316533618644286,2.3473303327743254e-15
ias15,1.535770709611374,2.220446049250313e-16
ias15,1.5398880573583194,3.129773777032434e-15
ias15,1.5440054051052647,7.824434442581085e-16
ias15,1.5481227528522101,5.868325831935813e-16
ias15,1.5522401005991555,5.477104109806759e-15
ias15,1.556357448346101,3.9122172212905425e-15
ias15,1.5604747960930463,3.520995499161488e-15
ias15,1.5645921438399917,2.934162915967907e-15
ias15,1.568709491586937,3.520995499161488e-15
ias15,1.5728268393338825,1.1736651663871627e-15
ias15,1.5769441870808278,2.3473303327743254e-15
ias15,1.5810615348277732,2.1517194717097983e-15
ias15,1.5851788825747186,1.760497749580744e-15
ias15,1.589296230321664,1.760497749580744e-15
ias15,1.5934135780686094,1.9561086106452713e-15
ias15,1.5975309258155548,5.281493248742232e-15
ias15,1.6016482735625002,4.890271526613178e-15
ias15,1.6057656213094456,2.7385520549033795e-15
ias15,1.609882969056391,3.520995499161488e-15
ias15,1.6140003168033363,2.5429411938388524e-15
ias15,1.6181176645502817,3.325384638096961e-15
ias15,1.622235012297227,2.220446049250313e-16
ias15,1.6263523600441725,2.5429411938388524e-15
ias15,1.6304697077911179,9.780543053226356e-16
ias15,1.6345870555380633,1.760497749580744e-15
ias15,1.6387044032850087,3.716606360226015e-15
ias15,1.642821751031954,5.868325831935813e-16
ias15,1.6469390987788994,1.9561086106452713e-15
ias15,1.6510564465258448,3.325384638096961e-15
ias15,1.6551737942727902,2.5429411938388524e-15
ias15,1.6592911420197356,6.0639366930003404e-15
ias15,1.663408489766681,3.325384638096961e-15
ias15,1.6675258375136264,5.085882387677705e-15
ias15,1.6716431852605718,2.7385520549033795e-15
ias15,1.6757605330075172,3.716606360226015e-15
ias15,1.6798778807544625,1.9561086106452713e-15
ias15,1.683995228501408,2.7385520549033795e-15
ias15,1.6881125762483533,3.716606360226015e-15
ias15,1.6922299239952987,3.716606360226015e-15
ias15,1.696347271742244,1.9561086106452713e-15
ias15,1.7004646194891895,2.220446049250313e-16
ias15,1.7045819672361349,1.564886888516217e-15
ias15,1.7086993149830803,4.499049804484124e-15
ias15,1.7128166627300256,2.7385520549033795e-15
ias15,1.716934010476971,2.1517194717097983e-15
ias15,1.7210513582239164,2.3473303327743254e-15
ias15,1.7251687059708618,3.129773777032434e-15
ias15,1.7292860537178072,1.760497749580744e-15
ias15,1.7334034014647526,2.934162915967907e-15
ias15,1.737520749211698,6.0639366930003404e-15
ias15,1.7416380969586434,1.1736651663871627e-15
ias15,1.7457554447055887,1.9561086106452713e-15
ias15,1.7498727924525341,3.520995499161488e-15
ias15,1.7539901401994795,1.760497749580744e-15
ias15,1.758107487946425,1.564886888516217e-15
ias15,1.7622248356933703,2.5429411938388524e-15
ias15,1.7663421834403157,3.9122172212905424e-16
ias15,1.770459531187261,3.716606360226015e-15
ias15,1.7745768789342065,3.9122172212905425e-15
ias15,1.7786942266811518,1.9561086106452713e-15
ias15,1.7828115744280972,1.1736651663871627e-15
ias15,1.7869289221750426,1.1736651663871627e-15
ias15,1.791046269921988,1.3692760274516897e-15
ias15,1.7951636176689334,1.3692760274516897e-15
ias15,1.7992809654158788,1.1736651663871627e-15
ias15,1.8033983131628242,9.780543053226356e-16
ias15,1.8075156609097696,2.7385520549033795e-15
ias15,1.811633008656715,1.9561086106452713e-15
ias15,1.8157503564036603,3.9122172212905425e-15
ias15,1.8198677041506057,3.325384638096961e-15
ias15,1.8239850518975511,5.085882387677705e-15
ias15,1.8281023996444965,1.760497749580744e-15
ias15,1.8322197473914419,4.107828082355069e-15
ias15,1.8363370951383873,2.5429411938388524e-15
ias15,1.8404544428853327,2.3473303327743254e-15
ias15,1.844571790632278,1.9561086106452713e-15
ias15,1.8486891383792234,4.303438943419597e-15
ias15,1.8528064861261688,1.9561086106452713e-15
ias15,1.8569238338731142,1.760497749580744e-15
ias15,1.8610411816200596,5.085882387677705e-15
ias15,1.865158529367005,2.934162915967907e-15
ias15,1.8692758771139504,4.303438943419597e-15
ias15,1.8733932248608958,4.890271526613178e-15
ias15,1.8775105726078412,4.107828082355069e-15
ias15,1.8816279203547865,3.716606360226015e-15
ias15,1.885745268101732,5.085882387677705e-15
ias15,1.8898626158486773,3.129773777032434e-15
ias15,1.8939799635956227,1.564886888516217e-15
ias15,1.898097311342568,3.129773777032434e-15
ias15,1.9022146590895135,2.5429411938388524e-15
ias15,1.9063320068364589,4.890271526613178e-15
ias15,1.9104493545834043,6.4551584151293945e-15
ias15,1.9145667023303496,1.760497749580744e-15
ias15,1.918684050077295,2.220446049250313e-16
ias15,1.9228013978242404,2.5429411938388524e-15
ias15,1.9269187455711858,5.281493248742232e-15
ias15,1.9310360933181312,5.868325831935814e-15
ias15,1.9351534410650766,4.303438943419597e-15
ias15,1.939270788812022,3.716606360226015e-15
ias15,1.9433881365589674,3.325384638096961e-15
ias15,1.9475054843059127,1.3692760274516897e-15
ias15,1.9516228320528581,1.1736651663871627e-15
ias15,1.9557401797998035,3.325384638096961e-15
ias15,1.959857527546749,2.1517194717097983e-15
ias15,1.9639748752936943,3.129773777032434e-15
ias15,1.9680922230406397,4.107828082355069e-15
ias15,1.972209570787585,4.499049804484124e-15
ias15,1.9763269185345305,2.3473303327743254e-15
ias15,1.9804442662814759,3.520995499161488e-15
ias15,1.9845616140284212,1.564886888516217e-15
ias15,1.9886789617753666,1.1736651663871627e-15
ias15,1.992796309522312,4.107828082355069e-15
ias15,1.9969136572692574,4.303438943419597e-15
ias15,2.0010310050162046,2.7385520549033795e-15
ias15,2.0051483527631575,4.107828082355069e-15
ias15,2.0092657005101104,3.716606360226015e-15
ias15,2.0133830482570634,3.716606360226015e-15
ias15,2.0175003960040163,2.3473303327743254e-15
ias15,2.0216177437509693,2.3473303327743254e-15
ias15,2.025735091497922,2.7385520549033795e-15
ias15,2.029852439244875,1.3692760274516897e-15
ias15,2.033969786991828,1.760497749580744e-15
ias15,2.038087134738781,7.824434442581085e-16
ias15,2.042204482485734,2.934162915967907e-15
ias15,2.046321830232687,7.824434442581085e-16
ias15,2.05043917797964,3.129773777032434e-15
ias15,2.0545565257265928,4.694660665548651e-15
ias15,2.0586738734735457,2.934162915967907e-15
ias15,2.0627912212204986,2.220446049250313e-16
ias15,2.0669085689674516,3.9122172212905424e-16
ias15,2.0710259167144045,1.564886888516217e-15
ias15,2.0751432644613574,3.325384638096961e-15
ias15,2.0792606122083104,1.9561086106452713e-15
ias15,2.0833779599552633,5.281493248742232e-15
ias15,2.0874953077022163,3.325384638096961e-15
ias15,2.091612655449169,2.7385520549033795e-15
ias15,2.095730003196122,1.1736651663871627e-15
ias15,2.099847350943075,2.1517194717097983e-15
ias15,2.103964698690028,3.716606360226015e-15
ias15,2.108082046436981,1.1736651663871627e-15
ias15,2.112199394183934,3.716606360226015e-15
ias15,2.116316741930887,2.220446049250313e-16
ias15,2.1204340896778398,1.9561086106452713e-15
ias15,2.1245514374247927,2.7385520549033795e-15
ias15,2.1286687851717456,3.9122172212905425e-15
ias15,2.1327861329186986,2.220446049250313e-16
ias15,2.1369034806656515,5.868325831935813e-16
ias15,2.1410208284126044,5.672714970871286e-15
ias15,2.1451381761595574,1.564886888516217e-15
ias15,2.1492555239065103,1.564886888516217e-15
ias15,2.1533728716534632,1.9561086106452713e-15
ias15,2.157490219400416,2.7385520549033795e-15
ias15,2.161607567147369,2.5429411938388524e-15
ias15,2.165724914894322,1.3692760274516897e-15
ias15,2.169842262641275,1.564886888516217e-15
ias15,2.173959610388228,2.220446049250313e-16
ias15,2.178076958135181,2.5429411938388524e-15
ias15,2.182194305882134,3.9122172212905425e-15
ias15,2.1863116536290867,3.9122172212905424e-16
ias15,2.1904290013760397,2.3473303327743254e-15
ias15,2.1945463491229926,5.085882387677705e-15
ias15,2.1986636968699456,1.564886888516217e-15
ias15,2.2027810446168985,3.129773777032434e-15
ias15,2.2068983923638514,1.564886888516217e-15
ias15,2.2110157401108044,2.220446049250313e-16
ias15,2.2151330878577573,1.564886888516217e-15
ias15,2.2192504356047102,3.9122172212905425e-15
ias15,2.223367783351663,4.890271526613178e-15
ias15,2.227485131098616,2.220446049250313e-16
ias15,2.231602478845569,2.934162915967907e-15
ias15,2.235719826592522,2.1517194717097983e-15
ias15,2.239837174339475,2.7385520549033795e-15
ias15,2.243954522086428,2.1517194717097983e-15
ias15,2.248071869833381,5.672714970871286e-15
ias15,2.2521892175803337,1.564886888516217e-15
ias15,2.2563065653272867,2.7385520549033795e-15
ias15,2.2604239130742396,2.7385520549033795e-15
ias15,2.2645412608211926,1.3692760274516897e-15
ias15,2.2686586085681455,1.3692760274516897e-15
ias15,2.2727759563150984,3.520995499161488e-15
ias15,2.2768933040620514,2.7385520549033795e-15
ias15,2.2810106518090043,3.716606360226015e-15
ias15,2.2851279995559572,3.716606360226015e-15
ias15,2.28924534730291,2.934162915967907e-15
ias15,2.293362695049863,1.564886888516217e-15
ias15,2.297480042796816,4.303438943419597e-15
ias15,2.301597390543769,1.3692760274516897e-15
ias15,2.305714738290722,3.129773777032434e-15
ias15,2.309832086037675,3.9122172212905424e-16
ias15,2.313949433784628,1.1736651663871627e-15
ias15,2.3180667815315807,2.5429411938388524e-15
ias15,2.3221841292785337,4.890271526613178e-15
ias15,2.3263014770254866,1.3692760274516897e-15
ias15,2.3304188247724396,3.716606360226015e-15
ias15,2.3345361725193925,7.824434442581085e-16
ias15,2.3386535202663454,2.7385520549033795e-15
ias15,2.3427708680132984,2.934162915967907e-15
ias15,2.3468882157602513,3.129773777032434e-15
ias15,2.3510055635072042,2.220446049250313e-16
ias15,2.355122911254157,2.934162915967907e-15
ias15,2.35924025900111,5.868325831935813e-16
ias15,2.363357606748063,2.220446049250313e-16
ias15,2.367474954495016,1.564886888516217e-15
ias15,2.371592302241969,1.1736651663871627e-15
ias15,2.375709649988922,3.325384638096961e-15
ias15,2.379826997735875,2.934162915967907e-15
ias15,2.3839443454828277,3.520995499161488e-15
ias15,2.3880616932297807,2.7385520549033795e-15
ias15,2.3921790409767336,2.5429411938388524e-15
ias15,2.3962963887236866,2.7385520549033795e-15
ias15,2.4004137364706395,2.934162915967907e-15
ias15,2.4045310842175924,1.1736651663871627e-15
ias15,2.4086484319645454,2.1517194717097983e-15
ias15,2.4127657797114983,1.564886888516217e-15
ias15,2.4168831274584512,4.303438943419597e-15
ias15,2.421000475205404,2.220446049250313e-16
ias15,2.425117822952357,1.3692760274516897e-15
ias15,2.42923517069931,1.3692760274516897e-15
ias15,2.433352518446263,5.281493248742232e-15
ias15,2.437469866193216,1.760497749580744e-15
ias15,2.441587213940169,4.694660665548651e-15
ias15,2.445704561687122,4.890271526613178e-15
ias15,2.4498219094340747,1.9561086106452713e-15
ias15,2.4539392571810277,4.499049804484124e-15
ias15,2.4580566049279806,4.107828082355069e-15
ias15,2.4621739526749336,3.520995499161488e-15
ias15,2.4662913004218865,3.716606360226015e-15
ias15,2.4704086481688394,1.564886888516217e-15
ias15,2.4745259959157924,5.672714970871286e-15
ias15,2.4786433436627453,5.477104109806759e-15
ias15,2.4827606914096982,3.325384638096961e-15
ias15,2.486878039156651,2.934162915967907e-15
ias15,2.490995386903604,3.9122172212905424e-16
ias15,2.495112734650557,4.107828082355069e-15
ias15,2.49923008239751,2.220446049250313e-16
ias15,2.503347430144463,7.824434442581085e-16
ias15,2.507464777891416,3.129773777032434e-15
ias15,2.511582125638369,3.716606360226015e-15
ias15,2.5156994733853217,4.694660665548651e-15
ias15,2.5198168211322747,4.107828082355069e-15
ias15,2.5239341688792276,2.3473303327743254e-15
ias15,2.5280515166261806,2.934162915967907e-15
ias15,2.5321688643731335,2.934162915967907e-15
ias15,2.5362862121200864,2.934162915967907e-15
ias15,2.5404035598670394,4.107828082355069e-15
ias15,2.5445209076139923,4.694660665548651e-15
ias15,2.5486382553609452,4.107828082355069e-15
ias15,2.552755603107898,2.7385520549033795e-15
ias15,2.556872950854851,1.760497749580744e-15
ias15,2.560990298601804,1.1736651663871627e-15
ias15,2.565107646348757,2.3473303327743254e-15
ias15,2.56922499409571,2.5429411938388524e-15
ias15,2.573342341842663,1.9561086106452713e-15
ias15,2.577459689589616,2.7385520549033795e-15
ias15,2.5815770373365687,4.107828082355069e-15
ias15,2.5856943850835217,2.5429411938388524e-15
ias15,2.5898117328304746,3.716606360226015e-15
ias15,2.5939290805774275,3.716606360226015e-15
ias15,2.5980464283243805,2.5429411938388524e-15
ias15,2.6021637760713334,2.1517194717097983e-15
ias15,2.6062811238182864,1.1736651663871627e-15
ias15,2.6103984715652393,2.7385520549033795e-15
ias15,2.6145158193121922,3.129773777032434e-15
ias15,2.618633167059145,3.716606360226015e-15
ias15,2.622750514806098,2.7385520549033795e-15
ias15,2.626867862553051,4.694660665548651e-15
ias15,2.630985210300004,2.3473303327743254e-15
ias15,2.635102558046957,1.1736651663871627e-15
ias15,2.63921990579391,2.7385520549033795e-15
ias15,2.643337253540863,1.760497749580744e-15
ias15,2.6474546012878157,1.564886888516217e-15
ias15,2.6515719490347687,1.9561086106452713e-15
ias15,2.6556892967817216,3.129773777032434e-15
ias15,2.6598066445286745,2.7385520549033795e-15
ias15,2.6639239922756275,1.1736651663871627e-15
ias15,2.6680413400225804,3.325384638096961e-15
ias15,2.6721586877695334,1.564886888516217e-15
ias15,2.6762760355164863,1.9561086106452713e-15
ias15,2.6803933832634392,1.760497749580744e-15
ias15,2.684510731010392,1.564886888516217e-15
ias15,2.688628078757345,1.3692760274516897e-15
ias15,2.692745426504298,1.3692760274516897e-15
ias15,2.696862774251251,3.520995499161488e-15
ias15,2.700980121998204,5.868325831935813e-16
ias15,2.705097469745157,2.1517194717097983e-15
ias15,2.70921481749211,5.868325831935813e-16
ias15,2.7133321652390627,5.085882387677705e-15
ias15,2.7174495129860157,7.824434442581085e-16
ias15,2.7215668607329686,3.325384638096961e-15
ias15,2.7256842084799215,2.1517194717097983e-15
ias15,2.7298015562268745,1.1736651663871627e-15
ias15,2.7339189039738274,2.5429411938388524e-15
ias15,2.7380362517207804,1.760497749580744e-15
ias15,2.7421535994677333,1.760497749580744e-15
ias15,2.7462709472146862,2.5429411938388524e-15
ias15,2.750388294961639,2.3473303327743254e-15
ias15,2.754505642708592,2.220446049250313e-16
ias15,2.758622990455545,2.5429411938388524e-15
ias15,2.762740338202498,4.499049804484124e-15
ias15,2.766857685949451,2.934162915967907e-15
ias15,2.770975033696404,1.564886888516217e-15
ias15,2.775092381443357,1.564886888516217e-15
ias15,2.7792097291903097,3.9122172212905425e-15
ias15,2.7833270769372627,1.1736651663871627e-15
ias15,2.7874444246842156,1.1736651663871627e-15
ias15,2.7915617724311685,2.7385520549033795e-15
ias15,2.7956791201781215,4.303438943419597e-15
ias15,2.7997964679250744,2.5429411938388524e-15
ias15,2.8039138156720274,2.220446049250313e-16
ias15,2.8080311634189803,4.107828082355069e-15
ias15,2.8121485111659332,3.129773777032434e-15
ias15,2.816265858912886,2.7385520549033795e-15
ias15,2.820383206659839,3.520995499161488e-15
ias15,2.824500554406792,2.1517194717097983e-15
ias15,2.828617902153745,4.694660665548651e-15
ias15,2.832735249900698,2.1517194717097983e-15
ias15,2.836852597647651,4.107828082355069e-15
ias15,2.840969945394604,3.129773777032434e-15
ias15,2.8450872931415567,9.780543053226356e-16
ias15,2.8492046408885097,7.824434442581085e-16
ias15,2.8533219886354626,3.325384638096961e-15
ias15,2.8574393363824155,2.7385520549033795e-15
ias15,2.8615566841293685,3.9122172212905425e-15
ias15,2.8656740318763214,2.1517194717097983e-15
ias15,2.8697913796232744,2.1517194717097983e-15
ias15,2.8739087273702273,2.1517194717097983e-15
ias15,2.8780260751171802,3.716606360226015e-15
ias15,2.882143422864133,2.3473303327743254e-15
ias15,2.886260770611086,1.564886888516217e-15
ias15,2.890378118358039,1.760497749580744e-15
ias15,2.894495466104992,3.129773777032434e-15
ias15,2.898612813851945,1.760497749580744e-15
ias15,2.902730161598898,2.3473303327743254e-15
ias15,2.906847509345851,2.5429411938388524e-15
ias15,2.9109648570928037,2.5429411938388524e-15
ias15,2.9150822048397567,3.129773777032434e-15
ias15,2.9191995525867096,2.3473303327743254e-15
ias15,2.9233169003336625,3.9122172212905424e-16
ias15,2.9274342480806155,1.9561086106452713e-15
ias15,2.9315515958275684,5.868325831935813e-16
ias15,2.9356689435745214,1.760497749580744e-15
ias15,2.9397862913214743,1.3692760274516897e-15
ias15,2.9439036390684272,1.9561086106452713e-15
ias15,2.94802098681538,2.3473303327743254e-15
ias15,2.952138334562333,3.520995499161488e-15
ias15,2.956255682309286,2.220446049250313e-16
ias15,2.960373030056239,3.9122172212905425e-15
ias15,2.964490377803192,3.9122172212905424e-16
ias15,2.968607725550145,4.107828082355069e-15
ias15,2.972725073297098,1.3692760274516897e-15
ias15,2.9768424210440507,5.868325831935813e-16
ias15,2.9809597687910037,9.780543053226356e-16
ias15,2.9850771165379566,2.5429411938388524e-15
ias15,2.9891944642849095,1.564886888516217e-15
ias15,2.9933118120318625,4.107828082355069e-15
ias15,2.9974291597788154,9.780543053226356e-16
ias15,3.0015465075257683,1.3692760274516897e-15
ias15,3.0056638552727213,1.760497749580744e-15
ias15,3.0097812030196742,2.7385520549033795e-15
ias15,3.013898550766627,4.303438943419597e-15
ias15,3.01801589851358,2.5429411938388524e-15
ias15,3.022133246260533,5.085882387677705e-15
ias15,3.026250594007486,3.520995499161488e-15
ias15,3.030367941754439,1.760497749580744e-15
ias15,3.034485289501392,2.1517194717097983e-15
ias15,3.038602637248345,3.716606360226015e-15
ias15,3.0427199849952977,3.9122172212905425e-15
ias15,3.0468373327422507,1.9561086106452713e-15
ias15,3.0509546804892036,2.220446049250313e-16
ias15,3.0550720282361565,2.5429411938388524e-15
ias15,3.0591893759831095,3.520995499161488e-15
ias15,3.0633067237300624,1.1736651663871627e-15
ias15,3.0674240714770153,3.9122172212905424e-16
ias15,3.0715414192239683,4.107828082355069e-15
ias15,3.075658766970921,7.824434442581085e-16
ias15,3.079776114717874,2.3473303327743254e-15
ias15,3.083893462464827,3.325384638096961e-15
ias15,3.08801081021178,1.760497749580744e-15
ias15,3.092128157958733,1.3692760274516897e-15
ias15,3.096245505705686,2.220446049250313e-16
ias15,3.100362853452639,1.760497749580744e-15
ias15,3.104480201199592,2.3473303327743254e-15
ias15,3.1085975489465447,4.303438943419597e-15
ias15,3.1127148966934977,2.5429411938388524e-15
ias15,3.1168322444404506,9.780543053226356e-16
ias15,3.1209495921874035,2.3473303327743254e-15
ias15,3.1250669399343565,5.868325831935813e-16
ias15,3.1291842876813094,1.9561086106452713e-15
ias15,3.1333016354282623,3.520995499161488e-15
ias15,3.1374189831752153,2.3473303327743254e-15
ias15,3.141536330922168,2.5429411938388524e-15
ias15,3.145653678669121,3.325384638096961e-15
ias15,3.149771026416074,3.129773777032434e-15
ias15,3.153888374163027,4.499049804484124e-15
ias15,3.15800572190998,9.780543053226356e-16
ias15,3.162123069656933,2.5429411938388524e-15
ias15,3.166240417403886,1.1736651663871627e-15
ias15,3.170357765150839,5.281493248742232e-15
ias15,3.1744751128977917,4.107828082355069e-15
ias15,3.1785924606447447,3.325384638096961e-15
ias15,3.1827098083916976,1.760497749580744e-15
ias15,3.1868271561386505,2.1517194717097983e-15
ias15,3.1909445038856035,2.220446049250313e-16
ias15,3.1950618516325564,3.325384638096961e-15
ias15,3.1991791993795093,2.1517194717097983e-15
ias15,3.2032965471264623,1.9561086106452713e-15
ias15,3.207413894873415,4.107828082355069e-15
ias15,3.211531242620368,4.694660665548651e-15
ias15,3.215648590367321,3.9122172212905424e-16
ias15,3.219765938114274,3.9122172212905424e-16
ias15,3.223883285861227,1.3692760274516897e-15
ias15,3.22800063360818,2.5429411938388524e-15
ias15,3.232117981355133,1.1736651663871627e-15
ias15,3.236235329102086,7.824434442581085e-16
ias15,3.2403526768490387,2.934162915967907e-15
ias15,3.2444700245959917,2.3473303327743254e-15
ias15,3.2485873723429446,7.824434442581085e-16
ias15,3.2527047200898975,9.780543053226356e-16
ias15,3.2568220678368505,1.3692760274516897e-15
ias15,3.2609394155838034,1.1736651663871627e-15
ias15,3.2650567633307563,2.1517194717097983e-15
ias15,3.2691741110777093,7.824434442581085e-16
ias15,3.273291458824662,1.1736651663871627e-15
ias15,3.277408806571615,2.5429411938388524e-15
ias15,3.281526154318568,1.760497749580744e-15
ias15,3.285643502065521,3.325384638096961e-15
ias15,3.289760849812474,5.868325831935813e-16
ias15,3.293878197559427,3.520995499161488e-15
ias15,3.29799554530638,9.780543053226356e-16
ias15,3.3021128930533328,2.3473303327743254e-15
ias15,3.3062302408002857,2.5429411938388524e-15
ias15,3.3103475885472387,2.3473303327743254e-15
ias15,3.3144649362941916,3.520995499161488e-15
ias15,3.3185822840411445,2.220446049250313e-16
ias15,3.3226996317880975,2.1517194717097983e-15
ias15,3.3268169795350504,1.9561086106452713e-15
ias15,3.3309343272820033,1.760497749580744e-15
ias15,3.3350516750289563,2.3473303327743254e-15
ias15,3.339169022775909,3.520995499161488e-15
ias15,3.343286370522862,6.4551584151293945e-15
ias15,3.347403718269815,5.672714970871286e-15
ias15,3.351521066016768,1.760497749580744e-15
ias15,3.355638413763721,1.564886888516217e-15
ias15,3.359755761510674,3.325384638096961e-15
ias15,3.363873109257627,2.3473303327743254e-15
ias15,3.3679904570045798,2.3473303327743254e-15
ias15,3.3721078047515327,9.780543053226356e-16
ias15,3.3762251524984856,2.7385520549033795e-15
ias15,3.3803425002454386,1.3692760274516897e-15
ias15,3.3844598479923915,1.564886888516217e-15
ias15,3.3885771957393445,5.085882387677705e-15
ias15,3.3926945434862974,4.107828082355069e-15
ias15,3.3968118912332503,3.520995499161488e-15
ias15,3.4009292389802033,5.477104109806759e-15
ias15,3.405046586727156,4.694660665548651e-15
ias15,3.409163934474109,9.780543053226356e-16
ias15,3.413281282221062,3.9122172212905424e-16
ias15,3.417398629968015,2.1517194717097983e-15
ias15,3.421515977714968,1.760497749580744e-15
ias15,3.425633325461921,1.9561086106452713e-15
ias15,3.429750673208874,1.564886888516217e-15
ias15,3.4338680209558268,1.9561086106452713e-15
ias15,3.4379853687027797,5.868325831935813e-16
ias15,3.4421027164497326,2.7385520549033795e-15
ias15,3.4462200641966856,5.868325831935813e-16
ias15,3.4503374119436385,1.3692760274516897e-15
ias15,3.4544547596905915,9.780543053226356e-16
ias15,3.4585721074375444,1.3692760274516897e-15
ias15,3.4626894551844973,9.780543053226356e-16
ias15,3.4668068029314503,2.220446049250313e-16
ias15,3.470924150678403,4.303438943419597e-15
ias15,3.475041498425356,1.1736651663871627e-15
ias15,3.479158846172309,2.934162915967907e-15
ias15,3.483276193919262,2.1517194717097983e-15
ias15,3.487393541666215,3.325384638096961e-15
ias15,3.491510889413168,1.3692760274516897e-15
ias15,3.495628237160121,2.220446049250313e-16
ias15,3.4997455849070738,2.1517194717097983e-15
ias15,3.5038629326540267,3.129773777032434e-15
ias15,3.5079802804009796,2.220446049250313e-16
ias15,3.5120976281479326,1.564886888516217e-15
ias15,3.5162149758948855,1.564886888516217e-15
ias15,3.5203323236418385,1.760497749580744e-15
ias15,3.5244496713887914,2.1517194717097983e-15
ias15,3.5285670191357443,3.716606360226015e-15
ias15,3.5326843668826973,3.9122172212905424e-16
ias15,3.53680171462965,1.3692760274516897e-15
ias15,3.540919062376603,3.129773777032434e-15
ias15,3.545036410123556,9.780543053226356e-16
ias15,3.549153757870509,3.129773777032434e-15
ias15,3.553271105617462,1.564886888516217e-15
ias15,3.557388453364415,2.1517194717097983e-15
ias15,3.561505801111368,1.760497749580744e-15
ias15,3.5656231488583208,2.3473303327743254e-15
ias15,3.5697404966052737,3.9122172212905424e-16
ias15,3.5738578443522266,2.220446049250313e-16
ias15,3.5779751920991796,2.220446049250313e-16
ias15,3.5820925398461325,1.760497749580744e-15
ias15,3.5862098875930855,9.780543053226356e-16
ias15,3.5903272353400384,1.564886888516217e-15
ias15,3.5944445830869913,2.934162915967907e-15
ias15,3.5985619308339443,2.5429411938388524e-15
ias15,3.602679278580897,1.760497749580744e-15
ias15,3.60679662632785,4.499049804484124e-15
ias15,3.610913974074803,4.694660665548651e-15
ias15,3.615031321821756,1.760497749580744e-15
ias15,3.619148669568709,9.780543053226356e-16
ias15,3.623266017315662,2.220446049250313e-16
ias15,3.627383365062615,3.129773777032434e-15
ias15,3.6315007128095678,2.3473303327743254e-15
ias15,3.6356180605565207,9.780543053226356e-16
ias15,3.6397354083034736,1.1736651663871627e-15
ias15,3.6438527560504266,1.564886888516217e-15
ias15,3.6479701037973795,2.7385520549033795e-15
ias15,3.6520874515443325,1.1736651663871627e-15
ias15,3.6562047992912854,3.325384638096961e-15
ias15,3.6603221470382383,2.5429411938388524e-15
ias15,3.6644394947851913,2.7385520549033795e-15
ias15,3.668556842532144,3.9122172212905425e-15
ias15,3.672674190279097,2.3473303327743254e-15
ias15,3.67679153802605,2.3473303327743254e-15
ias15,3.680908885773003,3.325384638096961e-15
ias15,3.685026233519956,1.9561086106452713e-15
ias15,3.689143581266909,3.9122172212905424e-16
ias15,3.693260929013862,1.1736651663871627e-15
ias15,3.6973782767608148,3.520995499161488e-15
ias15,3.7014956245077677,3.325384638096961e-15
ias15,3.7056129722547206,2.7385520549033795e-15
ias15,3.7097303200016736,2.7385520549033795e-15
ias15,3.7138476677486265,1.1736651663871627e-15
ias15,3.7179650154955795,2.220446049250313e-16
ias15,3.7220823632425324,1.1736651663871627e-15
ias15,3.7261997109894853,3.520995499161488e-15
ias15,3.7303170587364383,7.824434442581085e-16
ias15,3.734434406483391,2.5429411938388524e-15
ias15,3.738551754230344,1.1736651663871627e-15
ias15,3.742669101977297,1.3692760274516897e-15
ias15,3.74678644972425,7.824434442581085e-16
ias15,3.750903797471203,2.5429411938388524e-15
ias15,3.755021145218156,3.129773777032434e-15
ias15,3.759138492965109,3.520995499161488e-15
ias15,3.7632558407120618,2.7385520549033795e-15
ias15,3.7673731884590147,7.824434442581085e-16
ias15,3.7714905362059676,2.3473303327743254e-15
ias15,3.7756078839529206,3.9122172212905424e-16
ias15,3.7797252316998735,4.694660665548651e-15
ias15,3.7838425794468264,3.716606360226015e-15
ias15,3.7879599271937794,1.1736651663871627e-15
ias15,3.7920772749407323,2.934162915967907e-15
ias15,3.7961946226876853,2.3473303327743254e-15
ias15,3.800311970434638,3.520995499161488e-15
ias15,3.804429318181591,7.824434442581085e-16
ias15,3.808546665928544,9.780543053226356e-16
ias15,3.812664013675497,1.564886888516217e-15
ias15,3.81678136142245,2.7385520549033795e-15
ias15,3.820898709169403,1.1736651663871627e-15
ias15,3.825016056916356,1.1736651663871627e-15
ias15,3.8291334046633088,7.824434442581085e-16
ias15,3.8332507524102617,2.1517194717097983e-15
ias15,3.8373681001572146,3.9122172212905424e-16
ias15,3.8414854479041676,2.5429411938388524e-15
ias15,3.8456027956511205,1.3692760274516897e-15
ias15,3.8497201433980734,1.3692760274516897e-15
ias15,3.8538374911450264,5.868325831935813e-16
ias15,3.8579548388919793,2.220446049250313e-16
ias15,3.8620721866389323,2.1517194717097983e-15
ias15,3.866189534385885,3.9122172212905425e-15
ias15,3.870306882132838,2.220446049250313e-16
ias15,3.874424229879791,2.1517194717097983e-15
ias15,3.878541577626744,2.1517194717097983e-15
ias15,3.882658925373697,7.824434442581085e-16
ias15,3.88677627312065,3.716606360226015e-15
ias15,3.890893620867603,1.1736651663871627e-15
ias15,3.8950109686145558,3.520995499161488e-15
ias15,3.8991283163615087,2.934162915967907e-15
ias15,3.9032456641084616,4.499049804484124e-15
ias15,3.9073630118554146,3.9122172212905424e-16
ias15,3.9114803596023675,3.129773777032434e-15
ias15,3.9155977073493204,2.5429411938388524e-15
ias15,3.9197150550962734,6.0639366930003404e-15
ias15,3.9238324028432263,1.3692760274516897e-15
ias15,3.9279497505901793,2.5429411938388524e-15
ias15,3.932067098337132,4.694660665548651e-15
ias15,3.936184446084085,1.3692760274516897e-15
ias15,3.940301793831038,1.760497749580744e-15
ias15,3.944419141577991,3.520995499161488e-15
ias15,3.948536489324944,7.824434442581085e-16
ias15,3.952653837071897,2.934162915967907e-15
ias15,3.95677118481885,2.220446049250313e-16
ias15,3.9608885325658028,3.9122172212905424e-16
ias15,3.9650058803127557,2.220446049250313e-16
ias15,3.9691232280597086,1.9561086106452713e-15
ias15,3.9732405758066616,2.7385520549033795e-15
ias15,3.9773579235536145,1.760497749580744e-15
ias15,3.9814752713005674,2.220446049250313e-16
ias15,3.9855926190475204,3.716606360226015e-15
ias15,3.9897099667944733,2.7385520549033795e-15
ias15,3.9938273145414263,2.934162915967907e-15
ias15,3.997944662288379,4.107828082355069e-15
ias15,4.002062010035324,2.1517194717097983e-15
ias15,4.006179357782262,2.5429411938388524e-15
ias15,4.0102967055292,2.3473303327743254e-15
ias15,4.014414053276138,2.934162915967907e-15
ias15,4.0185314010230755,2.3473303327743254e-15
ias15,4.022648748770013,6.650769276193922e-15
ias15,4.026766096516951,3.129773777032434e-15
ias15,4.030883444263889,2.934162915967907e-15
ias15,4.035000792010827,3.520995499161488e-15
ias15,4.039118139757765,2.1517194717097983e-15
ias15,4.0432354875047025,3.9122172212905424e-16
ias15,4.04735283525164,5.868325831935813e-16
ias15,4.051470182998578,5.868325831935813e-16
ias15,4.055587530745516,1.9561086106452713e-15
ias15,4.059704878492454,1.564886888516217e-15
ias15,4.063822226239392,4.890271526613178e-15
ias15,4.0679395739863295,3.520995499161488e-15
ias15,4.072056921733267,2.5429411938388524e-15
ias15,4.076174269480205,2.7385520549033795e-15
ias15,4.080291617227143,2.1517194717097983e-15
ias15,4.084408964974081,5.868325831935813e-16
ias15,4.088526312721019,4.694660665548651e-15
ias15,4.092643660467957,1.3692760274516897e-15
ias15,4.096761008214894,2.7385520549033795e-15
ias15,4.100878355961832,7.824434442581085e-16
ias15,4.10499570370877,1.760497749580744e-15
ias15,4.109113051455708,2.7385520549033795e-15
ias15,4.113230399202646,4.107828082355069e-15
ias15,4.117347746949584,3.520995499161488e-15
ias15,4.1214650946965214,3.9122172212905424e-16
ias15,4.125582442443459,1.564886888516217e-15
ias15,4.129699790190397,3.9122172212905424e-16
ias15,4.133817137937335,7.824434442581085e-16
ias15,4.137934485684273,2.220446049250313e-16
ias15,4.142051833431211,2.3473303327743254e-15
ias15,4.1461691811781485,4.694660665548651e-15
ias15,4.150286528925086,5.281493248742232e-15
ias15,4.154403876672024,3.9122172212905425e-15
ias15,4.158521224418962,1.564886888516217e-15
ias15,4.1626385721659,7.824434442581085e-16
ias15,4.166755919912838,5.868325831935813e-16
ias15,4.1708732676597755,9.780543053226356e-16
ias15,4.174990615406713,3.129773777032434e-15
ias15,4.179107963153651,1.3692760274516897e-15
ias15,4.183225310900589,3.129773777032434e-15
ias15,4.187342658647527,2.220446049250313e-16
ias15,4.191460006394465,5.868325831935813e-16
ias15,4.1955773541414025,1.760497749580744e-15
ias15,4.19969470188834,3.129773777032434e-15
ias15,4.203812049635278,7.824434442581085e-16
ias15,4.207929397382216,4.303438943419597e-15
ias15,4.212046745129154,7.824434442581085e-16
ias15,4.216164092876092,3.325384638096961e-15
ias15,4.22028144062303,2.934162915967907e-15
ias15,4.224398788369967,7.824434442581085e-16
ias15,4.228516136116905,1.9561086106452713e-15
ias15,4.232633483863843,9.780543053226356e-16
ias15,4.236750831610781,3.716606360226015e-15
ias15,4.240868179357719,3.325384638096961e-15
ias15,4.244985527104657,5.672714970871286e-15
ias15,4.249102874851594,4.890271526613178e-15
ias15,4.253220222598532,3.325384638096961e-15
ias15,4.25733757034547,3.520995499161488e-15
ias15,4.261454918092408,1.760497749580744e-15
ias15,4.265572265839346,1.760497749580744e-15
ias15,4.269689613586284,2.3473303327743254e-15
ias15,4.2738069613332215,1.9561086106452713e-15
ias15,4.277924309080159,1.760497749580744e-15
ias15,4.282041656827097,5.477104109806759e-15
ias15,4.286159004574035,2.1517194717097983e-15
ias15,4.290276352320973,2.7385520549033795e-15
ias15,4.294393700067911,2.1517194717097983e-15
ias15,4.2985110478148485,1.9561086106452713e-15
ias15,4.302628395561786,4.303438943419597e-15
ias15,4.306745743308724,2.5429411938388524e-15
ias15,4.310863091055662,2.5429411938388524e-15
ias15,4.3149804388026,1.9561086106452713e-15
ias15,4.319097786549538,2.5429411938388524e-15
ias15,4.3232151342964755,3.520995499161488e-15
ias15,4.327332482043413,1.1736651663871627e-15
ias15,4.331449829790351,9.780543053226356e-16
ias15,4.335567177537289,2.5429411938388524e-15
ias15,4.339684525284227,2.220446049250313e-16
ias15,4.343801873031165,2.934162915967907e-15
ias15,4.3479192207781026,2.1517194717097983e-15
ias15,4.35203656852504,2.3473303327743254e-15
ias15,4.356153916271978,2.7385520549033795e-15
ias15,4.360271264018916,3.9122172212905424e-16
ias15,4.364388611765854,1.3692760274516897e-15
ias15,4.368505959512792,3.325384638096961e-15
ias15,4.37262330725973,1.564886888516217e-15
ias15,4.376740655006667,1.3692760274516897e-15
ias15,4.380858002753605,3.520995499161488e-15
ias15,4.384975350500543,3.9122172212905425e-15
ias15,4.389092698247481,1.9561086106452713e-15
ias15,4.393210045994419,4.107828082355069e-15
ias15,4.397327393741357,2.1517194717097983e-15
ias15,4.4014447414882945,2.3473303327743254e-15
ias15,4.405562089235232,1.1736651663871627e-15
ias15,4.40967943698217,1.564886888516217e-15
ias15,4.413796784729108,3.716606360226015e-15
ias15,4.417914132476046,3.325384638096961e-15
ias15,4.422031480222984,1.1736651663871627e-15
ias15,4.4261488279699215,1.1736651663871627e-15
ias15,4.430266175716859,1.1736651663871627e-15
ias15,4.434383523463797,1.760497749580744e-15
ias15,4.438500871210735,2.7385520549033795e-15
ias15,4.442618218957673,5.868325831935813e-16
ias15,4.446735566704611,6.0639366930003404e-15
ias15,4.4508529144515485,3.9122172212905424e-16
ias15,4.454970262198486,2.5429411938388524e-15
ias15,4.459087609945424,9.780543053226356e-16
ias15,4.463204957692362,4.107828082355069e-15
ias15,4.4673223054393,3.9122172212905424e-16
ias15,4.471439653186238,2.3473303327743254e-15
ias15,4.4755570009331755,3.325384638096961e-15
ias15,4.479674348680113,3.129773777032434e-15
ias15,4.483791696427051,1.1736651663871627e-15
ias15,4.487909044173989,6.259547554064868e-15
ias15,4.492026391920927,3.716606360226015e-15
ias15,4.496143739667865,3.325384638096961e-15
ias15,4.500261087414803,4.890271526613178e-15
ias15,4.50437843516174,1.760497749580744e-15
ias15,4.508495782908678,2.7385520549033795e-15
ias15,4.512613130655616,2.5429411938388524e-15
ias15,4.516730478402554,3.325384638096961e-15
ias15,4.520847826149492,3.520995499161488e-15
ias15,4.52496517389643,6.4551584151293945e-15
ias15,4.529082521643367,1.564886888516217e-15
ias15,4.533199869390305,3.129773777032434e-15
ias15,4.537317217137243,3.9122172212905424e-16
ias15,4.541434564884181,5.868325831935813e-16
ias15,4.545551912631119,3.9122172212905425e-15
ias15,4.549669260378057,9.780543053226356e-16
ias15,4.5537866081249945,2.5429411938388524e-15
ias15,4.557903955871932,3.325384638096961e-15
ias15,4.56202130361887,4.107828082355069e-15
ias15,4.566138651365808,3.129773777032434e-15
ias15,4.570255999112746,3.520995499161488e-15
ias15,4.574373346859684,3.520995499161488e-15
ias15,4.5784906946066215,2.1517194717097983e-15
ias15,4.582608042353559,4.890271526613178e-15
ias15,4.586725390100497,1.9561086106452713e-15
ias15,4.590842737847435,2.1517194717097983e-15
ias15,4.594960085594373,3.9122172212905425e-15
ias15,4.599077433341311,3.9122172212905425e-15
ias15,4.6031947810882485,9.780543053226356e-16
ias15,4.607312128835186,2.7385520549033795e-15
ias15,4.611429476582124,1.3692760274516897e-15
ias15,4.615546824329062,2.7385520549033795e-15
ias15,4.619664172076,1.3692760274516897e-15
ias15,4.623781519822938,3.520995499161488e-15
ias15,4.627898867569876,3.716606360226015e-15
ias15,4.632016215316813,3.716606360226015e-15
ias15,4.636133563063751,2.5429411938388524e-15
ias15,4.640250910810689,7.824434442581085e-16
ias15,4.644368258557627,2.1517194717097983e-15
ias15,4.648485606304565,2.7385520549033795e-15
ias15,4.652602954051503,3.9122172212905424e-16
ias15,4.65672030179844,1.9561086106452713e-15
ias15,4.660837649545378,2.220446049250313e-16
ias15,4.664954997292316,3.9122172212905424e-16
ias15,4.669072345039254,2.1517194717097983e-15
ias15,4.673189692786192,2.5429411938388524e-15
ias15,4.67730704053313,2.5429411938388524e-15
ias15,4.6814243882800675,1.3692760274516897e-15
ias15,4.685541736027005,2.220446049250313e-16
ias15,4.689659083773943,2.1517194717097983e-15
ias15,4.693776431520881,7.824434442581085e-16
ias15,4.697893779267819,4.303438943419597e-15
ias15,4.702011127014757,2.3473303327743254e-15
ias15,4.7061284747616945,9.780543053226356e-16
ias15,4.710245822508632,4.303438943419597e-15
ias15,4.71436317025557,2.5429411938388524e-15
ias15,4.718480518002508,3.9122172212905424e-16
ias15,4.722597865749446,3.129773777032434e-15
ias15,4.726715213496384,2.220446049250313e-16
ias15,4.7308325612433215,3.9122172212905424e-16
ias15,4.734949908990259,4.499049804484124e-15
ias15,4.739067256737197,3.520995499161488e-15
ias15,4.743184604484135,3.520995499161488e-15
ias15,4.747301952231073,2.1517194717097983e-15
ias15,4.751419299978011,2.7385520549033795e-15
ias15,4.7555366477249486,2.3473303327743254e-15
ias15,4.759653995471886,2.934162915967907e-15
ias15,4.763771343218824,3.9122172212905424e-16
ias15,4.767888690965762,1.9561086106452713e-15
ias15,4.7720060387127,4.107828082355069e-15
ias15,4.776123386459638,1.564886888516217e-15
ias15,4.780240734206576,9.780543053226356e-16
ias15,4.784358081953513,1.1736651663871627e-15
ias15,4.788475429700451,3.520995499161488e-15
ias15,4.792592777447389,3.716606360226015e-15
ias15,4.796710125194327,3.716606360226015e-15
ias15,4.800827472941265,1.1736651663871627e-15
ias15,4.804944820688203,2.3473303327743254e-15
ias15,4.8090621684351404,3.9122172212905425e-15
ias15,4.813179516182078,5.868325831935814e-15
ias15,4.817296863929016,4.107828082355069e-15
ias15,4.821414211675954,2.1517194717097983e-15
ias15,4.825531559422892,4.107828082355069e-15
ias15,4.82964890716983,2.7385520549033795e-15
ias15,4.8337662549167675,4.303438943419597e-15
ias15,4.837883602663705,4.499049804484124e-15
ias15,4.842000950410643,4.107828082355069e-15
ias15,4.846118298157581,3.129773777032434e-15
ias15,4.850235645904519,5.868325831935813e-16
ias15,4.854352993651457,2.7385520549033795e-15
ias15,4.8584703413983945,3.716606360226015e-15
ias15,4.862587689145332,4.890271526613178e-15
ias15,4.86670503689227,3.520995499161488e-15
ias15,4.870822384639208,4.694660665548651e-15
ias15,4.874939732386146,3.9122172212905425e-15
ias15,4.879057080133084,5.085882387677705e-15
ias15,4.8831744278800215,5.868325831935814e-15
ias15,4.887291775626959,2.3473303327743254e-15
ias15,4.891409123373897,4.694660665548651e-15
ias15,4.895526471120835,6.650769276193922e-15
ias15,4.899643818867773,5.281493248742232e-15
ias15,4.903761166614711,2.934162915967907e-15
ias15,4.907878514361649,5.281493248742232e-15
ias15,4.911995862108586,4.303438943419597e-15
ias15,4.916113209855524,1.1736651663871627e-15
ias15,4.920230557602462,2.220446049250313e-16
ias15,4.9243479053494,3.520995499161488e-15
ias15,4.928465253096338,2.934162915967907e-15
ias15,4.932582600843276,7.824434442581085e-16
ias15,4.936699948590213,2.5429411938388524e-15
ias15,4.940817296337151,2.5429411938388524e-15
ias15,4.944934644084089,3.520995499161488e-15
ias15,4.949051991831027,2.3473303327743254e-15
ias15,4.953169339577965,4.303438943419597e-15
ias15,4.957286687324903,1.3692760274516897e-15
ias15,4.9614040350718405,3.520995499161488e-15
ias15,4.965521382818778,3.520995499161488e-15
ias15,4.969638730565716,2.5429411938388524e-15
ias15,4.973756078312654,6.259547554064868e-15
ias15,4.977873426059592,4.303438943419597e-15
ias15,4.98199077380653,1.760497749580744e-15
ias15,4.9861081215534675,1.9561086106452713e-15
ias15,4.990225469300405,7.824434442581085e-16
ias15,4.994342817047343,3.9122172212905425e-15
ias15,4.998460164794281,3.325384638096961e-15
ias15,5.000155543278314,2.220446049250313e-16
