method,time,time_over_reference_period,rel_energy_error
whfast,0.0,0.0,2.220446049250313e-16
whfast,0.36244231896744544,0.20000000000000004,0.010070277534144372
whfast,0.7248846379348907,0.39999999999999997,0.01615209716768224
whfast,1.0873269569023358,0.5999999999999999,0.0008656207488481466
whfast,1.4497692758697818,0.8000000000000002,0.0009524220254246826
whfast,1.8122115948372277,1.0000000000000004,2.9541688270764872e-05
whfast,2.1746539138046734,1.2000000000000006,0.009781741212649074
whfast,2.5370962327721194,1.400000000000001,0.01642106039034674
whfast,2.8995385517395653,1.6000000000000014,0.000917411302749817
whfast,3.2619808707070113,1.8000000000000016,0.0009552234303004206
whfast,3.624423189674457,2.0000000000000018,6.828182114123592e-05
whfast,3.986865508641903,2.2000000000000024,0.009487186557254489
whfast,4.349307827609349,2.400000000000002,0.01667044372601741
whfast,4.711750146576795,2.6000000000000028,0.0009617195822344899
whfast,5.0741924655442405,2.800000000000003,0.000967086933148706
whfast,5.4366347845116865,3.000000000000003,0.0001159608494850551
whfast,5.799077103479132,3.2000000000000037,0.009185022193800652
whfast,6.161519422446578,3.400000000000004,0.016902034682048206
whfast,6.523961741414024,3.600000000000004,0.0010005258666399453
whfast,6.88640406038147,3.8000000000000047,0.000986581358732231
whfast,7.248846379348916,4.000000000000005,0.00017139319936363253
whfast,7.611288698316362,4.2000000000000055,0.008875028158967516
whfast,7.973731017283808,4.400000000000006,0.01711753094612217
whfast,8.336173336251248,4.600000000000002,0.0010366452589578958
whfast,8.698615655218687,4.799999999999999,0.0010114220776862215
whfast,9.061057974186125,4.999999999999996,0.00023246551419850778
whfast,9.423500293153564,5.199999999999991,0.008558515745946061
whfast,9.785942612121003,5.399999999999988,0.01731829740097736
whfast,10.148384931088442,5.5999999999999845,0.0010735802005160057
whfast,10.51082725005588,5.799999999999981,0.0010385582478772135
whfast,10.87326956902332,5.999999999999977,0.0002962112526342781
whfast,11.235711887990758,6.1999999999999735,0.008238381164075149
whfast,11.598154206958197,6.39999999999997,0.01750513454224703
whfast,11.960596525925636,6.599999999999967,0.0011152823264386667
whfast,12.323038844893075,6.7999999999999625,0.0010643873396720923
whfast,12.685481163860514,6.999999999999959,0.0003589989065208892
whfast,13.047923482827953,7.199999999999956,0.007918967887350106
whfast,13.410365801795392,7.399999999999952,0.017678106613507376
whfast,13.77280812076283,7.599999999999948,0.001165721555740429
whfast,14.13525043973027,7.799999999999945,0.0010851099483471988
whfast,14.497692758697708,7.999999999999941,0.00041691358965490215
whfast,14.860135077665147,8.199999999999937,0.007605635093058781
whfast,15.222577396632586,8.399999999999935,0.017836442723909683
whfast,15.585019715600025,8.59999999999993,0.0012283202857550656
whfast,15.947462034567463,8.799999999999926,0.0010972679105900258
whfast,16.309904353534915,8.99999999999993,0.00046628574361544644
whfast,16.672346672502368,9.199999999999934,0.007304044216546603
whfast,17.03478899146982,9.399999999999938,0.01797858934518327
whfast,17.397231310437274,9.599999999999943,0.001305355645780457
whfast,17.759673629404727,9.799999999999947,0.0010983293851600823
whfast,18.12211594837218,9.999999999999952,0.000504320548236359
whfast,18.484558267339633,10.199999999999955,0.007019271762436056
whfast,18.847000586307086,10.39999999999996,0.018102434428300604
whfast,19.20944290527454,10.599999999999964,0.0013974638036376925
whfast,19.571885224241992,10.799999999999969,0.0010871948262137134
whfast,19.934327543209445,10.999999999999972,0.0005296399988204535
whfast,20.296769862176898,11.199999999999976,0.0067549294847811395
whfast,20.65921218114435,11.39999999999998,0.018205693858342753
whfast,21.021654500111804,11.599999999999985,0.0015034697609372647
whfast,21.384096819079257,11.79999999999999,0.0010644368751819586
whfast,21.74653913804671,11.999999999999993,0.0005425491673478629
whfast,22.108981457014163,12.199999999999998,0.00651257765095922
whfast,22.471423775981616,12.400000000000002,0.01828634582528954
whfast,22.83386609494907,12.600000000000007,0.0016205872076864825
whfast,23.196308413916523,12.800000000000011,0.0010321786585086497
whfast,23.558750732883976,13.000000000000014,0.0005449716220062295
whfast,23.92119305185143,13.200000000000019,0.006291564736311697
whfast,24.28363537081888,13.400000000000023,0.018342979568961672
whfast,24.646077689786335,13.600000000000028,0.0017449447381645351
whfast,25.008520008753788,13.800000000000031,0.0009936681114932143
whfast,25.37096232772124,14.000000000000036,0.0005400269658453908
whfast,25.733404646688694,14.20000000000004,0.006089305917744068
whfast,26.095846965656147,14.400000000000045,0.018374977327668997
whfast,26.4582892846236,14.60000000000005,0.0018722812596827574
whfast,26.820731603591053,14.800000000000052,0.0009526853525859521
whfast,27.183173922558506,15.000000000000057,0.0005314649233593988
whfast,27.54561624152596,15.200000000000061,0.005901879823881098
whfast,27.908058560493412,15.400000000000066,0.01838247511009204
whfast,28.270500879460865,15.60000000000007,0.001998589595256196
whfast,28.63294319842832,15.800000000000074,0.0009129752305309084
whfast,28.99538551739577,16.000000000000078,0.0005230910244853987
whfast,29.357827836363224,16.20000000000008,0.005724696078906458
whfast,29.720270155330677,16.400000000000087,0.01836622674681167
whfast,30.08271247429813,16.60000000000009,0.002120584337863312
whfast,30.445154793265583,16.800000000000097,0.0008778033048064534
whfast,30.807597112233037,17.0000000000001,0.0005183082451324314
whfast,31.17003943120049,17.200000000000102,0.005553106003788203
whfast,31.532481750167943,17.40000000000011,0.018327415060333592
whfast,31.894924069135396,17.60000000000011,0.00223598600231907
whfast,32.257366388102845,17.800000000000114,0.0008497023353343509
whfast,32.6198087070703,18.000000000000117,0.0005198451918222892
whfast,32.98225102603775,18.200000000000124,0.005382849075020062
whfast,33.344693345005204,18.400000000000126,0.018267539175415213
whfast,33.70713566397266,18.600000000000133,0.002343606347714298
whfast,34.06957798294011,18.800000000000136,0.0008303445862282507
whfast,34.43202030190756,19.00000000000014,0.0005296194362832678
whfast,34.79446262087502,19.200000000000145,0.005210359277172231
whfast,35.15690493984247,19.400000000000148,0.018188435309818885
whfast,35.51934725880992,19.600000000000154,0.002443349149942229
whfast,35.881789577777376,19.800000000000157,0.0008205187847780257
whfast,36.24423189674483,20.00000000000016,0.0005486806039777568
whfast,36.60667421571228,20.200000000000166,0.0050329637080795955
whfast,36.969116534679735,20.40000000000017,0.018092406006459533
whfast,37.33155885364719,20.600000000000176,0.002536150689103953
whfast,37.69400117261464,20.80000000000018,0.0008201384010704541
whfast,38.056443491582094,21.00000000000018,0.0005772037664035301
whfast,38.41888581054955,21.200000000000188,0.004849032289680443
whfast,38.781328129517,21.40000000000019,0.01798248944751401
whfast,39.14377044848445,21.600000000000197,0.002623908858371155
whfast,39.506212767451906,21.8000000000002,0.000828237294468975
whfast,39.86865508641936,22.000000000000203,0.0006144668400110267
whfast,40.23109740538681,22.20000000000021,0.004658101605639721
whfast,40.593539724354265,22.40000000000021,0.017862768746439377
whfast,40.95598204332172,22.600000000000215,0.0027094104645128307
whfast,41.31842436228917,22.80000000000022,0.0008429955871321665
whfast,41.680866681256624,23.000000000000224,0.0006588441706576152
whfast,42.04330900022408,23.20000000000023,0.004460970834501589
whfast,42.40575131919153,23.400000000000233,0.017738650633480676
whfast,42.768193638158984,23.600000000000236,0.0027962044849680033
whfast,43.13063595712644,23.800000000000242,0.0008617630576549853
whfast,43.49307827609389,24.000000000000245,0.0007078398824011128
whfast,43.85552059506134,24.20000000000025,0.0042597548607352835
whfast,44.217962914028796,24.400000000000254,0.01761699196814468
whfast,44.58040523299625,24.600000000000257,0.002888388822399501
whfast,44.9428475519637,24.800000000000264,0.0008811997158490025
whfast,45.305289870931155,25.000000000000266,0.000758187177305507
whfast,45.66773218989861,25.200000000000273,0.0040577911962249415
whfast,46.03017450886606,25.400000000000276,0.01750589114189999
whfast,46.392616827833514,25.60000000000028,0.0029902398010774995
whfast,46.75505914680097,25.800000000000285,0.0008975471086033915
whfast,47.11750146576842,26.000000000000288,0.0008061185482809185
whfast,47.47994378473587,26.200000000000294,0.0038593805052079037
whfast,47.842386103703326,26.400000000000297,0.01741402754026788
whfast,48.20482842267078,26.6000000000003,0.003105692757657491
whfast,48.56727074163823,26.800000000000306,0.000907057607342061
whfast,48.929713060605685,27.00000000000031,0.0008477954158553627
whfast,49.29215537957314,27.200000000000315,0.003669263299835847
whfast,49.65459769854059,27.40000000000032,0.01734956976633043
whfast,50.017040017508045,27.60000000000032,0.0032377050072382955
whfast,50.3794823364755,27.800000000000328,0.0009065736941256573
whfast,50.74192465544295,28.00000000000033,0.0008798930261704942
whfast,51.104366974410404,28.200000000000337,0.003491904481151489
whfast,51.46680929337786,28.40000000000034,0.017318796504180792
whfast,51.82925161234531,28.600000000000342,0.003387675534985463
whfast,52.19169393131276,28.80000000000035,0.0008941054055181176
whfast,52.554136250280216,29.00000000000035,0.0009001979845042571
whfast,52.91657856924767,29.200000000000355,0.00333072971230262
whfast,53.27902088821512,29.40000000000036,0.01732486572176563
whfast,53.641463207182575,29.600000000000364,0.00355508236722841
whfast,54.00390552615003,29.80000000000037,0.000869238569050881
whfast,54.36634784511748,30.000000000000373,0.0009080496258273142
whfast,54.728790164084934,30.200000000000376,0.003187483910876842
whfast,55.09123248305239,30.400000000000382,0.017367133768664597
whfast,55.45367480201984,30.600000000000385,0.003737503550741523
whfast,55.81611712098729,30.80000000000039,0.0008332412671720696
whfast,56.178559439954746,31.000000000000394,0.000904469658651049
whfast,56.5410017589222,31.200000000000397,0.0030619588801988258
whfast,56.90344407788965,31.400000000000404,0.01744130228535382
whfast,57.265886396857105,31.600000000000406,0.003931057933727155
whfast,57.62832871582456,31.800000000000413,0.0007887960883808708
whfast,57.99077103479201,32.00000000000041,0.0008919362790731539
whfast,58.353213353759465,32.20000000000042,0.0029521137440109515
whfast,58.71565567272692,32.400000000000425,0.017540342325388685
whfast,59.07809799169437,32.60000000000043,0.004131095234585872
whfast,59.440540310661824,32.80000000000043,0.0007394831238701101
whfast,59.80298262962928,33.00000000000043,0.0008738962829770125
whfast,60.16542494859673,33.20000000000044,0.0028545379058862175
whfast,60.52786726756418,33.400000000000446,0.017655815732514405
whfast,60.890309586531636,33.60000000000045,0.004332986246697112
whfast,61.25275190549909,33.80000000000045,0.0006891802330667758
whfast,61.61519422446654,34.000000000000455,0.0008541625515819384
whfast,61.977636543433995,34.200000000000465,0.002765086975607448
whfast,62.34007886240145,34.40000000000047,0.017779178158389537
whfast,62.7025211813689,34.60000000000047,0.004532756457367608
whfast,63.064963500336354,34.80000000000047,0.0006415132262660846
whfast,63.42740581930381,35.000000000000476,0.0008363949978435124
whfast,63.78984813827126,35.200000000000486,0.0026794826270953773
whfast,64.15229045723869,35.400000000000475,0.01790271942048575
whfast,64.51473277620609,35.60000000000045,0.004727506438696868
whfast,64.87717509517348,35.80000000000042,0.0005994949405913017
whfast,65.23961741414088,36.0000000000004,0.0008237079268466219
whfast,65.60205973310828,36.200000000000365,0.00259377421375374
whfast,65.96450205207567,36.40000000000034,0.018020052503179704
whfast,66.32694437104307,36.600000000000314,0.004915617098865776
whfast,66.68938669001047,36.80000000000029,0.0005653153474080103
whfast,67.05182900897786,37.000000000000256,0.0008184660105386295
whfast,67.41427132794526,37.20000000000023,0.002504659044263639
whfast,67.77671364691265,37.400000000000205,0.018126188782748666
whfast,68.13915596588005,37.60000000000018,0.005096765939764581
whfast,68.50159828484745,37.80000000000015,0.0005402718445052146
whfast,68.86404060381484,38.00000000000012,0.0008221948584326181
whfast,69.22648292278224,38.200000000000095,0.0024096477024795776
whfast,69.58892524174964,38.40000000000007,0.018217366672958868
whfast,69.95136756071703,38.600000000000044,0.005271861147163624
whfast,70.31380987968443,38.80000000000001,0.0005247602257066388
whfast,70.67625219865182,38.999999999999986,0.0008355420744503183
whfast,71.03869451761922,39.19999999999996,0.002307177037403117
whfast,71.40113683658662,39.399999999999935,0.01829075623646446
whfast,71.76357915555401,39.59999999999991,0.00544293309288824
whfast,72.12602147452141,39.799999999999876,0.0005182841071523023
whfast,72.4884637934888,39.99999999999985,0.0008582840868728562
whfast,72.8509061124562,40.199999999999825,0.0021966796937042472
whfast,73.2133484314236,40.3999999999998,0.018344165488206266
whfast,73.575790750391,40.599999999999774,0.005612996739397761
whfast,73.93823306935839,40.79999999999974,0.000519467684712258
whfast,74.30067538832579,40.999999999999716,0.0008893023650583303
whfast,74.66311770729318,41.19999999999969,0.002078642286308742
whfast,75.02556002626058,41.399999999999665,0.01837583949670727
whfast,75.38800234522797,41.59999999999963,0.005785901418129316
whfast,75.75044466419537,41.799999999999606,0.0005260792964620337
whfast,76.11288698316277,41.99999999999958,0.0009265971153566807
whfast,76.47532930213016,42.199999999999555,0.001954657133348724
whfast,76.83777162109756,42.39999999999953,0.018384350940794103
whfast,77.20021394006496,42.5999999999995,0.005966097167690985
whfast,77.56265625903235,42.79999999999947,0.0005351148831913225
whfast,77.92509857799975,42.999999999999446,0.0009673463276447748
whfast,78.28754089696714,43.19999999999942,0.0018273909275697614
whfast,78.64998321593454,43.39999999999939,0.01836865102015787
whfast,79.01242553490194,43.59999999999936,0.006158272140898756
whfast,79.37486785386933,43.799999999999336,0.0005429743835774521
whfast,79.73731017283673,43.99999999999931,0.0010080612905558838
whfast,80.09975249180413,44.199999999999285,0.0017004367733378582
whfast,80.46219481077152,44.39999999999925,0.01832819031792498
whfast,80.82463712973892,44.59999999999923,0.006366858852857104
whfast,81.18707944870631,44.7999999999992,0.0005458130804794135
whfast,81.54952176767371,44.999999999999176,0.0010449165056146982
whfast,81.9119640866411,45.19999999999915,0.0015779649053181597
whfast,82.2744064056085,45.39999999999912,0.018263087359432606
whfast,82.6368487245759,45.59999999999909,0.006595380361691471
whfast,82.9992910435433,45.799999999999066,0.0005400296049678703
whfast,83.36173336251069,45.99999999999904,0.0010742494159925728
whfast,83.72417568147809,46.19999999999901,0.0014641821970007706
whfast,84.08661800044548,46.39999999999898,0.018174249920117416
whfast,84.44906031941288,46.59999999999896,0.006845794215373801
whfast,84.81150263838028,46.79999999999893,0.0005228670533485686
whfast,85.17394495734767,46.999999999998906,0.0010931434456263752
whfast,85.53638727631507,47.19999999999887,0.0013626509402848833
whfast,85.89882959528246,47.39999999999885,0.018063321436289914
whfast,86.26127191424986,47.59999999999882,0.007117985099835757
whfast,86.62371423321726,47.799999999998796,0.0004929505987467647
whfast,86.98615655218465,47.999999999998764,0.0010999911518018053
whfast,87.34859887115205,48.19999999999874,0.0012756435395848255
whfast,87.71104119011945,48.39999999999871,0.01793244861774255
whfast,88.07348350908684,48.59999999999869,0.007409620786524875
whfast,88.43592582805424,48.79999999999866,0.00045057736594023435
whfast,88.79836814702163,48.99999999999863,0.0010948142052846124
whfast,89.16081046598903,49.1999999999986,0.0012037098482274157
whfast,89.52325278495643,49.39999999999858,0.017783892516843813
whfast,89.88569510392382,49.59999999999855,0.007716472805108598
whfast,90.24813742289122,49.79999999999852,0.00039768385381709024
whfast,90.61057974185861,49.999999999998494,0.001079257153861327
whfast,90.97302206082601,50.19999999999847,0.001145603158354637
whfast,91.33546437979341,50.39999999999844,0.01761959950671761
whfast,91.6979066987608,50.59999999999842,0.008033128601165333
whfast,92.0603490177282,50.799999999998384,0.00033744378872327467
whfast,92.4227913366956,50.99999999999836,0.0010562492804618948
whfast,92.78523365566299,51.19999999999833,0.0010985910226836992
whfast,93.14767597463039,51.39999999999831,0.017440884183869472
whfast,93.51011829359778,51.59999999999828,0.008353900610247158
whfast,93.87256061256518,51.79999999999825,0.00027369063776765937
whfast,94.23500293153258,51.999999999998224,0.0010294397992169748
whfast,94.59744525049997,52.1999999999982,0.0010589869057628586
whfast,94.95988756946737,52.39999999999817,0.017248266564311516
whfast,95.32232988843477,52.59999999999814,0.008673673360463147
whfast,95.68477220740216,52.799999999998114,0.0002103103008182985
whfast,96.04721452636956,52.99999999999809,0.0010026203480532016
whfast,96.40965684533695,53.19999999999806,0.0010227775004489298
whfast,96.77209916430435,53.39999999999804,0.017041467405048413
whfast,97.13454148327175,53.599999999998005,0.008988533823851792
whfast,97.49698380223914,53.79999999999798,0.00015074250166068233
whfast,97.85942612120654,53.999999999997954,0.0009792394881352568
whfast,98.22186844017394,54.19999999999793,0.0009861311013341359
whfast,98.58431075914133,54.399999999997895,0.01681954571595654
whfast,98.94675307810873,54.59999999999787,0.009296092061363257
whfast,99.30919539707612,54.799999999997844,9.767729558155909e-05
whfast,99.67163771604352,54.99999999999782,0.0009620981768465246
whfast,100.03408003501092,55.19999999999779,0.0009457572701407513
whfast,100.39652235397831,55.39999999999776,0.016581073012937358
whfast,100.75896467294571,55.599999999997735,0.009595566972070264
whfast,101.1214069919131,55.79999999999771,5.2913905048093117e-05
whfast,101.4838493108805,55.999999999997684,0.0009531895197668859
whfast,101.8462916298479,56.19999999999766,0.0008991249992694102
whfast,102.2087339488153,56.399999999997625,0.016324365556265992
whfast,102.57117626778269,56.5999999999976,0.009887677596635313
whfast,102.93361858675009,56.799999999997574,1.731211434186573e-05
whfast,103.29606090571748,56.99999999999755,0.0009536458843268014
whfast,103.65850322468488,57.199999999997516,0.000844553034674221
whfast,104.02094554365227,57.39999999999749,0.016047732457749857
whfast,104.38338786261967,57.599999999997465,0.0101744450539468
whfast,104.74583018158707,57.79999999999744,9.183913731812417e-06
whfast,105.10827250055446,57.999999999997414,0.0009637250708720354
whfast,105.47071481952186,58.19999999999738,0.0007812697609804713
whfast,105.83315713848926,58.399999999997355,0.015749766693473888
whfast,106.19559945745665,58.59999999999733,0.010458966814765186
whfast,106.55804177642405,58.799999999997304,2.7533264938169736e-05
whfast,106.92048409539144,58.99999999999727,0.0009828108636184935
whfast,107.28292641435884,59.199999999997246,0.0007094496195897752
whfast,107.64536873332624,59.39999999999722,0.015429690603324941
whfast,108.00781105229363,59.599999999997195,0.01074513587016807
whfast,108.37025337126103,59.79999999999717,3.957001731362821e-05
whfast,108.73269569022843,59.99999999999714,0.001009417510286551
whfast,109.09513800919582,60.19999999999711,0.0006302404775434386
whfast,109.45758032816322,60.399999999997085,0.015087727286308328
whfast,109.82002264713061,60.59999999999706,0.011037345211271758
whfast,110.18246496609801,60.799999999997034,4.794639004310348e-05
whfast,110.5449072850654,60.999999999997,0.0010412010179954886
whfast,110.9073496040328,61.199999999996976,0.0005457794713351927
whfast,111.2697919230002,61.39999999999695,0.014725468932362372
whfast,111.6322342419676,61.599999999996925,0.011340076163538907
whfast,111.99467656093499,61.79999999999689,5.6024485543312226e-05
whfast,112.35711887990239,61.99999999999687,0.001075063849920715
whfast,112.71956119886978,62.19999999999684,0.00045911698517985087
whfast,113.08200351783718,62.399999999996815,0.014346138514515765
whfast,113.44444583680458,62.59999999999679,0.011657377288174018
whfast,113.80688815577197,62.79999999999676,6.761675886310747e-05
whfast,114.16933047473937,62.99999999999673,0.0011073572832232287
whfast,114.53177279370676,63.199999999996706,0.00037399169359095155
whfast,114.89421511267416,63.39999999999668,0.013954650371293207
whfast,115.25665743164156,63.59999999999665,0.011992244812607593
whfast,115.61909975060895,63.79999999999662,8.657873108312629e-05
whfast,115.98154206957635,63.9999999999966,0.0011342821093522737
whfast,116.34398438854375,64.19999999999656,0.00029444358768675004
whfast,116.70642670751114,64.39999999999654,0.013557327673479924
whfast,117.06886902647854,64.59999999999651,0.012345960445403925
whfast,117.43131134544593,64.79999999999649,0.0001162439190385558
whfast,117.79375366441333,64.99999999999646,0.0011524323951846978
whfast,118.15619598338073,65.19999999999644,0.0002242248113468459
whfast,118.51863830234812,65.39999999999641,0.01316126271337735
whfast,118.88108062131552,65.59999999999638,0.012717573047427261
whfast,119.24352294028292,65.79999999999636,0.00015882918834808025
whfast,119.60596525925031,65.99999999999632,0.0011593807260122358
whfast,119.96840757821771,66.1999999999963,0.0001661624240426355
whfast,120.3308498971851,66.39999999999627,0.012773364856858569
whfast,120.6932922161525,66.59999999999624,0.013103733507902835
whfast,121.0557345351199,66.79999999999622,0.0002149709995750132
whfast,121.41817685408729,66.99999999999619,0.0011541737805881391
whfast,121.78061917305469,67.19999999999617,0.00012160985544137727
whfast,122.14306149202208,67.39999999999614,0.012399336406049784
whfast,122.50550381098948,67.59999999999611,0.01349898630587278
whfast,122.86794612995688,67.79999999999607,0.00028356535456613844
whfast,123.23038844892427,67.99999999999605,0.0011375255002628202
whfast,123.59283076789167,68.19999999999602,9.018173036116637e-05
whfast,123.95527308685907,68.399999999996,0.012042874569101152
whfast,124.31771540582646,68.59999999999597,0.013896535704480233
whfast,124.68015772479386,68.79999999999595,0.0003619763240668657
whfast,125.04260004376125,68.99999999999592,0.0011116686035517471
whfast,125.40504236272865,69.1999999999959,6.986955802680001e-05
whfast,125.76748468169605,69.39999999999587,0.011705279027216471
whfast,126.12992700066344,69.59999999999583,0.014289251111613761
whfast,126.49236931963084,69.7999999999958,0.0004465420555528986
whfast,126.85481163859824,69.99999999999578,0.0010799091997115331
whfast,127.21725395756563,70.19999999999575,5.746449383764938e-05
whfast,127.57969627653303,70.39999999999573,0.011385578255555988
whfast,127.94213859550042,70.5999999999957,0.014670634579322417
whfast,128.30458091446783,70.79999999999568,0.0005332284473280607
whfast,128.66702323343523,70.99999999999565,0.0010460256813503886
whfast,129.02946555240263,71.19999999999563,4.915138872418634e-05
whfast,129.39190787137002,71.3999999999956,0.01108099355899171
whfast,129.75435019033742,71.59999999999557,0.015035540349310343
whfast,130.11679250930482,71.79999999999555,0.0006182122500933178
whfast,130.4792348282722,71.99999999999552,0.0010137129712628346
whfast,130.8416771472396,72.1999999999955,4.107586830878119e-05
whfast,131.204119466207,72.39999999999546,0.010787583769610462
whfast,131.5665617851744,72.59999999999543,0.015380495220287125
whfast,131.9290041041418,72.7999999999954,0.0006983291605729132
whfast,132.2914464231092,72.99999999999538,0.0009861768687931848
whfast,132.6538887420766,73.19999999999536,2.9790264118692958e-05
whfast,133.01633106104399,73.39999999999533,0.010500895540060695
whfast,133.37877338001138,73.5999999999953,0.015703695432289107
whfast,133.74121569897878,73.79999999999528,0.0007713040542452763
whfast,134.10365801794617,73.99999999999525,0.000965875357757803
whfast,134.46610033691357,74.19999999999523,1.2520186949593376e-05
whfast,134.82854265588097,74.39999999999519,0.010216493447904972
whfast,135.19098497484836,74.59999999999516,0.016004754294498394
whfast,135.55342729381576,74.79999999999514,0.0008358387952995435
whfast,135.91586961278315,74.99999999999511,0.0009544261982390432
whfast,136.27831193175055,75.19999999999509,1.2689939247231035e-05
whfast,136.64075425071795,75.39999999999506,0.009930375636358383
whfast,137.00319656968534,75.59999999999503,0.01628434361686996
whfast,137.36563888865274,75.79999999999501,0.0008916244741358359
whfast,137.72808120762014,75.99999999999498,0.0009525691414409578
whfast,138.09052352658753,76.19999999999494,4.692627872093089e-05
whfast,138.45296584555493,76.39999999999492,0.009639305486918387
whfast,138.81540816452232,76.59999999999489,0.016543814347954693
whfast,139.17785048348972,76.79999999999487,0.0009392956924593051
whfast,139.54029280245712,76.99999999999484,0.0009601709253611531
whfast,139.9027351214245,77.19999999999482,9.038392401997369e-05
whfast,140.2651774403919,77.39999999999479,0.009341072356775804
whfast,140.6276197593593,77.59999999999476,0.0167848479986382
whfast,140.9900620783267,77.79999999999474,0.000980405023640211
whfast,141.3525043972941,77.9999999999947,0.0009762312925738868
whfast,141.7149467162615,78.19999999999467,0.0001423336391421566
whfast,142.0773890352289,78.39999999999465,0.009034744599950168
whfast,142.4398313541963,78.59999999999462,0.01700915524920218
whfast,142.80227367316368,78.7999999999946,0.0010173693174180933
whfast,143.16471599213108,78.99999999999457,0.0009988804831653983
whfast,143.52715831109847,79.19999999999455,0.00020112160137989978
whfast,143.88960063006587,79.39999999999452,0.008720871466027338
whfast,144.25204294903327,79.5999999999945,0.017218210296323526
whfast,144.61448526800066,79.79999999999445,0.0010533738098403138
whfast,144.97692758696806,79.99999999999443,0.0010254305260892433
whfast,145.33936990593546,80.1999999999944,0.0002641771829367985
whfast,145.70181222490285,80.39999999999438,0.008401594767917235
whfast,146.06425454387025,80.59999999999435,0.01741303277651441
whfast,146.42669686283764,80.79999999999433,0.0010921937609648699
whfast,146.78913918180504,80.9999999999943,0.0010525072193057893
whfast,147.15158150077244,81.19999999999428,0.0003281511157315107
whfast,147.51402381973983,81.39999999999425,0.008080622696933753
whfast,147.87646613870723,81.59999999999421,0.017593984281307824
whfast,148.23890845767463,81.79999999999418,0.001137854060924693
whfast,148.60135077664202,81.99999999999416,0.0010763428345413114
whfast,148.96379309560942,82.19999999999413,0.0003891995181862487
whfast,149.32623541457681,82.39999999999411,0.00776292927029459
whfast,149.6886777335442,82.59999999999408,0.017760651899717442
whfast,150.0511200525116,82.79999999999406,0.0011941206041513994
whfast,150.413562371479,82.99999999999403,0.0010932272194846293
whfast,150.7760046904464,83.199999999994,0.0004434382060604078
whfast,151.1384470094138,83.39999999999397,0.00745418147185944
whfast,151.5008893283812,83.59999999999394,0.017911815395672884
whfast,151.8633316473486,83.79999999999391,0.0012639105154364611
whfast,152.22577396631598,83.99999999999389,0.0011000907345666301
whfast,152.58821628528338,84.19999999999386,0.0004875507315738736
whfast,152.95065860425078,84.39999999999384,0.007159902747471264
whfast,153.31310092321817,84.59999999999381,0.018045582015518945
whfast,153.67554324218557,84.79999999999379,0.0013487105823464113
whfast,154.03798556115296,84.99999999999376,0.0010950666706292266
whfast,154.40042788012036,85.19999999999374,0.0005193904086768926
whfast,154.76287019908776,85.3999999999937,0.006884556998241203
whfast,155.12531251805515,85.59999999999367,0.01815970497864749
whfast,155.48775483702255,85.79999999999364,0.001448241058594861
whfast,155.85019715598995,85.99999999999362,0.001077881304093125
whfast,156.21263947495734,86.1999999999936,0.0005384008009105093
whfast,156.57508179392474,86.39999999999357,0.006630792263440237
whfast,156.93752411289213,86.59999999999354,0.01825198587176365
whfast,157.29996643185953,86.79999999999352,0.001560463424086329
whfast,157.66240875082693,86.99999999999349,0.0010499211790877692
whfast,158.02485106979432,87.19999999999345,0.0005457272371215735
whfast,158.38729338876172,87.39999999999343,0.006399056158708877
whfast,158.74973570772912,87.5999999999934,0.018320690811508708
whfast,159.1121780266965,87.79999999999337,0.0016819586526851753
whfast,159.4746203456639,87.99999999999335,0.0010139371519755286
whfast,159.8370626646313,88.19999999999332,0.0005439511502519575
whfast,160.1995049835987,88.3999999999933,0.006187676761328861
whfast,160.5619473025661,88.59999999999327,0.018364806185710916
whfast,160.9243896215335,88.79999999999325,0.00180856932672715
whfast,161.2868319405009,88.99999999999321,0.0009735294987905938
whfast,161.64927425946829,89.19999999999318,0.0005365815381007737
whfast,162.01171657843568,89.39999999999316,0.005993317515609016
whfast,162.37415889740308,89.59999999999313,0.018384102496045107
whfast,162.73660121637047,89.7999999999931,0.0019360770534011112
whfast,163.09904353533787,89.99999999999308,0.0009325295682421293
whfast,163.46148585430527,90.19999999999305,0.0005274700737712072
whfast,163.82392817327266,90.39999999999303,0.0058116399204253206
whfast,164.18637049224006,90.599999999993,0.018379048106874993
whfast,164.54881281120745,90.79999999999296,0.0020607799914756785
whfast,164.91125513017485,90.99999999999294,0.000894498067993597
whfast,165.27369744914225,91.19999999999291,0.0005202741677489926
whfast,165.63613976810964,91.39999999999289,0.005637948016083769
whfast,165.99858208707704,91.59999999999286,0.018350636251915128
whfast,166.36102440604444,91.79999999999283,0.002179858839548546
whfast,166.72346672501183,91.99999999999281,0.0008623761015321849
whfast,167.08590904397923,92.19999999999278,0.0005181050362665383
whfast,167.44835136294662,92.39999999999276,0.005467734306019993
whfast,167.81079368191402,92.59999999999272,0.018300234042733704
whfast,168.17323600088142,92.79999999999269,0.0022915589644901947
whfast,168.5356783198488,92.99999999999267,0.0008382890982293477
whfast,168.8981206388162,93.19999999999264,0.0005233128635602156
whfast,169.2605629577836,93.39999999999262,0.005297045399578909
whfast,169.623005276751,93.59999999999259,0.01822954886554944
whfast,169.9854475957184,93.79999999999256,0.0023952260370325245
whfast,170.3478899146858,93.99999999999254,0.0008234872906139943
whfast,170.7103322336532,94.19999999999251,0.0005374031336945835
whfast,171.0727745526206,94.39999999999249,0.00512272505709085
whfast,171.43521687158798,94.59999999999245,0.018140692452598535
whfast,171.79765919055538,94.79999999999242,0.002491276593960667
whfast,172.16010150952278,94.9999999999924,0.0008183327349700811
whfast,172.52254382849017,95.19999999999237,0.0005610077133068156
whfast,172.88498614745757,95.39999999999235,0.0049425925868827715
whfast,173.24742846642496,95.59999999999232,0.018036390466750485
whfast,173.60987078539236,95.7999999999923,0.0025811334397960453
whfast,173.97231310435976,95.99999999999227,0.000822303051280757
whfast,174.33475542332715,96.19999999999224,0.0005938666920099435
whfast,174.69719774229455,96.3999999999922,0.004755561058621426
whfast,175.05964006126194,96.59999999999218,0.017920261143666676
whfast,175.42208238022934,96.79999999999215,0.0026671492790091736
whfast,175.78452469919674,96.99999999999213,0.0008340079830433853
whfast,176.14696701816413,97.1999999999921,0.000634818178985426
whfast,176.50940933713153,97.39999999999208,0.00456176735742584
whfast,176.87185165609893,97.59999999999205,0.017797105415970668
whfast,177.23429397506632,97.79999999999202,0.0027525202688686774
whfast,177.59673629403372,97.999999999992,0.0008512012249342389
whfast,177.95917861300111,98.19999999999196,0.0006817983603335901
whfast,178.3216209319685,98.39999999999193,0.004362641099945674
whfast,178.6840632509359,98.59999999999191,0.01767312134773015
whfast,179.0465055699033,98.79999999999188,0.002841108493942279
whfast,179.4089478888707,98.99999999999186,0.000870862498919106
whfast,179.7713902078381,99.19999999999183,0.0007319102802299242
whfast,180.1338325268055,99.3999999999918,0.004160893171532379
whfast,180.4962748457729,99.59999999999178,0.01755585856451459
whfast,180.85871716474028,99.79999999999175,0.002937175453111935
whfast,181.22115948370768,99.99999999999172,0.0008894006864172547
whfast,181.58360180267508,100.19999999999169,0.0007815966354844078
whfast,181.94604412164247,100.39999999999166,0.003960359438188233
whfast,182.30848644060987,100.59999999999164,0.017453804940331528
whfast,182.67092875957727,100.79999999999161,0.0030449243944622216
whfast,183.03337107854466,100.99999999999159,0.0009029902967352802
whfast,183.39581339751206,101.19999999999156,0.0008269948276518666
whfast,183.75825571647945,101.39999999999154,0.003765609548846322
whfast,184.12069803544685,101.59999999999151,0.017375496512186044
whfast,184.48314035441425,101.79999999999147,0.003167910104212278
whfast,184.84558267338164,101.99999999999145,0.0009080974737973599
whfast,185.20802499234904,102.19999999999142,0.0008644391147475493
whfast,185.57046731131643,102.3999999999914,0.0035813240199107604
whfast,185.93290963028383,102.59999999999137,0.017328257728983942
whfast,186.29535194925123,102.79999999999134,0.003308416443056762
whfast,186.65779426821862,102.99999999999132,0.0009020622445553704
whfast,187.02023658718602,103.19999999999129,0.000891075311606667
whfast,187.38267890615342,103.39999999999127,0.003411545580277358
whfast,187.7451212251208,103.59999999999123,0.017316851252346072
whfast,188.1075635440882,103.7999999999912,0.003466944511475926
whfast,188.4700058630556,103.99999999999118,0.0008836234477398308
whfast,188.832448182023,104.19999999999115,0.0009054078489312372
whfast,189.1948905009904,104.39999999999112,0.003258937574906771
whfast,189.5573328199578,104.5999999999911,0.01734248067028368
whfast,189.9197751389252,104.79999999999107,0.0036420321479706005
whfast,190.28221745789259,104.99999999999105,0.0008531942595459654
whfast,190.64465977685998,105.19999999999102,0.0009075940481020535
whfast,191.00710209582738,105.399999999991,0.0031243148625536526
whfast,191.36954441479477,105.59999999999096,0.017402513925371496
whfast,191.73198673376217,105.79999999999093,0.0038304805737445886
whfast,192.09442905272957,105.9999999999909,0.000812777985316162
whfast,192.45687137169696,106.19999999999088,0.000899414683310736
whfast,192.81931369066436,106.39999999999085,0.0030065528687524216
whfast,193.18175600963175,106.59999999999083,0.017491042576799606
whfast,193.54419832859915,106.7999999999908,0.004027931409274347
whfast,193.90664064756655,106.99999999999078,0.0007655691478423417
whfast,194.26908296653394,107.19999999999075,0.000883883597484939
whfast,194.63152528550134,107.39999999999071,0.002902887155167264
whfast,194.99396760446874,107.59999999999069,0.017600074527319147
whfast,195.35640992343613,107.79999999999066,0.0042296427227100555
whfast,195.71885224240353,107.99999999999064,0.0007153624984392242
whfast,196.08129456137092,108.19999999999061,0.0008646931578346637
whfast,196.44373688033832,108.39999999999058,0.002809493354074831
whfast,196.80617919930572,108.59999999999056,0.01772089743043675
whfast,197.1686215182731,108.79999999999053,0.004431218788924013
whfast,197.5310638372405,108.99999999999051,0.0006659686965345354
whfast,197.8935061562079,109.19999999999047,0.0008456359816632692
whfast,198.2559484751753,109.39999999999044,0.0027221103628012797
whfast,198.6183907941427,109.59999999999042,0.017845260748761967
whfast,198.9808331131101,109.79999999999039,0.0046291467533960805
whfast,199.3432754320775,109.99999999999037,0.0006207454982799095
whfast,199.7057177510449,110.19999999999034,0.0008301316844198615
whfast,200.06816007001228,110.39999999999031,0.0026365954455100735
whfast,200.43060238897968,110.59999999999029,0.01796608936746201
whfast,200.79304470794708,110.79999999999026,0.00482112354319751
whfast,201.15548702691447,110.99999999999022,0.0005823193472400356
whfast,201.51792934588187,111.1999999999902,0.0008209371551453024
whfast,201.88037166484926,111.39999999999017,0.0025493057886334107
whfast,202.24281398381666,111.59999999999015,0.018077749774327412
whfast,202.60525630278406,111.79999999999012,0.005006146793903355
whfast,202.96769862175145,111.9999999999901,0.0005524427295794362
whfast,203.33014094071885,112.19999999999007,0.0008200054835579384
whfast,203.69258325968624,112.39999999999004,0.0024573364082589072
whfast,204.05502557865364,112.59999999999002,0.018175982833371886
whfast,204.41746789762104,112.79999999998998,0.0051844970219808275
whfast,204.77991021658843,112.99999999998995,0.0005319670918980407
whfast,205.14235253555583,113.19999999998993,0.000828422661753255
whfast,205.50479485452323,113.3999999999899,0.002358653109494855
whfast,205.86723717349062,113.59999999998988,0.0182576253999089
whfast,206.22967949245802,113.79999999998985,0.005357636797889718
whfast,206.59212181142541,113.99999999998983,0.0005208535788365003
whfast,206.9545641303928,114.1999999999898,0.0008464092663370855
whfast,207.3170064493602,114.39999999998977,0.0022521776269899822
whfast,207.6794487683276,114.59999999998975,0.018320299287076274
whfast,208.041891087295,114.79999999998971,0.005528085292089383
whfast,208.4043334062624,114.99999999998968,0.0005181761970827309
whfast,208.7667757252298,115.19999999998966,0.0008733028016866888
whfast,209.1292180441972,115.39999999998963,0.002137855563991955
whfast,209.49166036316458,115.5999999999896,0.01836213725937255
whfast,209.85410268213198,115.79999999998958,0.005699284454597513
whfast,210.21654500109938,115.99999999998956,0.0005221515038246303
whfast,210.57898732006677,116.19999999998953,0.0009075556344645885
whfast,210.94142963903417,116.3999999999895,0.0020167083698299777
whfast,211.30387195800157,116.59999999998946,0.018381609805610037
whfast,211.66631427696896,116.79999999998944,0.005875404143837621
whfast,212.02875659593636,116.99999999998941,0.0005301628343732309
whfast,212.39119891490375,117.19999999998939,0.0009467655311385794
whfast,212.75364123387115,117.39999999998936,0.0018908606016069629
whfast,213.11608355283855,117.59999999998934,0.01837750262672463
whfast,213.47852587180594,117.79999999998931,0.006061062702935847
whfast,213.84096819077334,117.99999999998929,0.0005388924406991072
whfast,214.20341050974073,118.19999999998926,0.000987760926716033
whfast,214.56585282870813,118.39999999998922,0.0017634504124675338
whfast,214.92829514767553,118.5999999999892,0.018349006520936902
whfast,215.29073746664292,118.79999999998917,0.006260891244786496
whfast,215.65317978561032,118.99999999998914,0.0005445788365828467
whfast,216.01562210457772,119.19999999998912,0.0010268502498945052
whfast,216.3780644235451,119.39999999998909,0.0016384067757681299
whfast,216.7405067425125,119.59999999998907,0.018295878840654037
whfast,217.1029490614799,119.79999999998904,0.006478954798330544
whfast,217.4653913804473,119.99999999998902,0.0005434302254977632
whfast,217.8278336994147,120.19999999998898,0.0010602231661067344
whfast,218.1902760183821,120.39999999998895,0.0015199919838008089
whfast,218.5527183373495,120.59999999998892,0.018218624787147943
whfast,218.91516065631689,120.7999999999889,0.006718071418760788
whfast,219.27760297528428,120.99999999998887,0.0005321928699439404
whfast,219.64004529425168,121.19999999998885,0.0010845160233481747
whfast,220.00248761321907,121.39999999998882,0.0014121724335364354
whfast,220.36492993218647,121.5999999999888,0.018118534472600187
whfast,220.72737225115387,121.79999999998877,0.006979209899097248
whfast,221.08981457012126,121.99999999998873,0.000508742879404576
whfast,221.45225688908866,122.1999999999887,0.0010974090799290043
whfast,221.81469920805606,122.39999999998868,0.001317937052213271
whfast,222.17714152702345,122.59999999998865,0.017997556315790916
whfast,222.53958384599085,122.79999999998863,0.007261140795476018
whfast,222.90202616495824,122.9999999999886,0.0004725171592478524
whfast,223.26446848392564,123.19999999998858,0.001098088397248769
whfast,223.62691080289304,123.39999999998855,0.0012387182507058283
whfast,223.98935312186043,123.59999999998853,0.017857962642809717
whfast,224.35179544082783,123.79999999998849,0.007560519668778027
whfast,224.71423775979522,123.99999999998846,0.00042466115098529106
whfast,225.07668007876262,124.19999999998844,0.0010874144805226142
whfast,225.43912239773002,124.39999999998841,0.0011741419913618416
whfast,225.8015647166974,124.59999999998838,0.017701913022062706
whfast,226.1640070356648,124.79999999998836,0.007872436507193672
whfast,226.5264493546322,124.99999999998833,0.0003677892265317184
whfast,226.8888916735996,125.19999999998831,0.0010677328847339272
whfast,227.251333992567,125.39999999998828,0.0011221502201822255
whfast,227.6137763115344,125.59999999998826,0.017531066136826406
whfast,227.9762186305018,125.79999999998822,0.008191246848528287
whfast,228.3386609494692,125.99999999998819,0.0003054770159198367
whfast,228.70110326843658,126.19999999998817,0.0010424078328396978
whfast,229.06354558740398,126.39999999998814,0.0010794427081971451
whfast,229.42598790637138,126.59999999998811,0.017346317285998326
whfast,229.78843022533877,126.79999999998809,0.008511499836279959
whfast,230.15087254430617,126.99999999998806,0.0002416491184475564
whfast,230.51331486327356,127.19999999998804,0.0010152219985683317
whfast,230.87575718224096,127.39999999998801,0.0010420904347189625
whfast,231.23819950120836,127.59999999998797,0.017147729175463883
whfast,231.60064182017575,127.79999999998795,0.008828674562094447
whfast,231.96308413914315,127.99999999998792,0.00018000196950081947
whfast,232.32552645811055,128.1999999999879,0.0009898433127902926
whfast,232.68796877707794,128.39999999998787,0.0010061126194365558
whfast,233.05041109604534,128.59999999998783,0.01693459828160005
whfast,233.41285341501273,128.79999999998782,0.00913964720665165
whfast,233.77529573398013,128.99999999998778,0.0001236184839473156
whfast,234.13773805294753,129.19999999998777,0.0009694138549125971
whfast,234.50018037191492,129.39999999998773,0.0009679103177470109
whfast,234.86262269088232,129.59999999998772,0.016705626225979358
whfast,235.22506500984971,129.79999999998768,0.00944288472187186
whfast,235.5875073288171,129.99999999998766,7.47381753104023e-05
whfast,235.9499496477845,130.19999999998763,0.0009563339693779974
whfast,236.3123919667519,130.39999999998759,0.0009245617927672474
whfast,236.6748342857193,130.59999999998757,0.016459133378749078
whfast,237.0372766046867,130.79999999998753,0.009738405385859593
whfast,237.3997189236541,130.99999999998752,3.46807928003047e-05
whfast,237.7621612426215,131.19999999998748,0.0009521664885902486
whfast,238.12460356158888,131.39999999998747,0.000873953755644912
whfast,238.48704588055628,131.59999999998743,0.01619331700233426
whfast,238.84948819952368,131.79999999998742,0.010027616481041826
whfast,239.21193051849107,131.99999999998738,3.840613423005543e-06
whfast,239.57437283745847,132.19999999998734,0.0009575998550207017
whfast,239.93681515642587,132.39999999998733,0.0008148638951414504
whfast,240.29925747539326,132.5999999999873,0.01590653191727214
whfast,240.66169979436066,132.79999999998728,0.010313101641243992
whfast,241.02414211332805,132.99999999998724,1.8297840305465552e-05
whfast,241.38658443229545,133.19999999998723,0.0009724571833416341
whfast,241.74902675126285,133.3999999999872,0.0007469989501293511
whfast,242.11146907023024,133.59999999998718,0.015597612866375139
whfast,242.47391138919764,133.79999999998714,0.01059836026763516
whfast,242.83635370816503,133.9999999999871,3.313649985013082e-05
whfast,243.19879602713243,134.19999999998709,0.00099568024045711
whfast,243.56123834609983,134.39999999998705,0.000671026045067684
whfast,243.92368066506722,134.59999999998703,0.015266249677843948
whfast,244.28612298403462,134.799999999987,0.010887537947041585
whfast,244.64856530300202,134.99999999998698,4.293447551500034e-05
whfast,245.0110076219694,135.19999999998694,0.0010253402235296072
whfast,245.3734499409368,135.39999999998693,0.000588608421299024
whfast,245.7358922599042,135.5999999999869,0.01491334859681789
whfast,246.0983345788716,135.79999999998685,0.011185077460391279
whfast,246.460776897839,135.99999999998684,5.072311790694186e-05
whfast,246.8232192168064,136.1999999999868,0.0010586927019328232
whfast,247.1856615357738,136.3999999999868,0.0005023687370044667
whfast,247.54810385474119,136.59999999998675,0.014541371807493706
whfast,247.91054617370858,136.79999999998674,0.01149525733540929
whfast,248.27298849267598,136.9999999999867,6.013295142029902e-05
whfast,248.63543081164337,137.1999999999867,0.0010923175570066433
whfast,248.99787313061077,137.39999999998665,0.0004157577387563922
whfast,249.36031544957817,137.5999999999866,0.014154486406317432
whfast,249.72275776854556,137.7999999999866,0.011821635739620546
whfast,250.08520008751296,137.99999999998656,7.505158104949416e-05
whfast,250.44764240648036,138.19999999998655,0.0011224261738729015
whfast,250.81008472544775,138.3999999999865,0.00033273888752630273
whfast,251.17252704441515,138.5999999999865,0.013758448087018472
whfast,251.53496936338254,138.79999999998645,0.012166384162232055
whfast,251.89741168234994,138.99999999998644,9.914367193040251e-05
whfast,252.25985400131734,139.1999999999864,0.001145344021696951
whfast,252.62229632028473,139.3999999999864,0.00025729427143884095
whfast,252.98473863925213,139.59999999998635,0.01336013438682784
whfast,253.34718095821952,139.7999999999863,0.012529693826361486
whfast,253.70962327718692,139.9999999999863,0.00013524644037196494
whfast,254.07206559615432,140.19999999998626,0.0011580801000978804
whfast,254.4345079151217,140.39999999998625,0.00019279334345480328
whfast,254.7969502340891,140.5999999999862,0.012966713359334091
whfast,255.1593925530565,140.7999999999862,0.012909403958493946
whfast,255.5218348720239,140.99999999998616,0.00018481722338900322
whfast,255.8842771909913,141.19999999998615,0.0011589028611438859
whfast,256.24671950995884,141.3999999999862,0.00014138160557305686
whfast,256.60916182892646,141.5999999999863,0.012584629155155569
whfast,256.9716041478941,141.79999999998637,0.013301053009723979
whfast,257.3340464668617,141.99999999998647,0.0002476164501998242
whfast,257.69648878582933,142.19999999998657,0.001147686734682856
whfast,258.05893110479695,142.39999999998668,0.0001035587579583198
whfast,258.4213734237646,142.59999999998678,0.012218666033200876
whfast,258.7838157427322,142.79999999998688,0.01369842004703117
whfast,259.1462580616998,142.99999999998698,0.00032171704825332127
whfast,259.50870038066745,143.19999999998706,0.0011259436158243998
whfast,259.8711426996351,143.39999999998716,7.809466931077014e-05
whfast,260.2335850186027,143.59999999998726,0.01187133387133352
whfast,260.5960273375703,143.79999999998736,0.014094425017773197
whfast,260.95846965653794,143.99999999998747,0.0004038934728400025
whfast,261.32091197550557,144.19999999998757,0.0010965159928642237
whfast,261.6833542944732,144.39999999998767,6.231871540209892e-05
whfast,262.0457966134408,144.59999999998774,0.011542755942477856
whfast,262.40823893240844,144.79999999998785,0.014482150599734985
whfast,262.77068125137606,144.99999999998795,0.0004902125536375816
whfast,263.1331235703437,145.19999999998805,0.0010630232699879501
whfast,263.4955658893113,145.39999999998815,5.263386696736792e-05
whfast,263.85800820827893,145.59999999998826,0.011230982750286281
whfast,264.22045052724656,145.79999999998836,0.014855695381144384
whfast,264.5828928462142,145.99999999998843,0.0005766670084383249
whfast,264.9453351651818,146.19999999998853,0.0010292800597834358
whfast,265.3077774841494,146.39999999998864,4.513484249177303e-05
whfast,265.67021980311705,146.59999999998874,0.010932567547844278
whfast,266.0326621220847,146.79999999998884,0.015210706966129259
whfast,266.3951044410523,146.99999999998894,0.0006597087199902911
whfast,266.7575467600199,147.19999999998905,0.000998790699366801
whfast,267.11998907898754,147.39999999998915,3.611142604791336e-05
whfast,267.48243139795517,147.59999999998922,0.010643243763811256
whfast,267.8448737169228,147.79999999998932,0.015544533729965275
whfast,268.2073160358904,147.99999999998943,0.0007365828202247657
whfast,268.56975835485804,148.19999999998953,0.00097442498029377
whfast,268.93220067382566,148.39999999998963,2.240594480649112e-05
whfast,269.2946429927933,148.59999999998973,0.010358503444260357
whfast,269.6570853117609,148.79999999998984,0.015856106849333428
whfast,270.01952763072853,148.9999999999899,0.0008054812353766836
whfast,270.38196994969616,149.19999999999,0.0009582444547252132
whfast,270.7444122686638,149.39999999999011,1.6251892868443762e-06
whfast,271.1068545876314,149.59999999999022,0.010074082273543568
whfast,271.469296906599,149.79999999999032,0.01614562577458093
whfast,271.83173922556665,149.99999999999042,0.0008655985571996824
whfast,272.1941815445343,150.19999999999052,0.0009514412014767994
whfast,272.5566238635019,150.3999999999906,2.7776475217513872e-05
whfast,272.9190661824695,150.5999999999907,0.009786316465011647
whfast,273.28150850143714,150.7999999999908,0.016414182912277094
whfast,273.64395082040477,150.9999999999909,0.0009170963614015263
whfast,274.0063931393724,151.199999999991,0.0009543250166623577
whfast,274.36883545834,151.3999999999911,6.645677818944485e-05
whfast,274.73127777730764,151.5999999999912,0.009492429567102816
whfast,275.09372009627526,151.7999999999913,0.016663404545769027
whfast,275.4561624152429,151.9999999999914,0.0009610780356604793
whfast,275.8186047342105,152.1999999999915,0.0009663282606962041
whfast,276.18104705317813,152.3999999999916,0.00011415949920387473
whfast,276.54348937214576,152.5999999999917,0.009190792637892724
whfast,276.9059316911134,152.7999999999918,0.016895104058298267
whfast,277.268374010081,152.9999999999919,0.0009995429132245847
whfast,277.6308163290486,153.19999999999197,0.0009860145555698652
whfast,277.99325864801625,153.39999999999208,0.0001697047175526419
whfast,278.3557009669839,153.59999999999218,0.008881144719033335
whfast,278.7181432859515,153.79999999999228,0.01711100680991944
whfast,279.0805856049191,153.99999999999238,0.0010353126475933024
whfast,279.44302792388675,154.19999999999249,0.001011091704503513
whfast,279.80547024285437,154.3999999999926,0.00023097808091471686
whfast,280.167912561822,154.59999999999266,0.008564771204684697
whfast,280.5303548807896,154.79999999999276,0.017312483042646466
whfast,280.89279719975724,154.99999999999287,0.0010719130095473625
whfast,281.25523951872486,155.19999999999297,0.0010385090693493038
whfast,281.6176818376925,155.39999999999307,0.0002950011512312213
whfast,281.9801241566601,155.59999999999317,0.008244554469310694
whfast,282.34256647562773,155.79999999999328,0.017500317996444813
whfast,282.70500879459536,155.99999999999335,0.0011133054947493452
whfast,283.067451113563,156.19999999999345,0.0010646432883354288
whfast,283.4298934325306,156.39999999999355,0.0003581383634399485
whfast,283.79233575149823,156.59999999999366,0.007924834238392972
whfast,284.15477807046585,156.79999999999376,0.01767454136705271
whfast,284.5172203894335,156.99999999999386,0.0011634790138415746
whfast,284.8796627084011,157.19999999999396,0.0010856805481900813
whfast,285.2421050273687,157.39999999999407,0.00041644938533153366
whfast,285.60454734633635,157.59999999999414,0.007610978449711459
whfast,285.96698966530397,157.79999999999424,0.017834329128798804
whfast,286.3294319842716,157.99999999999434,0.0012258794199902015
whfast,286.6918743032392,158.19999999999445,0.0010981434338645907
whfast,287.05431662220684,158.39999999999455,0.00046624608675984494
whfast,287.41675894117446,158.59999999999465,0.007308685309905126
whfast,287.7792012601421,158.79999999999475,0.01797804531074917
whfast,288.1416435791097,158.99999999999483,0.0013028003512685258
whfast,288.50408589807734,159.19999999999493,0.001099475631767878
whfast,288.86652821704496,159.39999999999503,0.0005047030580524615
whfast,289.2289705360126,159.59999999999513,0.007023078837081778
whfast,289.5914128549802,159.79999999999524,0.018103486225843755
whfast,289.95385517394783,159.99999999999534,0.0013948991364588156
whfast,290.31629749291545,160.19999999999544,0.001088554948555264
whfast,290.6787398118831,160.39999999999552,0.0005304041195311684
whfast,291.0411821308507,160.59999999999562,0.006757832123549919
whfast,291.4036244498183,160.79999999999572,0.01820825312605438
whfast,291.76606676878595,160.99999999999582,0.0015010128821710531
whfast,292.12850908775357,161.19999999999592,0.00106592921628058
whfast,292.4909514067212,161.39999999999603,0.0005436293388829215
whfast,292.8533937256888,161.59999999999613,0.0065145736944696945
whfast,293.21583604465644,161.7999999999962,0.01829021157434774
whfast,293.57827836362407,161.9999999999963,0.0016183586448867274
whfast,293.9407206825917,162.1999999999964,0.001033702914347926
whfast,294.3031630015593,162.3999999999965,0.0005462696197413898
whfast,294.66560532052694,162.5999999999966,0.006292708234845546
whfast,295.02804763949456,162.79999999999671,0.01834785539887003
whfast,295.3904899584622,162.99999999999682,0.0017430565420012618
whfast,295.7529322774298,163.1999999999969,0.0009951210974307447
whfast,296.11537459639743,163.399999999997,0.0005414337488990456
whfast,296.47781691536505,163.5999999999971,0.006089713955666277
whfast,296.8402592343327,163.7999999999972,0.018380481156208505
whfast,297.2027015533003,163.9999999999973,0.001870824167016187
whfast,297.5651438722679,164.1999999999974,0.0009539693490042569
whfast,297.92758619123555,164.3999999999975,0.0005328648491034755
whfast,298.2900285102032,164.59999999999758,0.005901710922287488
whfast,298.6524708291708,164.79999999999768,0.01838818807631677
whfast,299.0149131481384,164.99999999999778,0.0019976141273260256
whfast,299.37735546710604,165.19999999999789,0.00091400055478036
whfast,299.73979778607367,165.399999999998,0.0005243704783848953
whfast,300.1022401050413,165.5999999999981,0.005724133590382064
whfast,300.4646824240089,165.7999999999982,0.01837171490503467
whfast,300.82712474297654,165.99999999999827,0.0021201130751709344
whfast,301.18956706194416,166.19999999999837,0.0008785069414612707
whfast,301.5520093809118,166.39999999999847,0.0005193678066755487
whfast,301.9144516998794,166.59999999999857,0.005552344905351946
whfast,302.27689401884703,166.79999999999868,0.018332272133839672
whfast,302.63933633781465,166.99999999999878,0.002236001930837513
whfast,303.0017786567823,167.19999999999888,0.000850036759964692
whfast,303.3642209757499,167.39999999999898,0.0005206070280212142
whfast,303.7266632947175,167.59999999999906,0.005382085697491788
whfast,304.08910561368515,167.79999999999916,0.018271419845663134
whfast,304.4515479326528,167.99999999999926,0.0023440552728597277
whfast,304.8139902516204,168.19999999999936,0.0008302926393237664
whfast,305.176432570588,168.39999999999947,0.0005300228405005798
whfast,305.53887488955564,168.59999999999957,0.005209774340031151
whfast,305.90131720852327,168.79999999999967,0.018191069463261367
whfast,306.2637595274909,168.99999999999974,0.002444144784871838
whfast,306.6262018464585,169.19999999999985,0.0008200882222864395
whfast,306.98864416542614,169.39999999999995,0.0005486895018294401
whfast,307.35108648439376,169.60000000000005,0.0050327206612482776
whfast,307.7135288033614,169.80000000000015,0.018093622059499957
whfast,308.075971122329,170.00000000000026,0.002537175306866221
whfast,308.43841344129663,170.20000000000036,0.0008193565383970368
whfast,308.80085576026426,170.40000000000043,0.00057680729641542
whfast,309.1632980792319,170.60000000000053,0.004849258329025862
whfast,309.5257403981995,170.80000000000064,0.017982216484792733
whfast,309.8881827171671,171.00000000000074,0.0026250266994427675
whfast,310.25062503613475,171.20000000000084,0.0008271622919748752
whfast,310.6130673551024,171.40000000000094,0.0006136794498598837
whfast,310.97550967407,171.60000000000105,0.004658883388960624
whfast,311.3379519930376,171.80000000000112,0.017861039623772126
whfast,311.70039431200524,172.00000000000122,0.0027104737633671574
whfast,312.06283663097287,172.20000000000132,0.000841699545943002
whfast,312.4252789499405,172.40000000000143,0.0006577157855273138
whfast,312.7877212689081,172.60000000000153,0.004462355275805046
whfast,313.15016358787574,172.80000000000163,0.017735597554944967
whfast,313.51260590684336,173.00000000000173,0.0027970566112693234
whfast,313.875048225811,173.2000000000018,0.0008603418009547461
whfast,314.2374905447786,173.4000000000019,0.0007064366840077627
whfast,314.59993286374623,173.600000000002,0.004261732741347344
whfast,314.96237518271386,173.80000000000211,0.017612835504513633
whfast,315.3248175016815,174.00000000000222,0.002888875709352861
whfast,315.6872598206491,174.20000000000232,0.0008797601542948403
whfast,316.0497021396167,174.40000000000242,0.0007565966578281536
whfast,316.41214445858435,174.6000000000025,0.004060315277270949
whfast,316.774586777552,174.8000000000026,0.017500918458599562
whfast,317.1370290965196,175.0000000000027,0.002990227138258652
whfast,317.4994714154872,175.2000000000028,0.0008961978948742828
whfast,317.86191373445484,175.4000000000029,0.0008044437118005577
whfast,318.22435605342247,175.600000000003,0.0038623567730311655
whfast,318.5867983723901,175.8000000000031,0.017408593026383326
whfast,318.9492406913577,176.0000000000032,0.00310506642860043
whfast,319.31168301032534,176.20000000000329,0.0009059048465749504
whfast,319.67412532929296,176.4000000000034,0.0008461445296802353
whfast,320.0365676482606,176.6000000000035,0.003672568811633077
whfast,320.3990099672282,176.8000000000036,0.017344065203074126
whfast,320.76145228619583,177.0000000000037,0.003236396657744977
whfast,321.12389460516346,177.2000000000038,0.0009057107814091685
whfast,321.4863369241311,177.4000000000039,0.0008783675208486945
whfast,321.8487792430987,177.60000000000397,0.0034954041017712036
whfast,322.2112215620663,177.80000000000408,0.017313627451074197
whfast,322.57366388103395,178.00000000000418,0.0033856582584082524
whfast,322.9361062000016,178.20000000000428,0.0008935983189297217
whfast,323.2985485189692,178.40000000000438,0.0008988862073735569
whfast,323.6609908379368,178.60000000000448,0.0033342801874099524
whfast,324.02343315690445,178.8000000000046,0.017320422862701006
whfast,324.38587547587207,179.00000000000466,0.0035523798562812716
whfast,324.7483177948397,179.20000000000476,0.0008691240162335264
whfast,325.1107601138073,179.40000000000487,0.0009070127372338765
whfast,325.47320243277494,179.60000000000497,0.00319095549518296
whfast,325.83564475174256,179.80000000000507,0.017363753928651467
whfast,326.1980870707102,180.00000000000517,0.0037341933279139558
whfast,326.5605293896778,180.20000000000528,0.000833524118035464
whfast,326.92297170864543,180.40000000000535,0.0009037476513438722
whfast,327.28541402761306,180.60000000000545,0.003065235958804847
whfast,327.6478563465807,180.80000000000555,0.01743924579003141
whfast,328.0102986655483,181.00000000000566,0.0039272511045186234
whfast,328.37274098451593,181.20000000000576,0.0007894514133728061
whfast,328.73518330348355,181.40000000000586,0.0008915455581841735
whfast,329.0976256224512,181.60000000000596,0.0029551025428157323
whfast,329.4600679414188,181.80000000000604,0.017539764304372343
whfast,329.8225102603864,182.00000000000614,0.004126941533421423
whfast,330.18495257935405,182.20000000000624,0.0007404718641506832
whfast,330.54739489832167,182.40000000000634,0.0008738261402059939
whfast,330.9098372172893,182.60000000000645,0.0028571685247056103
whfast,331.2722795362569,182.80000000000655,0.01765674722350893
whfast,331.63472185522454,183.00000000000665,0.00432864778381064
whfast,331.99716417419216,183.20000000000672,0.000690436719731149
whfast,332.3596064931598,183.40000000000683,0.000854392974899686
whfast,332.7220488121274,183.60000000000693,0.00276731094712623
whfast,333.08449113109504,183.80000000000703,0.017781525940714346
whfast,333.44693345006266,184.00000000000713,0.004528403395798726
whfast,333.8093757690303,184.20000000000724,0.0006429609947628005
whfast,334.1718180879979,184.40000000000734,0.0008368838470029419
whfast,334.53426040696553,184.6000000000074,0.0026812647523589907
whfast,334.89670272593315,184.80000000000751,0.017906282174355415
whfast,335.2591450449008,185.00000000000762,0.004723308014027827
whfast,335.6215873638684,185.20000000000772,0.0006010522541350241
whfast,335.984029682836,185.40000000000782,0.0008244092036308967
whfast,336.34647200180365,185.60000000000792,0.0025951078023710595
whfast,336.70891432077127,185.80000000000803,0.018024530227133292
whfast,337.0713566397389,186.00000000000813,0.004911725491511655
whfast,337.4337989587065,186.2000000000082,0.0005668989118809842
whfast,337.79624127767414,186.4000000000083,0.0008193255890530833
whfast,338.15868359664177,186.6000000000084,0.0025055560394940907
whfast,338.5211259156094,186.8000000000085,0.018131222648918498
whfast,338.883568234577,187.0000000000086,0.005093309425110704
whfast,339.24601055354464,187.2000000000087,0.0005418006029845205
whfast,339.60845287251226,187.40000000000882,0.0008231495570766797
whfast,339.9708951914799,187.6000000000089,0.002410139109577608
whfast,340.3333375104475,187.800000000009,0.01822255682218182
whfast,340.69577982941513,188.0000000000091,0.005268939886406623
whfast,341.05822214838275,188.2000000000092,0.0005261607787657657
whfast,341.4206644673504,188.4000000000093,0.0008365333544832767
whfast,341.783106786318,188.6000000000094,0.0023073121337090223
whfast,342.1455491052856,188.8000000000095,0.018295698828639472
whfast,342.50799142425325,189.00000000000958,0.005440610392165328
whfast,342.8704337432209,189.20000000000968,0.0005194891866623864
whfast,343.2328760621885,189.40000000000978,0.0008592498751605276
whfast,343.5953183811561,189.60000000000989,0.002196516004124711
whfast,343.95776070012374,189.80000000001,0.0183484903553565
whfast,344.32020301909137,190.0000000000101,0.005611295633151789
whfast,344.682645338059,190.2000000000102,0.0005204281064298859
whfast,345.0450876570266,190.40000000001027,0.0008901897939454597
whfast,345.40752997599424,190.60000000001037,0.002078253452989374
whfast,345.76997229496186,190.80000000001047,0.01837922669124508
whfast,346.1324146139295,191.00000000001057,0.005784802158785948
whfast,346.4948569328971,191.20000000001068,0.0005267643359180057
whfast,346.85729925186473,191.40000000001078,0.0009273610274730181
whfast,347.21974157083235,191.60000000001088,0.0019541233311697603
whfast,347.5821838898,191.80000000001095,0.0183865731338776
whfast,347.9446262087676,192.00000000001106,0.005965526656924282
whfast,348.3070685277352,192.20000000001116,0.0005355075012596236
whfast,348.66951084670285,192.40000000001126,0.0009679507497450557
whfast,349.0319531656705,192.60000000001136,0.001826790319596266
whfast,349.3943954846381,192.80000000001147,0.018369577813544688
whfast,349.7568378036057,193.00000000001157,0.006158126570257615
whfast,350.11928012257334,193.20000000001164,0.0005430851712955702
whfast,350.48172244154097,193.40000000001174,0.001008483713556659
whfast,350.8441647605086,193.60000000001185,0.0016998421555311427
whfast,351.2066070794762,193.80000000001195,0.018327806400964434
whfast,351.56904939844384,194.00000000001205,0.006367000331741863
whfast,351.93149171741146,194.20000000001215,0.000545661772179595
whfast,352.2939340363791,194.40000000001226,0.001045153602901677
whfast,352.6563763553467,194.60000000001233,0.0015774458091725653
whfast,353.01881867431433,194.80000000001243,0.018261494672909658
whfast,353.38126099328196,195.00000000001253,0.006595648010167729
whfast,353.7437033122496,195.20000000001264,0.0005396558961662694
whfast,354.1061456312172,195.40000000001274,0.0010743003275880075
whfast,354.4685879501848,195.60000000001284,0.0014637944671287246
whfast,354.83103026915245,195.80000000001294,0.018171649367789672
whfast,355.1934725881201,196.00000000001305,0.006846018101782161
whfast,355.5559149070877,196.20000000001312,0.0005223180662038093
whfast,355.9183572260553,196.40000000001322,0.0010930145818955992
whfast,356.28079954502294,196.60000000001332,0.001362449919190524
whfast,356.64324186399057,196.80000000001343,0.018059996481866517
whfast,357.0056841829582,197.00000000001353,0.007117998786871885
whfast,357.3681265019258,197.20000000001363,0.0004922710701464253
whfast,357.73056882089344,197.40000000001373,0.0010996907881062018
whfast,358.09301113986106,197.6000000000138,0.0012756734156887494
whfast,358.4554534588287,197.8000000000139,0.017928739513913765
whfast,358.8178957777963,198.000000000014,0.007409273488799514
whfast,359.18033809676393,198.20000000001411,0.00044981721752266924
whfast,359.54278041573156,198.40000000001422,0.0010943495114066574
whfast,359.9052227346992,198.60000000001432,0.001204008432127215
whfast,360.2676650536668,198.80000000001442,0.017780165693538717
whfast,360.6301073726344,199.0000000000145,0.0077156405499795066
whfast,360.99254969160205,199.2000000000146,0.0003968838324725074
whfast,361.3549920105697,199.4000000000147,0.0010786429084352579
whfast,361.7174343295373,199.6000000000148,0.0011462060016998099
whfast,362.0798766485049,199.8000000000149,0.017616219811441097
whfast,362.44231896747254,200.000000000015,0.008031710530402643
whfast,362.80476128644017,200.2000000000151,0.00033664744557266197
whfast,363.1672036054078,200.40000000001518,0.0010554964569977718
whfast,363.5296459243754,200.60000000001529,0.00109951357863195
whfast,363.89208824334304,200.8000000000154,0.017438188455177094
whfast,364.25453056231066,201.0000000000155,0.00835182258942654
whfast,364.6169728812783,201.2000000000156,0.00027294038407849817
whfast,364.9794152002459,201.4000000000157,0.001028565430351299
whfast,365.34185751921353,201.6000000000158,0.0010602370259369161
whfast,365.70429983818116,201.80000000001587,0.01724653208337838
whfast,366.0667421571488,202.00000000001597,0.008670895209396986
whfast,366.4291844761164,202.20000000001608,0.0002096471818947067
whfast,366.791626795084,202.40000000001618,0.0010016526763014686
whfast,367.15406911405165,202.60000000001628,0.00102433627461702
whfast,367.5165114330193,202.80000000001638,0.017040916259832645
whfast,367.8789537519869,203.00000000001648,0.008985036659327747
whfast,368.2413960709545,203.20000000001656,0.00015020963567398063
whfast,368.60383838992215,203.40000000001666,0.0009782176683940382
whfast,368.96628070888977,203.60000000001676,0.0009879596197687078
whfast,369.3287230278574,203.80000000001687,0.016820324619584947
whfast,369.691165346825,204.00000000001697,0.009291895837455308
whfast,370.05360766579264,204.20000000001707,9.732252952650035e-05
whfast,370.41604998476026,204.40000000001717,0.0009610662968248504
whfast,370.7784923037279,204.60000000001725,0.0009478007757069178
whfast,371.1409346226955,204.80000000001735,0.016583250357779262
whfast,371.50337694166313,205.00000000001745,0.0095907167965809
whfast,371.86581926063076,205.20000000001755,5.27743488636173e-05
whfast,372.2282615795984,205.40000000001766,0.0009522015235783985
whfast,372.590703898566,205.60000000001776,0.0009013081015831928
whfast,372.95314621753363,205.80000000001786,0.016327932441721427
whfast,373.31558853650125,206.00000000001796,0.009882250717136798
whfast,373.6780308554689,206.20000000001804,1.741866988697836e-05
whfast,374.0404731744365,206.40000000001814,0.0009527504809873319
whfast,374.4029154934041,206.60000000001824,0.0008467904482109172
whfast,374.76535781237175,206.80000000001834,0.016052603992366934
whfast,375.12780013133937,207.00000000001845,0.010168554341550621
whfast,375.490242450307,207.20000000001855,8.810910887866755e-06
whfast,375.8526847692746,207.40000000001865,0.0009629734642900452
whfast,376.21512708824224,207.60000000001872,0.0007834698854011844
whfast,376.57756940720986,207.80000000001883,0.015755790956366842
whfast,376.9400117261775,208.00000000001893,0.010452745360733852
whfast,377.3024540451451,208.20000000001903,2.6886052242647833e-05
whfast,377.66489636411274,208.40000000001913,0.000982249775856946
whfast,378.02733868308036,208.60000000001924,0.0007115198608206037
whfast,378.389781002048,208.80000000001934,0.01543665767617883
whfast,378.7522233210156,209.0000000000194,0.01073874649638216
whfast,379.11466563998323,209.20000000001951,3.864436421524508e-05
whfast,379.47710795895085,209.40000000001962,0.0010090808641406894
whfast,379.8395502779185,209.60000000001972,0.0006320931759609168
whfast,380.2019925968861,209.80000000001982,0.015095371866322193
whfast,380.5644349158537,210.00000000001992,0.011030961419964732
whfast,380.92687723482135,210.20000000002003,4.675715366572668e-05
whfast,381.28931955378897,210.4000000000201,0.0010411229021397696
whfast,381.6517618727566,210.6000000000202,0.0005473348771995969
whfast,382.0142041917242,210.8000000000203,0.014733484086604113
whfast,382.37664651069184,211.0000000000204,0.011333881567708747
whfast,382.73908882965947,211.2000000000205,5.45971246029509e-05
whfast,383.1015311486271,211.4000000000206,0.001075259638714011
whfast,383.4639734675947,211.6000000000207,0.00046029730189345026
whfast,383.82641578656234,211.8000000000208,0.014354197909227371
whfast,384.18885810552996,212.0000000000209,0.011651559730502614
whfast,384.5513004244976,212.200000000021,6.59858763922719e-05
whfast,384.9137427434652,212.4000000000211,0.0011078376224979496
whfast,385.27618506243283,212.6000000000212,0.000374745284766155
whfast,385.63862738140045,212.8000000000213,0.013962415303986009
whfast,386.0010697003681,213.0000000000214,0.011986983470696546
whfast,386.3635120193357,213.20000000002148,8.479010432274769e-05
whfast,386.7259543383033,213.40000000002158,0.0011350415370850913
whfast,387.08839665727095,213.60000000002168,0.00029473948423994905
whfast,387.4508389762386,213.80000000002178,0.013564487179327888
whfast,387.8132812952062,214.00000000002188,0.012341413461240229
whfast,388.1757236141738,214.200000000022,0.00011435996116124821
whfast,388.53816593314144,214.4000000000221,0.0011534422508265928
whfast,388.90060825210907,214.60000000002216,0.00022406006926963315
whfast,389.2630505710767,214.80000000002227,0.013167545236826247
whfast,389.6254928900443,215.00000000002237,0.01271387609881339
whfast,389.98793520901194,215.20000000002247,0.00015692331984863122
whfast,390.35037752797956,215.40000000002257,0.0011605956355396794
whfast,390.7128198469472,215.60000000002267,0.00016556724179358262
whfast,391.0752621659148,215.80000000002278,0.01277856907767195
whfast,391.43770448488243,216.00000000002288,0.013100978909070223
whfast,391.80014680385005,216.20000000002295,0.00021313553762730006
whfast,392.1625891228177,216.40000000002306,0.0011555237651763922
whfast,392.5250314417853,216.60000000002316,0.00012064507051730838
whfast,392.8874737607529,216.80000000002326,0.012403354486273237
whfast,393.24991607972055,217.00000000002336,0.01349720967379077
whfast,393.6123583986882,217.20000000002346,0.000281894894983943
whfast,393.9748007176558,217.40000000002357,0.0011389243048137046
whfast,394.3372430366234,217.60000000002364,8.894103579082629e-05
whfast,394.69968535559104,217.80000000002374,0.012045686883809416
whfast,395.06212767455867,218.00000000002385,0.01389570350257683
whfast,395.4245699935263,218.20000000002395,0.00036056225683332726
whfast,395.7870123124939,218.40000000002405,0.001113019769102588
whfast,396.14945463146154,218.60000000002415,6.847101385588186e-05
whfast,396.51189695042916,218.80000000002426,0.011706966401968198
whfast,396.8743392693968,219.00000000002433,0.014289244447198188
whfast,397.2367815883644,219.20000000002443,0.00044546891258862573
whfast,397.59922390733203,219.40000000002453,0.0010811141279337072
whfast,397.96166622629966,219.60000000002464,5.603388726915419e-05
whfast,398.3241085452673,219.80000000002474,0.01138629483265987
whfast,398.6865508642349,220.00000000002484,0.014671270481269757
whfast,399.0489931832025,220.20000000002494,0.0005325502622017514
whfast,399.41143550217015,220.40000000002502,0.0010469947469755206
whfast,399.7738778211378,220.60000000002512,4.7812515746160516e-05
whfast,400.1363201401054,220.80000000002522,0.011080955226081522
whfast,400.498762459073,221.00000000002532,0.015036575618757242
whfast,400.86120477804064,221.20000000002543,0.000617964166208558
whfast,401.22364709700827,221.40000000002553,0.0010143823424872752
whfast,401.5860894159759,221.60000000002563,3.994739540181354e-05
whfast,401.9485317349435,221.8000000000257,0.010787048950020675
whfast,402.31097405391114,222.0000000000258,0.015381646244182154
whfast,402.67341637287876,222.2000000000259,0.0006985080792566332
whfast,403.0358586918464,222.400000000026,0.0009864945832841186
whfast,403.398301010814,222.6000000000261,2.896603196287645e-05
whfast,403.76074332978163,222.80000000002622,0.010500138219091733
whfast,404.12318564874926,223.00000000002632,0.015704663162837886
whfast,404.4856279677169,223.2000000000264,0.0007718768528223308
whfast,404.8480702866845,223.4000000000265,0.0009658152172836881
whfast,405.2105126056521,223.6000000000266,1.207944624623628e-05
whfast,405.57295492461975,223.8000000000267,0.010215782372244428
whfast,405.9353972435874,224.0000000000268,0.016005251686095855
whfast,406.297839562555,224.2000000000269,0.0008367483950063873
whfast,406.6602818815226,224.400000000027,0.0009539869718754805
whfast,407.02272420049025,224.60000000002708,1.2700249124465774e-05
whfast,407.38516651945787,224.80000000002718,0.009929964460480433
whfast,407.7476088384255,225.00000000002728,0.01628411346234627
whfast,408.1100511573931,225.2000000000274,0.0008927832427151107
whfast,408.47249347636074,225.4000000000275,0.0009517739588303101
whfast,408.83493579532836,225.6000000000276,4.648776789748077e-05
whfast,409.197378114296,225.8000000000277,0.009639411853658478
whfast,409.5598204332636,226.0000000000278,0.01654265638432476
whfast,409.92226275223123,226.20000000002787,0.000940600123591357
whfast,410.28470507119886,226.40000000002797,0.0009590711126175159
whfast,410.6471473901665,226.60000000002807,8.950213061415033e-05
whfast,411.0095897091341,226.80000000002818,0.009341867147118528
whfast,411.3720320281017,227.00000000002828,0.01678262360661445
whfast,411.73447434706935,227.20000000002838,0.000981734517759366
whfast,412.096916666037,227.40000000002848,0.0009748956091919574
whfast,412.4593589850046,227.60000000002856,0.0001410516200749079
whfast,412.8218013039722,227.80000000002866,0.009036342071282753
whfast,413.18424362293985,228.00000000002876,0.01700580163775841
whfast,413.54668594190747,228.20000000002887,0.0010185955601023837
whfast,413.9091282608751,228.40000000002897,0.0009973940112405746
whfast,414.2715705798427,228.60000000002907,0.00019950139128340567
whfast,414.63401289881034,228.80000000002917,0.008723312528575302
whfast,414.99645521777796,229.00000000002925,0.017213755034937384
whfast,415.3588975367456,229.20000000002935,0.0010543697806718955
whfast,415.7213398557132,229.40000000002945,0.0010238945981914736
whfast,416.08378217468083,229.60000000002955,0.0002623116686991814
whfast,416.44622449364846,229.80000000002966,0.008404864641569544
whfast,416.8086668126161,230.00000000002976,0.01740758341430112
whfast,417.1711091315837,230.20000000002986,0.0010928394049726782
whfast,417.53355145055133,230.40000000002993,0.0010510318051635123
whfast,417.89599376951895,230.60000000003004,0.0003261502081130742
whfast,418.2584360884866,230.80000000003014,0.008084643645551694
whfast,418.6208784074542,231.00000000003024,0.017587746505470236
whfast,418.9833207264218,231.20000000003034,0.0011380369428713947
whfast,419.34576304538945,231.40000000003045,0.0010750322053428374
whfast,419.70820536435707,231.60000000003055,0.000387179523316902
whfast,420.0706476833247,231.80000000003062,0.007767569081669603
whfast,420.4330900022923,232.00000000003072,0.017753907326289356
whfast,420.79553232125994,232.20000000003083,0.0011937632003902732
whfast,421.15797464022756,232.40000000003093,0.0010921822954201089
whfast,421.5204169591952,232.60000000003103,0.0004415187473542711
whfast,421.8828592781628,232.80000000003113,0.007459266933936559
whfast,422.24530159713044,233.00000000003124,0.017904916805212074
whfast,422.60774391609806,233.2000000000313,0.0012629678371388236
whfast,422.9701862350657,233.4000000000314,0.001099385318766152
whfast,423.3326285540333,233.6000000000315,0.00048584315097382016
whfast,423.69507087300093,233.80000000003162,0.0071652376803238845
whfast,424.05751319196855,234.00000000003172,0.018038936395744727
whfast,424.4199555109362,234.20000000003182,0.0013471785545639274
whfast,424.7823978299038,234.40000000003192,0.0010947537997197385
whfast,425.1448401488714,234.600000000032,0.0005179829608370618
whfast,425.50728246783905,234.8000000000321,0.006889937190904351
whfast,425.86972478680667,235.0000000000322,0.018153732651816225
whfast,426.2321671057743,235.2000000000323,0.0014461591222685616
whfast,426.5946094247419,235.4000000000324,0.0010779832808124924
whfast,426.95705174370954,235.6000000000325,0.0005373559614047614
whfast,427.31949406267717,235.8000000000326,0.006636027976312045
whfast,427.6819363816448,236.0000000000327,0.01824709712916716
whfast,428.0443787006124,236.2000000000328,0.001557905860274792
whfast,428.40682101958004,236.4000000000329,0.0010504227987432385
whfast,428.76926333854766,236.600000000033,0.0005450764242093693
whfast,429.1317056575153,236.8000000000331,0.006403975189481593
whfast,429.4941479764829,237.0000000000332,0.018317239829790884
whfast,429.85659029545053,237.2000000000333,0.0016790392105443185
whfast,430.21903261441815,237.4000000000334,0.00101480311205081
whfast,430.5814749333858,237.60000000003348,0.0005436959688441828
whfast,430.9439172523534,237.80000000003358,0.006192135169635881
whfast,431.306359571321,238.00000000003368,0.018363061666984957
whfast,431.66880189028865,238.20000000003378,0.0018054271928632116
whfast,432.0312442092563,238.40000000003388,0.0009746921645753782
whfast,432.3936865282239,238.600000000034,0.0005367082761800857
whfast,432.7561288471915,238.8000000000341,0.005997211092033881
whfast,433.11857116615914,239.00000000003416,0.018384223443102404
whfast,433.48101348512677,239.20000000003427,0.0019328618501831133
whfast,433.8434558040944,239.40000000003437,0.0009339124363649285
whfast,434.205898123062,239.60000000003447,0.0005279341452204857
whfast,434.56834044202964,239.80000000003457,0.005814891336282489
whfast,434.93078276099726,240.00000000003467,0.018381064409494326
whfast,435.2932250799649,240.20000000003478,0.0020576413108694875
whfast,435.6556673989325,240.40000000003485,0.0008960141956893059
whfast,436.01810971790013,240.60000000003495,0.000521016869231878
whfast,436.38055203686775,240.80000000003506,0.005640525195189492
whfast,436.7429943558354,241.00000000003516,0.01835443668964547
whfast,437.105436674803,241.20000000003526,0.0021769418634448737
whfast,437.4678789937706,241.40000000003536,0.0008639313638512564
whfast,437.83032131273825,241.60000000003546,0.000519057591974203
whfast,438.1927636317059,241.80000000003554,0.005469633025267972
whfast,438.5552059506735,242.00000000003564,0.01830558886519637
whfast,438.9176482696411,242.20000000003574,0.002288985335294531
whfast,439.28009058860874,242.40000000003585,0.0008397954228124023
whfast,439.64253290757637,242.60000000003595,0.0005244005238008349
whfast,440.004975226544,242.80000000003605,0.005298295710926777
whfast,440.3674175455116,243.00000000003615,0.01823611482844191
whfast,440.72985986447924,243.20000000003623,0.0023931005134549643
whfast,441.09230218344686,243.40000000003633,0.0008248638260759324
whfast,441.4547445024145,243.60000000003643,0.0005385486555871747
whfast,441.8171868213821,243.80000000003653,0.005123393703379759
whfast,442.17962914034973,244.00000000003664,0.018148038224423735
whfast,442.54207145931736,244.20000000003674,0.002489668115466934
whfast,442.904513778285,244.40000000003684,0.0008195071632172308
whfast,443.2669560972526,244.6000000000369,0.0005621351636496544
whfast,443.6293984162202,244.80000000003702,0.004942766685676502
whfast,443.99184073518785,245.00000000003712,0.01804402487656286
whfast,444.3542830541555,245.20000000003722,0.0025800760332237173
whfast,444.7167253731231,245.40000000003732,0.0008232176855312007
whfast,445.0791676920907,245.60000000003743,0.0005949004556361129
whfast,445.44161001105834,245.80000000003753,0.004755356108593031
whfast,445.80405233002597,246.00000000003763,0.017927657000766067
whfast,446.1664946489936,246.2000000000377,0.002666646021298345
whfast,446.5289369679612,246.4000000000378,0.0008346205873168162
whfast,446.89137928692884,246.6000000000379,0.0006356953319638153
whfast,447.25382160589646,246.800000000038,0.004561308062209848
whfast,447.6162639248641,247.0000000000381,0.017803746575021703
whfast,447.9787062438317,247.20000000003822,0.0027525274468405787
whfast,448.34114856279933,247.40000000003832,0.0008514888582499404
whfast,448.70359088176696,247.6000000000384,0.0006824704576402776
whfast,449.0660332007346,247.8000000000385,0.004362057752356204
whfast,449.4284755197022,248.0000000000386,0.01767853026933978
whfast,449.7909178386698,248.2000000000387,0.0028415556769302497
whfast,450.15336015763745,248.4000000000388,0.0008708343489664734
whfast,450.5158024766051,248.6000000000389,0.0007323393395862036
whfast,450.8782447955727,248.800000000039,0.004160314326430429
whfast,451.2406871145403,249.00000000003908,0.017559627596985865
whfast,451.60312943350795,249.20000000003918,0.0029379521760048823
whfast,451.96557175247557,249.40000000003928,0.0008890768198407995
whfast,452.3280140714432,249.6000000000394,0.0007817712217657052
whfast,452.6904563904108,249.8000000000395,0.003959899055148959
whfast,453.05289870937844,250.0000000000396,0.01745563022285683
whfast,453.41534102834606,250.2000000000397,0.0030458966257975234
whfast,453.7777833473137,250.40000000003977,0.0009024114680357152
whfast,454.1402256662813,250.60000000003987,0.0008269113479006887
whfast,454.50266798524893,250.80000000003997,0.003765355689952684
whfast,454.86511030421656,251.00000000004007,0.017375214408681092
whfast,455.2275526231842,251.20000000004018,0.0031689345388303722
whfast,455.5899949421518,251.40000000004028,0.0009073184809675144
whfast,455.9524372611194,251.60000000004038,0.0008641152520002681
whfast,456.31487958008705,251.80000000004046,0.0035813517491953863
whfast,456.6773218990547,252.00000000004056,0.017325860295833235
whfast,457.0397642180223,252.20000000004066,0.00330934401608268
whfast,457.4022065369899,252.40000000004076,0.0009011451057768863
whfast,457.76464885595755,252.60000000004086,0.0008905374042657277
whfast,458.12709117492517,252.80000000004097,0.0034119086583186088
whfast,458.4895334938928,253.00000000004107,0.01731251035536368
whfast,458.8519758128604,253.20000000004114,0.0034676380215410574
whfast,459.21441813182804,253.40000000004125,0.0008826316616679941
whfast,459.57686045079566,253.60000000004135,0.0009046804223553783
whfast,459.9393027697633,253.80000000004145,0.00325967412103205
whfast,460.3017450887309,254.00000000004155,0.017336527387429367
whfast,460.66418740769853,254.20000000004165,0.0036423748169285342
whfast,461.02662972666616,254.40000000004176,0.0008521856406735688
whfast,461.3890720456338,254.60000000004183,0.0009067100385814383
whfast,461.7515143646014,254.80000000004193,0.003125449072756988
whfast,462.11395668356903,255.00000000004204,0.017395413423378758
whfast,462.47639900253665,255.20000000004214,0.003830379554773174
whfast,462.8388413215043,255.40000000004224,0.0008118002462712784
whfast,463.2012836404719,255.60000000004234,0.0008983996185544786
whfast,463.5637259594395,255.80000000004244,0.003008085710696495
whfast,463.92616827840715,256.0000000000425,0.017483353402697976
whfast,464.28861059737477,256.2000000000426,0.004027321085001957
whfast,464.6510529163424,256.4000000000427,0.0007646681461193898
whfast,465.01349523531,256.6000000000428,0.0008827712569634318
whfast,465.37593755427764,256.8000000000429,0.0029048103171927355
whfast,465.73837987324526,257.00000000004303,0.01759237659936297
whfast,466.1008221922129,257.20000000004313,0.004228481775647367
whfast,466.4632645111805,257.40000000004324,0.0007145822177628074
whfast,466.82570683014814,257.60000000004334,0.0008635214058471449
whfast,467.18814914911576,257.80000000004344,0.002811778139874627
whfast,467.5505914680834,258.00000000004354,0.01771375675932478
whfast,467.913033787051,258.2000000000436,0.004429478175515879
whfast,468.27547610601863,258.4000000000437,0.0006653447005718228
whfast,468.63791842498625,258.6000000000438,0.0008444454399241517
whfast,469.0003607439539,258.8000000000439,0.002724704467413645
whfast,469.3628030629215,259.000000000044,0.017839166310059426
whfast,469.7252453818891,259.2000000000441,0.004626831064241128
whfast,470.08768770085675,259.4000000000442,0.000620318094379583
whfast,470.45013001982437,259.6000000000443,0.0008289703536552272
whfast,470.812572338792,259.8000000000444,0.002639424004292712
whfast,471.1750146577596,260.0000000000445,0.017961430941376078
whfast,471.53745697672724,260.2000000000446,0.004818258866243628
whfast,471.89989929569487,260.4000000000447,0.0005821136374520071
whfast,472.2623416146625,260.6000000000448,0.0008198614461013112
whfast,472.6247839336301,260.8000000000449,0.0025522794854537303
whfast,472.98722625259774,261.000000000045,0.01807480386796266
whfast,473.34966857156536,261.20000000004507,0.005002783557211609
whfast,473.712110890533,261.40000000004517,0.0005524825021886272
whfast,474.0745532095006,261.60000000004527,0.0008190637252965172
whfast,474.43699552846823,261.8000000000454,0.0024603493639764823
whfast,474.79943784743585,262.0000000000455,0.018174894646782947
whfast,475.1618801664035,262.2000000000456,0.005180709389258792
whfast,475.5243224853711,262.4000000000457,0.0005322654664841083
whfast,475.8867648043387,262.6000000000458,0.0008276600897386857
whfast,476.24920712330635,262.8000000000459,0.0023616003751166887
whfast,476.611649442274,263.000000000046,0.01825841655236857
whfast,476.9740917612416,263.2000000000461,0.005353518116700968
whfast,477.3365340802092,263.4000000000462,0.0005214060218779799
whfast,477.69897639917684,263.6000000000463,0.0008458621467474555
whfast,478.06141871814447,263.8000000000464,0.0022549492174436885
whfast,478.4238610371121,264.00000000004644,0.018322869432581306
whfast,478.7863033560797,264.20000000004654,0.005523749428410691
whfast,479.14874567504734,264.40000000004665,0.000518975105623281
whfast,479.51118799401496,264.60000000004675,0.0008729974716689026
whfast,479.8736303129826,264.80000000004685,0.002140345968760336
whfast,480.2360726319502,265.00000000004695,0.018366273859922785
whfast,480.59851495091783,265.20000000004705,0.005694860955573473
whfast,480.96095726988545,265.40000000004716,0.0005231702377929974
whfast,481.3233995888531,265.60000000004726,0.0009075179749194059
whfast,481.6858419078207,265.80000000004736,0.0020188289770903646
whfast,482.0482842267883,266.00000000004746,0.0183870045779435
whfast,482.41072654575595,266.20000000004757,0.005871025632075046
whfast,482.7731688647236,266.40000000004767,0.0005313729865929315
whfast,483.1356111836912,266.60000000004777,0.0009470020258580804
whfast,483.4980535026588,266.8000000000478,0.0018925286321853868
whfast,483.86049582162644,267.0000000000479,0.018383768109766892
whfast,484.22293814059407,267.200000000048,0.006056859826997414
whfast,484.5853804595617,267.4000000000481,0.0005402573239570929
whfast,484.9478227785293,267.6000000000482,0.000988268017164105
whfast,485.31026509749694,267.8000000000483,0.0017646137426428961
whfast,485.67270741646456,268.00000000004843,0.018355691041720492
whfast,486.0351497354322,268.20000000004853,0.006256994344132232
whfast,486.3975920543998,268.40000000004864,0.0005460506669626955
whfast,486.76003437336743,268.60000000004874,0.0010276134078762908
whfast,487.12247669233506,268.80000000004884,0.0016390301571958601
whfast,487.4849190113027,269.00000000004894,0.01830251955080188
whfast,487.8473613302703,269.20000000004904,0.006475475418230594
whfast,488.2098036492379,269.40000000004915,0.00054495597365138
whfast,488.57224596820555,269.6000000000492,0.0010612147291401356
whfast,488.9346882871732,269.8000000000493,0.0015200713074406758
whfast,489.2971306061408,270.0000000000494,0.018224771280708693
whfast,489.6595729251084,270.2000000000495,0.006715114321467825
whfast,490.02201524407604,270.4000000000496,0.0005337150759454045
whfast,490.38445756304367,270.6000000000497,0.0010856891907279332
whfast,490.7468998820113,270.8000000000498,0.0014117433461544604
whfast,491.1093422009789,271.0000000000499,0.01812379001429586
whfast,491.47178451994654,271.20000000005,0.006976850335514747
whfast,491.83422683891416,271.4000000000501,0.0005101897881443361
whfast,492.1966691578818,271.6000000000502,0.001098702737855307
whfast,492.5591114768494,271.8000000000503,0.0013170647166826904
whfast,492.92155379581703,272.0000000000504,0.018001612642468617
whfast,493.28399611478466,272.2000000000505,0.007259423290763051
whfast,493.6464384337523,272.4000000000506,0.00047381308170397666
whfast,494.0088807527199,272.60000000005067,0.001099419501257154
whfast,494.3713230716875,272.8000000000508,0.0012375049946947447
whfast,494.73376539065515,273.0000000000509,0.017860622768569284
whfast,495.0962077096228,273.200000000051,0.00755945594949135
whfast,495.4586500285904,273.4000000000511,0.0004257288615854193
whfast,495.821092347558,273.6000000000512,0.0010886947390085198
whfast,496.18353466652565,273.8000000000513,0.0011727137403511716
whfast,496.54597698549327,274.0000000000514,0.01770311358507072
whfast,496.9084193044609,274.2000000000515,0.007871983311338088
whfast,497.2708616234285,274.4000000000516,0.0003685586198513176
whfast,497.63330394239614,274.6000000000517,0.001068873156108118
whfast,497.99574626136376,274.8000000000518,0.0011206481557927627
whfast,498.3581885803314,275.0000000000519,0.01753087561241959
whfast,498.720630899299,275.200000000052,0.008191321764170083
whfast,499.08307321826663,275.40000000005205,0.0003059037627403335
whfast,499.44551553723426,275.60000000005215,0.0010433187187031108
whfast,499.8079578562019,275.80000000005225,0.0010780143426525049
whfast,500.1704001751695,276.00000000005235,0.01734491779033935
whfast,500.5328424941371,276.20000000005246,0.008511966324711932
whfast,500.89528481310475,276.40000000005256,0.00024170009192415356
whfast,501.2577271320724,276.60000000005266,0.0010158372948728342
whfast,501.62016945104,276.80000000005276,0.0010408748240781228
whfast,501.9826117700076,277.00000000005286,0.01714539446334157
whfast,502.34505408897525,277.20000000005297,0.008829358357701959
whfast,502.70749640794287,277.40000000005307,0.000179670669574221
whfast,503.0699387269105,277.60000000005317,0.0009901053039773312
whfast,503.4323810458781,277.8000000000533,0.0010052213966501747
whfast,503.79482336484574,278.0000000000534,0.016931672546924688
whfast,504.15726568381336,278.2000000000534,0.009140351519327941
whfast,504.519708002781,278.4000000000535,0.0001229258798132724
whfast,504.8821503217486,278.6000000000536,0.0009692963922398907
whfast,505.24459264071623,278.8000000000537,0.0009674410430863768
whfast,505.60703495968386,279.00000000005383,0.016702481131119513
whfast,505.9694772786515,279.20000000005393,0.009443396028254674
whfast,506.3319195976191,279.40000000005404,7.373233059975926e-05
whfast,506.69436191658673,279.60000000005414,0.0009558353200252892
whfast,507.05680423555435,279.80000000005424,0.0009245796824653722
whfast,507.419246554522,280.00000000005434,0.01645615497923695
whfast,507.7816888734896,280.20000000005444,0.009738507956933014
whfast,508.1441311924572,280.40000000005455,3.343157180785662e-05
whfast,508.50657351142485,280.60000000005465,0.0009513045063824136
whfast,508.86901583039247,280.80000000005475,0.000874491857639688
whfast,509.2314581493601,281.00000000005485,0.016190862903559727
whfast,509.5939004683277,281.2000000000549,0.010027112869495246
whfast,509.95634278729534,281.400000000055,2.4390224110562196e-06
whfast,510.31878510626296,281.6000000000551,0.0009564236859301605
whfast,510.6812274252306,281.8000000000552,0.0008159209437359363
whfast,511.0436697441982,282.0000000000553,0.015904914552053798
whfast,511.40611206316584,282.2000000000554,0.010311818370229278
whfast,511.76855438213346,282.4000000000555,1.9752692249950766e-05
whfast,512.130996701101,282.60000000005556,0.0009710319154734036
whfast,512.4934390200686,282.80000000005566,0.0007485341585130652
whfast,512.8558813390363,283.00000000005576,0.015597088264982116
whfast,513.2183236580039,283.20000000005587,0.010596161744338584
whfast,513.5807659769715,283.40000000005597,3.45328771759648e-05
whfast,513.9432082959391,283.60000000005607,0.0009940925214381863
whfast,514.3056506149068,283.8000000000562,0.0006729726140119414
whfast,514.6680929338744,284.0000000000563,0.015266987916439238
whfast,515.030535252842,284.2000000000564,0.01088433410091699
whfast,515.3929775718096,284.4000000000565,4.4157130303751266e-05
whfast,515.7554198907773,284.6000000000566,0.0010236895607604885
whfast,516.1178622097449,284.8000000000567,0.0005908734571580175
whfast,516.4803045287125,285.0000000000568,0.014915445274464147
whfast,516.8427468476801,285.20000000005683,0.01118082050641488
whfast,517.2051891666478,285.40000000005693,5.166814196999372e-05
whfast,517.5676314856154,285.60000000005704,0.0010570823572901547
whfast,517.930073804583,285.80000000005714,0.0005048349088243711
whfast,518.2925161235506,286.00000000005724,0.014544824933445274
whfast,518.6549584425183,286.20000000005734,0.011489971806616135
whfast,519.0174007614859,286.40000000005745,6.069869771807951e-05
whfast,519.3798430804535,286.60000000005755,0.001090852367785682
whfast,519.7422853994211,286.80000000005765,0.0004182908035154662
whfast,520.1047277183887,287.00000000005775,0.01415920658541977
whfast,520.4671700373564,287.20000000005786,0.011815411790324828
whfast,520.829612356324,287.40000000005796,7.516631832323145e-05
whfast,521.1920546752916,287.60000000005806,0.0011212133680303044
whfast,521.5544969942592,287.80000000005816,0.00033520345992864
whfast,521.9169393132269,288.00000000005826,0.013764269056726905
whfast,522.2793816321945,288.2000000000583,0.012159383060926302
whfast,522.6418239511621,288.4000000000584,9.87529337606696e-05
whfast,523.0042662701297,288.6000000000585,0.0011444659145046713
whfast,523.3667085890974,288.8000000000586,0.00025955256340990675
whfast,523.729150908065,289.0000000000587,0.013366816400758262
whfast,524.0915932270326,289.2000000000588,0.01252214686717238
whfast,524.4540355460002,289.4000000000589,0.00013432826581776455
whfast,524.8164778649679,289.600000000059,0.0011575992412154942
whfast,525.1789201839355,289.80000000005913,0.0001947316175010087
whfast,525.5413625029031,290.00000000005923,0.012973964965251624
whfast,525.9038048218707,290.20000000005933,0.012901606920011783
whfast,526.2662471408383,290.40000000005944,0.00018339260268649275
whfast,526.628689459806,290.60000000005954,0.0011588517511553983
whfast,526.9911317787736,290.80000000005964,0.00014290478293848486
whfast,527.3535740977412,291.0000000000597,0.012592134720736059
whfast,527.7160164167088,291.2000000000598,0.013293349511870176
whfast,528.0784587356765,291.4000000000599,0.0002457367327425451
whfast,528.4409010546441,291.60000000006,0.0011480652377310102
whfast,528.8033433736117,291.8000000000601,0.00010460346515418913
whfast,529.1657856925793,292.0000000000602,0.012226106224918641
whfast,529.528228011547,292.2000000000603,0.013691182399819531
whfast,529.8906703305146,292.4000000000604,0.00031947642800358945
whfast,530.2531126494822,292.6000000000605,0.0011267262603171224
whfast,530.6155549684498,292.8000000000606,7.864040701014364e-05
whfast,530.9779972874175,293.0000000000607,0.011878412734340751
whfast,531.3404396063851,293.2000000000608,0.014088012718910081
whfast,531.7028819253527,293.4000000000609,0.00040140946917608506
whfast,532.0653242443203,293.600000000061,0.0010976415139745308
whfast,532.427766563288,293.80000000006106,6.237025415233171e-05
whfast,532.7902088822556,294.00000000006116,0.011549217541493118
whfast,533.1526512012232,294.20000000006127,0.014476877667564165
whfast_hj,0.0,0.0,2.220446049250313e-16
whfast_hj,0.3624423189674454,0.2,3.789965255888256e-09
whfast_hj,0.7248846379348909,0.4000000000000001,1.4186008429481437e-09
whfast_hj,1.0873269569023363,0.6000000000000001,2.7274319259360138e-09
whfast_hj,1.4497692758697813,0.7999999999999999,1.1339082304347645e-09
whfast_hj,1.8122115948372264,0.9999999999999998,8.153251590788836e-10
whfast_hj,2.1746539138046717,1.1999999999999997,3.1162377856773835e-09
whfast_hj,2.5370962327721176,1.4000000000000001,4.5895649596488895e-10
whfast_hj,2.8995385517395635,1.6000000000000003,1.8707307534597065e-09
whfast_hj,3.2619808707070095,1.8000000000000007,6.484963546355103e-10
whfast_hj,3.6244231896744554,2.000000000000001,1.359544453208798e-09
whfast_hj,3.9868655086419014,2.2000000000000015,4.8376453046174755e-09
whfast_hj,4.349307827609347,2.4000000000000012,5.68759545012767e-10
whfast_hj,4.711750146576793,2.600000000000002,2.594499463987835e-09
whfast_hj,5.074192465544239,2.800000000000002,1.5219690339456646e-09
whfast_hj,5.436634784511685,3.000000000000002,1.2911957630389377e-09
whfast_hj,5.799077103479131,3.200000000000003,3.5794350017371048e-09
whfast_hj,6.161519422446577,3.400000000000003,8.473102434467054e-10
whfast_hj,6.5239617414140225,3.600000000000003,2.1468330782086037e-09
whfast_hj,6.8864040603814685,3.800000000000004,5.992721678777279e-10
whfast_hj,7.248846379348914,4.0000000000000036,3.817851137491804e-10
whfast_hj,7.61128869831636,4.200000000000005,2.949335900074247e-09
whfast_hj,7.973731017283806,4.400000000000005,1.0003037934158794e-09
whfast_hj,8.336173336251251,4.600000000000004,3.98397281978128e-09
whfast_hj,8.698615655218697,4.800000000000004,6.093377041384514e-10
whfast_hj,9.061057974186143,5.000000000000005,8.198902542366489e-10
whfast_hj,9.42350029315359,5.2000000000000055,3.883449994192599e-09
whfast_hj,9.785942612121035,5.400000000000006,1.298819583432141e-09
whfast_hj,10.148384931088481,5.600000000000006,2.6270870034248083e-09
whfast_hj,10.510827250055927,5.800000000000006,1.0320608088253718e-09
whfast_hj,10.873269569023373,6.000000000000006,6.976527245543597e-10
whfast_hj,11.235711887990819,6.200000000000007,3.0139898111859822e-09
whfast_hj,11.598154206958265,6.4000000000000075,3.540867348669743e-10
whfast_hj,11.96059652592571,6.600000000000008,1.893574499538474e-09
whfast_hj,12.323038844893157,6.800000000000008,8.963371730063127e-10
whfast_hj,12.685481163860603,7.000000000000008,2.126321426257711e-09
whfast_hj,13.047923482828049,7.200000000000008,2.554767931518054e-09
whfast_hj,13.410365801795495,7.400000000000009,3.5711991266308825e-10
whfast_hj,13.77280812076294,7.600000000000009,2.827380785721213e-09
whfast_hj,14.135250439730386,7.80000000000001,1.482127724903273e-09
whfast_hj,14.497692758697832,8.00000000000001,1.1724681418538463e-09
whfast_hj,14.860135077665278,8.20000000000001,3.4548406046524445e-09
whfast_hj,15.222577396632724,8.400000000000011,6.966085310343499e-10
whfast_hj,15.58501971560017,8.60000000000001,2.0619226798732852e-09
whfast_hj,15.947462034567616,8.800000000000011,5.376241839601607e-10
whfast_hj,16.309904353535057,9.000000000000009,3.5308806223885104e-10
whfast_hj,16.672346672502496,9.200000000000005,3.0876088606719185e-09
whfast_hj,17.034788991469934,9.400000000000002,1.5990314137535904e-09
whfast_hj,17.397231310437373,9.599999999999998,3.0070721839488827e-09
whfast_hj,17.759673629404812,9.799999999999994,1.2600771239466163e-11
whfast_hj,18.12211594837225,9.999999999999991,1.19807612086748e-09
whfast_hj,18.48455826733969,10.199999999999987,3.859318657171898e-09
whfast_hj,18.84700058630713,10.399999999999983,1.1575026067307635e-09
whfast_hj,19.209442905274567,10.59999999999998,2.5252349368264476e-09
whfast_hj,19.571885224242006,10.799999999999976,9.334052688018334e-10
whfast_hj,19.934327543209445,10.999999999999972,5.853364268088542e-10
whfast_hj,20.296769862176884,11.199999999999969,2.9212371231429978e-09
whfast_hj,20.659212181144323,11.399999999999965,2.7301743274227297e-10
whfast_hj,21.02165450011176,11.599999999999962,1.9891685273331936e-09
whfast_hj,21.3840968190792,11.799999999999958,1.3803431654779143e-09
whfast_hj,21.74653913804664,11.999999999999954,2.389845895046051e-09
whfast_hj,22.108981457014078,12.199999999999951,1.8270703344878126e-09
whfast_hj,22.471423775981517,12.399999999999947,9.289951614426343e-10
whfast_hj,22.833866094948956,12.599999999999943,2.8825011666420284e-09
whfast_hj,23.196308413916395,12.79999999999994,1.4074844553498896e-09
whfast_hj,23.558750732883833,12.999999999999936,1.049266312461797e-09
whfast_hj,23.921193051851272,13.199999999999934,3.3323873926490737e-09
whfast_hj,24.28363537081871,13.39999999999993,5.502754307464127e-10
whfast_hj,24.64607768978615,13.599999999999925,1.9842993402309888e-09
whfast_hj,25.00852000875359,13.799999999999923,4.938027387040425e-10
whfast_hj,25.370962327721028,13.999999999999918,3.776930333013246e-10
whfast_hj,25.733404646688466,14.199999999999914,3.40361365348462e-09
whfast_hj,26.095846965655905,14.399999999999912,2.3294178400644505e-09
whfast_hj,26.458289284623344,14.599999999999907,8.36085782438462e-10
whfast_hj,26.820731603590783,14.799999999999905,8.533448582809851e-10
whfast_hj,27.183173922558222,14.9999999999999,1.3140910684952503e-09
whfast_hj,27.54561624152566,15.199999999999896,3.780475543426601e-09
whfast_hj,27.9080585604931,15.399999999999894,1.0069242961919917e-09
whfast_hj,28.27050087946054,15.59999999999989,2.4239830028027545e-09
whfast_hj,28.632943198427977,15.799999999999885,8.38187639946489e-10
whfast_hj,28.995385517395416,15.999999999999883,4.790264094649236e-10
whfast_hj,29.357827836362855,16.19999999999988,2.841808276288834e-09
whfast_hj,29.720270155330294,16.399999999999874,2.3107658868633852e-10
whfast_hj,30.082712474297733,16.59999999999987,2.214814814249991e-09
whfast_hj,30.44515479326517,16.79999999999987,2.16868124831856e-09
whfast_hj,30.80759711223261,16.999999999999865,2.431634693129766e-10
whfast_hj,31.17003943120005,17.19999999999986,2.7450096480217427e-09
whfast_hj,31.532481750167488,17.399999999999856,1.1370513396364548e-09
whfast_hj,31.894924069134927,17.599999999999852,2.853399072093688e-09
whfast_hj,32.257366388102376,17.799999999999855,1.3164358589263045e-09
whfast_hj,32.61980870706983,17.99999999999986,9.245856734152974e-10
whfast_hj,32.98225102603728,18.199999999999864,3.21184141311597e-09
whfast_hj,33.344693345004735,18.399999999999867,4.0854799185322826e-10
whfast_hj,33.70713566397219,18.599999999999874,1.9166350117690825e-09
whfast_hj,34.06957798293964,18.799999999999876,4.785501432627365e-10
whfast_hj,34.432020301907095,18.999999999999883,4.964455825938775e-10
whfast_hj,34.79446262087455,19.199999999999886,4.010021298582047e-09
whfast_hj,35.156904939842,19.39999999999989,1.5568877385127194e-09
whfast_hj,35.519347258809454,19.599999999999895,1.2571060341697082e-09
whfast_hj,35.88178957777691,19.799999999999898,1.2891981081167599e-09
whfast_hj,36.24423189674436,19.999999999999904,1.303434844470761e-09
whfast_hj,36.60667421571181,20.199999999999907,3.6758843268338016e-09
whfast_hj,36.969116534679266,20.39999999999991,8.528845398742548e-10
whfast_hj,37.33155885364672,20.599999999999916,2.3241662155372125e-09
whfast_hj,37.69400117261417,20.79999999999992,7.465893864950219e-10
whfast_hj,38.056443491581625,20.999999999999925,3.805213670839491e-10
whfast_hj,38.41888581054908,21.19999999999993,2.783411939481843e-09
whfast_hj,38.78132812951653,21.39999999999993,2.576607895480834e-10
whfast_hj,39.143770448483984,21.599999999999937,2.6710587914905247e-09
whfast_hj,39.50621276745144,21.79999999999994,2.6118009640629327e-09
whfast_hj,39.86865508641889,21.999999999999943,7.700859083567614e-10
whfast_hj,40.23109740538634,22.19999999999995,3.3824263104718463e-09
whfast_hj,40.593539724353796,22.399999999999952,1.1568761525519439e-09
whfast_hj,40.95598204332125,22.59999999999996,2.7852066083861187e-09
whfast_hj,41.3184243622887,22.79999999999996,1.21903694325158e-09
whfast_hj,41.680866681256155,22.999999999999964,8.011193893180025e-10
whfast_hj,42.04330900022361,23.19999999999997,3.0947468152190675e-09
whfast_hj,42.40575131919106,23.399999999999974,2.7355903845594357e-10
whfast_hj,42.768193638158515,23.59999999999998,1.865239447501719e-09
whfast_hj,43.13063595712597,23.799999999999983,5.13408772639138e-10
whfast_hj,43.49307827609342,23.999999999999986,7.870119384902778e-10
whfast_hj,43.855520595060874,24.199999999999992,4.816151701998744e-09
whfast_hj,44.21796291402833,24.399999999999995,7.957254732953776e-10
whfast_hj,44.58040523299578,24.6,2.1374195435660243e-09
whfast_hj,44.94284755196323,24.800000000000004,1.4522369112281639e-09
whfast_hj,45.305289870930686,25.000000000000007,1.2331440844133735e-09
whfast_hj,45.66773218989814,25.200000000000014,3.5598939976475614e-09
whfast_hj,46.03017450886559,25.400000000000016,6.987721668956513e-10
whfast_hj,46.392616827833045,25.600000000000023,2.2270890427650057e-09
whfast_hj,46.7550591468005,25.800000000000026,6.603452569940204e-10
whfast_hj,47.11750146576795,26.00000000000003,2.9443516720786007e-10
whfast_hj,47.479943784735404,26.200000000000035,2.76143061302147e-09
whfast_hj,47.84238610370286,26.400000000000038,4.0881089822881795e-10
whfast_hj,48.20482842267031,26.600000000000044,3.450358035465344e-09
whfast_hj,48.56727074163776,26.800000000000047,6.665511170882544e-10
whfast_hj,48.929713060605216,27.00000000000005,9.109674947588703e-11
whfast_hj,49.29215537957267,27.200000000000056,3.6510865887291552e-09
whfast_hj,49.65459769854012,27.40000000000006,1.086575483184758e-09
whfast_hj,50.017040017507576,27.600000000000062,2.698656683778056e-09
whfast_hj,50.37948233647503,27.800000000000068,1.1195770459717471e-09
whfast_hj,50.74192465544248,28.00000000000007,6.796166968904533e-10
whfast_hj,51.104366974409935,28.200000000000077,2.981524434958868e-09
whfast_hj,51.46680929337739,28.40000000000008,1.4792416384244796e-10
whfast_hj,51.82925161234484,28.600000000000083,1.840541886325816e-09
whfast_hj,52.191693931312294,28.80000000000009,6.379376753793492e-10
whfast_hj,52.55413625027975,29.000000000000092,1.3682321309086425e-09
whfast_hj,52.9165785692472,29.2000000000001,4.328721113993991e-09
whfast_hj,53.27902088821465,29.4000000000001,6.258771163568632e-10
whfast_hj,53.641463207182106,29.600000000000104,2.6072810801311226e-09
whfast_hj,54.00390552614956,29.80000000000011,1.4804693090087262e-09
whfast_hj,54.36634784511701,30.000000000000114,1.1343875932962637e-09
whfast_hj,54.728790164084465,30.20000000000012,3.4390330878624265e-09
whfast_hj,55.09123248305192,30.400000000000123,5.458870000023975e-10
whfast_hj,55.45367480201937,30.600000000000126,2.1333149216479547e-09
whfast_hj,55.816117120986824,30.800000000000132,5.81388650684938e-10
whfast_hj,56.17855943995428,31.000000000000135,2.282699315188981e-10
whfast_hj,56.54100175892173,31.20000000000014,2.803807002209639e-09
whfast_hj,56.90344407788918,31.400000000000144,7.849871877991199e-10
whfast_hj,57.26588639685664,31.600000000000147,4.029192561549736e-09
whfast_hj,57.62832871582409,31.800000000000153,6.029211163780352e-10
whfast_hj,57.99077103479154,32.000000000000156,7.612031411202603e-10
whfast_hj,58.353213353758996,32.20000000000016,3.720964873766183e-09
whfast_hj,58.71565567272645,32.40000000000016,9.730233087078292e-10
whfast_hj,59.0780979916939,32.60000000000017,2.6037710168009588e-09
whfast_hj,59.440540310661355,32.800000000000175,1.0201589535926263e-09
whfast_hj,59.80298262962881,33.00000000000018,5.607046696433318e-10
whfast_hj,60.16542494859626,33.20000000000018,2.87362041223408e-09
whfast_hj,60.527867267563714,33.40000000000018,3.691357249585157e-11
whfast_hj,60.89030958653117,33.60000000000019,1.862103460616446e-09
whfast_hj,61.25275190549862,33.800000000000196,9.272419877731397e-10
whfast_hj,61.61519422446607,34.0000000000002,2.206433086490173e-09
whfast_hj,61.977636543433526,34.2000000000002,1.9279248122888094e-09
whfast_hj,62.34007886240098,34.400000000000205,2.0842762247829618e-10
whfast_hj,62.70252118136843,34.600000000000215,2.794002823994849e-09
whfast_hj,63.064963500335885,34.80000000000022,1.4436110118815938e-09
whfast_hj,63.42740581930334,35.00000000000022,1.0220819790253846e-09
whfast_hj,63.78984813827079,35.20000000000022,3.3165417869495177e-09
whfast_hj,64.15229045723824,35.400000000000226,3.9467975795735636e-10
whfast_hj,64.51473277620569,35.60000000000023,2.0435014277909647e-09
whfast_hj,64.87717509517314,35.80000000000023,5.131889098279854e-10
whfast_hj,65.2396174141406,36.000000000000234,1.9571506183766645e-10
whfast_hj,65.60205973310805,36.200000000000244,2.964321408649892e-09
whfast_hj,65.9645020520755,36.40000000000025,1.4974569626625515e-09
whfast_hj,66.32694437104296,36.60000000000025,2.2952972994350663e-09
whfast_hj,66.68938669001041,36.80000000000025,2.0619167962205924e-10
whfast_hj,67.05182900897786,37.000000000000256,1.060167637070832e-09
whfast_hj,67.41427132794531,37.200000000000266,3.693704672176626e-09
whfast_hj,67.77671364691277,37.40000000000027,8.38557381068343e-10
whfast_hj,68.13915596588022,37.60000000000027,2.5054245233767594e-09
whfast_hj,68.50159828484767,37.800000000000274,9.218747030205981e-10
whfast_hj,68.86404060381513,38.00000000000028,4.45145240600358e-10
whfast_hj,69.22648292278258,38.20000000000029,2.773784116014872e-09
whfast_hj,69.58892524175003,38.40000000000029,4.943971424589829e-11
whfast_hj,69.95136756071749,38.60000000000029,1.9683704343959396e-09
whfast_hj,70.31380987968494,38.800000000000296,1.5050567839460867e-09
whfast_hj,70.67625219865239,39.0000000000003,1.96289538589934e-09
whfast_hj,71.03869451761985,39.20000000000031,1.90773645157009e-09
whfast_hj,71.4011368365873,39.40000000000031,6.598276503900179e-10
whfast_hj,71.76357915555475,39.600000000000314,2.8373836146308682e-09
whfast_hj,72.1260214745222,39.80000000000032,1.3751324168535948e-09
whfast_hj,72.48846379348966,40.00000000000032,9.03745930410297e-10
whfast_hj,72.85090611245711,40.20000000000033,3.1940819171286262e-09
whfast_hj,73.21334843142456,40.40000000000033,2.45846105274971e-10
whfast_hj,73.57579075039202,40.600000000000335,1.9595661674729977e-09
whfast_hj,73.93823306935947,40.80000000000034,4.62745413466099e-10
whfast_hj,74.30067538832692,41.00000000000034,2.2343929782512784e-10
whfast_hj,74.66311770729438,41.20000000000035,3.3426992681580676e-09
whfast_hj,75.02556002626183,41.400000000000354,2.1394421265956637e-09
whfast_hj,75.38800234522928,41.60000000000036,7.573903793423477e-10
whfast_hj,75.75044466419673,41.80000000000036,9.291290919578787e-10
whfast_hj,76.11288698316419,42.00000000000036,1.1501037586365776e-09
whfast_hj,76.47532930213164,42.20000000000037,3.618367596104387e-09
whfast_hj,76.8377716210991,42.400000000000375,6.936129776488768e-10
whfast_hj,77.20021394006655,42.60000000000038,2.405556331566638e-09
whfast_hj,77.562656259034,42.80000000000038,8.249056036583806e-10
whfast_hj,77.92509857800145,43.000000000000384,3.336410417594272e-10
whfast_hj,78.2875408969689,43.200000000000394,2.686218641985436e-09
whfast_hj,78.64998321593636,43.4000000000004,9.301420092188372e-11
whfast_hj,79.01242553490381,43.6000000000004,2.232134120116133e-09
whfast_hj,79.37486785387127,43.8000000000004,2.3873173178848293e-09
whfast_hj,79.73731017283872,44.000000000000405,4.652314115617807e-10
whfast_hj,80.09975249180617,44.200000000000415,2.7690595429025383e-09
whfast_hj,80.46219481077362,44.40000000000042,8.188157134553814e-10
whfast_hj,80.82463712974108,44.60000000000042,2.8099292525024486e-09
whfast_hj,81.18707944870853,44.80000000000042,1.2906961170589448e-09
whfast_hj,81.54952176767598,45.000000000000426,7.825628132237472e-10
whfast_hj,81.91196408664344,45.20000000000043,3.0721840909728648e-09
whfast_hj,82.27440640561089,45.40000000000044,1.0042140999621204e-10
whfast_hj,82.63684872457834,45.60000000000044,1.885192462112725e-09
whfast_hj,82.9992910435458,45.800000000000445,4.435939691180065e-10
whfast_hj,83.36173336251325,46.00000000000045,3.638288250625583e-10
whfast_hj,83.7241756814807,46.20000000000045,4.066539356683338e-09
whfast_hj,84.08661800044815,46.40000000000046,5.91122999232242e-10
whfast_hj,84.44906031941561,46.60000000000046,1.4693722755311721e-09
whfast_hj,84.81150263838306,46.800000000000466,1.2821902132607152e-09
whfast_hj,85.17394495735051,47.00000000000047,1.1361886103521287e-09
whfast_hj,85.53638727631797,47.20000000000047,3.5193421601260293e-09
whfast_hj,85.89882959528542,47.40000000000048,5.441739280709934e-10
whfast_hj,86.26127191425287,47.600000000000485,2.306157593308217e-09
whfast_hj,86.62371423322033,47.80000000000049,7.308066429794997e-10
whfast_hj,86.98615655218778,48.00000000000049,2.2949976976466295e-10
whfast_hj,87.34859887115523,48.20000000000049,2.62120613772537e-09
whfast_hj,87.71104119012269,48.4000000000005,5.662009302562186e-11
whfast_hj,88.07348350909014,48.600000000000506,2.7802973195458233e-09
whfast_hj,88.43592582805759,48.80000000000051,2.397829237585379e-09
whfast_hj,88.79836814702504,49.00000000000051,7.257784424216232e-10
whfast_hj,89.1608104659925,49.200000000000514,3.283597822025732e-09
whfast_hj,89.52325278495995,49.400000000000524,8.255908943641285e-10
whfast_hj,89.8856951039274,49.60000000000053,2.7471674002303513e-09
whfast_hj,90.24813742289486,49.80000000000053,1.1985833536627872e-09
whfast_hj,90.61057974186231,50.00000000000053,6.605228504055642e-10
whfast_hj,90.97302206082976,50.200000000000536,2.9516009515280167e-09
whfast_hj,91.33546437979722,50.400000000000546,4.036077364198129e-11
whfast_hj,91.69790669876467,50.60000000000055,1.8263834954524089e-09
whfast_hj,92.06034901773212,50.80000000000055,4.805764422835503e-10
whfast_hj,92.42279133669958,51.000000000000554,7.149500441393861e-10
whfast_hj,92.78523365566703,51.20000000000056,4.835439863855462e-09
whfast_hj,93.14767597463448,51.40000000000057,1.2476971445160964e-09
whfast_hj,93.51011829360193,51.60000000000057,2.216722511219155e-09
whfast_hj,93.87256061256939,51.80000000000057,1.416419091629867e-09
whfast_hj,94.23500293153684,52.000000000000576,1.0698058343464982e-09
whfast_hj,94.5974452505043,52.20000000000058,3.4074844776246326e-09
whfast_hj,94.95988756947175,52.40000000000059,3.9187341045584714e-10
whfast_hj,95.3223298884392,52.60000000000059,2.20688225692338e-09
whfast_hj,95.68477220740665,52.800000000000594,6.39628761029638e-10
whfast_hj,96.0472145263741,53.0000000000006,1.3610111858919316e-10
whfast_hj,96.40965684534156,53.2000000000006,2.595181038702408e-09
whfast_hj,96.77209916430901,53.40000000000061,1.300217570278548e-10
whfast_hj,97.13454148327646,53.60000000000061,3.6713698620557875e-09
whfast_hj,97.49698380224392,53.800000000000615,1.875662028581117e-11
whfast_hj,97.85942612121137,54.00000000000062,1.2200079007788608e-10
whfast_hj,98.22186844017882,54.20000000000062,3.497594166944816e-09
whfast_hj,98.58431075914628,54.40000000000063,7.555415189001121e-10
whfast_hj,98.94675307811373,54.600000000000634,2.665734240636489e-09
whfast_hj,99.30919539708118,54.80000000000064,1.1021775366294243e-09
whfast_hj,99.67163771604864,55.00000000000064,5.380954955074488e-10
whfast_hj,100.03408003501609,55.20000000000064,2.832812326154479e-09
whfast_hj,100.39652235398354,55.40000000000065,1.7322387042157102e-10
whfast_hj,100.758964672951,55.600000000000655,1.7957443740545522e-09
whfast_hj,101.12140699191845,55.80000000000066,6.240116887873083e-10
whfast_hj,101.4838493108859,56.00000000000066,1.4167375830401073e-09
whfast_hj,101.84629162985335,56.200000000000664,3.5756228592910545e-09
whfast_hj,102.20873394882081,56.400000000000674,7.067017823959157e-10
whfast_hj,102.57117626778826,56.600000000000676,2.599011606271365e-09
whfast_hj,102.93361858675571,56.80000000000068,1.4396686549114738e-09
whfast_hj,103.29606090572317,57.00000000000068,9.768692047403803e-10
whfast_hj,103.65850322469062,57.200000000000685,3.2894201608641737e-09
whfast_hj,104.02094554365807,57.40000000000069,2.38830623603612e-10
whfast_hj,104.38338786262553,57.6000000000007,2.109159585517585e-09
whfast_hj,104.74583018159298,57.8000000000007,5.543162614826548e-10
whfast_hj,105.10827250056043,58.0000000000007,6.291653040473212e-11
whfast_hj,105.47071481952788,58.200000000000706,2.6437823324395798e-09
whfast_hj,105.83315713849534,58.40000000000071,5.951656879640713e-10
whfast_hj,106.19559945746279,58.60000000000072,3.893241011605313e-09
whfast_hj,106.55804177643024,58.80000000000072,4.758642558084644e-10
whfast_hj,106.9204840953977,59.000000000000725,6.695090460630865e-10
whfast_hj,107.28292641436515,59.20000000000073,3.5505484346768806e-09
whfast_hj,107.6453687333326,59.40000000000073,6.465954703168328e-10
whfast_hj,108.00781105230006,59.60000000000074,2.5749697627047805e-09
whfast_hj,108.37025337126751,59.80000000000074,1.004135599648561e-09
whfast_hj,108.73269569023496,60.000000000000746,4.1647017537114386e-10
whfast_hj,109.09513800920242,60.20000000000075,2.7177181701731346e-09
whfast_hj,109.45758032816987,60.40000000000075,2.9215974194539504e-10
whfast_hj,109.82002264713732,60.60000000000076,1.8174149507529649e-09
whfast_hj,110.18246496610477,60.800000000000765,9.7075330259916e-10
whfast_hj,110.54490728507223,61.00000000000077,2.2656275872348345e-09
whfast_hj,110.90734960403968,61.20000000000077,1.5459967877123795e-09
whfast_hj,111.26979192300713,61.40000000000077,8.899644029751613e-12
whfast_hj,111.63223424197459,61.60000000000078,2.753338887406222e-09
whfast_hj,111.99467656094204,61.800000000000786,1.4063105118047068e-09
whfast_hj,112.35711887990949,62.00000000000079,8.697833194058255e-10
whfast_hj,112.71956119887695,62.20000000000079,3.1677764156049625e-09
whfast_hj,113.0820035178444,62.400000000000794,8.564167443184992e-11
whfast_hj,113.44444583681185,62.600000000000804,2.0138046198217526e-09
whfast_hj,113.8068881557793,62.80000000000081,4.789034720902368e-10
whfast_hj,114.16933047474676,63.00000000000081,2.647937894403332e-11
whfast_hj,114.53177279371421,63.20000000000081,2.835791467245598e-09
whfast_hj,114.89421511268166,63.400000000000816,1.4348877225996613e-09
whfast_hj,115.25665743164912,63.600000000000826,1.5910085888080346e-09
whfast_hj,115.61909975061657,63.80000000000083,3.691292219739605e-10
whfast_hj,115.98154206958402,64.00000000000082,9.114429867962295e-10
whfast_hj,116.34398438855148,64.20000000000084,3.521596837771104e-09
whfast_hj,116.70642670751893,64.40000000000084,5.174602868500066e-10
whfast_hj,117.06886902648638,64.60000000000085,2.479462131704866e-09
whfast_hj,117.43131134545384,64.80000000000085,9.057791969145629e-10
whfast_hj,117.79375366442129,65.00000000000085,2.9673706890744287e-10
whfast_hj,118.15619598338874,65.20000000000086,2.6095394737673713e-09
whfast_hj,118.5186383023562,65.40000000000086,3.8491924263886593e-10
whfast_hj,118.88108062132365,65.60000000000086,1.939930095942576e-09
whfast_hj,119.2435229402911,65.80000000000086,1.6709946795053948e-09
whfast_hj,119.60596525925855,66.00000000000087,1.2789991058396887e-09
whfast_hj,119.968407578226,66.20000000000088,1.97535138831597e-09
whfast_hj,120.33084989719346,66.40000000000089,3.6942944309425987e-10
whfast_hj,120.69329221616091,66.60000000000089,2.789599993785033e-09
whfast_hj,121.05573453512837,66.80000000000089,1.3438083144159215e-09
whfast_hj,121.41817685409582,67.0000000000009,7.554263231737053e-10
whfast_hj,121.78061917306327,67.2000000000009,3.044471157791892e-09
whfast_hj,122.14306149203072,67.4000000000009,6.683519793111539e-11
whfast_hj,122.50550381099818,67.6000000000009,1.9232079808247554e-09
whfast_hj,122.86794612996563,67.8000000000009,4.218314216380271e-10
whfast_hj,123.23038844893308,68.00000000000091,6.024086192618974e-11
whfast_hj,123.59283076790054,68.20000000000093,3.2996835736549347e-09
whfast_hj,123.95527308686799,68.40000000000093,1.7975858025144391e-09
whfast_hj,124.31771540583544,68.60000000000093,8.259045859524351e-10
whfast_hj,124.6801577248029,68.80000000000094,9.719227559883407e-10
whfast_hj,125.04260004377035,69.00000000000094,9.839190593301026e-10
whfast_hj,125.4050423627378,69.20000000000094,3.449724923469004e-09
whfast_hj,125.76748468170526,69.40000000000094,3.7674638454964306e-10
whfast_hj,126.12992700067271,69.60000000000095,2.380771289765171e-09
whfast_hj,126.49236931964016,69.80000000000095,8.07025802456765e-10
whfast_hj,126.85481163860761,70.00000000000095,1.794681290912739e-10
whfast_hj,127.21725395757507,70.20000000000097,2.5130209383350514e-09
whfast_hj,127.57969627654252,70.40000000000097,4.2977744943264514e-10
whfast_hj,127.94213859550997,70.60000000000097,2.2571210641047427e-09
whfast_hj,128.30458091447738,70.80000000000095,2.6062167583255848e-09
whfast_hj,128.66702323344478,71.00000000000092,9.352024150335587e-10
whfast_hj,129.02946555241218,71.2000000000009,2.735179922367629e-09
whfast_hj,129.39190787137957,71.40000000000087,4.928105690604744e-10
whfast_hj,129.75435019034697,71.60000000000085,2.764144060743619e-09
whfast_hj,130.11679250931437,71.80000000000082,1.2649737164837324e-09
whfast_hj,130.47923482828176,72.0000000000008,6.362662535156918e-10
whfast_hj,130.84167714724916,72.20000000000076,2.9196132349997796e-09
whfast_hj,131.20411946621655,72.40000000000073,2.1810808915357116e-10
whfast_hj,131.56656178518395,72.6000000000007,1.8406203866393756e-09
whfast_hj,131.92900410415135,72.80000000000068,3.9830579117875466e-10
whfast_hj,132.29144642311874,73.00000000000065,2.3027610225418388e-10
whfast_hj,132.65388874208614,73.20000000000063,4.1611714072627815e-09
whfast_hj,133.01633106105353,73.4000000000006,4.3136108100480715e-10
whfast_hj,133.37877338002093,73.60000000000058,1.627349743830061e-09
whfast_hj,133.74121569898833,73.80000000000055,1.2646216263199567e-09
whfast_hj,134.10365801795572,74.00000000000051,9.67914749840806e-10
whfast_hj,134.46610033692312,74.20000000000049,3.354197783515424e-09
whfast_hj,134.82854265589052,74.40000000000046,2.290612828060823e-10
whfast_hj,135.1909849748579,74.60000000000043,2.2799228504498326e-09
whfast_hj,135.5534272938253,74.80000000000041,7.086186145100501e-10
whfast_hj,135.9158696127927,75.00000000000038,6.720555838483181e-11
whfast_hj,136.2783119317601,75.20000000000036,2.4390123291076645e-09
whfast_hj,136.6407542507275,75.40000000000033,3.8051919942243065e-10
whfast_hj,137.0031965696949,75.6000000000003,2.926075653318014e-09
whfast_hj,137.3656388886623,75.80000000000027,1.921178739977595e-09
whfast_hj,137.72808120762969,76.00000000000024,6.696956197866351e-10
whfast_hj,138.09052352659708,76.20000000000022,3.154731893086085e-09
whfast_hj,138.45296584556448,76.40000000000019,4.898743167008264e-10
whfast_hj,138.81540816453187,76.60000000000016,2.70570437070626e-09
whfast_hj,139.17785048349927,76.80000000000014,1.1767737369612651e-09
whfast_hj,139.54029280246667,77.00000000000011,5.140268658378153e-10
whfast_hj,139.90273512143406,77.20000000000009,2.793773361539829e-09
whfast_hj,140.26517744040146,77.40000000000006,3.668112176459553e-10
whfast_hj,140.62761975936886,77.60000000000002,1.773276717249228e-09
whfast_hj,140.99006207833625,77.8,4.395165978018827e-10
whfast_hj,141.35250439730365,77.99999999999997,6.640652738255383e-10
whfast_hj,141.71494671627104,78.19999999999995,4.725468511373976e-09
whfast_hj,142.07738903523844,78.39999999999992,1.5267810876835629e-09
whfast_hj,142.43983135420584,78.5999999999999,2.2566811836494716e-09
whfast_hj,142.80227367317323,78.79999999999987,1.3793440283508941e-09
whfast_hj,143.16471599214063,78.99999999999984,9.05343496949363e-10
whfast_hj,143.52715831110802,79.19999999999982,3.24545038562701e-09
whfast_hj,143.88960063007542,79.39999999999978,7.729586792005133e-11
whfast_hj,144.25204294904282,79.59999999999975,2.177916105718837e-09
whfast_hj,144.6144852680102,79.79999999999973,6.11904370209211e-10
whfast_hj,144.9769275869776,79.9999999999997,3.4590149014050343e-11
whfast_hj,145.339369905945,80.19999999999968,2.409294928354028e-09
whfast_hj,145.7018122249124,80.39999999999965,1.447383207422519e-10
whfast_hj,146.0642545438798,80.59999999999962,3.9052744748588196e-09
whfast_hj,146.4266968628472,80.7999999999996,4.1305223765551267e-10
whfast_hj,146.7891391818146,80.99999999999957,1.0017661907759764e-10
whfast_hj,147.151581500782,81.19999999999955,3.329224309994821e-09
whfast_hj,147.51402381974938,81.39999999999951,4.2065809742470643e-10
whfast_hj,147.87646613871678,81.59999999999948,2.629114850775278e-09
whfast_hj,148.23890845768418,81.79999999999946,1.0832778506833984e-09
whfast_hj,148.60135077665157,81.99999999999943,3.900567552704564e-10
whfast_hj,148.96379309561897,82.1999999999994,2.668233554367212e-09
whfast_hj,149.32623541458636,82.39999999999938,5.087896407763781e-10
whfast_hj,149.68867773355376,82.59999999999935,1.7365438348242323e-09
whfast_hj,150.05112005252116,82.79999999999933,6.101971819304998e-10
whfast_hj,150.41356237148855,82.9999999999993,1.5134521370068776e-09
whfast_hj,150.77600469045595,83.19999999999926,2.698196520204291e-09
whfast_hj,151.13844700942334,83.39999999999924,8.366970629866529e-10
whfast_hj,151.50088932839074,83.59999999999921,2.574778389159298e-09
whfast_hj,151.86333164735814,83.79999999999919,1.4003336496665957e-09
whfast_hj,152.22577396632553,83.99999999999916,8.173006728869804e-10
whfast_hj,152.58821628529293,84.19999999999914,3.1286742791403477e-09
whfast_hj,152.95065860426033,84.39999999999911,7.712524199195956e-11
whfast_hj,153.31310092322772,84.59999999999908,2.0757131876204255e-09
whfast_hj,153.67554324219512,84.79999999999906,5.197312219564693e-10
whfast_hj,154.03798556116251,84.99999999999902,1.1551592097963998e-10
whfast_hj,154.4004278801299,85.199999999999,2.4680326718501676e-09
whfast_hj,154.7628701990973,85.39999999999897,4.3971339050116095e-10
whfast_hj,155.1253125180647,85.59999999999894,3.4953648819061e-09
whfast_hj,155.4877548370321,85.79999999999892,3.1147670273371444e-10
whfast_hj,155.8501971559995,85.99999999999889,5.528459676413123e-10
whfast_hj,156.2126394749669,86.19999999999887,3.370676656044286e-09
whfast_hj,156.5750817939343,86.39999999999884,3.157055006901955e-10
whfast_hj,156.93752411290168,86.59999999999881,2.5421800114147326e-09
whfast_hj,157.29996643186908,86.79999999999878,9.865657740440775e-10
whfast_hj,157.66240875083648,86.99999999999875,2.6511785483733506e-10
whfast_hj,158.02485106980387,87.19999999999872,2.544683350802562e-09
whfast_hj,158.38729338877127,87.3999999999987,6.371546850723075e-10
whfast_hj,158.74973570773867,87.59999999999867,1.7601900801637076e-09
whfast_hj,159.11217802670606,87.79999999999865,1.0368925263499012e-09
whfast_hj,159.47462034567346,87.99999999999862,2.2322482320117804e-09
whfast_hj,159.83706266464085,88.1999999999986,1.354810590118528e-09
whfast_hj,160.19950498360825,88.39999999999857,2.3422774920224006e-10
whfast_hj,160.56194730257565,88.59999999999853,2.7067546027119284e-09
whfast_hj,160.92438962154304,88.7999999999985,1.3712409999291572e-09
whfast_hj,161.28683194051044,88.99999999999848,7.146668546453027e-10
whfast_hj,161.64927425947783,89.19999999999845,3.0068227480413002e-09
whfast_hj,162.01171657844523,89.39999999999843,2.338795298626045e-10
whfast_hj,162.37415889741263,89.5999999999984,1.9739933483746877e-09
whfast_hj,162.73660121638002,89.79999999999838,4.3626959568027446e-10
whfast_hj,163.09904353534742,89.99999999999835,1.5577388553246253e-10
whfast_hj,163.46148585431482,90.19999999999833,2.704492493084505e-09
whfast_hj,163.8239281732822,90.3999999999983,1.3970499521321404e-09
whfast_hj,164.1863704922496,90.59999999999826,1.0625754445188856e-09
whfast_hj,164.548812811217,90.79999999999824,4.833951764223076e-10
whfast_hj,164.9112551301844,90.99999999999821,7.534992720838413e-10
whfast_hj,165.2736974491518,91.19999999999818,3.3404455195107866e-09
whfast_hj,165.6361397681192,91.39999999999816,1.897595666488085e-10
whfast_hj,165.9985820870866,91.59999999999813,2.4481606348801705e-09
whfast_hj,166.36102440605399,91.79999999999811,8.869234835307674e-10
whfast_hj,166.72346672502138,91.99999999999808,1.3936205567770546e-10
whfast_hj,167.08590904398878,92.19999999999806,2.4257437632875633e-09
whfast_hj,167.44835136295617,92.39999999999802,7.385927283206524e-10
whfast_hj,167.81079368192357,92.59999999999799,1.905414576417945e-09
whfast_hj,168.17323600089097,92.79999999999797,1.89091261119387e-09
whfast_hj,168.53567831985836,92.99999999999794,4.211154740050903e-10
whfast_hj,168.89812063882576,93.19999999999791,1.997081575706139e-09
whfast_hj,169.26056295779316,93.39999999999789,5.7960636841791057e-11
whfast_hj,169.62300527676055,93.59999999999786,2.7384564975856668e-09
whfast_hj,169.98544759572795,93.79999999999784,1.3139480028350354e-09
whfast_hj,170.34788991469534,93.99999999999781,6.027713929002994e-10
whfast_hj,170.71033223366274,94.19999999999777,2.8807969201896636e-09
whfast_hj,171.07277455263014,94.39999999999775,3.923394576823047e-10
whfast_hj,171.43521687159753,94.59999999999772,1.8748141632614884e-09
whfast_hj,171.79765919056493,94.7999999999977,3.7092389087823596e-10
whfast_hj,172.16010150953232,94.99999999999767,1.1355170997803193e-10
whfast_hj,172.52254382849972,95.19999999999764,3.2835391403317696e-09
whfast_hj,172.88498614746712,95.39999999999762,1.2028132354500276e-09
whfast_hj,173.2474284664345,95.59999999999759,9.50081243695905e-10
whfast_hj,173.6098707854019,95.79999999999757,9.906103207714941e-10
whfast_hj,173.9723131043693,95.99999999999753,8.135620760995906e-10
whfast_hj,174.3347554233367,96.1999999999975,3.270730738085433e-09
whfast_hj,174.6971977423041,96.39999999999748,5.143071135055522e-11
whfast_hj,175.0596400612715,96.59999999999745,2.3494609674614363e-09
whfast_hj,175.4220823802389,96.79999999999742,7.853293686530971e-10
whfast_hj,175.7845246992063,96.9999999999974,1.4455979833291453e-11
whfast_hj,176.14696701817368,97.19999999999737,2.317951220298008e-09
whfast_hj,176.50940933714108,97.39999999999735,7.847205654323559e-10
whfast_hj,176.87185165610848,97.59999999999732,2.296923355239803e-09
whfast_hj,177.23429397507587,97.79999999999728,2.7648545892227596e-09
whfast_hj,177.59673629404327,97.99999999999726,1.1906969365599252e-09
whfast_hj,177.95917861301066,98.19999999999723,2.650494341498362e-09
whfast_hj,178.32162093197806,98.3999999999972,1.5525984008666886e-10
whfast_hj,178.68406325094546,98.59999999999718,2.715412707315343e-09
whfast_hj,179.04650556991285,98.79999999999715,1.2400799819404138e-09
whfast_hj,179.40894788888025,98.99999999999713,4.845022321263512e-10
whfast_hj,179.77139020784765,99.1999999999971,2.751280383128563e-09
whfast_hj,180.13383252681504,99.39999999999708,5.516788367466157e-10
whfast_hj,180.49627484578244,99.59999999999704,1.7824192942020069e-09
whfast_hj,180.85871716474983,99.79999999999701,3.427545101146731e-10
whfast_hj,181.22115948371723,99.99999999999699,9.809101903095879e-11
whfast_hj,181.58360180268463,100.19999999999696,4.287533687148668e-09
whfast_hj,181.94604412165202,100.39999999999694,1.3299283132146638e-09
whfast_hj,182.30848644061942,100.59999999999691,1.7330415131423489e-09
whfast_hj,182.67092875958681,100.79999999999688,1.2405615124634313e-09
whfast_hj,183.0333710785542,100.99999999999686,7.974131526204231e-10
whfast_hj,183.3958133975216,101.19999999999683,3.1780159841190208e-09
whfast_hj,183.758255716489,101.39999999999681,9.529101968103919e-11
whfast_hj,184.1206980354564,101.59999999999677,2.2470197614289654e-09
whfast_hj,184.4831403544238,101.79999999999674,6.823896004713928e-10
whfast_hj,184.8455826733912,101.99999999999672,1.0684527490601153e-10
whfast_hj,185.2080249923586,102.19999999999669,2.2339992380197564e-09
whfast_hj,185.57046731132598,102.39999999999667,7.165538039970761e-10
whfast_hj,185.93290963029338,102.59999999999664,3.122819735045061e-09
whfast_hj,186.29535194926078,102.79999999999661,1.2278763572577129e-09
whfast_hj,186.65779426822817,102.99999999999659,6.414415453908887e-10
whfast_hj,187.02023658719557,103.19999999999656,2.998583931108732e-09
whfast_hj,187.38267890616297,103.39999999999652,1.4589987765018692e-10
whfast_hj,187.74512122513036,103.5999999999965,2.6615139584931157e-09
whfast_hj,188.10756354409776,103.79999999999647,1.1559988689688514e-09
whfast_hj,188.47000586306515,103.99999999999645,3.6168299499230085e-10
whfast_hj,188.83244818203255,104.19999999999642,2.6190827584351243e-09
whfast_hj,189.19489050099995,104.3999999999964,7.098557299051981e-10
whfast_hj,189.55733281996734,104.59999999999637,1.7055434881176297e-09
whfast_hj,189.91977513893474,104.79999999999634,3.915049079977179e-10
whfast_hj,190.28221745790214,104.99999999999632,6.455669149263486e-10
whfast_hj,190.64465977686953,105.19999999999628,4.379696771258646e-09
whfast_hj,191.00710209583693,105.39999999999625,1.7303300782487527e-09
whfast_hj,191.36954441480432,105.59999999999623,2.266307303953821e-09
whfast_hj,191.73198673377172,105.7999999999962,1.342734547799482e-09
whfast_hj,192.09442905273912,105.99999999999618,7.385834383427164e-10
whfast_hj,192.4568713717065,106.19999999999615,3.0709779421708367e-09
whfast_hj,192.8193136906739,106.39999999999613,2.4814212332186094e-10
whfast_hj,193.1817560096413,106.5999999999961,2.1413524557252427e-09
whfast_hj,193.5441983286087,106.79999999999607,5.792209891665309e-10
whfast_hj,193.9066406475761,106.99999999999604,2.1881056631850064e-10
whfast_hj,194.2690829665435,107.19999999999601,2.2004498762004725e-09
whfast_hj,194.6315252855109,107.39999999999598,4.1231910356339425e-10
whfast_hj,194.99396760447829,107.59999999999596,4.102499932275919e-09
whfast_hj,195.35640992344568,107.79999999999593,6.145628522285717e-10
whfast_hj,195.71885224241308,107.99999999999591,3.460996763364721e-11
whfast_hj,196.08129456138047,108.19999999999588,3.1442644104466627e-09
whfast_hj,196.44373688034787,108.39999999999586,7.739991567293487e-11
whfast_hj,196.80617919931527,108.59999999999583,2.589019151170405e-09
whfast_hj,197.16862151828266,108.79999999999579,1.064761995659096e-09
whfast_hj,197.53106383725006,108.99999999999577,2.348860989719734e-10
whfast_hj,197.89350615621746,109.19999999999574,2.4848082043411204e-09
whfast_hj,198.25594847518485,109.39999999999571,8.63343197034638e-10
whfast_hj,198.61839079415225,109.59999999999569,1.6618688245129006e-09
whfast_hj,198.98083311311964,109.79999999999566,6.009764143300928e-10
whfast_hj,199.34327543208704,109.99999999999564,1.6601693778824695e-09
whfast_hj,199.70571775105444,110.19999999999561,1.884583968557915e-09
whfast_hj,200.06816007002183,110.39999999999559,1.0226328747169912e-09
whfast_hj,200.43060238898923,110.59999999999556,2.5377291829855808e-09
whfast_hj,200.79304470795662,110.79999999999552,1.3636930476890979e-09
whfast_hj,201.15548702692402,110.9999999999955,6.547644575819157e-10
whfast_hj,201.51792934589142,111.19999999999547,2.954193319871066e-09
whfast_hj,201.8803716648588,111.39999999999544,4.0593843705099733e-10
whfast_hj,202.2428139838262,111.59999999999542,2.0331861459567276e-09
whfast_hj,202.6052563027936,111.79999999999539,4.784662237953809e-10
whfast_hj,202.967698621761,111.99999999999537,3.0946882883580706e-10
whfast_hj,203.3301409407284,112.19999999999534,2.2737281383291218e-09
whfast_hj,203.6925832596958,112.39999999999532,3.287117794665694e-10
whfast_hj,204.0550255786632,112.59999999999528,2.838865056445734e-09
whfast_hj,204.4174678976306,112.79999999999525,1.5742858543583515e-10
whfast_hj,204.77991021659798,112.99999999999523,4.150520602392088e-10
whfast_hj,205.14235253556538,113.1999999999952,3.177139939199653e-09
whfast_hj,205.50479485453278,113.39999999999517,2.4827930532938297e-11
whfast_hj,205.86723717350017,113.59999999999515,2.5049974940576333e-09
whfast_hj,206.22967949246757,113.79999999999512,9.686048403684875e-10
whfast_hj,206.59212181143496,113.9999999999951,1.0521070328816696e-10
whfast_hj,206.95456413040236,114.19999999999507,2.350538759734981e-09
whfast_hj,207.31700644936976,114.39999999999503,1.0036776037363147e-09
whfast_hj,207.67944876833715,114.599999999995,1.6894606783147738e-09
whfast_hj,208.04189108730455,114.79999999999498,1.1382529982824804e-09
whfast_hj,208.40433340627195,114.99999999999496,1.999266268850762e-09
whfast_hj,208.76677572523934,115.19999999999493,1.2599639410487623e-09
whfast_hj,209.12921804420674,115.3999999999949,5.163427025043022e-10
whfast_hj,209.49166036317413,115.59999999999488,2.654535636733501e-09
whfast_hj,209.85410268214153,115.79999999999485,1.3394215868345278e-09
whfast_hj,210.21654500110893,115.99999999999483,5.558046707809724e-10
whfast_hj,210.57898732007632,116.19999999999479,2.8306446646360716e-09
whfast_hj,210.94142963904372,116.39999999999476,5.677534404022949e-10
whfast_hj,211.30387195801111,116.59999999999474,1.9238579696143463e-09
whfast_hj,211.6663142769785,116.79999999999471,3.856698728560972e-10
whfast_hj,212.0287565959459,116.99999999999469,3.534783961451299e-10
whfast_hj,212.3911989149133,117.19999999999466,2.573042092283054e-09
whfast_hj,212.7536412338807,117.39999999999463,1.3418346586034118e-09
whfast_hj,213.1160835528481,117.59999999999461,7.607380228915963e-10
whfast_hj,213.4785258718155,117.79999999999458,5.592340661360581e-10
whfast_hj,213.8409681907829,117.99999999999454,5.870529050655014e-10
whfast_hj,214.20341050975028,118.19999999999452,3.1467950004364374e-09
whfast_hj,214.56585282871768,118.39999999999449,1.4782754807191325e-10
whfast_hj,214.92829514768508,118.59999999999447,2.412611760143122e-09
whfast_hj,215.29073746665247,118.79999999999444,8.679711543764372e-10
whfast_hj,215.65317978561987,118.99999999999442,2.7114813434857805e-11
whfast_hj,216.01562210458727,119.19999999999439,2.2192368437475416e-09
whfast_hj,216.37806442355466,119.39999999999436,1.1147476509417017e-09
whfast_hj,216.74050674252206,119.59999999999434,1.868482269133256e-09
whfast_hj,217.10294906148945,119.7999999999943,2.175621636001603e-09
whfast_hj,217.46539138045685,119.99999999999427,4.2597630012715267e-10
whfast_hj,217.82783369942425,120.19999999999425,1.962320645931031e-09
whfast_hj,218.19027601839164,120.39999999999422,2.746394628899039e-10
whfast_hj,218.55271833735904,120.5999999999942,2.684665512507497e-09
whfast_hj,218.91516065632644,120.79999999999417,1.2880794399402961e-09
whfast_hj,219.27760297529383,120.99999999999415,4.4625446396592003e-10
whfast_hj,219.64004529426123,121.19999999999412,2.700985681246619e-09
whfast_hj,220.00248761322862,121.3999999999941,7.334426742188484e-10
whfast_hj,220.36492993219602,121.59999999999407,1.81506737332853e-09
whfast_hj,220.72737225116342,121.79999999999403,3.11397428255327e-10
whfast_hj,221.0898145701308,121.999999999994,2.976326227804762e-10
whfast_hj,221.4522568890982,122.19999999999398,3.3076357947681768e-09
whfast_hj,221.8146992080656,122.39999999999395,3.186302954103891e-10
whfast_hj,222.177141527033,122.59999999999393,1.073827001296109e-09
whfast_hj,222.5395838460004,122.7999999999939,9.941767433011363e-10
whfast_hj,222.9020261649678,122.99999999999388,6.395595506940145e-10
whfast_hj,223.2644684839352,123.19999999999385,3.079037772195171e-09
whfast_hj,223.6269108029026,123.39999999999382,2.8464925928301117e-10
whfast_hj,223.98935312186998,123.59999999999378,2.3137100357042787e-09
whfast_hj,224.35179544083738,123.79999999999376,7.633690994760458e-10
whfast_hj,224.71423775980477,123.99999999999373,1.6080069259364864e-10
whfast_hj,225.07668007877217,124.19999999999371,2.097989316047302e-09
whfast_hj,225.43912239773957,124.39999999999368,1.1611120728248425e-09
whfast_hj,225.80156471670696,124.59999999999366,2.3644998934102134e-09
whfast_hj,226.16400703567436,124.79999999999363,2.76445372667482e-09
whfast_hj,226.52644935464176,124.9999999999936,1.3140162841728654e-09
whfast_hj,226.88889167360915,125.19999999999358,2.521882183789334e-09
whfast_hj,227.25133399257655,125.39999999999354,1.9556719635551795e-10
whfast_hj,227.61377631154394,125.59999999999351,2.665225769177457e-09
whfast_hj,227.97621863051134,125.79999999999349,1.2197010218410404e-09
whfast_hj,228.33866094947874,125.99999999999346,3.287415073959647e-10
whfast_hj,228.70110326844613,126.19999999999344,2.565854126688016e-09
whfast_hj,229.06354558741353,126.39999999999341,9.022795073930946e-10
whfast_hj,229.42598790638093,126.59999999999339,1.7115381560467847e-09
whfast_hj,229.78843022534832,126.79999999999336,2.790150424977743e-10
whfast_hj,230.15087254431572,126.99999999999334,2.6282121745858272e-11
whfast_hj,230.5133148632831,127.1999999999933,4.416344495552562e-09
whfast_hj,230.8757571822505,127.39999999999327,2.0184937361849643e-09
whfast_hj,231.2381995012179,127.59999999999324,1.79430891763047e-09
whfast_hj,231.6006418201853,127.79999999999322,1.2145130336626644e-09
whfast_hj,231.9630841391527,127.9999999999932,6.246477426099952e-10
whfast_hj,232.3255264581201,128.19999999999317,2.988200213103699e-09
whfast_hj,232.6879687770875,128.39999999999313,4.316800369139442e-10
whfast_hj,233.0504110960549,128.59999999999312,2.2087510908181783e-09
whfast_hj,233.41285341502228,128.79999999999308,6.550115709950141e-10
whfast_hj,233.77529573398968,128.99999999999307,2.930961717213469e-10
whfast_hj,234.13773805295708,129.19999999999303,2.00186606917616e-09
whfast_hj,234.50018037192447,129.399999999993,1.0656745811583453e-09
whfast_hj,234.86262269089187,129.59999999999297,3.384296383030369e-09
whfast_hj,235.22506500985926,129.79999999999296,4.8742578818282e-10
whfast_hj,235.58750732882666,129.99999999999292,6.544106642555185e-10
whfast_hj,235.94994964779406,130.19999999999288,2.8162334315298388e-09
whfast_hj,236.31239196676145,130.39999999999287,2.091959036536059e-10
whfast_hj,236.67483428572885,130.59999999999283,2.615860684420978e-09
whfast_hj,237.03727660469625,130.79999999999282,1.139624818357701e-09
whfast_hj,237.39971892366364,130.99999999999278,2.045701139733251e-10
whfast_hj,237.76216124263104,131.19999999999277,2.425501294863433e-09
whfast_hj,238.12460356159843,131.39999999999273,1.0724242146277683e-09
whfast_hj,238.48704588056583,131.59999999999272,1.6232122973232842e-09
whfast_hj,238.84948819953323,131.79999999999268,3.3954528723667137e-10
whfast_hj,239.21193051850062,131.99999999999264,6.766223821687051e-10
whfast_hj,239.57437283746802,132.19999999999263,3.729526517432029e-09
whfast_hj,239.93681515643542,132.3999999999926,1.926579623483672e-09
whfast_hj,240.2992574754028,132.59999999999258,2.252996313901145e-09
whfast_hj,240.6616997943702,132.79999999999254,1.3097534229639522e-09
whfast_hj,241.0241421133376,132.99999999999253,5.700031633924703e-10
whfast_hj,241.386584432305,133.19999999999249,2.8819007244014297e-09
whfast_hj,241.7490267512724,133.39999999999247,5.866698483086057e-10
whfast_hj,242.1114690702398,133.59999999999243,2.098689625550713e-09
whfast_hj,242.4739113892072,133.7999999999924,5.44449685582728e-10
whfast_hj,242.83635370817458,133.99999999999238,4.1713719578695087e-10
whfast_hj,243.19879602714198,134.19999999999234,1.9646914483003058e-09
whfast_hj,243.56123834610938,134.39999999999233,6.644887419864556e-10
whfast_hj,243.92368066507677,134.5999999999923,4.169882619573397e-09
whfast_hj,244.28612298404417,134.79999999999228,6.525026576204235e-10
whfast_hj,244.64856530301157,134.99999999999224,6.551695006199266e-11
whfast_hj,245.01100762197896,135.19999999999223,2.9411562293345375e-09
whfast_hj,245.37344994094636,135.3999999999922,2.763051559338342e-10
whfast_hj,245.73589225991375,135.59999999999215,2.547583062582328e-09
whfast_hj,246.09833457888115,135.79999999999214,1.0510199506301883e-09
whfast_hj,246.46077689784855,135.9999999999921,7.460316781529288e-11
whfast_hj,246.82321921681594,136.1999999999921,2.2808275394678363e-09
whfast_hj,247.18566153578334,136.39999999999205,1.2396619329332924e-09
whfast_hj,247.54810385475074,136.59999999999204,1.5721533399231359e-09
whfast_hj,247.91054617371813,136.799999999992,6.05149317585992e-10
whfast_hj,248.27298849268553,136.99999999999199,1.8417893755296594e-09
whfast_hj,248.63543081165292,137.19999999999195,1.2569121832967763e-09
whfast_hj,248.99787313062032,137.3999999999919,1.2619123590878791e-09
whfast_hj,249.36031544958772,137.5999999999919,2.4917101934486943e-09
whfast_hj,249.7227577685551,137.79999999999185,1.3335387083065367e-09
whfast_hj,250.0852000875225,137.99999999999184,4.908342810875496e-10
whfast_hj,250.4476424064899,138.1999999999918,2.764363459055875e-09
whfast_hj,250.8100847254573,138.3999999999918,7.486150661839734e-10
whfast_hj,251.1725270444247,138.59999999999175,1.9839189156345085e-09
whfast_hj,251.5349693633921,138.79999999999174,4.342304455233158e-10
whfast_hj,251.8974116823595,138.9999999999917,5.187399813106948e-10
whfast_hj,252.2598540013269,139.19999999999166,2.0602447550250724e-09
whfast_hj,252.62229632029428,139.39999999999165,2.77036586863331e-10
whfast_hj,252.98473863926168,139.5999999999916,2.0636969108261015e-09
whfast_hj,253.34718095822907,139.7999999999916,2.9691388815415865e-11
whfast_hj,253.70962327719647,139.99999999999156,2.6170162028432546e-10
whfast_hj,254.07206559616387,140.19999999999155,2.9680409609825133e-09
whfast_hj,254.43450791513126,140.3999999999915,3.763532636499834e-10
whfast_hj,254.79695023409866,140.5999999999915,2.4659534199551185e-09
whfast_hj,255.15939255306606,140.79999999999146,9.550922577946e-10
whfast_hj,255.52183487203345,140.99999999999142,6.113378363880788e-11
whfast_hj,255.88427719100085,141.1999999999914,2.133039628635117e-09
whfast_hj,256.2467195099683,141.3999999999914,1.3949386498132118e-09
whfast_hj,256.60916182893567,141.59999999999135,1.6063748316460914e-09
whfast_hj,256.97160414790307,141.79999999999134,1.2955346472339606e-09
whfast_hj,257.33404646687046,141.9999999999913,1.475779728146618e-09
whfast_hj,257.69648878583786,142.1999999999913,1.1863575878660054e-09
whfast_hj,258.05893110480525,142.39999999999125,8.331560330633692e-10
whfast_hj,258.42137342377265,142.59999999999124,2.5985729644798187e-09
whfast_hj,258.78381574274005,142.7999999999912,1.3148020614732878e-09
whfast_hj,259.14625806170744,142.99999999999116,3.9498462406662376e-10
whfast_hj,259.50870038067484,143.19999999999115,2.6375119069986905e-09
whfast_hj,259.87114269964223,143.3999999999911,9.172656353006022e-10
whfast_hj,260.23358501860963,143.5999999999911,1.865045906294718e-09
whfast_hj,260.596027337577,143.79999999999106,3.299818742833904e-10
whfast_hj,260.9584696565444,143.99999999999105,5.668420935667703e-10
whfast_hj,261.3209119755118,144.199999999991,2.448744200327519e-09
whfast_hj,261.6833542944792,144.399999999991,1.1824641581130151e-09
whfast_hj,262.0457966134466,144.59999999999096,6.353265722474623e-10
whfast_hj,262.408238932414,144.79999999999092,6.074078660552067e-10
whfast_hj,262.7706812513814,144.9999999999909,4.1330012523343905e-10
whfast_hj,263.1331235703488,145.19999999999087,2.9371522488441084e-09
whfast_hj,263.4955658893162,145.39999999999085,4.977491213312683e-10
whfast_hj,263.8580082082836,145.5999999999908,2.3742577765682887e-09
whfast_hj,264.220450527251,145.7999999999908,8.526928566628414e-10
whfast_hj,264.5828928462184,145.99999999999076,2.0193857288997888e-10
whfast_hj,264.9453351651858,146.19999999999075,1.985799207168761e-09
whfast_hj,265.3077774841532,146.3999999999907,1.5181909547520467e-09
whfast_hj,265.6702198031206,146.5999999999907,1.833609395124019e-09
whfast_hj,266.03266212208797,146.79999999999066,2.5213840861389972e-09
whfast_hj,266.39510444105537,146.99999999999062,1.1067237421653864e-09
whfast_hj,266.75754676002276,147.1999999999906,1.8692688205985063e-09
whfast_hj,267.11998907899016,147.39999999999057,6.290663657823026e-10
whfast_hj,267.48243139795755,147.59999999999056,2.6287011370911937e-09
whfast_hj,267.84487371692495,147.79999999999052,1.2693316451335243e-09
whfast_hj,268.20731603589235,147.9999999999905,2.868554742098528e-10
whfast_hj,268.56975835485974,148.19999999999047,2.502103975596491e-09
whfast_hj,268.93220067382714,148.39999999999046,1.0926447806033322e-09
whfast_hj,269.29464299279454,148.59999999999042,1.7439882038103046e-09
whfast_hj,269.65708531176193,148.79999999999038,2.4447954952058093e-10
whfast_hj,270.0195276307293,148.99999999999037,4.911492113395811e-10
whfast_hj,270.3819699496967,149.19999999999033,3.3872843496005277e-09
whfast_hj,270.7444122686641,149.3999999999903,7.576591693706302e-10
whfast_hj,271.1068545876315,149.59999999999027,1.1698318009485665e-09
whfast_hj,271.4692969065989,149.79999999999026,9.890246763707793e-10
whfast_hj,271.8317392255663,149.99999999999022,4.617715141124718e-10
whfast_hj,272.1941815445337,150.1999999999902,2.8704986699816424e-09
whfast_hj,272.5566238635011,150.39999999999017,6.343916908011664e-10
whfast_hj,272.9190661824685,150.59999999999013,2.273856804523536e-09
whfast_hj,273.2815085014359,150.79999999999012,7.438762484388042e-10
whfast_hj,273.6439508204033,150.99999999999008,3.467979730113304e-10
whfast_hj,274.0063931393707,151.19999999999007,1.847177562732557e-09
whfast_hj,274.3688354583381,151.39999999999003,1.5638697762635087e-09
whfast_hj,274.7312777773055,151.59999999999002,2.4756916393265625e-09
whfast_hj,275.0937200962729,151.79999999998998,2.4958979606692913e-09
whfast_hj,275.45616241524027,151.99999999998997,1.3839701276971061e-09
whfast_hj,275.81860473420767,152.19999999998993,2.350633053011032e-09
whfast_hj,276.18104705317506,152.3999999999899,5.632806256920274e-10
whfast_hj,276.54348937214246,152.59999999998988,2.6130733813742375e-09
whfast_hj,276.90593169110986,152.79999999998984,1.2063542653733111e-09
whfast_hj,277.26837401007725,152.99999999998983,1.6920394213568503e-10
whfast_hj,277.63081632904465,153.19999999998979,2.359025619078442e-09
whfast_hj,277.99325864801204,153.39999999998977,1.2735759263865654e-09
whfast_hj,278.35570096697944,153.59999999998973,1.6264495449680597e-09
whfast_hj,278.71814328594684,153.79999999998972,2.075212302976708e-10
whfast_hj,279.08058560491423,153.99999999998968,1.3429514687842884e-10
whfast_hj,279.44302792388163,154.19999999998964,4.471811237817425e-09
whfast_hj,279.805470242849,154.39999999998963,2.526621156367469e-09
whfast_hj,280.1679125618164,154.5999999999896,1.817937357178901e-09
whfast_hj,280.5303548807838,154.79999999998958,1.189799060192408e-09
whfast_hj,280.8927971997512,154.99999999998954,4.492850096016188e-10
whfast_hj,281.2552395187186,155.19999999998953,2.7803234863170096e-09
whfast_hj,281.617681837686,155.3999999999895,7.828755758142602e-10
whfast_hj,281.9801241566534,155.59999999998948,2.165643580366444e-09
whfast_hj,282.3425664756208,155.79999999998944,6.292359078796351e-10
whfast_hj,282.7050087945882,155.9999999999894,4.924290606332349e-10
whfast_hj,283.0674511135556,156.1999999999894,1.7359932487985569e-09
whfast_hj,283.429893432523,156.39999999998935,1.4281574432509384e-09
whfast_hj,283.7923357514904,156.59999999998934,3.7125647208834584e-09
whfast_hj,284.1547780704578,156.7999999999893,1.2019636669677775e-10
whfast_hj,284.5172203894252,156.99999999998929,7.106974019062025e-10
whfast_hj,284.8796627083926,157.19999999998925,2.6045787803824966e-09
whfast_hj,285.24210502735997,157.39999999998923,5.795168749637935e-10
whfast_hj,285.60454734632737,157.5999999999892,2.5680522903006463e-09
whfast_hj,285.96698966529476,157.79999999998915,1.1302013744053228e-09
whfast_hj,286.32943198426216,157.99999999998914,4.270540924006978e-11
whfast_hj,286.69187430322955,158.1999999999891,2.207901212669997e-09
whfast_hj,287.05431662219695,158.3999999999891,1.4588152994376327e-09
whfast_hj,287.41675894116435,158.59999999998905,1.5237593675269035e-09
whfast_hj,287.77920126013174,158.79999999998904,2.85629506788228e-10
whfast_hj,288.14164357909914,158.999999999989,7.776968776138201e-10
whfast_hj,288.50408589806653,159.199999999989,2.827166496896822e-09
whfast_hj,288.86652821703393,159.39999999998895,2.1545175931243227e-09
whfast_hj,289.2289705360013,159.5999999999889,2.2198938000205846e-09
whfast_hj,289.5914128549687,159.7999999999889,1.2823269307693405e-09
whfast_hj,289.9538551739361,159.99999999998886,3.989570186320704e-10
whfast_hj,290.3162974929035,160.19999999998885,2.673195021916915e-09
whfast_hj,290.6787398118709,160.3999999999888,9.415301286717201e-10
whfast_hj,291.0411821308383,160.5999999999888,2.049528610642896e-09
whfast_hj,291.4036244498057,160.79999999998876,5.09372586891864e-10
whfast_hj,291.7660667687731,160.99999999998875,6.317497759091249e-10
whfast_hj,292.1285090877405,161.1999999999887,1.694607171258369e-09
whfast_hj,292.4909514067079,161.39999999998867,8.899122242657539e-10
whfast_hj,292.8533937256753,161.59999999998865,3.983695668772855e-09
whfast_hj,293.2158360446427,161.79999999998861,6.060594257577918e-10
whfast_hj,293.5782783636101,161.9999999999886,1.9533092125001159e-10
whfast_hj,293.9407206825775,162.19999999998856,2.7136733137797868e-09
whfast_hj,294.3031630015449,162.39999999998855,6.456796333253059e-10
whfast_hj,294.66560532051227,162.5999999999885,2.5031525044395374e-09
whfast_hj,295.02804763947967,162.7999999999885,1.043631011845801e-09
whfast_hj,295.39048995844706,162.99999999998846,9.211818254995359e-11
whfast_hj,295.75293227741446,163.19999999998842,2.0493166443129884e-09
whfast_hj,296.11537459638186,163.3999999999884,1.643746090388258e-09
whfast_hj,296.47781691534925,163.59999999998837,1.4631859243906038e-09
whfast_hj,296.84025923431665,163.79999999998836,6.31481140713808e-10
whfast_hj,297.20270155328404,163.99999999998832,1.9999822164836986e-09
whfast_hj,297.56514387225144,164.1999999999883,8.124492915758197e-10
whfast_hj,297.92758619121884,164.39999999998827,1.5539375511861672e-09
whfast_hj,298.29002851018623,164.59999999998826,2.435316930717677e-09
whfast_hj,298.65247082915363,164.79999999998822,1.3104376298389408e-09
whfast_hj,299.014913148121,164.99999999998818,3.2385435966975027e-10
whfast_hj,299.3773554670884,165.19999999998817,2.5527581996245597e-09
whfast_hj,299.7397977860558,165.39999999998813,1.1095975968398975e-09
whfast_hj,300.1022401050232,165.5999999999881,1.925911054738209e-09
whfast_hj,300.4646824239906,165.79999999998807,3.871115225988035e-10
whfast_hj,300.827124742958,165.99999999998806,7.474250200103679e-10
whfast_hj,301.1895670619254,166.19999999998802,1.8226416471727413e-09
whfast_hj,301.5520093808928,166.399999999988,2.899632814953862e-10
whfast_hj,301.9144516998602,166.59999999998797,1.3574374862129062e-09
whfast_hj,302.2768940188276,166.79999999998793,6.701774599755839e-11
whfast_hj,302.639336337795,166.99999999998792,9.315416992278658e-11
whfast_hj,303.0017786567624,167.19999999998788,2.736018497709321e-09
whfast_hj,303.3642209757298,167.39999999998787,7.437691040266086e-10
whfast_hj,303.7266632946972,167.59999999998783,2.423602113707377e-09
whfast_hj,304.0891056136646,167.79999999998782,9.479312331355763e-10
whfast_hj,304.45154793263197,167.99999999998778,2.3502947429811947e-10
whfast_hj,304.81399025159936,168.19999999998777,1.884597903524819e-09
whfast_hj,305.17643257056676,168.39999999998773,1.8176450325398473e-09
whfast_hj,305.53887488953416,168.59999999998772,1.5080684399599823e-09
whfast_hj,305.90131720850155,168.79999999998768,1.5322906639314914e-09
whfast_hj,306.26375952746895,168.99999999998764,6.728878110384207e-10
whfast_hj,306.62620184643635,169.19999999998763,1.0839913209888855e-09
whfast_hj,306.98864416540374,169.39999999998759,1.1854276610746088e-09
whfast_hj,307.35108648437114,169.59999999998757,2.536650461714242e-09
whfast_hj,307.71352880333853,169.79999999998753,1.2984469004839406e-09
whfast_hj,308.07597112230593,169.99999999998752,2.310703953677145e-10
whfast_hj,308.4384134412733,170.19999999998748,2.4209222647387636e-09
whfast_hj,308.8008557602407,170.39999999998747,1.2867952553236055e-09
whfast_hj,309.1632980792081,170.59999999998743,1.795415354002651e-09
whfast_hj,309.5257403981755,170.7999999999874,2.689987431201118e-10
whfast_hj,309.8881827171429,170.99999999998738,7.993504226860167e-10
whfast_hj,310.2506250361103,171.19999999998734,2.339441416591496e-09
whfast_hj,310.6130673550777,171.39999999998733,7.89203599118353e-10
whfast_hj,310.9755096740451,171.5999999999873,6.05326446498639e-10
whfast_hj,311.3379519930125,171.79999999998728,6.359260854902675e-10
whfast_hj,311.7003943119799,171.99999999998724,2.3193529231355894e-10
whfast_hj,312.0628366309473,172.19999999998723,2.704898929619206e-09
whfast_hj,312.4252789499147,172.3999999999872,8.637414274221625e-10
whfast_hj,312.7877212688821,172.59999999998715,2.332339228459401e-09
whfast_hj,313.1501635878495,172.79999999998714,8.437145574865647e-10
whfast_hj,313.5126059068169,172.9999999999871,3.857096649282565e-10
whfast_hj,313.87504822578427,173.19999999998709,1.7176254140893686e-09
whfast_hj,314.23749054475167,173.39999999998705,1.955363691120669e-09
whfast_hj,314.59993286371906,173.59999999998703,1.8062158823510802e-09
whfast_hj,314.96237518268646,173.799999999987,2.8890046156961463e-09
whfast_hj,315.32481750165385,173.99999999998698,1.5834474757658993e-09
whfast_hj,315.68725982062125,174.19999999998694,1.7159055295074781e-09
whfast_hj,316.04970213958865,174.3999999999869,1.0081922233472943e-09
whfast_hj,316.41214445855604,174.5999999999869,2.5691649199914518e-09
whfast_hj,316.77458677752344,174.79999999998685,1.2603722355790508e-09
whfast_hj,317.13702909649083,174.99999999998684,1.2485590996355944e-10
whfast_hj,317.49947141545823,175.1999999999868,2.278479342711539e-09
whfast_hj,317.8619137344256,175.3999999999868,1.4734123321025862e-09
whfast_hj,318.224356053393,175.59999999998675,1.6597538062027978e-09
whfast_hj,318.5867983723604,175.79999999998674,1.7031146233862544e-10
whfast_hj,318.9492406913278,175.9999999999867,6.930657979484446e-10
whfast_hj,319.3116830102952,176.19999999998666,3.5330995336185313e-09
whfast_hj,319.6741253292626,176.39999999998665,1.839843125152061e-09
whfast_hj,320.03656764823,176.5999999999866,1.227019821292011e-09
whfast_hj,320.3990099671974,176.7999999999866,9.799881599994368e-10
whfast_hj,320.7614522861648,176.99999999998656,2.796597669665348e-10
whfast_hj,321.1238946051322,177.19999999998655,2.6386852312120113e-09
whfast_hj,321.4863369240996,177.3999999999865,1.0007534283479835e-09
whfast_hj,321.848779243067,177.5999999999865,2.230000831516089e-09
whfast_hj,322.2112215620344,177.79999999998645,7.303240286257229e-10
whfast_hj,322.5736638810018,177.99999999998641,5.438339148785348e-10
whfast_hj,322.9361061999692,178.1999999999864,1.5572423060039445e-09
whfast_hj,323.29854851893657,178.39999999998636,1.997618536430841e-09
whfast_hj,323.66099083790397,178.59999999998635,2.652979720262181e-09
whfast_hj,324.02343315687136,178.7999999999863,1.931155866614961e-09
whfast_hj,324.38587547583876,178.9999999999863,1.4504995305211605e-09
whfast_hj,324.74831779480616,179.19999999998626,2.1347108956658088e-09
whfast_hj,325.11076011377355,179.39999999998625,9.51299779135181e-10
whfast_hj,325.47320243274095,179.5999999999862,2.5579365881590685e-09
whfast_hj,325.83564475170834,179.79999999998617,1.203329603390305e-09
whfast_hj,326.19808707067574,179.99999999998616,6.641560059433801e-12
whfast_hj,326.56052938964314,180.19999999998612,2.1250151005269395e-09
whfast_hj,326.92297170861053,180.3999999999861,1.6690961176812012e-09
whfast_hj,327.28541402757793,180.59999999998607,1.5246933199754056e-09
whfast_hj,327.6478563465453,180.79999999998606,1.2853659922181472e-10
whfast_hj,328.0102986655127,180.99999999998602,2.1205396536562568e-10
whfast_hj,328.3727409844801,181.199999999986,4.325042282731323e-09
whfast_hj,328.7351833034475,181.39999999998597,2.9320119492191373e-09
whfast_hj,329.0976256224149,181.59999999998593,1.808427826097649e-09
whfast_hj,329.4600679413823,181.7999999999859,1.1695631657532495e-09
whfast_hj,329.8225102603497,181.99999999998587,2.712947611670017e-10
whfast_hj,330.1849525793171,182.19999999998586,2.5482702112836634e-09
whfast_hj,330.5473948982845,182.39999999998582,1.1512323361228397e-09
whfast_hj,330.9098372172519,182.5999999999858,2.1175009018733813e-09
whfast_hj,331.2722795362193,182.79999999998577,6.082436544035182e-10
whfast_hj,331.6347218551867,182.99999999998576,7.05787029235148e-10
whfast_hj,331.9971641741541,183.19999999998572,1.4268748069639038e-09
whfast_hj,332.3596064931215,183.39999999998568,1.8018334900927234e-09
whfast_hj,332.7220488120889,183.59999999998567,4.080536566439555e-09
whfast_hj,333.08449113105627,183.79999999998563,5.170942617193269e-10
whfast_hj,333.44693345002366,183.99999999998562,8.069124647259455e-10
whfast_hj,333.80937576899106,184.19999999998558,2.3583564310011166e-09
whfast_hj,334.17181808795846,184.39999999998557,9.681075168829787e-10
whfast_hj,334.53426040692585,184.59999999998553,2.517906847397541e-09
whfast_hj,334.89670272589325,184.79999999998552,1.1321144905282827e-09
whfast_hj,335.25914504486065,184.99999999998548,1.222508453173309e-10
whfast_hj,335.62158736382804,185.19999999998544,1.9607185892359626e-09
whfast_hj,335.98402968279544,185.39999999998543,1.872303237058345e-09
whfast_hj,336.34647200176283,185.59999999998539,1.4041259734930491e-09
whfast_hj,336.70891432073023,185.79999999998537,2.3362142330894846e-10
whfast_hj,337.0713566396976,185.99999999998533,9.72384313058796e-10
whfast_hj,337.433798958665,186.19999999998532,1.8434529009120712e-09
whfast_hj,337.7962412776324,186.39999999998528,2.431587778741189e-09
whfast_hj,338.1586835965998,186.59999999998527,2.1690142940275672e-09
whfast_hj,338.5211259155672,186.79999999998523,1.2639886691565818e-09
whfast_hj,338.8835682345346,186.9999999999852,2.265327056448604e-10
whfast_hj,339.246010553502,187.19999999998518,2.4392568103603478e-09
whfast_hj,339.6084528724694,187.39999999998514,1.3142390888103644e-09
whfast_hj,339.9708951914368,187.59999999998513,1.994300930476919e-09
whfast_hj,340.3333375104042,187.7999999999851,4.777052197694545e-10
whfast_hj,340.6957798293716,187.99999999998508,8.6362220603865e-10
whfast_hj,341.058222148339,188.19999999998504,1.3820553084115246e-09
whfast_hj,341.4206644673064,188.39999999998503,1.0673384162066884e-09
whfast_hj,341.7831067862738,188.599999999985,3.473416999366297e-09
whfast_hj,342.1455491052412,188.79999999998498,5.279598199133083e-10
whfast_hj,342.50799142420857,188.99999999998494,3.490470766696434e-10
whfast_hj,342.87043374317597,189.1999999999849,2.456037142673234e-09
whfast_hj,343.23287606214336,189.39999999998489,1.0320450158628805e-09
whfast_hj,343.59531838111076,189.59999999998485,2.456843667591047e-09
whfast_hj,343.95776070007815,189.79999999998483,1.048492766965657e-09
whfast_hj,344.32020301904555,189.9999999999848,2.6216178385809013e-10
whfast_hj,344.68264533801295,190.19999999998478,1.7851542637063742e-09
whfast_hj,345.04508765698034,190.39999999998474,2.078589364789421e-09
whfast_hj,345.40752997594774,190.59999999998473,1.3324243754531097e-09
whfast_hj,345.76997229491514,190.7999999999847,6.974097916313325e-10
whfast_hj,346.13241461388253,190.99999999998465,2.023784223786568e-09
whfast_hj,346.4948569328499,191.19999999998464,4.81690465471046e-10
whfast_hj,346.8572992518173,191.3999999999846,1.8948029442875484e-09
whfast_hj,347.2197415707847,191.5999999999846,2.369513849335255e-09
whfast_hj,347.5821838897521,191.79999999998455,1.299304055781505e-09
whfast_hj,347.9446262087195,191.99999999998454,1.5657127530530515e-10
whfast_hj,348.3070685276869,192.1999999999845,2.314893269227398e-09
whfast_hj,348.6695108466543,192.3999999999845,1.4891185881331016e-09
whfast_hj,349.0319531656217,192.59999999998445,1.8602668319784927e-09
whfast_hj,349.3943954845891,192.7999999999844,3.412411727088937e-10
whfast_hj,349.7568378035565,192.9999999999844,9.962103194713334e-10
whfast_hj,350.1192801225239,193.19999999998436,1.5595408013782841e-09
whfast_hj,350.4817224414913,193.39999999998435,3.5423103919091397e-10
whfast_hj,350.8441647604587,193.5999999999843,8.309352638377612e-10
whfast_hj,351.2066070794261,193.7999999999843,1.3860770946929977e-10
whfast_hj,351.5690493983935,193.99999999998425,8.71550118376293e-11
whfast_hj,351.93149171736087,194.19999999998424,2.475185954860911e-09
whfast_hj,352.29393403632827,194.3999999999842,1.1278194240625245e-09
whfast_hj,352.65637635529566,194.59999999998416,2.3794016373514687e-09
whfast_hj,353.01881867426306,194.79999999998415,9.53457066844893e-10
whfast_hj,353.38126099323046,194.9999999999841,4.133391431407704e-10
whfast_hj,353.74370331219785,195.1999999999841,1.5992114844925838e-09
whfast_hj,354.10614563116525,195.39999999998406,2.2754313009507278e-09
whfast_hj,354.46858795013264,195.59999999998405,1.3946474090049172e-09
whfast_hj,354.83103026910004,195.799999999984,1.8810896981902426e-09
whfast_hj,355.19347258806744,195.999999999984,2.549510578171089e-10
whfast_hj,355.55591490703483,196.19999999998396,9.273009791330335e-10
whfast_hj,355.91835722600223,196.39999999998392,1.5716541584420398e-09
whfast_hj,356.2807995449696,196.5999999999839,2.469241917311508e-09
whfast_hj,356.643241863937,196.79999999998387,1.2960858525914985e-09
whfast_hj,357.0056841829044,196.99999999998386,6.756399670019698e-11
whfast_hj,357.3681265018718,197.19999999998382,2.17639564599664e-09
whfast_hj,357.7305688208392,197.3999999999838,1.676376054057806e-09
whfast_hj,358.0930111398066,197.59999999998377,1.7153626851300827e-09
whfast_hj,358.455453458774,197.79999999998375,2.059416243826144e-10
whfast_hj,358.8178957777414,197.99999999998371,1.0513946464069417e-09
whfast_hj,359.1803380967088,198.19999999998367,2.262037630094421e-09
whfast_hj,359.5427804156762,198.39999999998366,5.672909543340462e-11
whfast_hj,359.9052227346436,198.59999999998362,6.075225972827166e-10
whfast_hj,360.267665053611,198.7999999999836,6.538672005462607e-10
whfast_hj,360.6301073725784,198.99999999998357,4.493128795354269e-11
whfast_hj,360.9925496915458,199.19999999998356,2.443611797183793e-09
whfast_hj,361.3549920105132,199.39999999998352,1.2466148620865489e-09
whfast_hj,361.71743432948057,199.5999999999835,2.288051735976825e-09
whfast_hj,362.07987664844796,199.79999999998347,8.471936542236082e-10
whfast_hj,362.44231896741536,199.99999999998343,5.759622197395371e-10
whfast_hj,362.80476128638276,200.19999999998342,1.4068230089208443e-09
whfast_hj,363.16720360535015,200.39999999998338,2.431047411691243e-09
whfast_hj,363.52964592431755,200.59999999998337,1.7972103325728579e-09
whfast_hj,363.89208824328495,200.79999999998333,3.184145047062317e-09
whfast_hj,364.25453056225234,200.99999999998332,1.902744481926164e-09
whfast_hj,364.61697288121974,201.19999999998328,1.4997853407992519e-09
whfast_hj,364.97941520018713,201.39999999998327,1.413253841314096e-09
whfast_hj,365.34185751915453,201.59999999998323,2.5056385025352192e-09
whfast_hj,365.7042998381219,201.79999999998319,1.266527620126499e-09
whfast_hj,366.0667421570893,201.99999999998317,3.670702531974049e-11
whfast_hj,366.4291844760567,202.19999999998313,2.0243725890558497e-09
whfast_hj,366.7916267950241,202.39999999998312,1.876449509044161e-09
whfast_hj,367.1540691139915,202.59999999998308,1.5612772530874938e-09
whfast_hj,367.5165114329589,202.79999999998307,9.065237886461357e-11
whfast_hj,367.8789537519263,202.99999999998303,8.985562390692991e-10
whfast_hj,368.2413960708937,203.19999999998302,3.739785440066787e-09
whfast_hj,368.6038383898611,203.39999999998298,2.7861335933511686e-09
whfast_hj,368.9662807088285,203.59999999998294,1.2436632812633064e-09
whfast_hj,369.3287230277959,203.79999999998293,9.735170710351292e-10
whfast_hj,369.6911653467633,203.9999999999829,9.534939170907058e-11
whfast_hj,370.0536076657307,204.19999999998288,2.3772689680832874e-09
whfast_hj,370.4160499846981,204.39999999998284,1.3838374358455865e-09
whfast_hj,370.7784923036655,204.59999999998283,2.183198851672161e-09
whfast_hj,371.14093462263287,204.7999999999828,7.287515450270841e-10
whfast_hj,371.50337694160027,204.99999999998278,7.499813122724322e-10
whfast_hj,371.86581926056766,205.19999999998274,1.2184967310345997e-09
whfast_hj,372.22826157953506,205.3999999999827,2.4655262358030267e-09
whfast_hj,372.59070389850245,205.59999999998269,2.926246898577968e-09
whfast_hj,372.95314621746985,205.79999999998265,1.1906591573163189e-09
whfast_hj,373.31558853643725,205.99999999998263,1.5375611780805327e-09
whfast_hj,373.67803085540464,206.1999999999826,1.8694121959246523e-09
whfast_hj,374.04047317437204,206.39999999998258,1.361038900992774e-09
whfast_hj,374.40291549333944,206.59999999998254,2.499964029178926e-09
whfast_hj,374.76535781230683,206.79999999998253,1.2169953157671717e-09
whfast_hj,375.1278001312742,206.9999999999825,1.550941688134763e-10
whfast_hj,375.4902424502416,207.19999999998245,1.8578539150425745e-09
whfast_hj,375.852684769209,207.39999999998244,2.0897577762641166e-09
whfast_hj,376.2151270881764,207.5999999999824,1.4038327198562017e-09
whfast_hj,376.5775694071438,207.7999999999824,4.3807200623282997e-11
whfast_hj,376.9400117261112,207.99999999998235,2.3547183208084014e-10
whfast_hj,377.3024540450786,208.19999999998234,3.840179444628088e-09
whfast_hj,377.664896364046,208.3999999999823,3.3039507701868844e-09
whfast_hj,378.0273386830134,208.5999999999823,1.7693518564042208e-09
whfast_hj,378.3897810019808,208.79999999998225,1.159091502623756e-09
whfast_hj,378.7522233209482,208.99999999998224,9.308883041130317e-11
whfast_hj,379.1146656399156,209.1999999999822,2.285229131013928e-09
whfast_hj,379.477107958883,209.39999999998216,1.5369062346360425e-09
whfast_hj,379.8395502778504,209.59999999998215,2.0651026393207884e-09
whfast_hj,380.2019925968178,209.7999999999821,5.978478594271689e-10
whfast_hj,380.56443491578517,209.9999999999821,9.322509890432817e-10
whfast_hj,380.92687723475257,210.19999999998205,1.0630421110772054e-09
whfast_hj,381.28931955371996,210.39999999998204,2.178840613356438e-09
whfast_hj,381.65176187268736,210.599999999982,4.405504020299008e-09
whfast_hj,382.01420419165476,210.799999999982,7.258663875460843e-10
whfast_hj,382.37664651062215,210.99999999998195,9.376328280945899e-10
whfast_hj,382.73908882958955,211.1999999999819,2.070035462771855e-09
whfast_hj,383.10153114855694,211.3999999999819,1.3764834893114247e-09
whfast_hj,383.46397346752434,211.59999999998186,2.4650917745015517e-09
whfast_hj,383.82641578649174,211.79999999998185,1.1515077839686431e-09
whfast_hj,384.18885810545913,211.9999999999818,2.8687591216131207e-10
whfast_hj,384.55130042442653,212.1999999999818,1.6764491352175695e-09
whfast_hj,384.9137427433939,212.39999999998176,2.3151515306140197e-09
whfast_hj,385.2761850623613,212.59999999998175,1.2598883825615493e-09
whfast_hj,385.6386273813287,212.7999999999817,1.8978635275185738e-10
whfast_hj,386.0010697002961,212.99999999998167,1.2762814776274686e-09
whfast_hj,386.3635120192635,213.19999999998166,9.395491957098272e-10
whfast_hj,386.7259543382309,213.39999999998162,2.7639175401149453e-09
whfast_hj,387.0883966571983,213.5999999999816,2.1004576631849054e-09
whfast_hj,387.4508389761657,213.79999999998157,1.2594684755588407e-09
whfast_hj,387.8132812951331,213.99999999998155,5.5157231166628256e-11
whfast_hj,388.1757236141005,214.19999999998151,2.1727584648017185e-09
whfast_hj,388.5381659330679,214.3999999999815,1.7048106636914425e-09
whfast_hj,388.9006082520353,214.59999999998146,1.932906872622937e-09
whfast_hj,389.2630505710027,214.79999999998142,4.542204652131006e-10
whfast_hj,389.6254928899701,214.9999999999814,1.1135453729638136e-09
whfast_hj,389.9879352089375,215.19999999998137,1.015504674646675e-09
whfast_hj,390.35037752790487,215.39999999998136,1.1660797336931693e-09
whfast_hj,390.71281984687226,215.59999999998132,2.7083532530817535e-09
whfast_hj,391.07526216583966,215.7999999999813,4.4583037647314024e-10
whfast_hj,391.43770448480706,215.99999999998127,5.223047006777153e-10
whfast_hj,391.80014680377445,216.19999999998126,2.1590960039171296e-09
whfast_hj,392.16258912274185,216.39999999998122,1.4371685670159223e-09
whfast_hj,392.52503144170925,216.59999999998118,2.4080299430250716e-09
whfast_hj,392.88747376067664,216.79999999998117,1.0717172473068363e-09
whfast_hj,393.24991607964404,216.99999999998113,4.3255623666627747e-10
whfast_hj,393.61235839861143,217.19999999998112,1.479221355305986e-09
whfast_hj,393.97480071757883,217.39999999998108,2.5480683090965202e-09
whfast_hj,394.3372430365462,217.59999999998107,1.1740245228240626e-09
whfast_hj,394.6996853555136,217.79999999998103,8.278938798944704e-10
whfast_hj,395.062127674481,217.99999999998101,1.7709331654818988e-09
whfast_hj,395.4245699934484,218.19999999998097,1.8482767219553552e-10
whfast_hj,395.7870123124158,218.39999999998093,2.2827363202677597e-09
whfast_hj,396.1494546313832,218.59999999998092,2.2924582821778155e-09
whfast_hj,396.5118969503506,218.79999999998088,1.3049374984019138e-09
whfast_hj,396.874339269318,218.99999999998087,8.430964642878875e-12
whfast_hj,397.2367815882854,219.19999999998083,2.042573049329224e-09
whfast_hj,397.5992239072528,219.39999999998082,1.88755165200958e-09
whfast_hj,397.9616662262202,219.59999999998078,1.7857889240323707e-09
whfast_hj,398.3241085451876,219.79999999998077,3.0009586043021466e-10
whfast_hj,398.686550864155,219.99999999998073,1.2675931805957618e-09
whfast_hj,399.0489931831224,220.1999999999807,1.2685122690795663e-09
whfast_hj,399.4114355020898,220.39999999998068,4.062741149204192e-10
whfast_hj,399.77387782105717,220.59999999998064,4.815424451559319e-10
whfast_hj,400.13632014002457,220.79999999998063,1.924443702723213e-10
whfast_hj,400.49876245899196,220.9999999999806,2.7684459398598637e-10
whfast_hj,400.86120477795936,221.19999999998058,2.1757306384093857e-09
whfast_hj,401.22364709692675,221.39999999998054,1.5296114342947402e-09
whfast_hj,401.58608941589415,221.59999999998053,2.3326835769748964e-09
whfast_hj,401.94853173486155,221.79999999998049,9.779906599102247e-10
whfast_hj,402.31097405382894,221.99999999998045,5.93201167296532e-10
whfast_hj,402.67341637279634,222.19999999998043,1.2662445854653813e-09
whfast_hj,403.03585869176374,222.3999999999804,2.773708247861728e-09
whfast_hj,403.39830101073113,222.59999999998038,1.2636093283908606e-09
whfast_hj,403.7607433296985,222.79999999998034,2.37074121025357e-09
whfast_hj,404.1231856486659,222.99999999998033,1.1192083886806523e-09
whfast_hj,404.4856279676333,223.1999999999803,6.978899286576596e-10
whfast_hj,404.8480702866007,223.39999999998028,1.9923266553325473e-09
whfast_hj,405.2105126055681,223.59999999998024,2.3938735649802173e-09
whfast_hj,405.5729549245355,223.7999999999802,1.312918363613792e-09
whfast_hj,405.9353972435029,223.9999999999802,9.249303315967241e-11
whfast_hj,406.2978395624703,224.19999999998015,1.8952869521380156e-09
whfast_hj,406.6602818814377,224.39999999998014,2.0861326720405117e-09
whfast_hj,407.0227242004051,224.5999999999801,1.6229396364708617e-09
whfast_hj,407.3851665193725,224.7999999999801,1.430658150478352e-10
whfast_hj,407.7476088383399,224.99999999998005,1.3246206391538785e-09
whfast_hj,408.1100511573073,225.19999999998004,2.2394471907473757e-09
whfast_hj,408.4724934762747,225.39999999998,9.94901980912009e-10
whfast_hj,408.8349357952421,225.59999999997996,6.011468854252189e-10
whfast_hj,409.19737811420947,225.79999999997995,6.687876792763537e-10
whfast_hj,409.55982043317687,225.9999999999799,1.456756795159974e-10
whfast_hj,409.92226275214426,226.1999999999799,2.1433129507356765e-09
whfast_hj,410.28470507111166,226.39999999997985,1.6465081556616056e-09
whfast_hj,410.64714739007906,226.59999999997984,2.2407134147400567e-09
whfast_hj,411.00958970904645,226.7999999999798,8.697060577559908e-10
whfast_hj,411.37203202801385,226.9999999999798,7.700269169968676e-10
whfast_hj,411.73447434698124,227.19999999997975,1.0409170996247552e-09
whfast_hj,412.09691666594864,227.3999999999797,2.951355850943471e-09
whfast_hj,412.45935898491604,227.5999999999797,1.8227827000044033e-09
whfast_hj,412.82180130388343,227.79999999997966,3.2627136419596044e-09
whfast_hj,413.18424362285083,227.99999999997965,2.132095921709782e-09
whfast_hj,413.5466859418182,228.1999999999796,1.2135648365813268e-09
whfast_hj,413.9091282607856,228.3999999999796,1.845540049288366e-09
whfast_hj,414.271570579753,228.59999999997956,2.4358718520663894e-09
whfast_hj,414.6340128987204,228.79999999997955,1.293988485239474e-09
whfast_hj,414.9964552176878,228.9999999999795,1.9394237921450622e-10
whfast_hj,415.3588975366552,229.1999999999795,1.73076128805795e-09
whfast_hj,415.7213398556226,229.39999999997946,2.301922292367181e-09
whfast_hj,416.08378217459,229.59999999997942,1.4451228009577173e-09
whfast_hj,416.4462244935574,229.7999999999794,6.164364859453034e-12
whfast_hj,416.8086668125248,229.99999999997937,1.1000829562707806e-09
whfast_hj,417.1711091314922,230.19999999997935,3.955123412632799e-09
whfast_hj,417.5335514504596,230.39999999997931,3.567954601836724e-09
whfast_hj,417.895993769427,230.5999999999793,1.218163375659662e-09
whfast_hj,418.2584360883944,230.79999999997926,9.750629233636846e-10
whfast_hj,418.6208784073618,230.99999999997925,8.906518613424276e-11
whfast_hj,418.98332072632917,231.1999999999792,2.0757210841016712e-09
whfast_hj,419.34576304529656,231.39999999997917,1.7833303313716002e-09
whfast_hj,419.70820536426396,231.59999999997916,2.132798244041746e-09
whfast_hj,420.07064768323136,231.79999999997912,7.459429588636398e-10
whfast_hj,420.43309000219875,231.9999999999791,9.631288628740943e-10
whfast_hj,420.79553232116615,232.19999999997907,8.158567006497901e-10
whfast_hj,421.15797464013355,232.39999999997906,2.9701962358636723e-09
whfast_hj,421.52041695910094,232.59999999997902,3.3260336670726913e-09
whfast_hj,421.88285927806834,232.799999999979,4.728076982345448e-10
whfast_hj,422.24530159703573,232.99999999997897,1.6543352717386424e-09
whfast_hj,422.60774391600313,233.19999999997893,1.5447559563260572e-09
whfast_hj,422.9701862349705,233.39999999997892,1.7935409461210913e-09
whfast_hj,423.3326285539379,233.59999999997888,2.4372874898708748e-09
whfast_hj,423.6950708729053,233.79999999997887,1.2543721484961e-09
whfast_hj,424.0575131918727,233.99999999997883,3.1138039662911093e-10
whfast_hj,424.4199555108401,234.19999999997881,1.5481249668245585e-09
whfast_hj,424.7823978298075,234.39999999997877,2.5357316828963683e-09
whfast_hj,425.1448401487749,234.59999999997876,1.2589460691329046e-09
whfast_hj,425.5072824677423,234.79999999997872,4.544440440154277e-11
whfast_hj,425.8697247867097,234.99999999997868,1.683447740095678e-10
whfast_hj,426.2321671056771,235.19999999997867,2.976658344515975e-09
whfast_hj,426.5946094246445,235.39999999997863,3.6877751889259892e-09
whfast_hj,426.9570517436119,235.59999999997862,1.700586665556895e-09
whfast_hj,427.3194940625793,235.79999999997858,1.1639114528428998e-09
whfast_hj,427.6819363815467,235.99999999997857,8.21012638404287e-11
whfast_hj,428.0443787005141,236.19999999997853,1.9812279186923714e-09
whfast_hj,428.40682101948147,236.39999999997852,1.9380186829822378e-09
whfast_hj,428.76926333844887,236.59999999997848,2.0082146852646777e-09
whfast_hj,429.13170565741626,236.79999999997844,6.05152414245304e-10
whfast_hj,429.49414797638366,236.99999999997843,1.1702151673713932e-09
whfast_hj,429.85659029535105,237.1999999999784,6.278930415689819e-10
whfast_hj,430.21903261431845,237.39999999997838,2.54314616912008e-09
whfast_hj,430.58147493328585,237.59999999997834,4.539765878089832e-09
whfast_hj,430.94391725225324,237.79999999997833,8.059839314312393e-10
whfast_hj,431.30635957122064,237.9999999999783,1.0966882434999894e-09
whfast_hj,431.66880189018804,238.19999999997827,1.7278100169006388e-09
whfast_hj,432.03124420915543,238.39999999997823,1.8047901804038307e-09
whfast_hj,432.3936865281228,238.5999999999782,2.408480506954969e-09
whfast_hj,432.7561288470902,238.79999999997818,1.1966796823507289e-09
whfast_hj,433.1185711660576,238.99999999997814,4.454442230569326e-10
whfast_hj,433.481013485025,239.19999999997813,1.3452468674993158e-09
whfast_hj,433.8434558039924,239.3999999999781,2.7879918986043062e-09
whfast_hj,434.2058981229598,239.59999999997808,1.0840792661133466e-09
whfast_hj,434.5683404419272,239.79999999997804,1.6381033577899131e-10
whfast_hj,434.9307827608946,239.99999999997803,1.6727613236428966e-09
whfast_hj,435.293225079862,240.199999999978,1.677653890522907e-10
whfast_hj,435.6556673988294,240.39999999997795,3.151932358235062e-09
whfast_hj,436.0181097177968,240.59999999997794,2.0121709772017017e-09
whfast_hj,436.3805520367642,240.7999999999779,1.275070219337576e-09
whfast_hj,436.7429943557316,240.9999999999779,1.1066701699592887e-10
whfast_hj,437.105436674699,241.19999999997785,1.8636883308523327e-09
whfast_hj,437.4678789936664,241.39999999997784,2.1106082027437435e-09
whfast_hj,437.83032131263377,241.5999999999778,1.865038938811266e-09
whfast_hj,438.19276363160117,241.79999999997779,4.4585994956956993e-10
whfast_hj,438.55520595056856,241.99999999997775,1.3812428998410188e-09
whfast_hj,438.91764826953596,242.1999999999777,5.798836742593011e-10
whfast_hj,439.28009058850336,242.3999999999777,1.1462183801977985e-09
whfast_hj,439.64253290747075,242.59999999997765,1.8709246043326383e-09
whfast_hj,440.00497522643815,242.79999999997764,3.6941659195811504e-10
whfast_hj,440.36741754540554,242.9999999999776,7.106458425286575e-10
whfast_hj,440.72985986437294,243.1999999999776,1.8101086927722082e-09
whfast_hj,441.09230218334034,243.39999999997755,1.8600723617736985e-09
whfast_hj,441.45474450230773,243.59999999997754,2.3556143391803316e-09
whfast_hj,441.81718682127513,243.7999999999775,1.122077753199161e-09
whfast_hj,442.1796291402425,243.99999999997746,5.973677224008416e-10
whfast_hj,442.5420714592099,244.19999999997745,1.1201075037118944e-09
whfast_hj,442.9045137781773,244.3999999999774,3.05412406419929e-09
whfast_hj,443.2669560971447,244.5999999999774,9.796853067187223e-10
whfast_hj,443.6293984161121,244.79999999997736,1.0618172274863398e-09
whfast_hj,443.9918407350795,244.99999999997735,1.1685521064878781e-09
whfast_hj,444.3542830540469,245.1999999999773,1.4182684165709994e-10
whfast_hj,444.7167253730143,245.3999999999773,2.71522628842476e-09
whfast_hj,445.0791676919817,245.59999999997726,2.20087334436139e-09
whfast_hj,445.4416100109491,245.79999999997722,1.3342106833772428e-09
whfast_hj,445.8040523299165,245.9999999999772,1.6590274847611658e-10
whfast_hj,446.1664946488839,246.19999999997717,1.7253233994730947e-09
whfast_hj,446.5289369678513,246.39999999997715,2.3016883397561585e-09
whfast_hj,446.8913792868187,246.59999999997711,1.7012821752383726e-09
whfast_hj,447.2538216057861,246.7999999999771,2.6919352299083724e-10
whfast_hj,447.61626392475347,246.99999999997706,1.5632321741111657e-09
whfast_hj,447.97870624372086,247.19999999997705,9.502493922965473e-10
whfast_hj,448.34114856268826,247.399999999977,3.1330589938931883e-10
whfast_hj,448.70359088165566,247.59999999997697,2.485031937976413e-10
whfast_hj,449.06603320062305,247.79999999997696,2.369833114910323e-10
whfast_hj,449.42847551959045,247.99999999997692,4.725900030849105e-10
whfast_hj,449.79091783855785,248.1999999999769,1.824216143599933e-09
whfast_hj,450.15336015752524,248.39999999997687,1.947467209875043e-09
whfast_hj,450.51580247649264,248.59999999997686,2.2823207485880878e-09
whfast_hj,450.87824479546003,248.79999999997682,1.0307397739628682e-09
whfast_hj,451.24068711442743,248.9999999999768,7.687092884596073e-10
whfast_hj,451.6031294333948,249.19999999997677,8.720311844004136e-10
whfast_hj,451.9655717523622,249.39999999997676,3.3164968853894937e-09
whfast_hj,452.3280140713296,249.59999999997672,1.1128167290276976e-09
whfast_hj,452.690456390297,249.79999999997668,3.008124273950138e-09
whfast_hj,453.0528987092644,249.99999999997667,1.8165090230712364e-09
whfast_hj,453.4153410282318,250.19999999997663,3.795604736994323e-10
whfast_hj,453.7777833471992,250.39999999997661,2.446620201705411e-09
whfast_hj,454.1402256661666,250.59999999997657,2.306892430562957e-09
whfast_hj,454.502667985134,250.79999999997656,1.356622135816054e-09
whfast_hj,454.8651103041014,250.99999999997652,2.4308744632686675e-10
whfast_hj,455.2275526230688,251.1999999999765,1.5663311559176599e-09
whfast_hj,455.5899949420362,251.39999999997647,2.5127976691986556e-09
whfast_hj,455.9524372610036,251.59999999997643,1.515239838427701e-09
whfast_hj,456.314879579971,251.79999999997642,8.361274325062086e-11
whfast_hj,456.6773218989384,251.99999999997638,1.619764167179361e-09
whfast_hj,457.03976421790577,252.19999999997637,2.3022790275199244e-09
whfast_hj,457.40220653687317,252.39999999997633,2.2015103271818707e-09
whfast_hj,457.76464885584056,252.59999999997632,5.616232936282395e-10
whfast_hj,458.12709117480796,252.79999999997628,6.882001720044487e-10
whfast_hj,458.48953349377535,252.99999999997627,3.365131932713166e-10
whfast_hj,458.85197581274275,253.19999999997623,1.7902778413710606e-09
whfast_hj,459.21441813171015,253.3999999999762,2.0604156906190953e-09
whfast_hj,459.57686045067754,253.59999999997618,2.189765162910313e-09
whfast_hj,459.93930276964494,253.79999999997614,9.213238073289915e-10
whfast_hj,460.30174508861234,253.99999999997613,9.618324464531212e-10
whfast_hj,460.66418740757973,254.1999999999761,6.036365995120751e-10
whfast_hj,461.0266297265471,254.39999999997607,3.521286707341006e-09
whfast_hj,461.3890720455145,254.59999999997603,1.909771266404012e-09
whfast_hj,461.7515143644819,254.79999999997602,3.014195739030231e-09
whfast_hj,462.1139566834493,254.99999999997598,2.323237372576575e-09
whfast_hj,462.4763990024167,255.19999999997594,8.445901379070356e-10
whfast_hj,462.8388413213841,255.39999999997593,2.304143526091686e-09
whfast_hj,463.2012836403515,255.5999999999759,2.3566046508283123e-09
whfast_hj,463.5637259593189,255.79999999997588,1.3516900865298153e-09
whfast_hj,463.9261682782863,255.99999999997584,3.3956526068923385e-10
whfast_hj,464.2886105972537,256.19999999997583,1.3861286540705428e-09
whfast_hj,464.6510529162211,256.3999999999758,2.7461289355300687e-09
whfast_hj,465.0134952351885,256.59999999997575,1.3068047839670561e-09
whfast_hj,465.3759375541559,256.79999999997574,8.176992129404361e-11
whfast_hj,465.7383798731233,256.9999999999757,1.2822572559348203e-09
whfast_hj,466.1008221920907,257.19999999997566,4.050496803451538e-09
whfast_hj,466.46326451105807,257.39999999997565,4.227660398682814e-09
whfast_hj,466.82570683002547,257.59999999997564,1.1477552522143492e-09
whfast_hj,467.18814914899286,257.7999999999756,9.914292323265551e-10
whfast_hj,467.55059146796026,257.99999999997556,2.6913236396942505e-10
whfast_hj,467.91303378692766,258.19999999997555,1.7203272493390975e-09
whfast_hj,468.27547610589505,258.39999999997553,2.1951962388446816e-09
whfast_hj,468.63791842486245,258.5999999999755,2.0776236715829703e-09
whfast_hj,469.00036074382984,258.79999999997546,7.916075357422665e-10
whfast_hj,469.36280306279724,258.99999999997544,1.178486189560807e-09
whfast_hj,469.72524538176464,259.19999999997543,3.2918897466655017e-10
whfast_hj,470.08768770073203,259.39999999997536,3.511433756742052e-09
whfast_hj,470.45013001969943,259.59999999997535,3.866379659735143e-09
whfast_hj,470.8125723386668,259.79999999997534,8.268962910971063e-11
whfast_hj,471.1750146576342,259.99999999997533,1.8017217006915598e-09
whfast_hj,471.5374569766016,260.19999999997526,1.144522959224473e-09
whfast_hj,471.899899295569,260.39999999997525,2.248148493748193e-09
whfast_hj,472.2623416145364,260.59999999997524,2.365571337532169e-09
whfast_hj,472.6247839335038,260.79999999997517,1.324187106850197e-09
whfast_hj,472.9872262524712,260.99999999997516,4.5523121481254073e-10
whfast_hj,473.3496685714386,261.19999999997515,1.1820968943186106e-09
whfast_hj,473.712110890406,261.39999999997514,3.0047688887526095e-09
whfast_hj,474.0745532093734,261.59999999997507,1.0813254069871758e-09
whfast_hj,474.4369955283408,261.79999999997506,1.3894989032327691e-10
whfast_hj,474.7994378473082,261.99999999997505,4.112410016239179e-11
whfast_hj,475.1618801662756,262.19999999997503,1.8463188591053365e-09
whfast_hj,475.524322485243,262.39999999997497,4.1083383737427825e-09
whfast_hj,475.8867648042104,262.59999999997495,1.5971938561178437e-09
whfast_hj,476.24920712317777,262.79999999997494,1.1898304912844249e-09
whfast_hj,476.61164944214516,262.9999999999749,2.497780884363959e-10
whfast_hj,476.97409176111256,263.19999999997486,1.6209777479637378e-09
whfast_hj,477.33653408007996,263.39999999997485,2.3506102925650886e-09
whfast_hj,477.69897639904735,263.59999999997484,1.944267741473874e-09
whfast_hj,478.06141871801475,263.7999999999748,6.386472748606964e-10
whfast_hj,478.42386103698215,263.99999999997476,1.4176209051088581e-09
whfast_hj,478.78630335594954,264.19999999997475,9.649329765892714e-11
whfast_hj,479.14874567491694,264.3999999999747,2.8658998212373764e-09
whfast_hj,479.51118799388433,264.59999999997467,4.328310187303287e-09
whfast_hj,479.87363031285173,264.79999999997466,8.110471242393415e-10
whfast_hj,480.2360726318191,264.99999999997465,1.2790436977337817e-09
whfast_hj,480.5985149507865,265.1999999999746,1.3130474943071029e-09
whfast_hj,480.9609572697539,265.39999999997457,2.2516209326677157e-09
whfast_hj,481.3233995887213,265.59999999997456,2.343380057570442e-09
whfast_hj,481.6858419076887,265.79999999997455,1.27671113910701e-09
whfast_hj,482.0482842266561,265.9999999999745,5.908405839029867e-10
whfast_hj,482.4107265456235,266.19999999997447,9.513514933456917e-10
whfast_hj,482.7731688645909,266.39999999997445,3.2897792185114012e-09
whfast_hj,483.1356111835583,266.5999999999744,8.63945497270824e-10
whfast_hj,483.4980535025257,266.7999999999744,1.6946375185196266e-10
whfast_hj,483.8604958214931,266.99999999997436,2.076666029690731e-09
whfast_hj,484.2229381404605,267.19999999997435,5.160147662831602e-10
whfast_hj,484.5853804594279,267.3999999999743,3.594153578280055e-09
whfast_hj,484.9478227783953,267.5999999999743,1.8970930786817456e-09
whfast_hj,485.3102650973627,267.79999999997426,1.3171242462913643e-09
whfast_hj,485.67270741633007,267.9999999999742,2.654600356913122e-10
whfast_hj,486.03514973529747,268.1999999999742,1.4961032580443063e-09
whfast_hj,486.39759205426486,268.39999999997417,2.5267725830078263e-09
whfast_hj,486.76003437323226,268.59999999997416,1.7870187622781356e-09
whfast_hj,487.12247669219965,268.7999999999741,4.5966021179354325e-10
whfast_hj,487.48491901116705,268.9999999999741,1.6677325037531577e-09
whfast_hj,487.84736133013445,269.19999999997407,5.2322858898345354e-11
whfast_hj,488.20980364910184,269.39999999997406,9.7050835684758e-10
whfast_hj,488.57224596806924,269.599999999974,1.1168820233725046e-09
whfast_hj,488.93468828703664,269.799999999974,2.995514677231633e-10
whfast_hj,489.29713060600403,269.99999999997397,9.097611911238767e-10
whfast_hj,489.6595729249714,270.1999999999739,1.3895513916081076e-09
whfast_hj,490.0220152439388,270.3999999999739,2.2976173165916244e-09
whfast_hj,490.3844575629062,270.5999999999739,2.2956611569042275e-09
whfast_hj,490.7468998818736,270.79999999997386,1.2101603693337028e-09
whfast_hj,491.109342200841,270.9999999999738,7.482465637258442e-10
whfast_hj,491.4717845198084,271.1999999999738,6.906017861338782e-10
whfast_hj,491.8342268387758,271.3999999999738,3.597378129621651e-09
whfast_hj,492.1966691577432,271.5999999999737,7.35218298668355e-10
whfast_hj,492.5591114767106,271.7999999999737,1.4555272665801401e-09
whfast_hj,492.921553795678,271.9999999999737,3.043049946000645e-10
whfast_hj,493.2839961146454,272.19999999997367,5.484522725764667e-10
whfast_hj,493.6464384336128,272.3999999999736,3.1894994806787136e-09
whfast_hj,494.0088807525802,272.5999999999736,2.087115087207247e-09
whfast_hj,494.3713230715476,272.7999999999736,1.394785055511336e-09
whfast_hj,494.733765390515,272.99999999997357,3.087640291763935e-10
whfast_hj,495.09620770948237,273.1999999999735,1.346955604107683e-09
whfast_hj,495.45865002844977,273.3999999999735,2.725116398935458e-09
whfast_hj,495.82109234741716,273.5999999999735,1.602469789420681e-09
whfast_hj,496.18353466638456,273.7999999999734,2.5432940346022286e-10
whfast_hj,496.54597698535196,273.9999999999734,1.8863021499771837e-09
whfast_hj,496.90841930431935,274.1999999999734,6.089743111681869e-10
whfast_hj,497.27086162328675,274.3999999999734,9.056412407422129e-11
whfast_hj,497.63330394225414,274.5999999999733,6.308839499654869e-11
whfast_hj,497.99574626122154,274.7999999999733,2.8041690016832127e-10
whfast_hj,498.35818858018894,274.9999999999733,6.701057723125108e-10
whfast_hj,498.72063089915633,275.1999999999732,1.400871539389092e-09
whfast_hj,499.08307321812373,275.3999999999732,2.376315816347051e-09
whfast_hj,499.4455155370911,275.5999999999732,2.2246727195038443e-09
whfast_hj,499.8079578560585,275.7999999999732,1.1232860696627072e-09
whfast_hj,500.1704001750259,275.9999999999731,9.309939001955713e-10
whfast_hj,500.5328424939933,276.1999999999731,3.96522425080968e-10
whfast_hj,500.8952848129607,276.3999999999731,3.907209112763998e-09
whfast_hj,501.2577271319281,276.5999999999731,9.388736594809124e-10
whfast_hj,501.6201694508955,276.799999999973,3.739690217792943e-09
whfast_hj,501.9826117698629,276.999999999973,2.3434370361017827e-09
whfast_hj,502.3450540888303,277.199999999973,4.953787834608901e-11
whfast_hj,502.7074964077977,277.3999999999729,2.9320206198652108e-09
whfast_hj,503.0699387267651,277.5999999999729,2.200617869968149e-09
whfast_hj,503.4323810457325,277.7999999999729,1.4362476205365305e-09
whfast_hj,503.7948233646999,277.9999999999729,3.754975018491094e-10
whfast_hj,504.1572656836673,278.1999999999728,1.1730346756749786e-09
whfast_hj,504.5197080026347,278.3999999999728,2.948652467364086e-09
whfast_hj,504.88215032160207,278.5999999999728,1.3865146526537849e-09
whfast_hj,505.24459264056946,278.7999999999728,3.0773826077929014e-11
whfast_hj,505.60703495953686,278.9999999999727,1.9371023814918137e-09
whfast_hj,505.96947727850426,279.1999999999727,2.4789010170375298e-09
whfast_hj,506.33191959747165,279.3999999999727,3.3751556640731774e-09
whfast_hj,506.69436191643905,279.5999999999726,4.708351262527943e-10
whfast_hj,507.05680423540645,279.7999999999726,7.195430092309595e-10
whfast_hj,507.41924655437384,279.9999999999726,5.222932430382609e-10
whfast_hj,507.78168887334124,280.1999999999726,1.364299992914252e-09
whfast_hj,508.14413119230863,280.3999999999725,2.481638773535278e-09
whfast_hj,508.50657351127603,280.5999999999725,2.131197580843368e-09
whfast_hj,508.8690158302434,280.7999999999725,1.0139752346124731e-09
whfast_hj,509.2314581492108,280.99999999997243,1.1429328246677556e-09
whfast_hj,509.5939004681782,281.1999999999724,7.065043703647751e-11
whfast_hj,509.9563427871456,281.3999999999724,4.145939869104797e-09
whfast_hj,510.318785106113,281.5999999999724,2.098576442652859e-09
whfast_hj,510.6812274250804,281.79999999997233,2.4752480428801172e-09
whfast_hj,511.0436697440478,281.9999999999723,2.506747106568919e-09
whfast_hj,511.4061120630152,282.1999999999723,3.705981223186125e-10
whfast_hj,511.7685543819826,282.3999999999723,2.7862255641327357e-09
whfast_hj,512.13099670095,282.5999999999723,2.2597392895530473e-09
whfast_hj,512.4934390199177,282.7999999999724,1.4495209861785654e-09
whfast_hj,512.8558813388853,282.9999999999725,4.6393453064191086e-10
whfast_hj,513.2183236578529,283.1999999999726,9.72486193150161e-10
whfast_hj,513.5807659768205,283.3999999999727,3.2012237424999155e-09
whfast_hj,513.9432082957882,283.59999999997274,1.1369048676509967e-09
whfast_hj,514.3056506147558,283.79999999997284,1.7435678323086993e-10
whfast_hj,514.6680929337234,283.99999999997294,1.4194727073774403e-09
whfast_hj,515.030535252691,284.19999999997304,3.827429878908679e-09
whfast_hj,515.3929775716587,284.39999999997315,4.822183065340747e-09
whfast_hj,515.7554198906263,284.59999999997325,1.0239252654808586e-09
whfast_hj,516.1178622095939,284.79999999997335,1.0292708736182163e-09
whfast_hj,516.4803045285615,284.99999999997345,4.3854533060867075e-10
whfast_hj,516.8427468475292,285.19999999997356,1.2900648630581915e-09
whfast_hj,517.2051891664968,285.39999999997366,2.6107402034156034e-09
whfast_hj,517.5676314854644,285.59999999997376,2.013874294656273e-09
whfast_hj,517.930073804432,285.79999999997386,8.78357814207816e-10
whfast_hj,518.2925161233997,285.99999999997397,1.3883090118921292e-09
whfast_hj,518.6549584423673,286.19999999997407,2.7132325043267223e-10
whfast_hj,519.0174007613349,286.3999999999741,4.083799516356621e-09
whfast_hj,519.3798430803025,286.5999999999742,4.507999417869438e-09
whfast_hj,519.7422853992701,286.7999999999743,4.4055831399444297e-10
whfast_hj,520.1047277182378,286.9999999999744,1.9753355953534785e-09
whfast_hj,520.4671700372054,287.1999999999745,6.444778198463147e-10
whfast_hj,520.829612356173,287.3999999999746,2.7192971567563288e-09
whfast_hj,521.1920546751406,287.5999999999747,2.278187947070279e-09
whfast_hj,521.5544969941083,287.79999999997483,1.4389584360982642e-09
whfast_hj,521.9169393130759,287.99999999997493,5.742788757375283e-10
whfast_hj,522.2793816320435,288.19999999997503,7.417095159181907e-10
whfast_hj,522.6418239510111,288.39999999997514,3.4876675158542365e-09
whfast_hj,523.0042662699788,288.59999999997524,8.585526650789582e-10
whfast_hj,523.3667085889464,288.79999999997534,2.3596962006524576e-10
whfast_hj,523.729150907914,288.99999999997544,4.609778403308036e-10
whfast_hj,524.0915932268816,289.1999999999755,6.204285442973813e-10
whfast_hj,524.4540355458493,289.3999999999756,4.572916235356764e-09
whfast_hj,524.8164778648169,289.5999999999757,1.4500323994639437e-09
whfast_hj,525.1789201837845,289.7999999999758,1.2454539245104763e-09
whfast_hj,525.5413625027521,289.9999999999759,4.0070446348183774e-10
whfast_hj,525.9038048217197,290.199999999976,1.1843261793573267e-09
whfast_hj,526.2662471406874,290.3999999999761,2.7625862862767123e-09
whfast_hj,526.628689459655,290.5999999999762,1.870192244405348e-09
whfast_hj,526.9911317786226,290.7999999999763,7.117837099928556e-10
whfast_hj,527.3535740975902,290.9999999999764,1.6677575866935848e-09
whfast_hj,527.7160164165579,291.1999999999765,5.649786788257682e-10
whfast_hj,528.0784587355255,291.3999999999766,3.0931456875217924e-09
whfast_hj,528.4409010544931,291.5999999999767,3.734726118082825e-09
whfast_hj,528.8033433734607,291.7999999999768,7.725415591911855e-10
whfast_hj,529.1657856924284,291.99999999997686,1.4762724066431587e-09
whfast_hj,529.528228011396,292.19999999997697,8.008866753707049e-10
whfast_hj,529.8906703303636,292.39999999997707,2.7083287894731886e-09
whfast_hj,530.2531126493312,292.5999999999772,2.264333802974277e-09
whfast_hj,530.6155549682989,292.7999999999773,1.4065659861979474e-09
whfast_hj,530.9779972872665,292.9999999999774,7.082453122299872e-10
whfast_hj,531.3404396062341,293.1999999999775,4.759789870359745e-10
whfast_hj,531.7028819252017,293.3999999999776,3.811758924794321e-09
whfast_hj,532.0653242441693,293.5999999999777,5.819164762646701e-10
whfast_hj,532.427766563137,293.7999999999778,2.3200620581180398e-10
whfast_hj,532.7902088821046,293.9999999999779,2.3279534298758007e-09
whfast_hj,533.1526512010722,294.199999999978,1.1935006519010193e-09
