method,time,time_over_reference_period,rel_energy_error
whfast,0.0,0.0,2.220446049250313e-16
whfast,0.4873516074713164,0.22499999999999992,0.0038073526129982207
whfast,0.9747032149426337,0.4500000000000003,0.0029290523410763778
whfast,1.4620548224139491,0.6749999999999998,7.596436706133351e-05
whfast,1.9494064298852645,0.8999999999999992,0.0002226776627568848
whfast,2.43675803735658,1.1249999999999987,0.0010141546575026504
whfast,2.924109644827895,1.349999999999998,0.005527285261862166
whfast,3.4114612522992105,1.5749999999999975,0.00045634357388839845
whfast,3.898812859770526,1.799999999999997,0.0002565523385451742
whfast,4.386164467241848,2.0249999999999995,0.00010285223731477856
whfast,4.873516074713171,2.2500000000000027,0.004741376217719366
whfast,5.3608676821844945,2.475000000000006,0.002155894153139834
whfast,5.848219289655818,2.700000000000009,0.0001370043233073687
whfast,6.335570897127141,2.9250000000000123,0.0001911061231684936
whfast,6.8229225045984645,3.150000000000015,0.0014453083646487556
whfast,7.310274112069788,3.375000000000018,0.005481978253319431
whfast,7.797625719541111,3.6000000000000214,0.0002699660970182655
whfast,8.284977327012426,3.8250000000000206,0.0002613779911644908
whfast,8.772328934483733,4.050000000000017,0.0002370643554662092
whfast,9.25968054195504,4.275000000000012,0.005406827006580462
whfast,9.747032149426348,4.500000000000008,0.0015519163095581668
whfast,10.234383756897655,4.725000000000003,0.00018308907562869888
whfast,10.721735364368962,4.949999999999999,0.0001477640529663721
whfast,11.20908697184027,5.174999999999995,0.0020161908182783485
whfast,11.696438579311577,5.399999999999991,0.004914258551553632
whfast,12.183790186782884,5.624999999999987,0.00012801321805500998
whfast,12.671141794254192,5.849999999999983,0.00025822132151676075
whfast,13.158493401725499,6.074999999999978,0.00041305186451105145
whfast,13.645845009196806,6.299999999999974,0.005551082163364381
whfast,14.133196616668114,6.524999999999969,0.0010942975674287994
whfast,14.620548224139421,6.749999999999965,0.00021694685170893705
whfast,15.107899831610728,6.9749999999999615,9.011677039241345e-05
whfast,15.595251439082036,7.199999999999957,0.0027535671554927087
whfast,16.08260304655335,7.424999999999955,0.004008129758038175
whfast,16.569954654024688,7.649999999999966,1.931493706682154e-05
whfast,17.057306261496027,7.874999999999976,0.00024692132126962775
whfast,17.544657868967366,8.099999999999987,0.0006453384749566462
whfast,18.032009476438706,8.324999999999998,0.005424766807212892
whfast,18.519361083910045,8.550000000000008,0.0007507660269976509
whfast,19.006712691381384,8.775000000000018,0.00024047560036732942
whfast,19.494064298852724,9.000000000000028,1.4581273446612153e-05
whfast,19.981415906324063,9.225000000000039,0.003648853638314055
whfast,20.468767513795402,9.450000000000049,0.003073207658973327
whfast,20.95611912126674,9.675000000000061,6.410989195526349e-05
whfast,21.44347072873808,9.900000000000071,0.00022689413500675588
whfast,21.93082233620942,10.125000000000082,0.0009538806843952424
whfast,22.41817394368076,10.350000000000092,0.00550283083650544
whfast,22.9055255511521,10.575000000000102,0.000492597485326689
whfast,23.39287715862344,10.800000000000113,0.0002549409608343792
whfast,23.880228766094778,11.025000000000123,8.386865468619133e-05
whfast,24.367580373566117,11.250000000000133,0.004595597775264653
whfast,24.854931981037456,11.475000000000144,0.0022721344040638287
whfast,25.342283588508796,11.700000000000156,0.00012796085542302475
whfast,25.829635195980135,11.925000000000166,0.00019707773164435988
whfast,26.316986803451474,12.150000000000176,0.0013650619398791872
whfast,26.804338410922814,12.375000000000187,0.005523454760405717
whfast,27.291690018394153,12.600000000000197,0.0002974926274900933
whfast,27.779041625865492,12.825000000000207,0.00026109607126756866
whfast,28.26639323333683,13.050000000000217,0.00021226842328925374
whfast,28.75374484080817,13.275000000000228,0.005329198881375752
whfast,29.24109644827951,13.50000000000024,0.0016410869906926169
whfast,29.72844805575085,13.72500000000025,0.00017630661615487177
whfast,30.21579966322219,13.95000000000026,0.0001558287469812742
whfast,30.703151270693528,14.17500000000027,0.0019105890435922107
whfast,31.190502878164867,14.400000000000281,0.005040800364978457
whfast,31.677854485636207,14.625000000000291,0.00014905056042605988
whfast,32.16520609310754,14.8500000000003,0.0002592562276103469
whfast,32.65255770057888,15.075000000000312,0.0003804714101710999
whfast,33.13990930805022,15.300000000000322,0.005560368185902289
whfast,33.62726091552156,15.525000000000333,0.0011614347434788896
whfast,34.1146125229929,15.750000000000343,0.0002120364350793984
whfast,34.60196413046424,15.975000000000353,0.0001007575458929128
whfast,35.08931573793558,16.200000000000365,0.0026194540479499346
whfast,35.57666734540692,16.425000000000374,0.004166980984697442
whfast,36.06401895287826,16.650000000000386,3.5465267963086975e-05
whfast,36.551370560349596,16.875000000000394,0.00024932780204803604
whfast,37.038722167820936,17.100000000000406,0.0006022326778214761
whfast,37.526073775292275,17.325000000000415,0.005437894158515682
whfast,38.013425382763614,17.550000000000427,0.0008011452963233392
whfast,38.500776990234954,17.775000000000436,0.00023717173099729194
whfast,38.98812859770629,18.000000000000448,2.8476362189403814e-05
whfast,39.47548020517763,18.22500000000046,0.0034923073107946878
whfast,39.96283181264897,18.45000000000047,0.003221109097051638
whfast,40.45018342012031,18.67500000000048,5.170240768704777e-05
whfast,40.93753502759165,18.90000000000049,0.00023079948755916975
whfast,41.42488663506299,19.1250000000005,0.0008965208635862186
whfast,41.91223824253433,19.35000000000051,0.005476877008835129
whfast,42.39958985000567,19.57500000000052,0.0005305479941743823
whfast,42.88694145747701,19.800000000000534,0.00025307138221839783
whfast,43.37429306494835,20.025000000000542,6.576678841930241e-05
whfast,43.861644672419686,20.250000000000554,0.004444344124531583
whfast,44.348996279891026,20.475000000000563,0.0023929829608718887
whfast,44.836347887362365,20.700000000000575,0.00011847903257345048
whfast,45.323699494833704,20.925000000000583,0.0002026939916603427
whfast,45.81105110230504,21.150000000000595,0.0012886398021745818
whfast,46.29840270977638,21.375000000000604,0.005549141533313795
whfast,46.78575431724772,21.600000000000616,0.0003262702493384304
whfast,47.27310592471906,21.825000000000628,0.00026056741398283175
whfast,47.7604575321904,22.050000000000637,0.00018862799654929908
whfast,48.24780913966174,22.27500000000065,0.005236842691944242
whfast,48.73516074713308,22.500000000000657,0.0017343040248098756
whfast,49.22251235460442,22.72500000000067,0.00016916757020477425
whfast,49.70986396207576,22.950000000000678,0.00016347368951874684
whfast,50.1972155695471,23.17500000000069,0.0018096911464840465
whfast,50.68456717701844,23.4000000000007,0.005155996617669021
whfast,51.171918784489776,23.62500000000071,0.0001710190145100027
whfast,51.659270391961115,23.850000000000723,0.00026004459700545697
whfast,52.146621999432455,24.07500000000073,0.0003494272855755972
whfast,52.633973606903794,24.300000000000743,0.005558594805797492
whfast,53.12132521437513,24.52500000000075,0.0012317375631337973
whfast,53.60867682184647,24.750000000000764,0.00020682805011497794
whfast,54.09602842931781,24.975000000000772,0.00011088647421372335
whfast,54.58338003678915,25.200000000000784,0.002490230772064337
whfast,55.07073164426049,25.425000000000797,0.004324007549652596
whfast,55.55808325173183,25.650000000000805,5.2318096113461966e-05
whfast,56.04543485920317,25.875000000000817,0.000251476562034211
whfast,56.53278646667451,26.100000000000826,0.0005611879128280638
whfast,57.02013807414585,26.325000000000838,0.005457527868142898
whfast,57.50748968161719,26.550000000000846,0.0008538908200135701
whfast,57.99484128908853,26.77500000000086,0.00023360921837831984
whfast,58.482192896559866,27.000000000000867,4.173225345136158e-05
whfast,58.969544504031205,27.22500000000088,0.003338570611261508
whfast,59.456896111502544,27.45000000000089,0.0033723518157438423
whfast,59.944247718973884,27.6750000000009,3.8755872037638054e-05
whfast,60.43159932644522,27.90000000000091,0.0002344233516019781
whfast,60.91895093391656,28.12500000000092,0.0008419240976272169
whfast,61.4063025413879,28.350000000000932,0.005452871791989754
whfast,61.89365414885924,28.57500000000094,0.0005702402803543666
whfast,62.38100575633058,28.800000000000953,0.0002509685723352927
whfast,62.86835736380192,29.025000000000965,4.8484108749680036e-05
whfast,63.35570897127326,29.250000000000973,0.004289340597082937
whfast,63.8430605787446,29.475000000000986,0.002518451129745493
whfast,64.33041218621594,29.700000000000994,0.00010857542681754775
whfast,64.81776379368728,29.925000000001006,0.00020798999905037992
whfast,65.30511540115862,30.150000000001015,0.0012158535437151435
whfast,65.79246700862996,30.375000000001027,0.005560341610428047
whfast,66.2798186161013,30.600000000001035,0.0003563293187845888
whfast,66.76717022357263,30.825000000001047,0.0002598187635101086
whfast,67.25452183104397,31.05000000000106,0.000166057852184775
whfast,67.74187343851531,31.275000000001068,0.005131132837851862
whfast,68.22922504598665,31.50000000000108,0.0018317119078271262
whfast,68.71657665345799,31.72500000000109,0.00016168983116861645
whfast,69.20392826092933,31.9500000000011,0.00017074063639997944
whfast,69.69127986840067,32.17500000000111,0.0017133195858049645
whfast,70.17863147587201,32.40000000000112,0.005258544801315702
whfast,70.66598308334335,32.62500000000113,0.00019393723818984663
whfast,71.15333469081469,32.850000000001145,0.00026061507945976343
whfast,71.64068629828603,33.075000000001154,0.0003198042651251013
whfast,72.12803790575737,33.30000000000116,0.005543918093532672
whfast,72.6153895132287,33.52500000000117,0.001305362012048804
whfast,73.10274112070005,33.75000000000119,0.00020134043256168373
whfast,73.59009272817138,33.975000000001195,0.00012055419624447694
whfast,74.07744433564272,34.200000000001204,0.002365886205916082
whfast,74.56479594311406,34.42500000000121,0.004478065432883301
whfast,75.0521475505854,34.65000000000123,6.988339847353567e-05
whfast,75.53949915805674,34.875000000001236,0.00025339840168691507
whfast,76.02685076552808,35.100000000001245,0.0005220501316099762
whfast,76.51420237299942,35.32500000000126,0.005481595113522504
whfast,77.00155398047076,35.55000000000127,0.0009091318983364547
whfast,77.4889055879421,35.77500000000128,0.0002298081059192475
whfast,77.97625719541344,36.000000000001286,5.440901053223327e-05
whfast,78.46360880288478,36.2250000000013,0.0031881321208375806
whfast,78.95096041035612,36.45000000000131,0.003526573380167139
whfast,79.43831201782746,36.67500000000132,2.5266722681533585e-05
whfast,79.9256636252988,36.900000000001334,0.0002377990515901568
whfast,80.41301523277014,37.12500000000134,0.0007898901617766891
whfast,80.90036684024147,37.35000000000135,0.005433771905535766
whfast,81.38771844771281,37.57500000000136,0.0006117715584729505
whfast,81.87507005518415,37.800000000001376,0.00024865329926280013
whfast,82.36242166265549,38.025000000001384,3.1946429789913635e-05
whfast,82.84977327012683,38.25000000000139,0.004131903831212008
whfast,83.33712487759817,38.47500000000141,0.002648610729715457
whfast,83.82447648506951,38.70000000000142,9.824986713737105e-05
whfast,84.31182809254085,38.925000000001425,0.00021300228335040488
whfast,84.79917970001219,39.150000000001434,0.0011464602140459166
whfast,85.28653130748353,39.37500000000145,0.005558835897016428
whfast,85.77388291495487,39.60000000000146,0.0003877395990559608
whfast,86.26123452242621,39.82500000000147,0.00025887152737740497
whfast,86.74858612989755,40.050000000001475,0.00014446609003602345
whfast,87.23593773736889,40.27500000000149,0.005013370297294865
whfast,87.72328934484023,40.5000000000015,0.0019335161328743655
whfast,88.21064095231156,40.72500000000151,0.00015387795430984308
whfast,88.6979925597829,40.95000000000152,0.00017766881764174464
whfast,89.18534416725424,41.17500000000153,0.0016212284472001631
whfast,89.67269577472558,41.40000000000154,0.005347212957658907
whfast,90.16004738219692,41.62500000000155,0.00021785395366784695
whfast,90.64739898966826,41.850000000001565,0.0002609897225763295
whfast,91.1347505971396,42.07500000000157,0.00029148752265493154
whfast,91.62210220461094,42.30000000000158,0.00551477925828064
whfast,92.10945381208228,42.5250000000016,0.0013825119416339122
whfast,92.59680541955362,42.750000000001606,0.00019557972746092495
whfast,93.08415702702496,42.975000000001614,0.00012980544516162182
whfast,93.5715086344963,43.20000000000162,0.0022463054081145756
whfast,94.05886024196764,43.42500000000164,0.004627799423343079
whfast,94.54621184943898,43.65000000000165,8.819446635858129e-05
whfast,95.03356345691031,43.875000000001656,0.00025511608012567926
whfast,95.52091506438165,44.10000000000167,0.00048467575145994093
whfast,96.008266671853,44.32500000000168,0.005507223882954067
whfast,96.49561827932433,44.55000000000169,0.0009670318506692355
whfast,96.98296988679567,44.7750000000017,0.00022577619760750053
whfast,97.47032149426701,45.00000000000171,6.655740876551206e-05
whfast,97.95767310173835,45.22500000000172,0.003041309981767179
whfast,98.44502470920969,45.45000000000173,0.0036832327254116104
whfast,98.93237631668103,45.67500000000174,1.1212384272792633e-05
whfast,99.41972792415237,45.900000000001754,0.00024095029470028742
whfast,99.90707953162371,46.12500000000176,0.0007402427133796868
whfast,100.39443113909505,46.35000000000177,0.005421756193568051
whfast,100.88178274656639,46.575000000001786,0.0006552622088665476
whfast,101.36913435403773,46.800000000001795,0.00024613443559379607
whfast,101.85648596150907,47.0250000000018,1.6094923092668634e-05
whfast,102.3438375689804,47.25000000000181,0.00397314255842274
whfast,102.83118917645174,47.47500000000183,0.002783436091760481
whfast,103.31854078392308,47.700000000001836,8.748875581390918e-05
whfast,103.80589239139442,47.925000000001845,0.00021775502078698602
whfast,104.29324399886576,48.15000000000186,0.0010802564182091773
whfast,104.7805956063371,48.37500000000187,0.005546825427802206
whfast,105.26794721380844,48.60000000000188,0.000420586659092206
whfast,105.75529882127978,48.825000000001886,0.0002577353286088549
whfast,106.24265042875112,49.0500000000019,0.00012378313391974964
whfast,106.73000203622246,49.27500000000191,0.004884902995723382
whfast,107.2173536436938,49.50000000000192,0.00203986957687164
whfast,107.70470525116514,49.725000000001934,0.00014572228786697018
whfast,108.19205685863648,49.95000000000194,0.00018428576057987224
whfast,108.67940846610782,50.17500000000195,0.001533226009667556
whfast,109.16676007357916,50.40000000000196,0.005420853312185712
whfast,109.6541116810505,50.625000000001975,0.00024282913361560801
whfast,110.14146328852183,50.850000000001984,0.0002611787250111349
whfast,110.62881489599317,51.07500000000199,0.0002643930867454673
whfast,111.11616650346451,51.300000000002,0.005470063083300926
whfast,111.60351811093585,51.52500000000202,0.001463361186076452
whfast,112.09086971840719,51.750000000002025,0.00018954034976580318
whfast,112.57822132587853,51.975000000002034,0.00013866892396464882
whfast,113.06557293334987,52.20000000000205,0.0021314251017556705
whfast,113.55292454082121,52.42500000000206,0.0047715592687853185
whfast,114.04027614829255,52.650000000002066,0.00010729314187664958
whfast,114.52762775576389,52.875000000002075,0.0002566403780158118
whfast,115.01497936323523,53.10000000000209,0.0004489621740643239
whfast,115.50233097070657,53.3250000000021,0.005531051560051954
whfast,115.9896825781779,53.55000000000211,0.001027735330294167
whfast,116.47703418564925,53.77500000000212,0.00022151040272167945
whfast,116.96438579312058,54.00000000000213,7.821013604692566e-05
whfast,117.45173740059192,54.22500000000214,0.0028984479518818543
whfast,117.93908900806326,54.45000000000215,0.003841511886006922
whfast,118.4264406155346,54.675000000002164,3.4372505155497933e-06
whfast,118.91379222300594,54.90000000000217,0.0002438886620543617
whfast,119.40114383047728,55.12500000000218,0.0006928575670138268
whfast,119.88849543794862,55.3500000000022,0.005418150357504697
whfast,120.37584704541996,55.575000000002206,0.0007008209179863433
whfast,120.8631986528913,55.800000000002214,0.00024341060040871548
whfast,121.35055026036264,56.02500000000222,8.911478630435214e-07
whfast,121.83790186783398,56.25000000000224,0.0038141843838877744
whfast,122.32525347530532,56.47500000000225,0.0029227337174535127
whfast,122.81260508277666,56.700000000002255,7.627021505962927e-05
whfast,123.299956690248,56.92500000000227,0.00022226118546722436
whfast,123.78730829771933,57.15000000000228,0.0010171015480621485
whfast,124.27465990519067,57.37500000000229,0.005527075259489776
whfast,124.76201151266201,57.6000000000023,0.00045494946977639157
whfast,125.24936312013335,57.82500000000231,0.0002564100163305299
whfast,125.73671472760469,58.05000000000232,0.00010396176805959019
whfast,126.22406633507603,58.27500000000233,0.004747337594835866
whfast,126.71141794254737,58.50000000000234,0.0021508369456551264
whfast,127.19876955001871,58.72500000000235,0.0001372067452065256
whfast,127.68612115749005,58.95000000000236,0.00019060539536605882
whfast,128.1734727649614,59.17500000000237,0.00144918526833386
whfast,128.66082437243273,59.400000000002386,0.005478741809632454
whfast,129.14817597990407,59.625000000002395,0.00026892009127802726
whfast,129.6355275873754,59.8500000000024,0.00026118295860272985
whfast,130.12287919484675,60.07500000000241,0.00023846062757861347
whfast,130.61023080231809,60.30000000000243,0.005409393041911883
whfast,131.09758240978942,60.525000000002436,0.0015480402219577507
whfast,131.58493401726076,60.750000000002444,0.00018320981064892544
whfast,132.0722856247321,60.97500000000246,0.00014716203620733387
whfast,132.55963723220344,61.20000000000247,0.002021236446189038
whfast,133.04698883967478,61.42500000000248,0.004907616363808593
whfast,133.53434044714612,61.650000000002485,0.00012722296531671046
whfast,134.02169205461746,61.8750000000025,0.0002579733633178855
whfast,134.5090436620888,62.10000000000251,0.00041483027088676716
whfast,134.99639526956014,62.32500000000252,0.00554970923880022
whfast,135.48374687703148,62.550000000002534,0.0010913682279537215
whfast,135.97109848450282,62.77500000000254,0.00021700059752604241
whfast,136.45845009197416,63.00000000000255,8.938939859554044e-05
whfast,136.9458016994455,63.22500000000256,0.0027599015657942937
whfast,137.43315330691684,63.450000000002575,0.004000448067361004
whfast,137.92050491438818,63.67500000000258,1.871439423962592e-05
whfast,138.40785652185951,63.90000000000259,0.00024661652749343344
whfast,138.89520812933085,64.1250000000026,0.0006476308334039718
whfast,139.3825597368022,64.35000000000261,0.005423384813755807
whfast,139.86991134427353,64.57500000000263,0.0007485514907365387
whfast,140.35726295174487,64.80000000000264,0.0002404732907006063
whfast,140.8446145592162,65.02500000000265,1.3694646707955684e-05
whfast,141.33196616668755,65.25000000000266,0.0036561379688942845
whfast,141.8193177741589,65.47500000000267,0.0030662415634737307
whfast,142.30666938163023,65.70000000000267,6.456758215529639e-05
whfast,142.79402098910157,65.92500000000268,0.00022652605168680605
whfast,143.2813725965729,66.15000000000269,0.0009568668722847107
whfast,143.76872420404425,66.37500000000271,0.0055028590850779956
whfast,144.2560758115156,66.60000000000272,0.0004909101021214421
whfast,144.74342741898693,66.82500000000273,0.00025488831257772346
whfast,145.23077902645826,67.05000000000274,8.496065644096186e-05
whfast,145.7181306339296,67.27500000000275,0.00460245892254641
whfast,146.20548224140094,67.50000000000276,0.0022664751545203375
whfast,146.69283384887228,67.72500000000277,0.0001283089242740414
whfast,147.18018545634362,67.95000000000279,0.00019663561557088505
whfast,147.66753706381496,68.1750000000028,0.001368971482038855
whfast,148.1548886712863,68.4000000000028,0.005520843305883169
whfast,148.64224027875764,68.62500000000281,0.00029619206906685664
whfast,149.12959188622898,68.85000000000282,0.00026099629799959326
whfast,149.61694349370032,69.07500000000283,0.00021363147704438562
whfast,150.10429510117166,69.30000000000284,0.00533313110426827
whfast,150.591646708643,69.52500000000286,0.0016367003561966347
whfast,151.07899831611434,69.75000000000287,0.0001765684191324381
whfast,151.56634992358568,69.97500000000288,0.00015529692662513033
whfast,152.05370153105702,70.20000000000289,0.001915677857428509
whfast,152.54105313852835,70.4250000000029,0.00503440243414166
whfast,153.0284047459997,70.6500000000029,0.00014803593504849827
whfast,153.51575635347103,70.87500000000291,0.00025910957196293273
whfast,154.00310796094237,71.10000000000294,0.0003821962826637006
whfast,154.4904595684137,71.32500000000294,0.00556015119897316
whfast,154.97781117588505,71.55000000000295,0.0011580869254150152
whfast,155.4651627833564,71.77500000000296,0.00021222893162944556
whfast,155.95251439082773,72.00000000000297,0.0001001135670587835
whfast,156.43986599829907,72.22500000000298,0.0026258955140807936
whfast,156.9272176057704,72.45000000000299,0.004159087925322359
whfast,157.41456921324175,72.67500000000301,3.466362866945243e-05
whfast,157.9019208207131,72.90000000000302,0.0002491314170545182
whfast,158.38927242818443,73.12500000000303,0.0006044457995471385
whfast,158.87662403565577,73.35000000000304,0.005436910707660479
whfast,159.3639756431271,73.57500000000304,0.0007985890640186926
whfast,159.85132725059844,73.80000000000305,0.0002373059877248218
whfast,160.33867885806978,74.02500000000306,2.7689956742389962e-05
whfast,160.82603046554112,74.25000000000308,0.0034998946421218907
whfast,161.31338207301246,74.47500000000309,0.0032137357185618833
whfast,161.8007336804838,74.7000000000031,5.2342851272919724e-05
whfast,162.28808528795514,74.92500000000311,0.000230547818364671
whfast,162.77543689542648,75.15000000000312,0.0008993942621538272
whfast,163.26278850289782,75.37500000000313,0.0054775653694324015
whfast,163.75014011036916,75.60000000000313,0.000528579054267592
whfast,164.2374917178405,75.82500000000316,0.0002531547856171147
whfast,164.72484332531184,76.05000000000317,6.673910181827301e-05
whfast,165.21219493278318,76.27500000000317,0.004451933203341951
whfast,165.69954654025452,76.50000000000318,0.002386905282985899
whfast,166.18689814772586,76.72500000000319,0.000118995269439194
whfast,166.6742497551972,76.9500000000032,0.00020237762596178642
whfast,167.16160136266853,77.17500000000321,0.0012923973509398284
whfast,167.64895297013987,77.40000000000323,0.005547717190897404
whfast,168.1363045776112,77.62500000000324,0.0003247352318606942
whfast,168.62365618508255,77.85000000000325,0.00026060439699146997
whfast,169.1110077925539,78.07500000000326,0.00018984611421117136
whfast,169.59835940002523,78.30000000000327,0.005242056285797407
whfast,170.08571100749657,78.52500000000327,0.0017295579813962922
whfast,170.5730626149679,78.75000000000328,0.0001695859460476335
whfast,171.06041422243925,78.97500000000329,0.0001630786100758518
whfast,171.5477658299106,79.20000000000331,0.0018145917751621252
whfast,172.03511743738193,79.42500000000332,0.005150457994868337
whfast,172.52246904485327,79.65000000000333,0.000169805405929705
whfast,173.0098206523246,79.87500000000334,0.0002600356746713041
whfast,173.49717225979595,80.10000000000335,0.00035097472107767483
whfast,173.98452386726728,80.32500000000336,0.005559690654927351
whfast,174.47187547473862,80.55000000000337,0.0012281015129438
whfast,174.95922708220996,80.77500000000339,0.00020716775265828058
whfast,175.4465786896813,81.0000000000034,0.00011039296886946972
whfast,175.93393029715264,81.2250000000034,0.0024964815745432208
whfast,176.42128190462398,81.45000000000341,0.004316416391767119
whfast,176.90863351209532,81.67500000000342,5.1345404035133e-05
whfast,177.39598511956666,81.90000000000343,0.0002514205289377317
whfast,177.883336727038,82.12500000000344,0.0005631818375338998
whfast,178.37068833450934,82.35000000000346,0.0054571460305517855
whfast,178.85803994198068,82.57500000000347,0.0008511083912611221
whfast,179.34539154945202,82.80000000000348,0.00023388311778726084
whfast,179.83274315692336,83.02500000000349,4.1112496998019334e-05
whfast,180.3200947643947,83.2500000000035,0.0033460717994642426
whfast,180.80744637186604,83.4750000000035,0.0033649614357645083
whfast,181.29479797933737,83.70000000000351,3.9545321373268805e-05
whfast,181.7821495868087,83.92500000000354,0.000234315488897994
whfast,182.26950119428005,84.15000000000354,0.0008445241253274327
whfast,182.7568528017514,84.37500000000355,0.0054542520268294585
whfast,183.24420440922273,84.60000000000356,0.0005680947551091764
whfast,183.73155601669407,84.82500000000357,0.000251185713280271
whfast,184.2189076241654,85.05000000000358,4.9269147207706107e-05
whfast,184.70625923163675,85.27500000000359,0.004297172272276852
whfast,185.1936108391081,85.50000000000361,0.0025122510383280587
whfast,185.68096244657943,85.72500000000362,0.00010922262353357245
whfast,186.16831405405077,85.95000000000363,0.00020782214762590757
whfast,186.6556656615221,86.17500000000364,0.0012192704954445126
whfast,187.14301726899345,86.40000000000364,0.005560287577216238
whfast,187.6303688764648,86.62500000000365,0.0003546552559847329
whfast,188.11772048393613,86.85000000000366,0.00025998405797118953
whfast,188.60507209140746,87.07500000000368,0.00016706238153524184
whfast,189.0924236988788,87.30000000000369,0.005137125331831452
whfast,189.57977530635014,87.5250000000037,0.0018268388386713673
whfast,190.06712691382148,87.75000000000371,0.00016222517682374442
whfast,190.55447852129282,87.97500000000372,0.00017050006077406647
whfast,191.04183012876416,88.20000000000373,0.0017178045995247442
whfast,191.5291817362355,88.42500000000373,0.0052542235745868015
whfast,192.01653334370684,88.65000000000376,0.00019261365455130726
whfast,192.50388495117818,88.87500000000377,0.00026073095568830614
whfast,192.99123655864952,89.10000000000377,0.00032110530633194887
whfast,193.47858816612086,89.32500000000378,0.005545993060137213
whfast,193.9659397735922,89.55000000000379,0.001301625286971639
whfast,194.45329138106354,89.7750000000038,0.0002017846072283268
whfast,194.94064298853488,90.00000000000381,0.00012022362698064991
whfast,195.42799459600622,90.22500000000382,0.002371662104051746
whfast,195.91534620347755,90.45000000000384,0.004471125506970551
whfast,196.4026978109489,90.67500000000385,6.882333635565698e-05
whfast,196.89004941842023,90.90000000000386,0.0002534640503336562
whfast,197.37740102589157,91.12500000000387,0.0005237543533144375
whfast,197.8647526333629,91.35000000000387,0.005481583294027128
whfast,198.35210424083425,91.57500000000388,0.0009062791230766752
whfast,198.8394558483056,91.80000000000389,0.0002301761596019021
whfast,199.32680745577693,92.02500000000391,5.3962510585112245e-05
whfast,199.81415906324827,92.25000000000392,0.0031951783414931965
whfast,200.3015106707196,92.47500000000393,0.0035194382221481963
whfast,200.78886227819095,92.70000000000394,2.6125380092277725e-05
whfast,201.2762138856623,92.92500000000395,0.0002378106053058017
whfast,201.76356549313363,93.15000000000396,0.0007921455417517455
whfast,202.25091710060497,93.37500000000396,0.00543545329874653
whfast,202.7382687080763,93.60000000000399,0.0006095822303174354
whfast,203.22562031554764,93.825000000004,0.00024895544354069503
whfast,203.71297192301898,94.050000000004,3.254455429517537e-05
whfast,204.20032353049032,94.27500000000401,0.004139491879111658
whfast,204.68767513796166,94.50000000000402,0.0026424932182418297
whfast,205.175026745433,94.72500000000403,9.895203884316504e-05
whfast,205.66237835290434,94.95000000000404,0.0002129521804978049
whfast,206.14972996037568,95.17500000000406,0.0011494640344535778
whfast,206.63708156784702,95.40000000000407,0.005559875265945933
whfast,207.12443317531836,95.62500000000408,0.00038604257584433127
whfast,207.6117847827897,95.85000000000409,0.00025911371554981476
whfast,208.09913639026104,96.0750000000041,0.00014526644881803844
whfast,208.58648799773238,96.3000000000041,0.005019557696124387
whfast,209.07383960520372,96.52500000000411,0.0019286733115296691
whfast,209.56119121267506,96.75000000000414,0.00015445538582080105
whfast,210.0485428201464,96.97500000000414,0.00017754611094576676
whfast,210.53589442761773,97.20000000000415,0.001625221977972394
whfast,211.02324603508907,97.42500000000416,0.005344063544665245
whfast,211.5105976425604,97.65000000000417,0.0002165238493018549
whfast,211.99794925003175,97.87500000000418,0.00026117507155433553
whfast,212.4853008575031,98.10000000000419,0.0002925612511784322
whfast,212.97265246497443,98.32500000000421,0.005517296690147628
whfast,213.46000407244577,98.55000000000422,0.0013788004061650323
whfast,213.9473556799171,98.77500000000423,0.00019605524806381517
whfast,214.43470728738845,99.00000000000423,0.00012959288616580026
whfast,214.9220588948598,99.22500000000424,0.0022515181330699163
whfast,215.40941050233113,99.45000000000425,0.00462153836733021
whfast,215.89676210980247,99.67500000000426,8.714100692323453e-05
whfast,216.3841137172738,99.90000000000428,0.0002552443329500332
whfast,216.87146532474515,100.12500000000429,0.0004861227943340143
whfast,217.35881693221648,100.3500000000043,0.005507135123455057
whfast,217.84616853968782,100.57500000000431,0.0009642143358609552
whfast,218.33352014715916,100.80000000000432,0.0002261662055652388
whfast,218.8208717546305,101.02500000000433,6.623101926569137e-05
whfast,219.30822336210184,101.25000000000433,0.003047780074686153
whfast,219.79557496957318,101.47500000000434,0.0036763750017054946
whfast,220.28292657704452,101.70000000000437,1.205364972947107e-05
whfast,220.77027818451586,101.92500000000437,0.00024101800246540523
whfast,221.2576297919872,102.15000000000438,0.0007422020664815382
whfast,221.74498139945854,102.37500000000439,0.005423176636237114
whfast,222.23233300692988,102.6000000000044,0.000653119567700886
whfast,222.71968461440122,102.82500000000441,0.000246449240650903
whfast,223.20703622187256,103.05000000000442,1.6568855146303922e-05
whfast,223.6943878293439,103.27500000000444,0.003980293857862741
whfast,224.18173943681523,103.50000000000445,0.0027774142217815746
whfast,224.66909104428657,103.72500000000446,8.816450680654364e-05
whfast,225.1564426517579,103.95000000000447,0.00021775540452351135
whfast,225.64379425922925,104.17500000000447,0.001082915289381998
whfast,226.1311458667006,104.40000000000448,0.00554847959232939
whfast,226.61849747417193,104.62500000000449,0.0004189468801899999
whfast,227.10584908164327,104.85000000000451,0.00025798215029805316
whfast,227.5932006891146,105.07500000000452,0.00012445308095399262
whfast,228.08055229658595,105.30000000000453,0.004890996978876804
whfast,228.5679039040573,105.52500000000454,0.0020350695730602226
whfast,229.05525551152863,105.75000000000455,0.00014626528076890148
whfast,229.54260711899997,105.97500000000456,0.00018420798515858506
whfast,230.0299587264713,106.20000000000456,0.0015368171260699709
whfast,230.51731033394265,106.42500000000459,0.005418631724074851
whfast,231.00466194141399,106.6500000000046,0.0002415648885782274
whfast,231.49201354888532,106.8750000000046,0.00026136080900354637
whfast,231.97936515635666,107.10000000000461,0.000265326188798011
whfast,232.466716763828,107.32500000000462,0.005472710722190418
whfast,232.95406837129934,107.55000000000463,0.00145969175979633
whfast,233.44141997877068,107.77500000000464,0.00018997439670590056
whfast,233.92877158624202,108.00000000000466,0.00013849669343072728
whfast,234.41612319371336,108.22500000000467,0.0021361842113135363
whfast,234.9034748011847,108.45000000000468,0.004765830417956249
whfast,235.39082640865604,108.67500000000469,0.00010631275768521286
whfast,235.87817801612738,108.9000000000047,0.0002567578206646234
whfast,236.36552962359872,109.1250000000047,0.0004502533881533438
whfast,236.85288123107006,109.35000000000471,0.005530596316925794
whfast,237.3402328385414,109.57500000000474,0.00102497352667234
whfast,237.82758444601274,109.80000000000474,0.0002218518431313704
whfast,238.31493605348408,110.02500000000475,7.792064552510663e-05
whfast,238.80228766095541,110.25000000000476,0.0029044577763374536
whfast,239.28963926842675,110.47500000000477,0.003834810003284403
whfast,239.7769908758981,110.70000000000478,2.674141742470297e-06
whfast,240.26434248336943,110.92500000000479,0.00024393810826222267
whfast,240.75169409084077,111.15000000000481,0.0006946389524033812
whfast,241.2390456983121,111.37500000000482,0.005418858054483715
whfast,241.72639730578345,111.60000000000483,0.0006987489593346946
whfast,242.2137489132548,111.82500000000483,0.0002436709553708294
whfast,242.70110052072613,112.05000000000484,1.330899081686034e-06
whfast,243.18845212819747,112.27500000000485,0.003820993132064739
whfast,243.6758037356688,112.50000000000486,0.002916707143333568
whfast,244.16315534314015,112.72500000000488,7.686277492512267e-05
whfast,244.6505069506115,112.95000000000489,0.00022223688934842734
whfast,245.13785855808283,113.1750000000049,0.0010195518522314662
whfast,245.62521016555417,113.40000000000491,0.005528902940778384
whfast,246.1125617730255,113.62500000000492,0.00045339248116804497
whfast,246.59991338049684,113.85000000000493,0.0002565963844200459
whfast,247.08726498796818,114.07500000000493,0.00010459717194915704
whfast,247.57461659543952,114.30000000000494,0.0047533889742899784
whfast,248.06196820291086,114.52500000000497,0.002146005017960356
whfast,248.5493198103822,114.75000000000497,0.00013766267706840686
whfast,249.03667141785354,114.97500000000498,0.0001904964542644387
whfast,249.52402302532488,115.20000000000499,0.0014525294723202024
whfast,250.01137463279622,115.425000000005,0.005477235060495874
whfast,250.49872624026756,115.65000000000501,0.0002677475247575921
whfast,250.9860778477389,115.87500000000502,0.0002612988962421518
whfast,251.47342945521024,116.10000000000504,0.00023935595438833313
whfast,251.96078106268158,116.32500000000505,0.005412222344455018
whfast,252.44813267015292,116.55000000000506,0.0015443611434233376
whfast,252.93548427762425,116.77500000000506,0.0001835534041090641
whfast,253.4228358850956,117.00000000000507,0.00014695315108222742
whfast,253.91018749256693,117.22500000000508,0.002025712823854828
whfast,254.39753910003827,117.45000000000509,0.0049023106053411045
whfast,254.8848907075096,117.67500000000511,0.00012633975371592444
whfast,255.37224231498095,117.90000000000512,0.0002580190613712863
whfast,255.8595939224523,118.12500000000513,0.00041607552224786655
whfast,256.3469455299233,118.35000000000498,0.005548945896456632
whfast,256.8342971373941,118.57500000000475,0.0010886273801865777
whfast,257.32164874486494,118.80000000000453,0.0002172485517285157
whfast,257.8090003523358,119.0250000000043,8.905845092649485e-05
whfast,258.2963519598066,119.25000000000408,0.002765627857608842
whfast,258.7837035672774,119.47500000000386,0.003993803372737713
whfast,259.27105517474826,119.70000000000363,1.8052556163504796e-05
whfast,259.7584067822191,119.92500000000341,0.0002465897306596103
whfast,260.2457583896899,120.15000000000317,0.0006493512831781976
whfast,260.73310999716074,120.37500000000296,0.005423171140449187
whfast,261.22046160463157,120.60000000000272,0.0007465263120960123
whfast,261.7078132121024,120.8250000000025,0.00024063752992326676
whfast,262.1951648195732,121.05000000000227,1.3210532247231295e-05
whfast,262.68251642704405,121.27500000000205,0.003662770619620108
whfast,263.1698680345149,121.50000000000182,0.0030601160632195467
whfast,263.6572196419857,121.7250000000016,6.50568687461114e-05
whfast,264.14457124945653,121.95000000000137,0.00022642040199541503
whfast,264.63192285692736,122.17500000000115,0.0009592312743154153
whfast,265.1192744643982,122.40000000000092,0.0055044824366654215
whfast,265.606626071869,122.6250000000007,0.0004894180982220626
whfast,266.09397767933984,122.85000000000046,0.00025497621327611033
whfast,266.58132928681067,123.07500000000024,8.564133131278817e-05
whfast,267.0686808942815,123.30000000000001,0.0046086203146306765
whfast,267.5560325017523,123.52499999999979,0.0022615295267671615
whfast,268.04338410922315,123.74999999999956,0.00012866098088449524
whfast,268.530735716694,123.97499999999934,0.0001964412674398665
whfast,269.0180873241648,124.19999999999911,0.0013721963699463357
whfast,269.50543893163564,124.42499999999889,0.005519861997200187
whfast,269.99279053910647,124.64999999999866,0.00029509598998238653
whfast,270.4801421465773,124.87499999999844,0.0002610116714079737
whfast,270.9674937540481,125.09999999999822,0.0002145696370274334
whfast,271.45484536151895,125.32499999999798,0.005336348233497562
whfast,271.9421969689898,125.54999999999777,0.001632941600719867
whfast,272.4295485764606,125.77499999999753,0.00017680775150107596
whfast,272.91690018393143,125.99999999999731,0.00015499939046368142
whfast,273.40425179140226,126.22499999999708,0.001919999151286377
whfast,273.8916033988731,126.44999999999686,0.005029454841556388
whfast,274.3789550063439,126.67499999999663,0.0001472352349576734
whfast,274.86630661381474,126.89999999999641,0.00025905311829408793
whfast,275.35365822128557,127.12499999999618,0.0003834771671809026
whfast,275.8410098287564,127.34999999999596,0.005559367731612743
whfast,276.3283614362272,127.57499999999573,0.0011553063223883888
whfast,276.81571304369805,127.7999999999955,0.00021237365276859666
whfast,277.3030646511689,128.0249999999953,9.969113966503609e-05
whfast,277.7904162586397,128.24999999999505,0.0026314577295822976
whfast,278.27776786611054,128.47499999999482,0.004152438035669312
whfast,278.76511947358136,128.6999999999946,3.408679442753696e-05
whfast,279.2524710810522,128.92499999999438,0.0002490009654306005
whfast,279.739822688523,129.14999999999415,0.0006061873675054912
whfast,280.22717429599385,129.37499999999392,0.005435796902156451
whfast,280.7145259034647,129.59999999999368,0.0007965553538747545
whfast,281.2018775109355,129.82499999999348,0.0002373682235616755
whfast,281.68922911840633,130.04999999999325,2.711322831962754e-05
whfast,282.17658072587716,130.274999999993,0.0035064503567926422
whfast,282.663932333348,130.49999999999278,0.0032074291331236574
whfast,283.1512839408188,130.72499999999258,5.274747712720296e-05
whfast,283.63863554828964,130.94999999999234,0.00023033752160446633
whfast,284.12598715576047,131.1749999999921,0.000901757241433709
whfast,284.6133387632313,131.3999999999919,0.005478642563304276
whfast,285.1006903707021,131.62499999999167,0.0005270994452562399
whfast,285.58804197817295,131.84999999999144,0.0002531423473995605
whfast,286.0753935856438,132.0749999999912,6.751191266580348e-05
whfast,286.5627451931146,132.299999999991,0.004458289514603517
whfast,287.05009680058544,132.52499999999077,0.0023817523253227605
whfast,287.53744840805626,132.74999999999054,0.00011926430992582761
whfast,288.0248000155271,132.9749999999903,0.00020207820742783368
whfast,288.5121516229979,133.1999999999901,0.0012955889628506157
whfast,288.99950323046875,133.42499999998986,0.005546995973019084
whfast,289.4868548379396,133.64999999998963,0.0003236629724507237
whfast,289.9742064454104,133.8749999999894,0.00026052120858486113
whfast,290.46155805288123,134.0999999999892,0.0001908734330185728
whfast,290.94890966035206,134.32499999998896,0.005245811635791589
whfast,291.4362612678229,134.54999999998873,0.0017256234949083158
whfast,291.9236128752937,134.7749999999885,0.00016974584591026857
whfast,292.41096448276454,134.9999999999883,0.0001626753652480073
whfast,292.89831609023537,135.22499999998806,0.0018188456428062964
whfast,293.3856676977062,135.44999999998782,0.005145732523710829
whfast,293.873019305177,135.6749999999876,0.0001690345413925295
whfast,294.36037091264785,135.8999999999874,0.00025988342533361444
whfast,294.8477225201187,136.12499999998715,0.0003523384179283215
whfast,295.3350741275895,136.34999999998692,0.0055592021299576515
whfast,295.82242573506034,136.57499999998672,0.0012251857128251326
whfast,296.30977734253116,136.79999999998648,0.0002072370916207324
whfast,296.797128950002,137.02499999998625,0.00010986558309944356
whfast,297.2844805574728,137.24999999998602,0.0025019667221760746
whfast,297.77183216494365,137.4749999999858,0.004309636989019149
whfast,298.2591837724145,137.69999999998558,5.079959414260504e-05
whfast,298.7465353798853,137.92499999998535,0.000251196682922057
whfast,299.23388698735613,138.1499999999851,0.0005649949278876802
whfast,299.72123859482696,138.3749999999849,0.005455332459489442
whfast,300.2085902022978,138.59999999998468,0.0008489726551226466
whfast,300.6959418097686,138.82499999998444,0.00023387464230048473
whfast,301.18329341723944,139.0499999999842,4.0431816417265464e-05
whfast,301.67064502471027,139.274999999984,0.0033526286846290165
whfast,302.1579966321811,139.49999999998377,0.003358329724199763
whfast,302.6453482396519,139.72499999998354,3.9920625418517306e-05
whfast,303.13269984712275,139.9499999999833,0.00023401478050673108
whfast,303.6200514545936,140.1749999999831,0.0008469421971441956
whfast,304.1074030620644,140.39999999998287,0.005454586265173001
whfast,304.59475466953523,140.62499999998263,0.0005665357164280488
whfast,305.08210627700606,140.8499999999824,0.0002511075021241085
whfast,305.5694578844769,141.0749999999822,5.014396502284274e-05
whfast,306.0568094919477,141.29999999998196,0.004303792595243955
whfast,306.54416109941855,141.52499999998173,0.0025067378530092763
whfast,307.0315127068894,141.7499999999815,0.00010946576215429188
whfast,307.5188643143602,141.9749999999813,0.00020743530492540018
whfast,308.00621592183103,142.19999999998106,0.0012224962728040263
whfast,308.49356752930186,142.42499999998083,0.005559580173481654
whfast,308.9809191367727,142.64999999998062,0.00035351825412938565
whfast,309.4682707442435,142.8749999999804,0.0002598410279735359
whfast,309.95562235171434,143.09999999998016,0.00016818874813100262
whfast,310.44297395918517,143.32499999997992,0.005141539824847053
whfast,310.930325566656,143.54999999997972,0.001822578862683709
whfast,311.4176771741268,143.77499999997949,0.00016236394631677215
whfast,311.90502878159765,143.99999999997925,0.00017001289916100256
whfast,312.3923803890685,144.22499999997902,0.001722075383251222
whfast,312.8797319965393,144.44999999997881,0.005249555814618148
whfast,313.36708360401013,144.67499999997858,0.0001917861006898909
whfast,313.85443521148096,144.89999999997835,0.00026052413332308937
whfast,314.3417868189518,145.12499999997812,0.0003225626851259748
whfast,314.8291384264226,145.3499999999779,0.005546109880575009
whfast,315.31649003389344,145.57499999997768,0.0012984337140759
whfast,315.8038416413643,145.79999999997744,0.00020183832008605776
whfast,316.2911932488351,146.0249999999772,0.00011961598300128958
whfast,316.7785448563059,146.249999999977,0.0023771739015333443
whfast,317.26589646377676,146.47499999997677,0.0044640514315543904
whfast,317.7532480712476,146.69999999997654,6.822441650058332e-05
whfast,318.2405996787184,146.9249999999763,0.00025319165409655393
whfast,318.72795128618924,147.1499999999761,0.0005256546906707347
whfast,319.21530289366007,147.37499999997587,0.005479443338665986
whfast,319.7026545011309,147.59999999997564,0.0009039120673784051
whfast,320.1900061086017,147.82499999997543,0.00023015805466278667
whfast,320.67735771607255,148.0499999999752,5.320566745324306e-05
whfast,321.1647093235434,148.27499999997497,0.0032018587329196773
whfast,321.6520609310142,148.49999999997473,0.003512297659753381
whfast,322.13941253848503,148.72499999997453,2.655244916932981e-05
whfast,322.62676414595586,148.9499999999743,0.00023746776413211478
whfast,323.1141157534267,149.17499999997406,0.0007946421035536939
whfast,323.6014673608975,149.39999999997383,0.005435147633667342
whfast,324.08881896836834,149.62499999997362,0.0006078259687782368
whfast,324.57617057583917,149.8499999999734,0.0002488740888014801
whfast,325.06352218331,150.07499999997316,3.349088660454176e-05
whfast,325.5508737907808,150.29999999997293,0.004146512804695912
whfast,326.03822539825165,150.52499999997272,0.0026364394491703927
whfast,326.5255770057225,150.7499999999725,9.924826758946336e-05
whfast,327.0129286131933,150.97499999997225,0.00021252942053735574
whfast,327.50028022066414,151.19999999997202,0.0011527597603640826
whfast,327.98763182813497,151.42499999997182,0.005559202388512203
whfast,328.4749834356058,151.64999999997158,0.00038473359328226506
whfast,328.9623350430766,151.87499999997135,0.0002589742691233273
whfast,329.44968665054745,152.09999999997112,0.00014645835167662104
whfast,329.9370382580183,152.3249999999709,0.005024819864550092
whfast,330.4243898654891,152.54999999997068,0.0019239259889446301
whfast,330.91174147295993,152.77499999997045,0.0001546495165241761
whfast,331.39909308043076,152.9999999999702,0.00017703017657022925
whfast,331.8864446879016,153.22499999997,0.0016295624628207051
whfast,332.3737962953724,153.44999999996978,0.0053395041989985365
whfast,332.86114790284324,153.67499999996954,0.00021554219932991156
whfast,333.34849951031407,153.89999999996934,0.0002609789412365289
whfast,333.8358511177849,154.1249999999691,0.00029407738403019177
whfast,334.3232027252557,154.34999999996887,0.005518389723640794
whfast,334.81055433272655,154.57499999996864,0.0013751948107377327
whfast,335.2979059401974,154.79999999996843,0.00019616751517037776
whfast,335.7852575476682,155.0249999999682,0.00012896406602055642
whfast,336.27260915513904,155.24999999996797,0.0022571301059430607
whfast,336.75996076260986,155.47499999996774,0.004614169648386954
whfast,337.2473123700807,155.69999999996753,8.640106164999068e-05
whfast,337.7346639775515,155.9249999999673,0.00025499027921166233
whfast,338.22201558502235,156.14999999996706,0.0004880729455040468
whfast,338.7093671924932,156.37499999996683,0.0055052007397888856
whfast,339.196718799964,156.59999999996663,0.0009614997395056223
whfast,339.68407040743483,156.8249999999664,0.00022621030260365737
whfast,340.17142201490566,157.04999999996616,6.546157041684577e-05
whfast,340.6587736223765,157.27499999996593,0.0030546764331704315
whfast,341.1461252298473,157.49999999996572,0.0036686736910423326
whfast,341.63347683731814,157.7249999999655,1.2613031153703341e-05
whfast,342.12082844478897,157.94999999996526,0.00024070105601099772
whfast,342.6081800522598,158.17499999996502,0.0007447374013400754
whfast,343.0955316597306,158.39999999996482,0.005422618036095047
whfast,343.58288326720145,158.6249999999646,0.0006510704742210082
whfast,344.0702348746723,158.84999999996435,0.00024643499277727696
whfast,344.5575864821431,159.07499999996412,1.7517900860097997e-05
whfast,345.04493808961394,159.29999999996392,0.003987823987558457
whfast,345.53228969708476,159.52499999996368,0.00277075243924104
whfast,346.0196413045556,159.74999999996345,8.858674358813494e-05
whfast,346.5069929120264,159.97499999996325,0.00021736754687685838
whfast,346.99434451949725,160.199999999963,0.0010862388239950148
whfast,347.4816961269681,160.42499999996278,0.005548189398746857
whfast,347.9690477344389,160.64999999996255,0.00041738707968147314
whfast,348.45639934190973,160.87499999996234,0.00025791456026614336
whfast,348.94375094938056,161.0999999999621,0.0001256351972080647
whfast,349.4311025568514,161.32499999996188,0.004897265432950686
whfast,349.9184541643222,161.54999999996164,0.002029775774186784
whfast,350.40580577179304,161.77499999996144,0.0001465811686227741
whfast,350.89315737926387,161.9999999999612,0.00018373649840522637
whfast,351.3805089867347,162.22499999996097,0.0015411794506651844
whfast,351.8678605942055,162.44999999996074,0.0054145822197769235
whfast,352.35521220167635,162.67499999996053,0.00024036450884758052
whfast,352.8425638091472,162.8999999999603,0.00026124221018689243
whfast,353.329915416618,163.12499999996007,0.0002668172143134542
whfast,353.81726702408884,163.34999999995983,0.005475118463977672
whfast,354.30461863155966,163.57499999995963,0.001455628577673569
whfast,354.7919702390305,163.7999999999594,0.0001902055939771181
whfast,355.2793218465013,164.02499999995916,0.0001379232364405948
whfast,355.76667345397215,164.24999999995893,0.0021418378485216828
whfast,356.254025061443,164.47499999995873,0.004758493602887702
whfast,356.7413766689138,164.6999999999585,0.0001053788792772173
whfast,357.22872827638463,164.92499999995826,0.00025658745889341964
whfast,357.71607988385546,165.14999999995806,0.00045215843510361864
whfast,358.2034314913263,165.37499999995782,0.005529406339773313
whfast,358.6907830987971,165.5999999999576,0.0010218845882337705
whfast,359.17813470626794,165.82499999995736,0.00022201385797379638
whfast,359.66548631373877,166.04999999995715,7.7219196352774e-05
whfast,360.1528379212096,166.27499999995692,0.002911490953682292
whfast,360.6401895286804,166.49999999995669,0.0038267688228065134
whfast,361.12754113615125,166.72499999995645,1.939787380952493e-06
whfast,361.6148927436221,166.94999999995625,0.0002437119505278477
whfast,362.1022443510929,167.17499999995601,0.0006971037727114654
whfast,362.58959595856373,167.39999999995578,0.005418474506377258
whfast,363.07694756603456,167.62499999995555,0.0006963932412123403
whfast,363.5642991735054,167.84999999995534,0.00024377383577703943
whfast,364.0516507809762,168.0749999999551,2.195909450901167e-06
whfast,364.53900238844705,168.29999999995488,0.003828925142002275
whfast,365.0263539959179,168.52499999995464,0.0029095903494834635
whfast,365.5137056033887,168.74999999995444,7.744515202456667e-05
whfast,366.0010572108595,168.9749999999542,0.00022194783972348875
whfast,366.48840881833036,169.19999999995397,0.0010227726553552233
whfast,366.9757604258012,169.42499999995374,0.005529392482671733
whfast,367.463112033272,169.64999999995354,0.0004515786177442494
whfast,367.95046364074284,169.8749999999533,0.000256646524296109
whfast,368.43781524821367,170.09999999995307,0.00010567633380319053
whfast,368.9251668556845,170.32499999995284,0.004760561577487248
whfast,369.4125184631553,170.54999999995263,0.0021402831936253096
whfast,369.89987007062615,170.7749999999524,0.000138127017535603
whfast,370.387221678097,170.99999999995217,0.00019013311748966257
whfast,370.8745732855678,171.22499999995196,0.0014567542072325833
whfast,371.36192489303863,171.44999999995173,0.005474233331240063
whfast,371.84927650050946,171.6749999999515,0.0002663340160439116
whfast,372.3366281079803,171.89999999995126,0.00026129962693771875
whfast,372.8239797154511,172.12499999995106,0.00024071934959239832
whfast,373.31133132292194,172.34999999995082,0.005415990162536627
whfast,373.7986829303928,172.5749999999506,0.0015399410924950814
whfast,374.2860345378636,172.79999999995036,0.0001839238221120123
whfast,374.7733861453344,173.02499999995015,0.00014649888115645423
whfast,375.26073775280526,173.24999999994992,0.0020312061078589364
whfast,375.7480893602761,173.4749999999497,0.004895526453980038
whfast,376.2354409677469,173.69999999994945,0.00012522362680974939
whfast,376.72279257521774,173.92499999994925,0.00025796998016446276
whfast,377.21014418268857,174.14999999994902,0.0004178209793028078
whfast,377.6974957901594,174.37499999994878,0.005548771791918087
whfast,378.1848473976302,174.59999999994855,0.00108525430262658
whfast,378.67219900510105,174.82499999994835,0.0002175425016500067
whfast,379.1595506125719,175.0499999999481,8.848986468654712e-05
whfast,379.6469022200427,175.27499999994788,0.0027725339473051044
whfast,380.13425382751353,175.49999999994765,0.003985827610917177
whfast,380.62160543498436,175.72499999994744,1.7160288970834188e-05
whfast,381.1089570424552,175.9499999999472,0.0002464882711760023
whfast,381.596308649926,176.17499999994698,0.0006516152601077146
whfast,382.08366025739684,176.39999999994677,0.0054231410036172465
whfast,382.57101186486767,176.62499999994654,0.0007439469228171093
whfast,383.0583634723385,176.8499999999463,0.0002408665276698751
whfast,383.5457150798093,177.07499999994607,1.2494807149781173e-05
whfast,384.03306668728015,177.29999999994587,0.0036707575571259766
whfast,384.520418294751,177.52499999994563,0.003052845732428971
whfast,385.0077699022218,177.7499999999454,6.577791973571821e-05
whfast,385.49512150969264,177.97499999994517,0.0002262603049711253
whfast,385.98247311716347,178.19999999994496,0.0009621981901404764
whfast,386.4698247246343,178.42499999994473,0.005505839471197441
whfast,386.9571763321051,178.6499999999445,0.00048742804107061716
whfast,387.44452793957595,178.87499999994427,0.0002551480303932921
whfast,387.9318795470468,179.09999999994406,8.655027335915449e-05
whfast,388.4192311545176,179.32499999994383,0.004616282288926597
whfast,388.90658276198843,179.5499999999436,0.0022556093439385265
whfast,389.39393436945926,179.77499999994336,0.00012924829550311326
whfast,389.8812859769301,179.99999999994316,0.00019621240738184237
whfast,390.3686375844009,180.22499999994292,0.0013761035351040297
whfast,390.85598919187174,180.4499999999427,0.0055182019451993445
whfast,391.34334079934257,180.67499999994246,0.00029354218725282706
whfast,391.8306924068134,180.89999999994225,0.0002611301441327002
whfast,392.3180440142842,181.12499999994202,0.00021573600363523944
whfast,392.80539562175505,181.3499999999418,0.005341118987292003
whfast,393.2927472292259,181.57499999994155,0.0016283479585155604
whfast,393.7800988366967,181.79999999994135,0.00017728888561967287
whfast,394.26745044416754,182.02499999994112,0.00015468652348628887
whfast,394.75480205163836,182.24999999994088,0.0019251110121312445
whfast,395.2421536591092,182.47499999994068,0.005023608574730631
whfast,395.72950526658,182.69999999994045,0.00014600658575334636
whfast,396.21685687405085,182.9249999999402,0.0002591194376062246
whfast,396.7042084815217,183.14999999993998,0.0003849916801619164
whfast,397.1915600889925,183.37499999993977,0.005560057959537063
whfast,397.67891169646333,183.59999999993954,0.0011517999887654426
whfast,398.16626330393416,183.8249999999393,0.00021276739614398132
whfast,398.653614911405,184.04999999993908,9.927335006472594e-05
whfast,399.1409665188758,184.27499999993887,0.002637954230987389
whfast,399.62831812634664,184.49999999993864,0.004144854708085458
whfast,400.11566973381747,184.7249999999384,3.310364193127444e-05
whfast,400.6030213412883,184.94999999993817,0.0002490130124102754
whfast,401.0903729487591,185.17499999993797,0.0006081756923174511
whfast,401.57772455622995,185.39999999993773,0.005435937696032849
whfast,402.0650761637008,185.6249999999375,0.0007938802570151159
whfast,402.5524277711716,185.84999999993727,0.00023768802035029082
whfast,403.03977937864244,186.07499999993706,2.6559841075090052e-05
whfast,403.52713098611326,186.29999999993683,0.003514119181271502
whfast,404.0144825935841,186.5249999999366,0.0032002496106244235
whfast,404.5018342010549,186.74999999993636,5.354205149024303e-05
whfast,404.98918580852575,186.97499999993616,0.00023028989052902693
whfast,405.4765374159966,187.19999999993593,0.0009043918346271023
whfast,405.9638890234674,187.4249999999357,0.005480553975752713
whfast,406.45124063093823,187.64999999993546,0.0005250443361798341
whfast,406.93859223840906,187.87499999993526,0.00025339702354997093
whfast,407.4259438458799,188.09999999993502,6.824334536010352e-05
whfast,407.9132954533507,188.3249999999348,0.0044659583125847965
whfast,408.40064706082154,188.54999999993458,0.00237581721243275
whfast,408.88799866829237,188.77499999993435,0.00011991138845926539
whfast,409.3753502757632,188.99999999993412,0.00020196150878987835
whfast,409.862701883234,189.22499999993389,0.0012990946005445548
whfast,410.35005349070485,189.44999999993368,0.005546570771460941
whfast,410.8374050981757,189.67499999993345,0.0003220676772255095
whfast,411.3247567056465,189.89999999993321,0.0002607155295266733
whfast,411.81210831311734,190.12499999993298,0.00019184292332072005
whfast,412.29945992058816,190.34999999993278,0.005251063240163148
whfast,412.786811528059,190.57499999993254,0.0017209986254831913
whfast,413.2741631355298,190.7999999999323,0.00017027450834751061
whfast,413.76151474300065,191.02499999993208,0.00016247602510387636
whfast,414.2488663504715,191.24999999993187,0.0018234818615880538
whfast,414.7362179579423,191.47499999993164,0.005140888245087096
whfast,415.22356956541313,191.6999999999314,0.00016778272339522927
whfast,415.71092117288396,191.92499999993117,0.00026001925181282266
whfast,416.1982727803548,192.14999999993097,0.0003536302525926781
whfast,416.6856243878256,192.37499999993074,0.005560356177033645
whfast,417.17297599529644,192.5999999999305,0.0012216616739109012
whfast,417.66032760276727,192.82499999993027,0.00020766812896717062
whfast,418.1476792102381,193.04999999993007,0.00010956310765489382
whfast,418.6350308177089,193.27499999992983,0.002507935764438706
whfast,419.12238242517975,193.4999999999296,0.004302525840377587
whfast,419.6097340326506,193.7249999999294,4.9807745620877174e-05
whfast,420.0970856401214,193.94999999992916,0.0002512724650409138
whfast,420.58443724759223,194.17499999992893,0.000566727104066969
whfast,421.07178885506306,194.3999999999287,0.005455254622762284
whfast,421.5591404625339,194.6249999999285,0.0008462997841194582
whfast,422.0464920700047,194.84999999992826,0.00023422274591059682
whfast,422.53384367747555,195.07499999992802,3.999765326071998e-05
whfast,423.0211952849464,195.2999999999278,0.0033598115274902558
whfast,423.5085468924172,195.5249999999276,0.0033512947554362746
whfast,423.995898499888,195.74999999992735,4.0712122917450204e-05
whfast,424.48325010735886,195.97499999992712,0.00023402559695373035
whfast,424.9706017148297,196.1999999999269,0.0008492773420304585
whfast,425.4579533223005,196.42499999992668,0.005456533590754184
whfast,425.94530492977134,196.64999999992645,0.0005645002099891312
whfast,426.43265653724217,196.87499999992622,0.00025138180659598934
whfast,426.920008144713,197.09999999992598,5.0749973611005e-05
whfast,427.4073597521838,197.32499999992578,0.004311214088536642
whfast,427.89471135965465,197.54999999992555,0.002500824515042961
whfast,428.3820629671255,197.7749999999253,0.00011010005861742956
whfast,428.8694145745963,197.99999999992508,0.00020737252430336648
whfast,429.35676618206713,198.22499999992488,0.0012256490242897324
whfast,429.84411778953796,198.44999999992464,0.005560050330841348
whfast,430.3314693970088,198.6749999999244,0.00035195686847816433
whfast,430.8188210044796,198.89999999992418,0.00026004745251150907
whfast,431.30617261195044,199.12499999992397,0.00016902382969068627
whfast,431.7935242194213,199.34999999992374,0.0051469460717778175
whfast,432.2808758268921,199.5749999999235,0.0018179533270584786
whfast,432.7682274343629,199.7999999999233,0.00016287133412698504
whfast,433.25557904183376,200.02499999992307,0.00016986332616017086
whfast,433.7429306493046,200.24999999992284,0.0017262999957001262
whfast,434.2302822567754,200.4749999999226,0.005245571315101787
whfast,434.71763386424624,200.6999999999224,0.00019057936261687757
whfast,435.20498547171707,200.92499999992216,0.00026066476101953273
whfast,435.6923370791879,201.14999999992193,0.000323706500845317
whfast,436.1796886866587,201.3749999999217,0.005547442352092094
whfast,436.66704029412955,201.5999999999215,0.0012949218763875648
whfast,437.1543919016004,201.82499999992126,0.00020224068703104427
whfast,437.6417435090712,202.04999999992103,0.00011936015512203213
whfast,438.12909511654203,202.2749999999208,0.0023826901948650306
whfast,438.61644672401286,202.4999999999206,0.00445732011028576
whfast,439.1037983314837,202.72499999992036,6.728658253931906e-05
whfast,439.5911499389545,202.94999999992012,0.0002532653453312535
whfast,440.07850154642534,203.1749999999199,0.0005272193439252803
whfast,440.56585315389617,203.3999999999197,0.005478844968017785
whfast,441.053204761367,203.62499999991945,0.0009012711229494146
whfast,441.5405563688378,203.84999999991922,0.00023047031809170657
whfast,442.02790797630865,204.074999999919,5.281634038414375e-05
whfast,442.5152595837795,204.29999999991878,0.003208620892670736
whfast,443.0026111912503,204.52499999991855,0.003505323241839993
whfast,443.48996279872114,204.74999999991832,2.7283402905762135e-05
whfast,443.97731440619197,204.9749999999181,0.00023746983326592468
whfast,444.4646660136628,205.19999999991788,0.0007967823968798517
whfast,444.9520176211336,205.42499999991765,0.005436651117830032
whfast,445.43936922860445,205.6499999999174,0.0006058402940447484
whfast,445.9267208360753,205.8749999999172,0.00024910650584911793
whfast,446.4140724435461,206.09999999991697,3.4052660418201786e-05
whfast,446.90142405101693,206.32499999991674,0.004153712414165576
whfast,447.38877565848776,206.5499999999165,0.002630477290862655
whfast,447.8761272659586,206.7749999999163,9.981602880125077e-05
whfast,448.3634788734294,206.99999999991607,0.00021245220111163276
whfast,448.85083048090024,207.22499999991584,0.0011556816268921768
whfast,449.33818208837107,207.4499999999156,0.005560214114259419
whfast,449.8255336958419,207.6749999999154,0.0003832358076349077
whfast,450.3128853033127,207.89999999991517,0.0002591328250040222
whfast,450.80023691078355,208.12499999991493,0.00014724650964581553
whfast,451.2875885182544,208.3499999999147,0.005030366244858612
whfast,451.7749401257252,208.5749999999145,0.001919247643702798
whfast,452.26229173319604,208.79999999991426,0.00015508571339163094
whfast,452.74964334066686,209.02499999991403,0.00017686058013290345
whfast,453.2369949481377,209.2499999999138,0.0016335147367759182
whfast,453.7243465556085,209.4749999999136,0.005336232688684028
whfast,454.21169816307935,209.69999999991336,0.00021440904824620406
whfast,454.6990497705502,209.92499999991313,0.0002610661128690896
whfast,455.186401378021,210.1499999999129,0.00029516806600111896
whfast,455.67375298549183,210.3749999999127,0.005519923249697891
whfast,456.16110459296266,210.59999999991246,0.0013716596398220752
whfast,456.6484562004335,210.82499999991222,0.00019649466450363765
whfast,457.1358078079043,211.04999999991202,0.00012868370253813958
whfast,457.62315941537514,211.27499999991178,0.00226234466474765
whfast,458.11051102284597,211.49999999991155,0.004607727001591588
whfast,458.5978626303168,211.72499999991132,8.55433342873813e-05
whfast,459.0852142377876,211.9499999999111,0.0002550051644430366
whfast,459.57256584525845,212.17499999991088,0.0004895726056162638
whfast,460.0599174527293,212.39999999991065,0.005504060845786055
whfast,460.5472690602001,212.62499999991041,0.0009588673142965107
whfast,461.03462066767094,212.8499999999102,0.00022644383576673482
whfast,461.52197227514176,213.07499999990998,6.504411124338619e-05
whfast,462.0093238826126,213.29999999990974,0.003061167405829069
whfast,462.4966754900834,213.5249999999095,0.003661668017147027
whfast,462.98402709755425,213.7499999999093,1.3259082541434851e-05
whfast,463.4713787050251,213.97499999990907,0.00024063993413141123
whfast,463.9587303124959,214.19999999990884,0.0007467932752721413
whfast,464.44608191996673,214.4249999999086,0.005423353991779615
whfast,464.93343352743756,214.6499999999084,0.000649118738729513
whfast,465.4207851349084,214.87499999990817,0.0002465856422336949
whfast,465.9081367423792,215.09999999990794,1.8109366020029636e-05
whfast,466.39548834985004,215.3249999999077,0.0039949318815386044
whfast,466.88283995732087,215.5499999999075,0.00276465471519922
whfast,467.3701915647917,215.77499999990727,8.906686175732959e-05
whfast,467.8575431722625,215.99999999990703,0.0002172224406345543
whfast,468.34489477973335,216.2249999999068,0.0010890469373038036
whfast,468.8322463872042,216.4499999999066,0.005549413930227255
whfast,469.319597994675,216.67499999990636,0.0004159409676808379
whfast,469.80694960214583,216.89999999990613,0.0002579886893138202
whfast,470.29430120961666,217.12499999990592,0.0001264522317182746
whfast,470.7816528170875,217.3499999999057,0.004903075719466213
whfast,471.2690044245583,217.57499999990546,0.002024970402254992
whfast,471.75635603202915,217.79999999990522,0.00014692832815985392
whfast,472.2437076395,218.02499999990502,0.00018349535506936168
whfast,472.7310592469708,218.2499999999048,0.0015449821122469148
whfast,473.21841085444163,218.47499999990455,0.005411902782633225
whfast,473.70576246191246,218.69999999990432,0.00023929437647785597
whfast,474.1931140693833,218.92499999990412,0.0002612426349459971
whfast,474.6804656768541,219.14999999990388,0.0002679321437993442
whfast,475.16781728432494,219.37499999990365,0.005477061250494087
whfast,475.65516889179577,219.59999999990342,0.0014520071155548593
whfast,476.1425204992666,219.8249999999032,0.00019044276754142587
whfast,476.6298721067374,220.04999999990298,0.00013756849854723095
whfast,477.11722371420825,220.27499999990275,0.002146873140700212
whfast,477.6045753216791,220.4999999999025,0.00475228625345534
whfast,478.0919269291499,220.7249999999023,0.00010459042483549091
whfast,478.57927853662073,220.94999999990208,0.00025651378720322577
whfast,479.06663014409156,221.17499999990184,0.00045367233570312417
whfast,479.5539817515624,221.3999999999016,0.005527948709130813
whfast,480.0413333590332,221.6249999999014,0.0010192062920852262
whfast,480.52868496650404,221.84999999990117,0.00022215774799806917
whfast,481.0160365739749,222.07499999990094,7.672526616374703e-05
whfast,481.5033881814457,222.29999999990073,0.0029178225552751527
whfast,481.9907397889165,222.5249999999005,0.003819662868474411
whfast,482.47809139638736,222.74999999990027,1.3659698944290133e-06
whfast,482.9654430038582,222.97499999990004,0.00024356070421512375
whfast,483.452794611329,223.19999999989983,0.0006991561060904312
whfast,483.94014621879984,223.4249999998996,0.005418294479006787
whfast,484.42749782627067,223.64999999989936,0.0006944260304649458
whfast,484.9148494337415,223.87499999989913,0.0002438354861628888
whfast,485.4022010412123,224.09999999989893,2.8641453399228204e-06
whfast,485.88955264868315,224.3249999998987,0.0038360304358416725
whfast,486.376904256154,224.54999999989846,0.0029032712485277216
whfast,486.8642558636248,224.77499999989823,7.785268797095539e-05
whfast,487.35160747109563,224.99999999989802,0.0002217115723296707
whfast,487.83895907856646,225.2249999998978,0.001025551076395233
whfast,488.3263106860373,225.44999999989756,0.005530490225974322
whfast,488.8136622935081,225.67499999989732,0.0004501372593327899
whfast,489.30101390097894,225.89999999989712,0.0002566327757187762
whfast,489.7883655084498,226.1249999998969,0.00010656846308301158
whfast,490.2757171159206,226.34999999989665,0.004766723930819677
whfast,490.7630687233914,226.57499999989642,0.0021352590977913293
whfast,491.25042033086226,226.79999999989622,0.00013840257237169773
whfast,491.7377719383331,227.02499999989598,0.00018980035525038562
whfast,492.2251235458039,227.24999999989575,0.001460493525890143
whfast,492.71247515327474,227.47499999989552,0.00547196737762886
whfast,493.19982676074557,227.6999999998953,0.00026528008591594445
whfast,493.6871783682164,227.92499999989508,0.0002612135447002789
whfast,494.1745299756872,228.14999999989485,0.00024190474504051402
whfast,494.66188158315805,228.37499999989464,0.005418539695418774
whfast,495.1492331906289,228.5999999998944,0.0015361428144468673
whfast,495.6365847980997,228.82499999989417,0.00018409209909816068
whfast,496.12393640557053,229.04999999989394,0.00014605215101824246
whfast,496.61128801304136,229.27499999989374,0.0020361494733476563
whfast,497.0986396205122,229.4999999998935,0.0048894567243533155
whfast,497.585991227983,229.72499999989327,0.00012445766125983732
whfast,498.07334283545384,229.94999999989304,0.00025781204150530267
whfast,498.56069444292467,230.17499999989283,0.0004193967201832464
whfast,499.0480460503955,230.3999999998926,0.00554731958964412
whfast,499.5353976578663,230.62499999989237,0.001082442350143826
whfast,500.02274926533715,230.84999999989213,0.00021762075070090836
whfast,500.510100872808,231.07499999989193,8.79049117900016e-05
whfast,500.9974524802788,231.2999999998917,0.002778789543836437
whfast,501.48480408774964,231.52499999989146,0.003978509223531726
whfast,501.97215569522047,231.74999999989123,1.6610781125698356e-05
whfast,502.4595073026913,231.97499999989103,0.0002462548095678252
whfast,502.9468589101621,232.1999999998908,0.0006537152815569053
whfast,503.43421051763295,232.42499999989056,0.005422089263832071
whfast,503.9215621251038,232.64999999989033,0.0007418795209823077
whfast,504.4089137325746,232.87499999989012,0.00024086644507185655
whfast,504.89626534004543,233.0999999998899,1.1737122306240864e-05
whfast,505.38361694751626,233.32499999988966,0.0036779300145336267
whfast,505.8709685549871,233.54999999988945,0.003046172265153642
whfast,506.3583201624579,233.77499999988922,6.61620155679113e-05
whfast,506.84567176992874,233.99999999988898,0.0002259444815915086
whfast,507.33302337739957,234.22499999988875,0.0009650046188134989
whfast,507.8203749848704,234.44999999988855,0.005506556213275541
whfast,508.3077265923412,234.6749999998883,0.0004859091221517741
whfast,508.79507819981205,234.89999999988808,0.00025507682475267086
whfast,509.2824298072829,235.12499999988785,8.752898596496545e-05
whfast,509.7697814147537,235.34999999988764,0.004622865104589458
whfast,510.25713302222454,235.5749999998874,0.00225022813147446
whfast,510.74448462969536,235.79999999988718,0.00012950302119852609
whfast,511.2318362371662,236.02499999988694,0.00019580288466335241
whfast,511.719187844637,236.24999999988674,0.001379847876185899
whfast,512.2065394521079,236.47499999988653,0.005516167204738602
whfast,512.6938910595787,236.6999999998863,0.0002924253860894482
whfast,513.1812426670496,236.92499999988607,0.00026099175111743027
whfast,513.6685942745204,237.14999999988586,0.000217003533007294
whfast,514.1559458819912,237.37499999988563,0.005344442448881028
whfast,514.643297489462,237.5999999998854,0.001624239478706507
whfast,515.1306490969329,237.82499999988516,0.00017744022290202757
whfast,515.6180007044037,238.04999999988496,0.00015416645335008584
whfast,516.1053523118745,238.27499999988473,0.001930045750211218
whfast,516.5927039193454,238.4999999998845,0.005017554162877176
whfast,517.0800555268162,238.72499999988426,0.00014518608138383912
whfast,517.567407134287,238.94999999988406,0.00025891396082164457
whfast,518.0547587417578,239.17499999988382,0.0003866422605732166
whfast,518.5421103492287,239.3999999998836,0.005558977057630138
whfast,519.0294619566995,239.62499999988336,0.0011487303703603179
whfast,519.5168135641703,239.84999999988315,0.0002128333936200558
whfast,520.0041651716411,240.07499999988292,9.86188360576555e-05
whfast,520.491516779112,240.2999999998827,0.0026442316989886546
whfast,520.9788683865828,240.52499999988245,0.004137181098142393
whfast,521.4662199940536,240.74999999988225,3.250368158534834e-05
whfast,521.9535716015245,240.97499999988202,0.0002487375119033976
whfast,522.4409232089953,241.19999999988178,0.0006103412504735837
whfast,522.9282748164661,241.42499999988158,0.005434283505835594
whfast,523.4156264239369,241.64999999988135,0.0007915991544641236
whfast,523.9029780314078,241.8749999998811,0.000237680928953839
whfast,524.3903296388786,242.09999999988088,2.5737103098236716e-05
whfast,524.8776812463494,242.32499999988067,0.0035214664730333365
whfast,525.3650328538203,242.54999999988044,0.0031930606544797522
whfast,525.8523844612911,242.7749999998802,5.397488829529503e-05
whfast,526.3397360687619,242.99999999987998,0.00022993791830257178
whfast,526.8270876762327,243.22499999987977,0.0009072517072529993
whfast,527.3144392837036,243.44999999987954,0.005480894490441301
whfast,527.8017908911744,243.6749999998793,0.0005233446223234879
whfast,528.2891424986452,243.89999999987907,0.0002533245799226498
whfast,528.776494106116,244.12499999987887,6.92816506636302e-05
whfast,529.2638457135869,244.34999999987863,0.004473081610487493
whfast,529.7511973210577,244.5749999998784,0.0023699226613805697
whfast,530.2385489285285,244.79999999987817,0.0001202155839901334
whfast,530.7259005359994,245.02499999987796,0.00020152183648431324
whfast,531.2132521434702,245.24999999987773,0.0013028811778362332
whfast,531.700603750941,245.4749999998775,0.0055447948848945305
whfast,532.1879553584118,245.69999999987726,0.0003207940848393921
whfast,532.6753069658827,245.92499999987706,0.00026058201258492175
whfast,533.1626585733535,246.14999999987683,0.00019316284492575193
whfast,533.6500101808243,246.3749999998766,0.005255368702096165
whfast,534.1373617882952,246.59999999987636,0.0017164410165447504
whfast,534.624713395766,246.82499999987616,0.00017047710031513257
whfast,535.1120650032368,247.04999999987592,0.00016193272083765025
whfast,535.5994166107076,247.2749999998757,0.001828460261834025
whfast,536.0867682181785,247.49999999987548,0.0051348972387970605
whfast,536.5741198256493,247.72499999987525,0.0001668223469333989
whfast,537.0614714331201,247.94999999987502,0.000259825200924506
whfast,537.548823040591,248.17499999987479,0.0003553244057218553
whfast,538.0361746480618,248.39999999987458,0.0055600736591207515
whfast,538.5235262555326,248.62499999987435,0.0012182161606028965
whfast,539.0108778630034,248.84999999987411,0.00020778811525237913
whfast,539.4982294704743,249.07499999987388,0.00010889299108638523
whfast,539.9855810779451,249.29999999987368,0.0025143033793152527
whfast,540.4729326854159,249.52499999987344,0.004294486733793803
whfast,540.9602842928867,249.7499999998732,4.908015314705754e-05
whfast,541.4476359003576,249.97499999987298,0.0002510154828943019
whfast,541.9349875078284,250.19999999987277,0.0005689245366138711
whfast,542.4223391152992,250.42499999987254,0.005453462415651593
whfast,542.90969072277,250.6499999998723,0.0008437057639150747
whfast,543.3970423302409,250.87499999987207,0.00023427295674747754
whfast,543.8843939377117,251.09999999987187,3.916818276068106e-05
whfast,544.3717455451825,251.32499999987164,0.003367412564704132
whfast,544.8590971526534,251.5499999998714,0.0033435378059826393
whfast,545.3464487601242,251.77499999987117,4.1264393692168075e-05
whfast,545.833800367595,251.99999999987097,0.0002336993790730628
whfast,546.3211519750658,252.22499999987073,0.0008521547026470581
whfast,546.8085035825367,252.4499999998705,0.0054567739953954005
whfast,547.2958551900075,252.6749999998703,0.000562538032972278
whfast,547.7832067974783,252.89999999987006,0.0002513710771395222
whfast,548.2705584049492,253.12499999986983,5.178440358481689e-05
whfast,548.75791001242,253.3499999998696,0.004318969041980716
whfast,549.2452616198908,253.5749999998694,0.0024943558213395
whfast,549.7326132273616,253.79999999986916,0.00011051782067042119
whfast,550.2199648348325,254.02499999986892,0.00020696717762594215
whfast,550.7073164423033,254.2499999998687,0.0012294388399165786
whfast,551.1946680497741,254.4749999998685,0.005558855403174516
whfast,551.682019657245,254.69999999986825,0.00035045912839637146
whfast,552.1693712647158,254.92499999986802,0.000259980081192782
whfast,552.6567228721866,255.1499999998678,0.0001703263042804347
whfast,553.1440744796574,255.37499999986758,0.005152403663179726
whfast,553.6314260871283,255.59999999986735,0.001812895693349138
whfast,554.1187776945991,255.82499999986712,0.00016318357880175648
whfast,554.6061293020699,256.0499999998669,0.0001693636809853697
whfast,555.0934809095407,256.2749999998667,0.00173127620033307
whfast,555.5808325170116,256.4999999998664,0.005239997013506828
whfast,556.0681841244824,256.7249999998662,0.00018942397238628253
whfast,556.5555357319532,256.949999999866,0.0002605421681458599
whfast,557.042887339424,257.17499999986575,0.00032536611148734643
whfast,557.5302389468949,257.39999999986554,0.005548351917848083
whfast,558.0175905543657,257.62499999986534,0.0012910640994449486
whfast,558.5049421618365,257.8499999998651,0.00020246779017233846
whfast,558.9922937693074,258.0749999998649,0.00011874455340776928
whfast,559.4796453767782,258.29999999986467,0.0023890883081532357
whfast,559.966996984249,258.5249999998644,0.004449178404015099
whfast,560.4543485917198,258.7499999998642,6.638630201615911e-05
whfast,560.9417001991907,258.97499999986394,0.00025308563302579477
whfast,561.4290518066615,259.19999999986373,0.000529359775221287
whfast,561.9164034141323,259.42499999986353,0.005477406768020748
whfast,562.4037550216032,259.64999999986327,0.0008983425015643922
whfast,562.891106629074,259.87499999986306,0.00023062669845741798
whfast,563.3784582365448,260.09999999986286,5.205422914610888e-05
whfast,563.8658098440156,260.3249999998626,0.0032163902710003064
whfast,564.3531614514865,260.5499999998624,0.0034971702790799327
whfast,564.8405130589573,260.77499999986213,2.7991239601761565e-05
whfast,565.3278646664281,260.9999999998619,0.00023722767849141112
whfast,565.815216273899,261.2249999998617,0.0007995741373275938
whfast,566.3025678813698,261.44999999986146,0.0054371056949138515
whfast,566.7899194888406,261.67499999986126,0.0006036053175725289
whfast,567.2772710963114,261.89999999986105,0.00024920135251194075
whfast,567.7646227037823,262.1249999998608,3.500341638337892e-05
whfast,568.2519743112531,262.3499999998606,0.004161985273299604
whfast,568.7393259187239,262.5749999998603,0.002623554856200768
whfast,569.2266775261947,262.7999999998601,0.00010037600429153437
whfast,569.7140291336656,263.0249999998599,0.00021213863259995596
whfast,570.2013807411364,263.24999999985965,0.0011593506500564982
whfast,570.6887323486072,263.47499999985945,0.005559985676742613
whfast,571.1760839560781,263.69999999985924,0.00038151285001038676
whfast,571.6634355635489,263.924999999859,0.00025917166106849036
whfast,572.1507871710197,264.1499999998588,0.0001484455427671229
whfast,572.6381387784905,264.3749999998586,0.005036897987396829
whfast,573.1254903859614,264.5999999998583,0.001913785755982341
whfast,573.6128419934322,264.8249999998581,0.0001555296422435892
whfast,574.100193600903,265.04999999985785,0.0001764618195690079
whfast,574.5875452083739,265.27499999985764,0.001638335384113654
whfast,575.0748968158447,265.49999999985744,0.005331574755198915
whfast,575.5622484233155,265.7249999998572,0.00021306523164099279
whfast,576.0496000307863,265.94999999985697,0.00026105118949377364
whfast,576.5369516382572,266.17499999985677,0.000296698339766007
whfast,577.024303245728,266.3999999998565,0.005522149002109645
whfast,577.5116548531988,266.6249999998563,0.0013674731694242176
whfast,577.9990064606696,266.84999999985604,0.00019684512771446196
whfast,578.4863580681405,267.07499999985583,0.00012817985867282834
whfast,578.9737096756113,267.29999999985563,0.0022685757813189094
whfast,579.4610612830821,267.52499999985537,0.004599920753979329
whfast,579.948412890553,267.74999999985516,8.448253261562348e-05
whfast,580.4357644980238,267.97499999985496,0.00025493509157965166
whfast,580.9231161054946,268.1999999998547,0.0004915500405689251
whfast,581.4104677129654,268.4249999998545,0.005503244228737504
whfast,581.8978193204363,268.64999999985423,0.0009556804843178339
whfast,582.3851709279071,268.874999999854,0.00022671695465587748
whfast,582.8725225353779,269.0999999998538,6.440728496721574e-05
whfast,583.3598741428488,269.32499999985356,0.0030688426908011325
whfast,583.8472257503196,269.54999999985336,0.003653444726242083
whfast,584.3345773577904,269.77499999985315,1.410546632283824e-05
whfast,584.8219289652612,269.9999999998529,0.0002405105817577369
whfast,585.3092805727321,270.2249999998527,0.0007493784221156842
whfast,585.7966321802029,270.4499999998525,0.005424095421362657
whfast,586.2839837876737,270.6749999998522,0.0006466823907909677
whfast,586.7713353951445,270.899999999852,0.00024679191466020863
whfast,587.2586870026154,271.12499999985175,1.8918348271727932e-05
whfast,587.7460386100862,271.34999999985155,0.004003378401712683
whfast,588.233390217557,271.57499999985134,0.0027575185471457467
whfast,588.7207418250279,271.7999999998511,8.97479414657947e-05
whfast,589.2080934324987,272.0249999998509,0.0002170257165611393
whfast,589.6954450399695,272.2499999998507,0.0010924543772012302
whfast,590.1827966474403,272.4749999998504,0.005550261261510644
whfast,590.6701482549112,272.6999999998502,0.0004140607052501227
whfast,591.157499862382,272.92499999984994,0.00025813478349882027
whfast,591.6448514698528,273.14999999984974,0.00012748835645507936
whfast,592.1322030773237,273.37499999984954,0.004910298227406134
whfast,592.6195546847945,273.5999999998493,0.0020192885443915958
whfast,593.1069062922653,273.82499999984907,0.00014747911362592716
whfast,593.5942578997361,274.04999999984886,0.000183218699752448
whfast,594.081609507207,274.2749999998486,0.001549478349892321
whfast,594.5689611146778,274.4999999998484,0.005408476455026937
whfast,595.0563127221486,274.72499999984814,0.0002378265193833633
whfast,595.5436643296194,274.94999999984793,0.00026133131060759234
whfast,596.0310159370903,275.1749999998477,0.000269272340427589
whfast,596.0851661156981,275.1999999998477,0.000463309541897547
whfast_hj,0.0,0.0,2.220446049250313e-16
whfast_hj,0.48735160747131645,0.22499999999999995,2.7892062896952597e-10
whfast_hj,0.9747032149426328,0.44999999999999984,3.74658188826931e-10
whfast_hj,1.46205482241395,0.6750000000000002,1.2791302331302734e-10
whfast_hj,1.9494064298852674,0.9000000000000006,1.652367509194354e-10
whfast_hj,2.436758037356583,1.125,1.7365654117236633e-10
whfast_hj,2.9241096448278983,1.3499999999999996,4.336389611989219e-10
whfast_hj,3.4114612522992136,1.574999999999999,3.023731537592263e-11
whfast_hj,3.898812859770529,1.7999999999999985,8.603290889938474e-11
whfast_hj,4.386164467241844,2.0249999999999977,1.2029767053877791e-10
whfast_hj,4.87351607471316,2.2499999999999973,8.444456049936474e-11
whfast_hj,5.360867682184475,2.474999999999997,3.997893110125725e-10
whfast_hj,5.84821928965579,2.699999999999996,8.927169429436303e-11
whfast_hj,6.335570897127106,2.924999999999996,1.024699313839663e-10
whfast_hj,6.822922504598421,3.149999999999995,2.3009524361225222e-10
whfast_hj,7.310274112069736,3.3749999999999947,1.1297206454090721e-10
whfast_hj,7.797625719541052,3.599999999999994,6.04926126946416e-11
whfast_hj,8.284977327012372,3.8249999999999957,1.8888097000498348e-10
whfast_hj,8.772328934483696,4.049999999999999,1.4115994736095655e-10
whfast_hj,9.259680541955019,4.275000000000002,1.1114435273253217e-10
whfast_hj,9.747032149426342,4.500000000000005,3.18331279786128e-11
whfast_hj,10.234383756897666,4.7250000000000085,5.0797970553838165e-11
whfast_hj,10.721735364368989,4.950000000000012,1.21452755901988e-11
whfast_hj,11.209086971840312,5.175000000000015,2.90523901661288e-10
whfast_hj,11.696438579311636,5.400000000000018,1.5871897521964174e-10
whfast_hj,12.183790186782959,5.625000000000021,1.0097166233889778e-10
whfast_hj,12.671141794254282,5.8500000000000245,2.092292346887385e-10
whfast_hj,13.158493401725606,6.075000000000028,9.628007167875114e-11
whfast_hj,13.645845009196929,6.30000000000003,4.753740325834054e-10
whfast_hj,14.133196616668252,6.525000000000033,3.224735729861374e-10
whfast_hj,14.620548224139576,6.750000000000036,4.3358111362822804e-10
whfast_hj,15.107899831610899,6.97500000000004,5.085547884259249e-11
whfast_hj,15.595251439082222,7.200000000000043,3.3584162068648725e-10
whfast_hj,16.082603046553544,7.425000000000045,3.226276069866947e-10
whfast_hj,16.56995465402485,7.650000000000041,1.0827572393360683e-10
whfast_hj,17.05730626149616,7.875000000000036,1.882729767693035e-10
whfast_hj,17.544657868967466,8.100000000000033,1.2146395220599327e-10
whfast_hj,18.032009476438773,8.325000000000028,6.212815521245348e-10
whfast_hj,18.51936108391008,8.550000000000024,1.2109718842933588e-10
whfast_hj,19.006712691381388,8.77500000000002,2.7864377490685027e-11
whfast_hj,19.494064298852695,9.000000000000016,2.2442007460933982e-10
whfast_hj,19.981415906324003,9.225000000000012,2.4732805188605665e-10
whfast_hj,20.46876751379531,9.450000000000006,4.075875367522413e-10
whfast_hj,20.956119121266617,9.675000000000002,8.53171936478965e-11
whfast_hj,21.443470728737925,9.899999999999999,1.388423124318662e-10
whfast_hj,21.930822336209232,10.124999999999995,1.7789179762381344e-10
whfast_hj,22.41817394368054,10.34999999999999,4.3784334299386964e-10
whfast_hj,22.905525551151847,10.574999999999985,1.7432306054261931e-12
whfast_hj,23.392877158623154,10.799999999999981,1.641028706774474e-10
whfast_hj,23.88022876609446,11.024999999999977,1.467362156784891e-10
whfast_hj,24.36758037356577,11.249999999999973,5.91768773330529e-11
whfast_hj,24.854931981037076,11.47499999999997,3.017770353914307e-10
whfast_hj,25.342283588508383,11.699999999999966,4.0873295258017413e-11
whfast_hj,25.82963519597969,11.92499999999996,6.296665659786616e-11
whfast_hj,26.316986803450998,12.149999999999956,2.4912319262823457e-10
whfast_hj,26.804338410922306,12.374999999999952,1.0812304706080772e-10
whfast_hj,27.291690018393613,12.599999999999948,5.655948681036695e-11
whfast_hj,27.77904162586492,12.824999999999944,2.0847942160232512e-10
whfast_hj,28.266393233336228,13.049999999999939,6.548192325674648e-11
whfast_hj,28.753744840807535,13.274999999999935,1.5774303072051593e-10
whfast_hj,29.241096448278842,13.49999999999993,2.9486026413072204e-10
whfast_hj,29.72844805575015,13.724999999999927,2.2075735643088936e-10
whfast_hj,30.215799663221457,13.949999999999923,2.418367736943823e-11
whfast_hj,30.703151270692764,14.174999999999917,3.236885416116787e-10
whfast_hj,31.19050287816407,14.399999999999913,1.7323837618186657e-10
whfast_hj,31.67785448563538,14.62499999999991,7.911342338315965e-11
whfast_hj,32.1652060931067,14.84999999999991,2.024600510717356e-10
whfast_hj,32.652557700578036,15.074999999999921,7.191148565225622e-11
whfast_hj,33.139909308049376,15.299999999999931,5.193585432271289e-10
whfast_hj,33.627260915520715,15.524999999999942,2.263599190987373e-10
whfast_hj,34.114612522992054,15.749999999999952,2.227470753654012e-11
whfast_hj,34.601964130463394,15.974999999999962,2.2425484430477724e-10
whfast_hj,35.08931573793473,16.199999999999974,3.5724420399740495e-10
whfast_hj,35.57666734540607,16.424999999999983,3.5035576277864904e-10
whfast_hj,36.06401895287741,16.649999999999995,7.165464922401418e-11
whfast_hj,36.55137056034875,16.875000000000004,1.6592769858933624e-10
whfast_hj,37.03872216782009,17.100000000000016,1.208630838910439e-10
whfast_hj,37.52607377529143,17.325000000000024,6.236273474546082e-10
whfast_hj,38.01342538276277,17.550000000000036,7.371527808389273e-11
whfast_hj,38.50077699023411,17.77500000000005,1.2325773582041294e-10
whfast_hj,38.98812859770545,18.000000000000057,1.4201765210414796e-10
whfast_hj,39.47548020517679,18.22500000000007,7.745026331546809e-11
whfast_hj,39.962831812648126,18.450000000000077,4.0358316166066044e-10
whfast_hj,40.450183420119465,18.67500000000009,3.7200568262350125e-11
whfast_hj,40.937535027590805,18.900000000000098,1.040852526981808e-10
whfast_hj,41.424886635062144,19.12500000000011,1.9173246506596139e-10
whfast_hj,41.91223824253348,19.350000000000122,4.2903524456111964e-10
whfast_hj,42.39958985000482,19.57500000000013,3.797073826513671e-12
whfast_hj,42.88694145747616,19.800000000000143,1.9796897603786514e-10
whfast_hj,43.3742930649475,20.02500000000015,4.863318213851667e-11
whfast_hj,43.86164467241884,20.250000000000163,1.551190242000087e-10
whfast_hj,44.34899627989018,20.475000000000172,5.2166294616057675e-11
whfast_hj,44.83634788736152,20.700000000000184,6.031550752219464e-11
whfast_hj,45.32369949483286,20.925000000000193,2.0382023236740584e-11
whfast_hj,45.8110511023042,21.150000000000205,2.761127316377807e-10
whfast_hj,46.29840270977554,21.375000000000217,9.452801974289655e-11
whfast_hj,46.78575431724688,21.600000000000225,4.117118480094544e-11
whfast_hj,47.273105924718216,21.825000000000237,2.0816524652629852e-10
whfast_hj,47.760457532189555,22.050000000000246,2.9554001549661756e-11
whfast_hj,48.247809139660895,22.275000000000258,2.2895729198698958e-10
whfast_hj,48.735160747132234,22.500000000000266,3.39362010091295e-10
whfast_hj,49.22251235460357,22.72500000000028,2.3679521371358617e-10
whfast_hj,49.70986396207491,22.950000000000287,5.4163986676149036e-11
whfast_hj,50.19721556954625,23.1750000000003,3.5680924455089726e-10
whfast_hj,50.68456717701759,23.40000000000031,1.959061418453795e-10
whfast_hj,51.17191878448893,23.62500000000032,4.853224576149949e-11
whfast_hj,51.65927039196027,23.850000000000332,1.8448150109479247e-10
whfast_hj,52.14662199943161,24.07500000000034,6.58675171810491e-11
whfast_hj,52.63397360690295,24.300000000000352,5.28484209555301e-10
whfast_hj,53.12132521437429,24.52500000000036,1.5470713592539066e-10
whfast_hj,53.60867682184563,24.750000000000373,6.465967347623843e-11
whfast_hj,54.096028429316966,24.975000000000385,6.090110814986408e-14
whfast_hj,54.583380036788306,25.200000000000394,1.9672652557522e-10
whfast_hj,55.070731644259645,25.425000000000406,3.716531686883051e-10
whfast_hj,55.558083251730984,25.650000000000414,2.8075750139026896e-11
whfast_hj,56.045434859202324,25.875000000000426,1.3550174245502183e-10
whfast_hj,56.53278646667366,26.100000000000435,1.3042930781772633e-10
whfast_hj,57.020138074145,26.325000000000447,6.104163872922717e-10
whfast_hj,57.50748968161634,26.550000000000455,5.662157540530525e-11
whfast_hj,57.99484128908768,26.775000000000468,1.761511116329339e-10
whfast_hj,58.48219289655902,27.00000000000048,4.979997272864137e-11
whfast_hj,58.96954450403036,27.225000000000488,3.044224166741298e-10
whfast_hj,59.4568961115017,27.4500000000005,1.4272403710229846e-10
whfast_hj,59.94424771897304,27.67500000000051,6.08790548237931e-12
whfast_hj,60.43159932644438,27.90000000000052,6.304876282723812e-11
whfast_hj,60.91895093391572,28.12500000000053,2.136083466825563e-10
whfast_hj,61.406302541387056,28.35000000000054,4.107795012395612e-10
whfast_hj,61.893654148858396,28.575000000000554,4.834767638638235e-12
whfast_hj,62.381005756329735,28.800000000000562,2.0537041154922605e-10
whfast_hj,62.868357363801074,29.025000000000574,2.6358813883916105e-12
whfast_hj,63.35570897127241,29.250000000000583,6.138051353045326e-11
whfast_hj,63.84306057874375,29.475000000000595,4.200106842509345e-10
whfast_hj,64.33041218621509,29.7000000000006,3.650593938340514e-10
whfast_hj,64.81776379368642,29.925000000000612,1.094557465193741e-11
whfast_hj,65.30511540115776,30.150000000000624,3.086379947730828e-10
whfast_hj,65.7924670086291,30.375000000000632,7.263313833768665e-11
whfast_hj,66.27981861610044,30.600000000000644,1.6509968101585577e-11
whfast_hj,66.76717022357178,30.825000000000653,1.9468913752820087e-10
whfast_hj,67.25452183104312,31.050000000000665,1.7181915982871403e-11
whfast_hj,67.74187343851446,31.275000000000674,2.557934755598575e-10
whfast_hj,68.2292250459858,31.500000000000686,2.419623080120171e-10
whfast_hj,68.71657665345714,31.725000000000694,6.74492495832478e-13
whfast_hj,69.20392826092848,31.950000000000706,3.102745212085194e-10
whfast_hj,69.69127986839982,32.175000000000715,3.295728779303259e-10
whfast_hj,70.17863147587116,32.40000000000073,2.217192207295237e-10
whfast_hj,70.6659830833425,32.62500000000074,1.0582034053705771e-11
whfast_hj,71.15333469081384,32.85000000000075,1.5801140273470278e-10
whfast_hj,71.64068629828517,33.075000000000756,7.156236453645561e-11
whfast_hj,72.12803790575651,33.30000000000077,5.176729905514268e-10
whfast_hj,72.61538951322785,33.52500000000078,1.231389871415692e-10
whfast_hj,73.10274112069919,33.75000000000079,1.4063032825331346e-10
whfast_hj,73.59009272817053,33.975000000000804,6.751439171564208e-11
whfast_hj,74.07744433564187,34.20000000000081,1.3208958398893168e-10
whfast_hj,74.56479594311321,34.42500000000082,2.9070355144828157e-10
whfast_hj,75.05214755058455,34.65000000000083,1.5310945727203295e-11
whfast_hj,75.53949915805589,34.875000000000846,9.757002161293378e-11
whfast_hj,76.02685076552723,35.100000000000854,1.4864840868981296e-10
whfast_hj,76.51420237299857,35.32500000000086,5.863989580732147e-10
whfast_hj,77.00155398046991,35.55000000000087,5.7680304697682136e-11
whfast_hj,77.48890558794125,35.77500000000089,1.9355237338972668e-10
whfast_hj,77.97625719541259,36.000000000000895,2.1772061343091522e-11
whfast_hj,78.46360880288393,36.225000000000904,2.670264220145968e-10
whfast_hj,78.95096041035526,36.45000000000092,3.159410385219732e-10
whfast_hj,79.4383120178266,36.67500000000093,1.3841227257348205e-10
whfast_hj,79.92566362529794,36.90000000000094,2.764146925639834e-11
whfast_hj,80.41301523276928,37.125000000000945,2.4276097769772616e-10
whfast_hj,80.90036684024062,37.35000000000096,3.843379025623941e-10
whfast_hj,81.38771844771196,37.57500000000097,2.3511729488152403e-11
whfast_hj,81.8750700551833,37.80000000000098,1.9695520160247912e-10
whfast_hj,82.36242166265464,38.02500000000099,2.3192295542062725e-11
whfast_hj,82.84977327012598,38.250000000001,8.902079530006317e-12
whfast_hj,83.33712487759732,38.47500000000101,3.283132937297333e-10
whfast_hj,83.82447648506866,38.70000000000102,2.6545418950670563e-12
whfast_hj,84.31182809254,38.925000000001035,2.369490780731737e-10
whfast_hj,84.79917970001134,39.15000000000104,3.258309374189897e-10
whfast_hj,85.28653130748268,39.37500000000105,4.4753662800691486e-11
whfast_hj,85.77388291495402,39.60000000000107,1.5690602217563728e-11
whfast_hj,86.26123452242535,39.825000000001076,1.7209279071296397e-10
whfast_hj,86.7485861298967,40.050000000001084,1.8767889409314522e-11
whfast_hj,87.23593773736803,40.27500000000109,2.5654871715730376e-10
whfast_hj,87.72328934483937,40.50000000000111,1.9079825224540066e-10
whfast_hj,88.21064095231071,40.72500000000112,8.970427876729381e-11
whfast_hj,88.69799255978205,40.950000000001125,6.690385386541545e-11
whfast_hj,89.18534416725339,41.175000000001134,2.779431577016722e-11
whfast_hj,89.67269577472473,41.40000000000115,2.175184013949413e-10
whfast_hj,90.16004738219607,41.62500000000116,3.1986144133351455e-11
whfast_hj,90.64739898966741,41.85000000000117,1.2426591210379635e-10
whfast_hj,91.13475059713875,42.07500000000118,8.601238234204174e-11
whfast_hj,91.62210220461009,42.30000000000119,4.949268507598771e-10
whfast_hj,92.10945381208143,42.5250000000012,1.1401145476272953e-10
whfast_hj,92.59680541955277,42.75000000000121,1.7276592608103824e-10
whfast_hj,93.0841570270241,42.975000000001224,2.5911131364675182e-11
whfast_hj,93.57150863449544,43.20000000000123,3.794846440580502e-10
whfast_hj,94.05886024196678,43.42500000000124,1.2063508642766392e-11
whfast_hj,94.54621184943812,43.650000000001256,3.3948550871729247e-12
whfast_hj,95.03356345690946,43.875000000001265,5.785011530842869e-11
whfast_hj,95.5209150643808,44.10000000000127,1.7318951958257086e-10
whfast_hj,96.00826667185214,44.32500000000128,5.551422701099034e-10
whfast_hj,96.49561827932348,44.5500000000013,6.927458641804595e-11
whfast_hj,96.98296988679482,44.775000000001306,1.918564726148682e-10
whfast_hj,97.47032149426616,45.000000000001315,5.405236291803591e-11
whfast_hj,97.9576731017375,45.22500000000133,1.846002497736362e-10
whfast_hj,98.44502470920884,45.45000000000134,3.93538210917268e-10
whfast_hj,98.93237631668018,45.67500000000135,2.273411224679262e-10
whfast_hj,99.41972792415152,45.900000000001356,8.51148119709528e-11
whfast_hj,99.90707953162286,46.12500000000137,2.7064825671933106e-10
whfast_hj,100.3944311390942,46.35000000000138,3.52040636890472e-10
whfast_hj,100.88178274656553,46.57500000000139,4.9237952195770894e-11
whfast_hj,101.36913435403687,46.8000000000014,1.7888334909215872e-10
whfast_hj,101.85648596150821,47.02500000000141,2.679105907490734e-11
whfast_hj,102.34383756897955,47.25000000000142,9.336360412634873e-12
whfast_hj,102.83118917645089,47.47500000000143,2.5165864656251833e-10
whfast_hj,103.31854078392223,47.700000000001445,2.199123747604312e-11
whfast_hj,103.80589239139357,47.925000000001454,9.358396774608877e-11
whfast_hj,104.29324399886491,48.15000000000146,1.9535039802839076e-10
whfast_hj,104.78059560633625,48.37500000000147,2.2969387307776035e-11
whfast_hj,105.26794721380759,48.60000000000149,5.354021683027982e-11
whfast_hj,105.75529882127893,48.825000000001495,1.4245753113877914e-10
whfast_hj,106.24265042875027,49.0500000000015,2.964509875043189e-11
whfast_hj,106.7300020362216,49.27500000000152,2.426286577413003e-10
whfast_hj,107.21735364369295,49.50000000000153,1.6957820261796276e-10
whfast_hj,107.70470525116428,49.725000000001536,1.4114518859658596e-10
whfast_hj,108.19205685863562,49.950000000001545,1.185026994375698e-11
whfast_hj,108.67940846610696,50.17500000000156,3.4862542488692586e-10
whfast_hj,109.1667600735783,50.40000000000157,1.7473019887008358e-12
whfast_hj,109.65411168104964,50.62500000000158,6.002711787357412e-11
whfast_hj,110.14146328852098,50.85000000000159,8.544442437522908e-11
whfast_hj,110.62881489599232,51.0750000000016,1.074612776377085e-10
whfast_hj,111.11616650346366,51.30000000000161,4.636857697657852e-10
whfast_hj,111.603518110935,51.52500000000162,1.1870270614093662e-10
whfast_hj,112.09086971840634,51.750000000001634,1.7852116562168528e-10
whfast_hj,112.57822132587768,51.97500000000164,7.332883595474122e-11
whfast_hj,113.06557293334902,52.20000000000165,2.8113817572644807e-10
whfast_hj,113.55292454082036,52.42500000000166,3.7362982526814417e-10
whfast_hj,114.0402761482917,52.650000000001675,2.690453191959103e-10
whfast_hj,114.52762775576304,52.875000000001684,4.5146212004754955e-11
whfast_hj,115.01497936323437,53.10000000000169,2.0252146110279482e-10
whfast_hj,115.50233097070571,53.32500000000171,5.166296985872997e-10
whfast_hj,115.98968257817705,53.55000000000172,8.973023383566967e-11
whfast_hj,116.47703418564839,53.775000000001725,1.7728770613043831e-10
whfast_hj,116.96438579311973,54.000000000001734,6.286063099175567e-11
whfast_hj,117.45173740059107,54.22500000000175,1.4706956018410046e-10
whfast_hj,117.93908900806241,54.45000000000176,2.925336382302335e-10
whfast_hj,118.42644061553375,54.675000000001766,4.9238291477710444e-11
whfast_hj,118.91379222300509,54.90000000000178,3.515720885319485e-10
whfast_hj,119.40114383047643,55.12500000000179,2.5016139536326847e-10
whfast_hj,119.88849543794777,55.3500000000018,3.165320676606755e-10
whfast_hj,120.3758470454191,55.57500000000181,8.239614578931012e-11
whfast_hj,120.86319865289045,55.80000000000182,1.5210026314283088e-10
whfast_hj,121.35055026036179,56.02500000000183,1.842114326709078e-11
whfast_hj,121.83790186783312,56.25000000000184,7.213473316848247e-12
whfast_hj,122.32525347530446,56.475000000001856,2.1572733203603804e-10
whfast_hj,122.8126050827758,56.700000000001864,9.628855372723999e-11
whfast_hj,123.29995669024714,56.92500000000187,1.7197183670151313e-11
whfast_hj,123.78730829771848,57.15000000000188,6.460810262142629e-11
whfast_hj,124.27465990518982,57.3750000000019,8.334121563193656e-11
whfast_hj,124.76201151266116,57.600000000001906,9.102001412888251e-11
whfast_hj,125.2493631201325,57.825000000001914,1.0619863989965992e-10
whfast_hj,125.73671472760384,58.05000000000193,4.8572789953276136e-11
whfast_hj,126.22406633507518,58.27500000000194,2.1826889304523376e-10
whfast_hj,126.71141794254652,58.50000000000195,1.6613499985440346e-10
whfast_hj,127.19876955001786,58.725000000001955,1.5696709292475693e-10
whfast_hj,127.6861211574892,58.95000000000197,7.979096941644811e-11
whfast_hj,128.17347276496054,59.17500000000198,3.305998843613545e-10
whfast_hj,128.66082437243188,59.40000000000199,8.85719252940338e-11
whfast_hj,129.14817597990321,59.625000000002,4.3954314551103296e-11
whfast_hj,129.63552758737455,59.85000000000201,5.158222075711622e-11
whfast_hj,130.1228791948459,60.07500000000202,1.351585587731634e-10
whfast_hj,130.61023080231723,60.30000000000203,4.2506089592118926e-10
whfast_hj,131.09758240978857,60.525000000002045,1.329601814458261e-10
whfast_hj,131.5849340172599,60.75000000000205,1.6883025558221694e-10
whfast_hj,132.07228562473125,60.97500000000206,9.007155146686055e-11
whfast_hj,132.5596372322026,61.20000000000207,2.2052918932653958e-10
whfast_hj,133.04698883967393,61.425000000002086,2.889786420675913e-10
whfast_hj,133.53434044714527,61.650000000002095,3.33439504554448e-11
whfast_hj,134.0216920546166,61.8750000000021,2.280548020277771e-10
whfast_hj,134.50904366208795,62.10000000000212,2.1886806495048536e-10
whfast_hj,134.9963952695593,62.32500000000213,4.734855893078503e-10
whfast_hj,135.48374687703063,62.550000000002136,1.1672893345758377e-10
whfast_hj,135.97109848450197,62.775000000002144,1.544350318098687e-10
whfast_hj,136.4584500919733,63.00000000000216,5.839924312759613e-11
whfast_hj,136.94580169944464,63.22500000000217,1.3548409979416504e-10
whfast_hj,137.43315330691598,63.45000000000218,2.3683490970051394e-10
whfast_hj,137.92050491438732,63.67500000000219,3.5678040558603526e-11
whfast_hj,138.40785652185866,63.9000000000022,1.8322581863650474e-11
whfast_hj,138.89520812933,64.12500000000222,1.614218647910952e-11
whfast_hj,139.38255973680134,64.35000000000223,3.0657889268193224e-10
whfast_hj,139.86991134427268,64.57500000000223,1.189629353885742e-10
whfast_hj,140.35726295174402,64.80000000000224,1.190564075629212e-10
whfast_hj,140.84461455921536,65.02500000000225,2.1200031993004218e-12
whfast_hj,141.3319661666867,65.25000000000226,6.616676385173534e-12
whfast_hj,141.81931777415804,65.47500000000227,2.0250313987805892e-10
whfast_hj,142.30666938162938,65.70000000000229,1.2630737153409012e-10
whfast_hj,142.79402098910072,65.9250000000023,7.083697974969009e-11
whfast_hj,143.28137259657206,66.15000000000231,3.4418761711756526e-10
whfast_hj,143.7687242040434,66.37500000000232,3.603350624667379e-10
whfast_hj,144.25607581151473,66.60000000000232,8.388033463388718e-11
whfast_hj,144.74342741898607,66.82500000000233,6.8190071698263e-11
whfast_hj,145.2307790264574,67.05000000000234,7.348337887820787e-11
whfast_hj,145.71813063392875,67.27500000000235,1.868344213455964e-10
whfast_hj,146.2054822414001,67.50000000000237,1.7348927517616643e-10
whfast_hj,146.69283384887143,67.72500000000238,1.5330318725951803e-10
whfast_hj,147.18018545634277,67.95000000000239,1.0753761607410805e-10
whfast_hj,147.6675370638141,68.1750000000024,2.4465366199752573e-10
whfast_hj,148.15488867128545,68.40000000000241,2.0555735589792008e-10
whfast_hj,148.6422402787568,68.62500000000242,1.8829536937731404e-10
whfast_hj,149.12959188622813,68.85000000000242,9.305367007456656e-11
whfast_hj,149.61694349369947,69.07500000000245,1.6127461642932892e-10
whfast_hj,150.1042951011708,69.30000000000246,3.8160770079480655e-10
whfast_hj,150.59164670864214,69.52500000000246,1.5360175536632516e-10
whfast_hj,151.07899831611348,69.75000000000247,1.4992699267902056e-10
whfast_hj,151.56634992358482,69.97500000000248,9.018266630206433e-11
whfast_hj,152.05370153105616,70.20000000000249,1.9459312073930721e-10
whfast_hj,152.5410531385275,70.4250000000025,2.0845516294364703e-10
whfast_hj,153.02840474599884,70.65000000000252,4.0730627202435147e-11
whfast_hj,153.51575635347018,70.87500000000253,1.5969339295003956e-10
whfast_hj,154.00310796094152,71.10000000000254,1.1542812650133543e-10
whfast_hj,154.49045956841286,71.32500000000255,4.363206456491533e-10
whfast_hj,154.9778111758842,71.55000000000256,1.484273665061938e-10
whfast_hj,155.46516278335554,71.77500000000256,1.2528596325506413e-10
whfast_hj,155.95251439082688,72.00000000000257,4.5287522932579013e-11
whfast_hj,156.43986599829822,72.2250000000026,1.3832880921635186e-10
whfast_hj,156.92721760576956,72.4500000000026,2.10765503311037e-10
whfast_hj,157.4145692132409,72.67500000000261,8.608532795904576e-11
whfast_hj,157.90192082071223,72.90000000000262,4.5024070506515673e-11
whfast_hj,158.38927242818357,73.12500000000263,2.4142251044618737e-10
whfast_hj,158.8766240356549,73.35000000000264,4.753339973145381e-10
whfast_hj,159.36397564312625,73.57500000000265,1.4213317760456594e-10
whfast_hj,159.8513272505976,73.80000000000267,8.277580227967056e-11
whfast_hj,160.33867885806893,74.02500000000268,1.9519059623486104e-11
whfast_hj,160.82603046554027,74.25000000000269,2.7517461707491514e-11
whfast_hj,161.3133820730116,74.4750000000027,2.0134075995314844e-10
whfast_hj,161.80073368048295,74.7000000000027,1.312712359507285e-10
whfast_hj,162.2880852879543,74.92500000000271,1.1509868373802893e-10
whfast_hj,162.77543689542563,75.15000000000272,2.485895021373168e-10
whfast_hj,163.26278850289697,75.37500000000274,1.3410457942794027e-11
whfast_hj,163.7501401103683,75.60000000000275,1.5423485546553212e-10
whfast_hj,164.23749171783965,75.82500000000276,5.4277985407839035e-11
whfast_hj,164.72484332531099,76.05000000000277,1.0088616329013028e-10
whfast_hj,165.21219493278232,76.27500000000278,1.504087730331866e-10
whfast_hj,165.69954654025366,76.50000000000279,1.875883058152844e-10
whfast_hj,166.186898147725,76.7250000000028,1.3880600926433394e-10
whfast_hj,166.67424975519634,76.95000000000282,1.1362976258073178e-10
whfast_hj,167.16160136266768,77.17500000000283,2.022927850755357e-10
whfast_hj,167.64895297013902,77.40000000000283,1.0428305406894052e-10
whfast_hj,168.13630457761036,77.62500000000284,1.148438830014242e-10
whfast_hj,168.6236561850817,77.85000000000285,3.534367820717349e-10
whfast_hj,169.11100779255304,78.07500000000286,1.4645851341096452e-10
whfast_hj,169.59835940002438,78.30000000000287,3.3739519268770303e-10
whfast_hj,170.08571100749572,78.52500000000289,1.7970508994975743e-10
whfast_hj,170.57306261496706,78.7500000000029,1.2412697614954916e-10
whfast_hj,171.0604142224384,78.97500000000291,7.994873551834051e-11
whfast_hj,171.54776582990974,79.20000000000292,1.877513307872399e-10
whfast_hj,172.03511743738107,79.42500000000292,1.680029165726156e-10
whfast_hj,172.52246904485241,79.65000000000293,3.332970061398356e-11
whfast_hj,173.00982065232375,79.87500000000294,6.582578550248401e-12
whfast_hj,173.4971722597951,80.10000000000295,6.040236369872035e-11
whfast_hj,173.98452386726643,80.32500000000297,4.671776594876704e-10
whfast_hj,174.47187547473777,80.55000000000298,1.7854932602266824e-10
whfast_hj,174.9592270822091,80.77500000000299,9.120848524630453e-11
whfast_hj,175.44657868968045,81.000000000003,2.5644625401155858e-11
whfast_hj,175.9339302971518,81.225000000003,1.5031733655047693e-10
whfast_hj,176.42128190462313,81.45000000000302,2.0157418592756127e-10
whfast_hj,176.90863351209447,81.67500000000302,1.0119015990797027e-10
whfast_hj,177.3959851195658,81.90000000000305,1.0998791024156386e-10
whfast_hj,177.88333672703715,82.12500000000306,2.5118908035817616e-10
whfast_hj,178.3706883345085,82.35000000000306,4.4607839423071366e-10
whfast_hj,178.85803994197983,82.57500000000307,5.757987724357428e-11
whfast_hj,179.34539154945116,82.80000000000308,5.17233620439705e-11
whfast_hj,179.8327431569225,83.02500000000309,4.595981009580439e-11
whfast_hj,180.32009476439384,83.2500000000031,5.463423144437027e-11
whfast_hj,180.80744637186518,83.47500000000312,2.0894525570533215e-10
whfast_hj,181.29479797933652,83.70000000000313,1.213738728510418e-10
whfast_hj,181.78214958680786,83.92500000000314,1.287045680780058e-10
whfast_hj,182.2695011942792,84.15000000000315,1.8630565044280217e-10
whfast_hj,182.75685280175054,84.37500000000315,8.025951777497157e-11
whfast_hj,183.24420440922188,84.60000000000316,8.115844527381874e-11
whfast_hj,183.73155601669322,84.82500000000317,2.020327254688679e-10
whfast_hj,184.21890762416456,85.0500000000032,1.1642951714592777e-10
whfast_hj,184.7062592316359,85.2750000000032,1.1062287639143835e-10
whfast_hj,185.19361083910724,85.50000000000321,2.0731517562674707e-10
whfast_hj,185.68096244657858,85.72500000000322,1.1668686249707914e-10
whfast_hj,186.16831405404992,85.95000000000323,1.0699120251045704e-10
whfast_hj,186.65566566152125,86.17500000000324,1.8572700509489358e-10
whfast_hj,187.1430172689926,86.40000000000325,4.650435760878786e-11
whfast_hj,187.63036887646393,86.62500000000327,3.4143129064063214e-11
whfast_hj,188.11772048393527,86.85000000000328,8.579761687430434e-12
whfast_hj,188.6050720914066,87.07500000000329,8.264433052809355e-11
whfast_hj,189.09242369887795,87.3000000000033,3.1544365119858763e-10
whfast_hj,189.5797753063493,87.5250000000033,2.077979738267318e-10
whfast_hj,190.06712691382063,87.75000000000331,9.337513971229356e-11
whfast_hj,190.55447852129197,87.97500000000332,6.29028715932301e-11
whfast_hj,191.0418301287633,88.20000000000334,1.9182933005970392e-10
whfast_hj,191.52918173623465,88.42500000000335,1.4954258624150638e-10
whfast_hj,192.016533343706,88.65000000000336,6.33374917577982e-11
whfast_hj,192.50388495117733,88.87500000000337,9.070261587443016e-11
whfast_hj,192.99123655864867,89.10000000000338,2.4080179413777414e-10
whfast_hj,193.47858816612,89.32500000000339,7.150139557191784e-10
whfast_hj,193.96593977359134,89.5500000000034,1.7086713470632675e-10
whfast_hj,194.45329138106268,89.77500000000342,5.6689431793215964e-11
whfast_hj,194.94064298853402,90.00000000000342,1.3596723727608931e-12
whfast_hj,195.42799459600536,90.22500000000343,1.6847723272411145e-10
whfast_hj,195.9153462034767,90.45000000000344,2.022262858153832e-10
whfast_hj,196.40269781094804,90.67500000000345,9.748350471834762e-11
whfast_hj,196.89004941841938,90.90000000000346,1.3478483971674516e-10
whfast_hj,197.37740102589072,91.12500000000347,1.658600118423953e-10
whfast_hj,197.86475263336206,91.35000000000348,2.7632139003060617e-10
whfast_hj,198.3521042408334,91.5750000000035,1.252182765081232e-10
whfast_hj,198.83945584830474,91.80000000000351,8.218392493611937e-11
whfast_hj,199.32680745577608,92.02500000000352,7.072637383739564e-11
whfast_hj,199.81415906324742,92.25000000000352,8.612875604730861e-11
whfast_hj,200.30151067071876,92.47500000000353,2.2293028761276014e-10
whfast_hj,200.7888622781901,92.70000000000354,1.023099599494668e-10
whfast_hj,201.27621388566143,92.92500000000355,1.2560522756018401e-10
whfast_hj,201.76356549313277,93.15000000000357,1.5948965414533765e-10
whfast_hj,202.2509171006041,93.37500000000358,1.5529816506409297e-10
whfast_hj,202.73826870807545,93.60000000000359,1.1705939406670894e-10
whfast_hj,203.2256203155468,93.8250000000036,2.0062368757390198e-10
whfast_hj,203.71297192301813,94.0500000000036,3.459590081239744e-11
whfast_hj,204.20032353048947,94.27500000000362,7.62251162317402e-11
whfast_hj,204.6876751379608,94.50000000000362,2.3138892564776995e-10
whfast_hj,205.17502674543215,94.72500000000365,8.8348338495868e-11
whfast_hj,205.6623783529035,94.95000000000366,9.161104326758482e-11
whfast_hj,206.14972996037483,95.17500000000366,1.839537480378169e-10
whfast_hj,206.63708156784617,95.40000000000367,1.9837645364726896e-11
whfast_hj,207.1244331753175,95.62500000000368,1.5519773760998512e-11
whfast_hj,207.61178478278885,95.85000000000369,5.3865418569341903e-11
whfast_hj,208.09913639026018,96.0750000000037,1.1171604280067992e-10
whfast_hj,208.58648799773152,96.30000000000372,4.397182149918426e-10
whfast_hj,209.07383960520286,96.52500000000373,2.2521043188752984e-10
whfast_hj,209.5611912126742,96.75000000000374,5.878432812898943e-11
whfast_hj,210.04854282014554,96.97500000000375,3.9811682069154326e-11
whfast_hj,210.53589442761688,97.20000000000375,2.0388808875531657e-10
whfast_hj,211.02324603508822,97.42500000000376,1.4415546760527493e-10
whfast_hj,211.51059764255956,97.65000000000377,6.695152297792272e-11
whfast_hj,211.9979492500309,97.8750000000038,1.3088767771806318e-10
whfast_hj,212.48530085750224,98.1000000000038,1.536994685649166e-10
whfast_hj,212.97265246497358,98.32500000000381,3.8190287608221816e-10
whfast_hj,213.46000407244492,98.55000000000382,3.418570894747719e-11
whfast_hj,213.94735567991626,98.77500000000383,4.195747069586082e-11
whfast_hj,214.4347072873876,99.00000000000384,2.5637500480425236e-11
whfast_hj,214.92205889485894,99.22500000000385,1.9202780999434275e-10
whfast_hj,215.40941050233027,99.45000000000387,2.0987675427037645e-10
whfast_hj,215.8967621098016,99.67500000000388,8.242854721453749e-11
whfast_hj,216.38411371727295,99.90000000000389,1.3712079587057142e-10
whfast_hj,216.8714653247443,100.1250000000039,1.250896886530324e-10
whfast_hj,217.35881693221563,100.3500000000039,3.6182722443689445e-10
whfast_hj,217.84616853968697,100.57500000000391,1.8998923446053518e-10
whfast_hj,218.3335201471583,100.80000000000392,3.240072969938893e-10
whfast_hj,218.82087175462965,101.02500000000394,6.087583164536734e-11
whfast_hj,219.308223362101,101.25000000000395,1.1766297663717474e-10
whfast_hj,219.79557496957233,101.47500000000396,2.408051869571697e-10
whfast_hj,220.28292657704367,101.70000000000397,7.745433469874274e-11
whfast_hj,220.770278184515,101.92500000000398,1.131715623213647e-10
whfast_hj,221.25762979198635,102.15000000000398,1.5104933733506373e-10
whfast_hj,221.74498139945769,102.375000000004,1.9031918614675102e-10
whfast_hj,222.23233300692903,102.600000000004,4.3008057221688416e-11
whfast_hj,222.71968461440036,102.82500000000402,7.846743057024967e-12
whfast_hj,223.2070362218717,103.05000000000403,1.6590785059587236e-10
whfast_hj,223.69438782934304,103.27500000000404,9.851220755907401e-11
whfast_hj,224.18173943681438,103.50000000000405,2.529458822411845e-10
whfast_hj,224.66909104428572,103.72500000000406,5.636151579863745e-11
whfast_hj,225.15644265175706,103.95000000000407,7.08091586306467e-11
whfast_hj,225.6437942592284,104.17500000000408,1.9036261423501388e-10
whfast_hj,226.13114586669974,104.4000000000041,9.043899380739704e-12
whfast_hj,226.61849747417108,104.6250000000041,3.0269207878240666e-11
whfast_hj,227.10584908164242,104.85000000000412,1.1588106789063943e-10
whfast_hj,227.59320068911376,105.07500000000412,1.5440924638246265e-10
whfast_hj,228.0805522965851,105.30000000000413,4.6043510950292256e-10
whfast_hj,228.56790390405644,105.52500000000414,1.5325399137828277e-10
whfast_hj,229.05525551152778,105.75000000000415,3.032993934542075e-11
whfast_hj,229.54260711899911,105.97500000000417,1.379011443315446e-11
whfast_hj,230.02995872647045,106.20000000000418,2.2058551012850547e-10
whfast_hj,230.5173103339418,106.42500000000419,1.4591803728125567e-10
whfast_hj,231.00466194141313,106.6500000000042,5.7154417691374114e-11
whfast_hj,231.49201354888447,106.8750000000042,1.4118233996896708e-10
whfast_hj,231.9793651563558,107.10000000000421,9.367302925522158e-11
whfast_hj,232.46671676382715,107.32500000000422,4.136301480956903e-10
whfast_hj,232.9540683712985,107.55000000000425,1.326802738456944e-10
whfast_hj,233.44141997876983,107.77500000000425,1.610498421443747e-10
whfast_hj,233.92877158624117,108.00000000000426,4.108670359799661e-11
whfast_hj,234.4161231937125,108.22500000000427,2.1755724917702017e-10
whfast_hj,234.90347480118385,108.45000000000428,2.2217165319591839e-10
whfast_hj,235.3908264086552,108.67500000000429,6.064104854319628e-11
whfast_hj,235.87817801612653,108.9000000000043,1.275465988183095e-10
whfast_hj,236.36552962359787,109.12500000000432,1.097853589236504e-10
whfast_hj,236.8528812310692,109.35000000000433,4.0476810383455124e-10
whfast_hj,237.34023283854054,109.57500000000434,1.148920610368408e-10
whfast_hj,237.82758444601188,109.80000000000435,1.5423926613074632e-11
whfast_hj,238.31493605348322,110.02500000000435,1.3135385110300978e-10
whfast_hj,238.80228766095456,110.25000000000436,1.2974616363243524e-10
whfast_hj,239.2896392684259,110.47500000000437,2.603249251445349e-10
whfast_hj,239.77699087589724,110.7000000000044,4.7922725757091516e-11
whfast_hj,240.26434248336858,110.9250000000044,9.405658748788689e-11
whfast_hj,240.75169409083992,111.15000000000441,1.5341481101763116e-10
whfast_hj,241.23904569831126,111.37500000000442,2.0320545349293478e-10
whfast_hj,241.7263973057826,111.60000000000443,1.3337342684820234e-11
whfast_hj,242.21374891325394,111.82500000000444,8.677135604082306e-11
whfast_hj,242.70110052072528,112.05000000000445,1.4472512198178537e-10
whfast_hj,243.18845212819662,112.27500000000447,3.244081586054718e-10
whfast_hj,243.67580373566796,112.50000000000448,2.423361967094051e-10
whfast_hj,244.1631553431393,112.72500000000448,2.4436612055375407e-11
whfast_hj,244.65050695061063,112.9500000000045,4.5925881901849034e-11
whfast_hj,245.13785855808197,113.1750000000045,2.026173082507187e-10
whfast_hj,245.6252101655533,113.40000000000451,7.597201190483324e-12
whfast_hj,246.11256177302465,113.62500000000452,2.630368056873865e-11
whfast_hj,246.599913380496,113.85000000000454,1.3702189518519155e-10
whfast_hj,247.08726498796733,114.07500000000455,7.279294013121638e-11
whfast_hj,247.57461659543867,114.30000000000456,2.4246105246316083e-10
whfast_hj,248.06196820291,114.52500000000457,5.182361985710858e-11
whfast_hj,248.54931981038135,114.75000000000458,5.352223488748348e-11
whfast_hj,249.0366714178527,114.97500000000458,9.883282899195214e-12
whfast_hj,249.52402302532403,115.2000000000046,2.4073478595471234e-10
whfast_hj,250.01137463279537,115.4250000000046,1.5325840204349697e-10
whfast_hj,250.4987262402667,115.65000000000462,3.87656758495107e-11
whfast_hj,250.98607784773804,115.87500000000463,1.3529681616353147e-10
whfast_hj,251.47342945520938,116.10000000000464,6.928357738944412e-11
whfast_hj,251.96078106268072,116.32500000000465,4.696001325360829e-10
whfast_hj,252.44813267015206,116.55000000000466,1.9762545307406717e-10
whfast_hj,252.9354842776234,116.77500000000467,2.151468206374619e-10
whfast_hj,253.42283588509474,117.00000000000468,2.4068491150959795e-11
whfast_hj,253.91018749256608,117.2250000000047,2.371886111224985e-10
whfast_hj,254.39753910003742,117.4500000000047,2.3735553783675884e-10
whfast_hj,254.88489070750876,117.67500000000472,3.383048075676461e-11
whfast_hj,255.3722423149801,117.90000000000472,1.1026391609939069e-10
whfast_hj,255.85959392245144,118.12500000000473,1.0831813417605102e-10
whfast_hj,256.3469455299228,118.35000000000474,4.1734528533380175e-10
whfast_hj,256.8342971373941,118.57500000000475,6.413022400956509e-11
whfast_hj,257.32164874486546,118.80000000000477,4.139494124008101e-11
whfast_hj,257.8090003523368,119.02500000000478,6.531177336406037e-13
whfast_hj,258.29635195980813,119.25000000000479,2.0333505919384425e-11
whfast_hj,258.7837035672795,119.4750000000048,2.6891316888045417e-10
whfast_hj,259.2710551747508,119.7000000000048,1.6446692019858838e-11
whfast_hj,259.75840678222215,119.92500000000481,7.053535810542698e-11
whfast_hj,260.2457583896935,120.15000000000482,1.6237117565796605e-10
whfast_hj,260.73310999716483,120.37500000000485,2.0436613700814752e-10
whfast_hj,261.22046160463617,120.60000000000485,9.138389400905371e-12
whfast_hj,261.7078132121075,120.82500000000486,1.2400958459846363e-10
whfast_hj,262.19516481957885,121.05000000000487,6.766808643425985e-11
whfast_hj,262.6825164270502,121.27500000000488,3.377890990195247e-11
whfast_hj,263.1698680345215,121.50000000000489,6.369305923045034e-11
whfast_hj,263.65721964199287,121.7250000000049,1.1276713824941686e-11
whfast_hj,264.1445712494642,121.95000000000492,2.0275149425781214e-11
whfast_hj,264.63192285693555,122.17500000000493,2.1849790835443242e-10
whfast_hj,265.1192744644069,122.40000000000494,1.1930001199552066e-11
whfast_hj,265.6066260718782,122.62500000000495,1.2330862811134597e-11
whfast_hj,266.09397767934956,122.85000000000495,1.3655894497867073e-10
whfast_hj,266.5813292868209,123.07500000000496,3.5184215695583316e-11
whfast_hj,267.06868089429224,123.30000000000497,3.120474389836565e-10
whfast_hj,267.5560325017636,123.525000000005,2.5844106217516376e-10
whfast_hj,268.0433841092349,123.750000000005,2.708871112047768e-10
whfast_hj,268.53073571670626,123.97500000000501,3.128688405593157e-12
whfast_hj,269.0180873241776,124.20000000000502,2.597347442106815e-10
whfast_hj,269.50543893164894,124.42500000000503,1.6348300257388305e-10
whfast_hj,269.9927905391203,124.65000000000504,1.5549630571679223e-11
whfast_hj,270.4801421465916,124.87500000000504,1.2086851240207677e-10
whfast_hj,270.96749375406296,125.10000000000507,6.276970343195532e-11
whfast_hj,271.4548453615343,125.32500000000508,4.85253922663205e-10
whfast_hj,271.94219696900564,125.55000000000508,1.217545471872209e-10
whfast_hj,272.429548576477,125.7750000000051,9.771319859142538e-12
whfast_hj,272.9169001839483,126.0000000000051,2.3287939120822875e-10
whfast_hj,273.40425179141965,126.22500000000511,2.0803784615799615e-10
whfast_hj,273.891603398891,126.45000000000512,2.48368968876607e-10
whfast_hj,274.37895500636233,126.67500000000513,5.234441763432329e-12
whfast_hj,274.8663066138337,126.90000000000515,8.917381145480182e-11
whfast_hj,275.353658221305,127.12500000000516,1.1365198554777254e-10
whfast_hj,275.84100982877635,127.35000000000517,4.151284171407588e-10
whfast_hj,276.3283614362477,127.57500000000518,4.8009581933617226e-11
whfast_hj,276.81571304371903,127.80000000000518,1.0119999908421732e-10
whfast_hj,277.30306465119037,128.0250000000052,7.797716816759477e-11
whfast_hj,277.7904162586617,128.2500000000052,5.996129717730072e-11
whfast_hj,278.27776786613305,128.47500000000522,2.0241034626759102e-10
whfast_hj,278.7651194736044,128.70000000000522,8.067106676765005e-12
whfast_hj,279.2524710810757,128.92500000000524,4.560339441830338e-11
whfast_hj,279.73982268854706,129.15000000000526,1.7467642268266435e-10
whfast_hj,280.2271742960184,129.37500000000526,1.9925247961519627e-10
whfast_hj,280.71452590348974,129.60000000000528,1.7486930446530054e-11
whfast_hj,281.2018775109611,129.82500000000528,1.3170008832232418e-10
whfast_hj,281.6892291184324,130.0500000000053,1.0815120746179066e-11
whfast_hj,282.17658072590376,130.2750000000053,4.644939393458018e-11
whfast_hj,282.6639323333751,130.50000000000531,1.6260290522268113e-10
whfast_hj,283.15128394084644,130.72500000000534,1.0884775328369412e-10
whfast_hj,283.6386355483178,130.95000000000533,5.825470902134631e-12
whfast_hj,284.1259871557891,131.17500000000535,2.3524045422558195e-10
whfast_hj,284.61333876326046,131.40000000000535,1.9654433117367973e-11
whfast_hj,285.1006903707318,131.62500000000537,7.451309956475292e-12
whfast_hj,285.58804197820314,131.85000000000537,1.2508324229618088e-10
whfast_hj,286.0753935856745,132.0750000000054,2.2619926910035867e-11
whfast_hj,286.5627451931458,132.30000000000538,3.411459545294676e-10
whfast_hj,287.05009680061715,132.5250000000054,1.8753385106398607e-10
whfast_hj,287.5374484080885,132.75000000000543,7.844537724417869e-12
whfast_hj,288.02480001555983,132.97500000000542,1.576256391694304e-10
whfast_hj,288.5121516230312,133.20000000000545,2.6037988881874257e-10
whfast_hj,288.9995032305025,133.42500000000544,1.7388572612253477e-10
whfast_hj,289.48685483797385,133.65000000000546,1.1133876128389636e-11
whfast_hj,289.9742064454452,133.87500000000546,1.0078251265759666e-10
whfast_hj,290.46155805291653,134.10000000000548,6.613521063135686e-11
whfast_hj,290.94890966038787,134.3250000000055,4.791936686588994e-10
whfast_hj,291.4362612678592,134.5500000000055,9.03385663532892e-11
whfast_hj,291.92361287533055,134.77500000000552,6.462201318094798e-11
whfast_hj,292.4109644828019,135.0000000000055,7.223363385386233e-11
whfast_hj,292.8983160902732,135.22500000000554,3.965866591441567e-12
whfast_hj,293.38566769774457,135.45000000000553,2.3151378140152566e-10
whfast_hj,293.8730193052159,135.67500000000555,2.286285277875622e-11
whfast_hj,294.36037091268724,135.90000000000558,6.441403335200165e-11
whfast_hj,294.8477225201586,136.12500000000557,1.2451748966197532e-10
whfast_hj,295.3350741276299,136.3500000000056,4.037573829366212e-10
whfast_hj,295.82242573510126,136.5750000000056,5.040067140262094e-11
whfast_hj,296.3097773425726,136.8000000000056,1.1937193976670602e-10
whfast_hj,296.79712895004394,137.0250000000056,3.545496268334706e-13
whfast_hj,297.2844805575153,137.25000000000563,1.75245907418205e-10
whfast_hj,297.7718321649866,137.47500000000565,1.1842636100117025e-11
whfast_hj,298.25918377245796,137.70000000000564,1.1133876128389636e-11
whfast_hj,298.7465353799293,137.92500000000567,2.33663471770537e-11
whfast_hj,299.23388698740064,138.15000000000566,1.8985487881247198e-10
whfast_hj,299.721238594872,138.37500000000568,1.8912762797503892e-10
whfast_hj,300.2085902023433,138.60000000000568,3.397128276167934e-11
whfast_hj,300.69594180981466,138.8250000000057,1.2338496654774554e-10
whfast_hj,301.183293417286,139.05000000000572,9.758936068348834e-12
whfast_hj,301.67064502475733,139.27500000000572,1.0096555526398581e-10
whfast_hj,302.1579966322287,139.50000000000574,2.547459425714859e-10
whfast_hj,302.6453482397,139.72500000000574,2.0530272480228514e-10
whfast_hj,303.13269984717135,139.95000000000576,5.886779148611959e-11
whfast_hj,303.6200514546427,140.17500000000575,2.456694721245491e-10
whfast_hj,304.10740306211403,140.40000000000578,2.918197890294128e-11
whfast_hj,304.59475466958537,140.6250000000058,3.136186536457291e-11
whfast_hj,305.0821062770567,140.8500000000058,1.0658847484820696e-10
whfast_hj,305.56945788452805,141.07500000000582,2.3359222256323078e-11
whfast_hj,306.0568094919994,141.3000000000058,3.396032395503176e-10
whfast_hj,306.5441610994707,141.52500000000583,1.339435901476221e-10
whfast_hj,307.03151270694207,141.75000000000583,1.2791946966987885e-11
whfast_hj,307.5188643144134,141.97500000000585,8.343248247367647e-11
whfast_hj,308.00621592188475,142.20000000000587,1.6020927113913075e-10
whfast_hj,308.4935675293561,142.42500000000587,1.7322751915980085e-10
whfast_hj,308.9809191368274,142.6500000000059,3.867491793068012e-11
whfast_hj,309.46827074429876,142.87500000000588,7.708587451238757e-11
whfast_hj,309.9556223517701,143.1000000000059,7.540032183668549e-11
whfast_hj,310.44297395924144,143.3250000000059,4.6212134074250376e-10
whfast_hj,310.9303255667128,143.55000000000592,8.408950194962195e-11
whfast_hj,311.4176771741841,143.77500000000595,9.933768051800783e-11
whfast_hj,311.90502878165546,144.00000000000594,6.775799614824154e-12
whfast_hj,312.3923803891268,144.22500000000596,2.2657994343653778e-10
whfast_hj,312.87973199659814,144.45000000000596,7.32669170007727e-11
whfast_hj,313.3670836040695,144.67500000000598,3.3512573579402927e-11
whfast_hj,313.8544352115408,144.90000000000597,3.995129658728062e-11
whfast_hj,314.34178681901216,145.125000000006,1.38060437202165e-10
whfast_hj,314.8291384264835,145.35000000000602,3.8733647634416844e-10
whfast_hj,315.31649003395484,145.575000000006,6.208689852860378e-11
whfast_hj,315.8038416414262,145.80000000000604,1.1641645479125495e-10
whfast_hj,316.2911932488975,146.02500000000603,3.317040774336316e-11
whfast_hj,316.77854485636885,146.25000000000605,9.996603067006103e-11
whfast_hj,317.2658964638402,146.47500000000605,2.7794926477658414e-10
whfast_hj,317.75324807131153,146.70000000000607,2.0225665154897327e-10
whfast_hj,318.24059967878287,146.9250000000061,2.826473017935823e-11
whfast_hj,318.7279512862542,147.1500000000061,2.0281324357081088e-10
whfast_hj,319.21530289372555,147.3750000000061,1.7695860264907137e-10
whfast_hj,319.7026545011969,147.6000000000061,5.447680462441742e-11
whfast_hj,320.19000610866823,147.82500000000613,1.0707568371340588e-10
whfast_hj,320.67735771613957,148.05000000000612,1.2799241528688288e-11
whfast_hj,321.1647093236109,148.27500000000614,1.146918846925042e-10
whfast_hj,321.65206093108225,148.50000000000617,1.7594262288107822e-10
whfast_hj,322.1394125385536,148.72500000000616,4.217902180238929e-11
whfast_hj,322.6267641460249,148.95000000000618,2.618438903879162e-10
whfast_hj,323.11411575349626,149.17500000000618,2.1433169577768448e-10
whfast_hj,323.6014673609676,149.4000000000062,3.479166649151985e-11
whfast_hj,324.08881896843894,149.6250000000062,5.7093855865163805e-11
whfast_hj,324.5761705759103,149.85000000000622,8.401044925770596e-11
whfast_hj,325.0635221833816,150.07500000000624,3.121716161735331e-11
whfast_hj,325.55087379085296,150.30000000000624,3.2327122482602783e-10
whfast_hj,326.0382253983243,150.52500000000626,1.1596470088873939e-10
whfast_hj,326.52557700579564,150.75000000000625,6.9531422846288e-11
whfast_hj,327.012928613267,150.97500000000628,2.8804018822278614e-11
whfast_hj,327.5002802207383,151.20000000000627,3.636152402583417e-11
whfast_hj,327.98763182820966,151.4250000000063,1.0990767006285944e-10
whfast_hj,328.474983435681,151.65000000000632,5.955789095117154e-11
whfast_hj,328.96233504315234,151.8750000000063,5.216205359181325e-11
whfast_hj,329.4496866506237,152.10000000000633,8.80714844331923e-11
whfast_hj,329.937038258095,152.32500000000633,4.3852801394788875e-10
whfast_hj,330.42438986556635,152.55000000000635,9.04072709460488e-11
whfast_hj,330.9117414730377,152.77500000000634,1.0356784774036162e-10
whfast_hj,331.39909308050903,153.00000000000637,4.5322299331383256e-11
whfast_hj,331.8864446879804,153.2250000000064,2.2412320291223044e-10
whfast_hj,332.3737962954517,153.45000000000638,1.0944488949730839e-10
whfast_hj,332.86114790292305,153.6750000000064,4.7976841226450306e-11
whfast_hj,333.3484995103944,153.9000000000064,2.6206985215965885e-11
whfast_hj,333.83585111786573,154.12500000000642,1.5188651552091215e-10
whfast_hj,334.32320272533707,154.35000000000642,3.675712676735362e-10
whfast_hj,334.8105543328084,154.57500000000644,7.933565305356723e-11
whfast_hj,335.29790594027975,154.80000000000646,1.0239495007532496e-10
whfast_hj,335.7852575477511,155.02500000000646,4.1139461939597184e-11
whfast_hj,336.2726091552224,155.25000000000648,6.332341155730673e-11
whfast_hj,336.75996076269377,155.47500000000647,2.1112514216696377e-10
whfast_hj,337.2473123701651,155.7000000000065,1.1587665722542524e-11
whfast_hj,337.73466397763644,155.9250000000065,1.6210670538608404e-10
whfast_hj,338.2220155851078,156.15000000000651,1.9874830665301968e-10
whfast_hj,338.7093671925791,156.3750000000065,1.656218359208287e-10
whfast_hj,339.19671880005046,156.60000000000653,7.747927192129992e-11
whfast_hj,339.6840704075218,156.82500000000655,8.596047220529005e-11
whfast_hj,340.17142201499314,157.05000000000655,6.702175433941031e-12
whfast_hj,340.6587736224645,157.27500000000657,1.0759614220868104e-10
whfast_hj,341.1461252299358,157.50000000000657,1.4108462677037565e-10
whfast_hj,341.63347683740716,157.7250000000066,2.7615344547052713e-11
whfast_hj,342.1208284448785,157.95000000000658,2.5350467959562924e-11
whfast_hj,342.60818005234984,158.1750000000066,2.2652837258172566e-11
whfast_hj,343.0955316598212,158.40000000000663,1.425798422779882e-11
whfast_hj,343.5828832672925,158.62500000000662,8.02169378915576e-11
whfast_hj,344.07023487476386,158.85000000000664,5.973635325137671e-11
whfast_hj,344.5575864822352,159.07500000000664,4.282348784657128e-11
whfast_hj,345.04493808970653,159.30000000000666,2.9927347395946496e-10
whfast_hj,345.5322896971779,159.52500000000666,1.1519978975601589e-10
whfast_hj,346.0196413046492,159.75000000000668,8.487052897447424e-11
whfast_hj,346.50699291212055,159.9750000000067,4.4130401877731596e-11
whfast_hj,346.9943445195919,160.2000000000067,2.782739575927369e-10
whfast_hj,347.48169612706323,160.42500000000672,1.0225109453295425e-10
whfast_hj,347.96904773453457,160.6500000000067,4.135846843157901e-11
whfast_hj,348.4563993420059,160.87500000000674,3.160733584783991e-11
whfast_hj,348.94375094947725,161.10000000000673,1.0165209226867244e-10
whfast_hj,349.4311025569486,161.32500000000675,4.1146586860327807e-10
whfast_hj,349.9184541644199,161.55000000000678,1.0329777931647699e-10
whfast_hj,350.40580577189127,161.77500000000677,9.314273158369937e-11
whfast_hj,350.8931573793626,162.0000000000068,6.139679906355183e-11
whfast_hj,351.38050898683395,162.2250000000068,1.5946488656375024e-10
whfast_hj,351.8678605943053,162.4500000000068,2.2517056625963228e-10
whfast_hj,352.3552122017766,162.6750000000068,1.7259730295708014e-10
whfast_hj,352.84256380924796,162.90000000000683,7.050244775729029e-11
whfast_hj,353.3299154167193,163.12500000000685,1.582451679910552e-10
whfast_hj,353.81726702419064,163.35000000000684,3.473741530938523e-10
whfast_hj,354.304618631662,163.57500000000687,9.932631457303278e-11
whfast_hj,354.7919702391333,163.80000000000686,8.260446490019601e-11
whfast_hj,355.27932184660466,164.02500000000688,3.694050865568232e-11
whfast_hj,355.766673454076,164.25000000000688,5.673642234184413e-11
whfast_hj,356.25402506154734,164.4750000000069,1.5339173984574151e-10
whfast_hj,356.7413766690187,164.70000000000692,2.9175871828029317e-11
whfast_hj,357.22872827649,164.92500000000692,1.376770486104695e-10
whfast_hj,357.71607988396136,165.15000000000694,1.101338014755719e-10
whfast_hj,358.2034314914327,165.37500000000693,1.6501146771157184e-10
whfast_hj,358.69078309890403,165.60000000000696,1.0046273942956743e-10
whfast_hj,359.1781347063754,165.82500000000695,6.189622207857468e-11
whfast_hj,359.6654863138467,166.05000000000697,4.7502864356893985e-12
whfast_hj,360.15283792131805,166.275000000007,8.990462475260019e-11
whfast_hj,360.6401895287894,166.500000000007,1.3148176039422146e-10
whfast_hj,361.12754113626073,166.72500000000701,5.93477057896181e-11
whfast_hj,361.61489274373207,166.950000000007,2.6436679089043647e-11
whfast_hj,362.1022443512034,167.17500000000703,1.982600799420021e-10
whfast_hj,362.58959595867475,167.40000000000703,1.2414088670907086e-10
whfast_hj,363.0769475661461,167.62500000000705,8.715711960609546e-11
whfast_hj,363.5642991736174,167.85000000000707,3.6227507659710514e-11
whfast_hj,364.05165078108877,168.07500000000707,5.681021616369703e-11
whfast_hj,364.5390023885601,168.3000000000071,2.706105964240406e-10
whfast_hj,365.02635399603145,168.52500000000708,1.2334560984275731e-10
whfast_hj,365.5137056035028,168.7500000000071,7.900264782989541e-11
whfast_hj,366.0010572109741,168.9750000000071,7.240649800206487e-11
whfast_hj,366.48840881844546,169.20000000000712,1.9874694952526145e-10
whfast_hj,366.9757604259168,169.42500000000715,1.5715878722060468e-10
whfast_hj,367.46311203338814,169.65000000000714,1.2481978987011753e-10
whfast_hj,367.9504636408595,169.87500000000716,3.5286848482298265e-11
whfast_hj,368.4378152483308,170.10000000000716,1.1283821781575333e-10
whfast_hj,368.92516685580216,170.32500000000718,3.824029776611201e-10
whfast_hj,369.4125184632735,170.55000000000717,1.2013379736197353e-10
whfast_hj,369.89987007074484,170.7750000000072,7.466645500143114e-11
whfast_hj,370.3872216782162,171.00000000000722,5.971633561694306e-11
whfast_hj,370.8745732856875,171.2250000000072,1.3661289080705974e-10
whfast_hj,371.36192489315886,171.45000000000724,1.4268162685985426e-10
whfast_hj,371.8492765006302,171.67500000000723,8.512991001726293e-11
whfast_hj,372.33662810810154,171.90000000000725,2.586347921626488e-10
whfast_hj,372.8239797155729,172.12500000000725,1.2845078518721973e-10
whfast_hj,373.3113313230442,172.35000000000727,3.3124502896941563e-10
whfast_hj,373.79868293051555,172.5750000000073,1.204299904952038e-10
whfast_hj,374.2860345379869,172.8000000000073,5.914973477788861e-11
whfast_hj,374.77338614545823,173.0250000000073,2.5912488492433394e-11
whfast_hj,375.2607377529296,173.2500000000073,6.450597875762067e-11
whfast_hj,375.7480893604009,173.47500000000733,1.316495353133307e-10
whfast_hj,376.23544096787225,173.70000000000732,2.5008471764492932e-11
whfast_hj,376.7227925753436,173.92500000000734,5.523849257871516e-12
whfast_hj,377.21014418281493,174.15000000000737,3.627331072155024e-11
whfast_hj,377.69749579028627,174.37500000000736,2.180904307450286e-10
whfast_hj,378.1848473977576,174.60000000000738,1.1609702084516527e-10
whfast_hj,378.67219900522895,174.82500000000738,3.7446547668526454e-11
whfast_hj,379.1595506127003,175.0500000000074,1.8925825152176705e-11
whfast_hj,379.6469022201716,175.2750000000074,6.685007767799622e-11
whfast_hj,380.13425382764297,175.50000000000742,1.3378344907215282e-10
whfast_hj,380.6216054351143,175.72500000000744,6.042713128030776e-11
whfast_hj,381.10895704258564,175.95000000000744,7.332510385340613e-11
whfast_hj,381.596308650057,176.17500000000746,2.133847598843905e-10
whfast_hj,382.0836602575283,176.40000000000745,1.375856121277598e-10
whfast_hj,382.57101186499966,176.62500000000747,1.6410049570387055e-11
whfast_hj,383.058363472471,176.85000000000747,2.3550916552170838e-11
whfast_hj,383.54571507994234,177.0750000000075,7.012737157311383e-11
whfast_hj,384.0330666874137,177.30000000000751,2.3962601257625127e-10
whfast_hj,384.520418294885,177.5250000000075,1.3610362861578985e-10
whfast_hj,385.00776990235636,177.75000000000753,6.280685480433644e-11
whfast_hj,385.4951215098277,177.97500000000753,7.526834116219915e-11
whfast_hj,385.98247311729904,178.20000000000755,1.5575874029703692e-10
whfast_hj,386.4698247247704,178.42500000000754,9.652605108492748e-11
whfast_hj,386.9571763322417,178.65000000000757,3.938147256980041e-11
whfast_hj,387.44452793971305,178.8750000000076,1.4702511425001895e-10
whfast_hj,387.9318795471844,179.10000000000758,1.0748926839772167e-10
whfast_hj,388.41923115465573,179.3250000000076,3.550453177471583e-10
whfast_hj,388.9065827621271,179.5500000000076,1.382614617513505e-10
whfast_hj,389.3939343695984,179.77500000000762,5.22456865899132e-11
whfast_hj,389.88128597706975,180.00000000000762,4.9606242741156284e-11
whfast_hj,390.3686375845411,180.22500000000764,1.339071173391201e-10
whfast_hj,390.85598919201243,180.45000000000763,1.0408440449333191e-10
whfast_hj,391.34334079948377,180.67500000000766,2.052825375268817e-11
whfast_hj,391.8306924069551,180.90000000000768,2.3756521407540295e-12
whfast_hj,392.31804401442645,181.12500000000767,3.8955673735660694e-11
whfast_hj,392.8053956218978,181.3500000000077,3.3900203195342865e-10
whfast_hj,393.2927472293691,181.5750000000077,1.3807400847974713e-10
whfast_hj,393.78009883684047,181.8000000000077,3.4645435975572264e-11
whfast_hj,394.2674504443118,182.0250000000077,1.1618370738072121e-11
whfast_hj,394.75480205178314,182.25000000000773,7.896413932975608e-11
whfast_hj,395.2421536592545,182.47500000000775,1.2664597490976458e-10
whfast_hj,395.7295052667258,182.70000000000775,3.7047721748581245e-11
whfast_hj,396.21685687419716,182.92500000000777,6.168942973641678e-11
whfast_hj,396.7042084816685,183.15000000000776,2.0770246596074747e-10
whfast_hj,397.19156008913984,183.3750000000078,4.100140811839284e-10
whfast_hj,397.6789116966112,183.60000000000778,9.685447600241532e-11
whfast_hj,398.1662633040825,183.8250000000078,1.8073718560987936e-11
whfast_hj,398.65361491155386,184.05000000000783,3.336837875509266e-11
whfast_hj,399.1409665190252,184.27500000000782,4.130146906573401e-11
whfast_hj,399.62831812649654,184.50000000000784,1.417338427617114e-10
whfast_hj,400.1156697339679,184.72500000000784,4.7449088169474746e-11
whfast_hj,400.6030213414392,184.95000000000786,8.362315892370558e-11
whfast_hj,401.09037294891056,185.17500000000786,1.459609564466092e-10
whfast_hj,401.5777245563819,185.40000000000788,1.4880905868819157e-12
whfast_hj,402.06507616385323,185.6250000000079,1.2295679274002893e-10
whfast_hj,402.5524277713246,185.8500000000079,6.119255133594059e-11
whfast_hj,403.0397793787959,186.07500000000792,7.537589353703763e-11
whfast_hj,403.52713098626725,186.3000000000079,2.0931320696877799e-10
whfast_hj,404.0144825937386,186.52500000000794,1.5047103126909468e-10
whfast_hj,404.50183420120993,186.75000000000793,4.172760718181328e-11
whfast_hj,404.98918580868127,186.97500000000795,6.670164182944153e-11
whfast_hj,405.4765374161526,187.20000000000798,1.4238611229050313e-10
whfast_hj,405.96388902362395,187.42500000000797,3.530466078412483e-11
whfast_hj,406.4512406310953,187.650000000008,7.880060543489126e-11
whfast_hj,406.9385922385666,187.875000000008,1.6273217164165102e-10
whfast_hj,407.42594384603797,188.100000000008,2.993314911711286e-11
whfast_hj,407.9132954535093,188.325000000008,3.3912994124464035e-10
whfast_hj,408.40064706098065,188.55000000000803,1.5463402066741686e-10
whfast_hj,408.887998668452,188.77500000000805,2.8284917454761667e-11
whfast_hj,409.3753502759233,189.00000000000804,3.5410177467325984e-11
whfast_hj,409.86270188339466,189.22500000000807,1.402055472649924e-10
whfast_hj,410.350053490866,189.45000000000806,8.982981308492863e-11
whfast_hj,410.83740509833734,189.67500000000808,8.833035655307168e-12
whfast_hj,411.3247567058087,189.90000000000808,3.4875978053498906e-11
whfast_hj,411.81210831328,190.1250000000081,8.845080164161318e-11
whfast_hj,412.29945992075136,190.35000000000812,4.4602885906753884e-10
whfast_hj,412.7868115282227,190.57500000000812,1.3892865968548257e-10
whfast_hj,413.27416313569404,190.80000000000814,1.2750045647453022e-11
whfast_hj,413.7615147431654,191.02500000000813,3.409444210573728e-12
whfast_hj,414.2488663506367,191.25000000000816,9.62044118062307e-11
whfast_hj,414.73621795810806,191.47500000000815,1.2878497789768e-10
whfast_hj,415.2235695655794,191.70000000000817,2.9063060583127758e-11
whfast_hj,415.71092117305074,191.9250000000082,8.455872887202452e-11
whfast_hj,416.1982727805221,192.1500000000082,1.3109955928931438e-10
whfast_hj,416.6856243879934,192.3750000000082,1.778431106654875e-10
whfast_hj,417.17297599546475,192.6000000000082,4.921759527939768e-11
whfast_hj,417.6603276029361,192.82500000000823,2.2201761919536107e-11
whfast_hj,418.14767921040743,193.05000000000823,4.358822933832501e-11
whfast_hj,418.63503081787877,193.27500000000825,1.5884162564079036e-11
whfast_hj,419.1223824253501,193.50000000000827,1.517385885952668e-10
whfast_hj,419.60973403282145,193.72500000000827,2.8175329388285867e-11
whfast_hj,420.0970856402928,193.9500000000083,7.763008274343149e-11
whfast_hj,420.58443724776413,194.17500000000828,1.202296445098974e-10
whfast_hj,421.07178885523547,194.4000000000083,8.072738756961593e-11
whfast_hj,421.5591404627068,194.6250000000083,1.3085459772895672e-10
whfast_hj,422.04649207017815,194.85000000000832,2.308574404894593e-10
whfast_hj,422.5338436776495,195.07500000000834,4.712117217489623e-11
whfast_hj,423.0211952851208,195.30000000000834,1.8475123023673755e-10
whfast_hj,423.50854689259216,195.52500000000836,1.6421788725495607e-10
whfast_hj,423.9958985000635,195.75000000000836,1.849137462857837e-11
whfast_hj,424.48325010753484,195.97500000000838,5.271050284710158e-11
whfast_hj,424.9706017150062,196.20000000000837,1.420984012057617e-10
whfast_hj,425.4579533224775,196.4250000000084,1.0408830623563677e-11
whfast_hj,425.94530492994886,196.65000000000842,2.6065504647172052e-11
whfast_hj,426.4326565374202,196.8750000000084,4.105990032477187e-12
whfast_hj,426.92000814489154,197.10000000000844,1.2306824685717227e-10
whfast_hj,427.4073597523629,197.32500000000843,3.701233464228581e-10
whfast_hj,427.8947113598342,197.55000000000845,1.6240713954355873e-10
whfast_hj,428.38206296730556,197.77500000000845,5.3755830502866106e-12
whfast_hj,428.8694145747769,198.00000000000847,1.9770976463604623e-11
whfast_hj,429.35676618224824,198.2250000000085,1.5030630988744142e-10
whfast_hj,429.8441177897196,198.4500000000085,8.61552200385938e-11
whfast_hj,430.3314693971909,198.6750000000085,7.833341420412601e-12
whfast_hj,430.81882100466225,198.9000000000085,7.673302129525187e-11
whfast_hj,431.3061726121336,199.12500000000853,1.2543847048689344e-10
whfast_hj,431.79352421960493,199.35000000000852,4.817219976724525e-10
whfast_hj,432.2808758270763,199.57500000000854,7.302687502853855e-11
whfast_hj,432.7682274345476,199.80000000000857,2.3432507155266645e-12
whfast_hj,433.25557904201895,200.02500000000856,1.6557976496032406e-11
whfast_hj,433.7429306494903,200.25000000000858,1.14063534540451e-10
whfast_hj,434.23028225696163,200.47500000000858,1.3434937134732816e-10
whfast_hj,434.71763386443297,200.7000000000086,1.1843314663996132e-11
whfast_hj,435.2049854719043,200.9250000000086,8.243889531369387e-11
whfast_hj,435.69233707937565,201.15000000000862,8.862756753212059e-11
whfast_hj,436.179688686847,201.37500000000864,2.207415798207001e-10
whfast_hj,436.6670402943183,201.60000000000863,6.653759901166738e-11
whfast_hj,437.15439190178967,201.82500000000866,1.1712233086649614e-10
whfast_hj,437.641743509261,202.05000000000865,3.761584935636368e-11
whfast_hj,438.12909511673234,202.27500000000867,6.398518098040595e-12
whfast_hj,438.6164467242037,202.50000000000867,1.6209347339044144e-10
whfast_hj,439.103798331675,202.7250000000087,5.606973333062138e-12
whfast_hj,439.59114993914636,202.95000000000869,6.383250410760684e-11
whfast_hj,440.0785015466177,203.1750000000087,1.141994169572422e-10
whfast_hj,440.56585315408904,203.40000000000873,1.1824280947187176e-10
whfast_hj,441.0532047615604,203.62500000000873,7.021439739060931e-11
whfast_hj,441.5405563690317,203.85000000000875,1.968513813289757e-12
whfast_hj,442.02790797650306,204.07500000000874,9.728875688504387e-11
whfast_hj,442.5152595839744,204.30000000000877,1.830259815741077e-10
whfast_hj,443.00261119144574,204.52500000000876,1.7307365480021332e-10
whfast_hj,443.4899627989171,204.75000000000878,4.760295252906229e-12
whfast_hj,443.9773144063884,204.9750000000088,3.6283319538767076e-11
whfast_hj,444.46466601385976,205.2000000000088,1.4731791456385367e-10
whfast_hj,444.9520176213311,205.42500000000882,1.093505691181125e-12
whfast_hj,445.43936922880243,205.65000000000882,1.596609915248122e-11
whfast_hj,445.9267208362738,205.87500000000884,5.7923739489311814e-11
whfast_hj,446.4140724437451,206.10000000000883,1.1440960211879565e-10
whfast_hj,446.90142405121645,206.32500000000886,5.251684071600441e-10
whfast_hj,447.3887756586878,206.55000000000888,1.3787349285347098e-10
whfast_hj,447.87612726615913,206.77500000000887,1.1339311342789318e-11
whfast_hj,448.36347887363047,207.0000000000089,4.818821387479217e-12
whfast_hj,448.8508304811018,207.2250000000089,1.615670774612241e-10
whfast_hj,449.33818208857315,207.4500000000089,8.697322879485743e-11
whfast_hj,449.8255336960445,207.6750000000089,6.180868733816986e-12
whfast_hj,450.3128853035158,207.90000000000893,8.164565413901765e-11
whfast_hj,450.80023691098717,208.12500000000895,6.052637124762718e-11
whfast_hj,451.2875885184585,208.35000000000895,3.105878480796971e-10
whfast_hj,451.77494012592985,208.57500000000897,7.23025080875917e-11
whfast_hj,452.2622917334012,208.80000000000896,3.663396742329568e-11
whfast_hj,452.7496433408725,209.025000000009,2.0676011037363746e-11
whfast_hj,453.23699494834386,209.25000000000898,1.2962605782583328e-10
whfast_hj,453.7243465558152,209.475000000009,1.4027238580708444e-10
whfast_hj,454.21169816328654,209.70000000000903,9.214558196335146e-12
whfast_hj,454.6990497707579,209.92500000000902,6.984016941128174e-11
whfast_hj,455.1864013782292,210.15000000000904,7.577454981601306e-11
whfast_hj,455.67375298570056,210.37500000000904,2.732145853101142e-10
whfast_hj,456.1611045931719,210.60000000000906,1.2450765048572825e-10
whfast_hj,456.64845620064324,210.82500000000906,1.6187955612755292e-10
whfast_hj,457.1358078081146,211.05000000000908,3.068839071455909e-11
whfast_hj,457.6231594155859,211.2750000000091,1.6059232044888672e-11
whfast_hj,458.11051102305726,211.5000000000091,1.6921109955936582e-10
whfast_hj,458.5978626305286,211.72500000000912,1.7360887205985906e-11
whfast_hj,459.08521423799993,211.9500000000091,4.6916076242436105e-11
whfast_hj,459.5725658454713,212.17500000000913,1.1601678066646086e-10
whfast_hj,460.0599174529426,212.40000000000913,1.31768623274114e-10
whfast_hj,460.54726906041395,212.62500000000915,4.2480982728591963e-11
whfast_hj,461.0346206678853,212.85000000000917,2.4569610575680402e-11
whfast_hj,461.52197227535663,213.07500000000917,1.1172384628528965e-11
whfast_hj,462.00932388282797,213.3000000000092,2.652672451580116e-10
whfast_hj,462.4966754902993,213.5250000000092,1.651220736238663e-10
whfast_hj,462.98402709777065,213.7500000000092,2.443491564567764e-11
whfast_hj,463.471378705242,213.9750000000092,1.9864618278921406e-11
whfast_hj,463.9587303127133,214.20000000000923,1.5432680087115112e-10
whfast_hj,464.44608192018467,214.42500000000925,1.5562862567321814e-12
whfast_hj,464.933433527656,214.65000000000924,2.551976964740015e-11
whfast_hj,465.42078513512735,214.87500000000927,7.457315246805391e-11
whfast_hj,465.9081367425987,215.10000000000926,4.5325352868839237e-11
whfast_hj,466.39548835007,215.32500000000928,3.0852671029690924e-10
whfast_hj,466.88283995754136,215.55000000000928,6.5868195744928205e-12
whfast_hj,467.3701915650127,215.7750000000093,5.996468999669625e-12
whfast_hj,467.85754317248404,216.00000000000932,5.296530358370631e-12
whfast_hj,468.3448947799554,216.22500000000932,1.7173807144516074e-10
whfast_hj,468.8322463874267,216.45000000000934,8.93456577571857e-11
whfast_hj,469.31959799489806,216.67500000000933,2.594760417317719e-11
whfast_hj,469.8069496023694,216.90000000000936,7.049226929910368e-11
whfast_hj,470.29430120984074,217.12500000000935,3.8749051034472574e-11
whfast_hj,470.7816528173121,217.35000000000937,3.7342964892380754e-10
whfast_hj,471.2690044247834,217.5750000000094,1.657546648001639e-10
whfast_hj,471.75635603225476,217.8000000000094,1.861366880369045e-10
whfast_hj,472.2437076397261,218.0250000000094,5.554045350491783e-12
whfast_hj,472.73105924719744,218.2500000000094,1.3795017057181009e-10
whfast_hj,473.2184108546688,218.47500000000943,1.4460959648136737e-10
whfast_hj,473.7057624621401,218.70000000000942,3.1805476500539187e-11
whfast_hj,474.19311406961145,218.92500000000945,5.228572185878053e-11
whfast_hj,474.6804656770828,219.15000000000947,7.538742912298245e-11
whfast_hj,475.16781728455413,219.37500000000946,2.883129709021872e-10
whfast_hj,475.6551688920255,219.6000000000095,7.23997123632738e-11
whfast_hj,476.1425204994968,219.82500000000948,1.926799098821647e-11
whfast_hj,476.62987210696815,220.0500000000095,1.785070854211938e-10
whfast_hj,477.1172237144395,220.2750000000095,1.6750349355759274e-11
whfast_hj,477.60457532191083,220.50000000000952,1.6658386986043282e-10
whfast_hj,478.09192692938217,220.72500000000954,3.8236396023807146e-11
whfast_hj,478.5792785368535,220.95000000000954,2.922252309471793e-11
whfast_hj,479.06663014432485,221.17500000000956,1.2085799466195062e-10
whfast_hj,479.5539817517962,221.40000000000956,1.3541946658468008e-10
whfast_hj,480.0413333592675,221.62500000000958,4.4975892471099065e-11
whfast_hj,480.52868496673887,221.85000000000957,6.051466602071258e-11
whfast_hj,481.0160365742102,222.0750000000096,4.7830101787593394e-11
whfast_hj,481.50338818168154,222.30000000000962,3.138028837389066e-10
whfast_hj,481.9907397891529,222.5250000000096,9.91274953564544e-11
whfast_hj,482.4780913966242,222.75000000000963,3.205875046841592e-11
whfast_hj,482.96544300409556,222.97500000000963,6.262126758340063e-12
whfast_hj,483.4527946115669,223.20000000000965,1.6095569140614858e-10
whfast_hj,483.94014621903824,223.42500000000965,1.9725851965644e-12
whfast_hj,484.4274978265096,223.65000000000967,4.300975363138619e-11
whfast_hj,484.9148494339809,223.8750000000097,6.684532773084246e-11
whfast_hj,485.40220104145226,224.1000000000097,8.576029586095346e-12
whfast_hj,485.8895526489236,224.3250000000097,3.186240800999627e-10
whfast_hj,486.37690425639494,224.5500000000097,7.76453504307114e-11
whfast_hj,486.8642558638663,224.77500000000973,7.647313132955385e-11
whfast_hj,487.3516074713376,225.00000000000972,9.655963999694327e-13
whfast_hj,487.83895907880895,225.22500000000974,1.7684460391738138e-10
whfast_hj,488.3263106862803,225.45000000000977,9.039319074555732e-11
whfast_hj,488.81366229375163,225.67500000000976,4.759277407087568e-11
whfast_hj,489.301013901223,225.90000000000978,5.285452803044207e-11
whfast_hj,489.7883655086943,226.12500000000978,3.577558411622517e-11
whfast_hj,490.27571711616565,226.3500000000098,3.9030892541659715e-10
whfast_hj,490.763068723637,226.5750000000098,1.0760530282104899e-10
whfast_hj,491.25042033110833,226.80000000000982,8.638287822003423e-12
whfast_hj,491.73777193857967,227.0250000000098,1.2939042651881332e-10
whfast_hj,492.225123546051,227.25000000000983,1.2365435640775105e-10
whfast_hj,492.71247515352235,227.47500000000986,1.4276118847467958e-10
whfast_hj,493.1998267609937,227.70000000000985,5.327235373900228e-11
whfast_hj,493.687178368465,227.92500000000987,3.3205014501197624e-11
whfast_hj,494.17452997593637,228.15000000000987,7.963591757007213e-11
whfast_hj,494.6618815834077,228.3750000000099,2.8811415168560883e-10
whfast_hj,495.14923319087904,228.60000000000989,6.389815516291046e-11
whfast_hj,495.6365847983504,228.8250000000099,3.678935855161121e-11
whfast_hj,496.1239364058217,229.05000000000993,4.5517047164687e-11
whfast_hj,496.61128801329306,229.27500000000992,1.568649690609513e-10
whfast_hj,497.0986396207644,229.50000000000995,1.339451169163501e-10
whfast_hj,497.58599122823574,229.72500000000994,5.203685855611799e-11
whfast_hj,498.0733428357071,229.95000000000996,1.3051836932685913e-11
whfast_hj,498.5606944431784,230.17500000000996,1.2598149123114893e-10
whfast_hj,499.04804605064976,230.40000000000998,1.3496228417113167e-10
whfast_hj,499.5353976581211,230.62500000001,5.966747901764734e-11
whfast_hj,500.02274926559244,230.85000000001,5.86609991439617e-11
whfast_hj,500.5101008730638,231.07500000001002,1.0256832314643682e-11
whfast_hj,500.9974524805351,231.30000000001002,1.2332627077220276e-10
whfast_hj,501.48480408800646,231.52500000001004,4.5462931695328206e-11
whfast_hj,501.9721556954778,231.75000000001003,1.1535585944821052e-13
whfast_hj,502.45950730294913,231.97500000001006,1.9213536236918124e-12
whfast_hj,502.9468589104205,232.20000000001008,1.6430610055924e-10
whfast_hj,503.4342105178918,232.42500000001007,2.465561854735723e-12
whfast_hj,503.92156212536315,232.6500000000101,6.375854064478416e-11
whfast_hj,504.4089137328345,232.8750000000101,4.9079168248059825e-11
whfast_hj,504.89626534030583,233.1000000000101,2.024325692346318e-12
whfast_hj,505.38361694777717,233.3250000000101,3.457618853170938e-10
whfast_hj,505.8709685552485,233.55000000001013,1.4853390103521362e-10
whfast_hj,506.35832016271985,233.77500000001015,1.3813694527953433e-10
whfast_hj,506.8456717701912,234.00000000001015,6.094148270067095e-11
whfast_hj,507.3330233776625,234.22500000001017,1.6874594402023788e-10
whfast_hj,507.82037498513387,234.45000000001016,8.75520437837358e-11
whfast_hj,508.3077265926052,234.6750000000102,6.903132126738606e-11
whfast_hj,508.79507820007655,234.90000000001018,3.2458933516119345e-11
whfast_hj,509.2824298075479,235.1250000000102,4.0159954980106054e-11
whfast_hj,509.7697814150192,235.35000000001023,3.826906887458615e-10
whfast_hj,510.25713302249056,235.57500000001022,8.121561428063351e-11
whfast_hj,510.7444846299619,235.80000000001024,4.690572814327972e-13
whfast_hj,511.23183623743324,236.02500000001024,7.559880177132431e-11
whfast_hj,511.7191878449046,236.25000000001026,3.738479835552771e-11
whfast_hj,512.2065394523758,236.4750000000102,1.238440150119615e-10
whfast_hj,512.6938910598466,236.70000000000996,7.016350509967628e-11
whfast_hj,513.1812426673174,236.92500000000973,1.482712968139992e-11
whfast_hj,513.6685942747882,237.1500000000095,8.49701082237332e-11
whfast_hj,514.1559458822591,237.3750000000093,2.816440450983224e-10
whfast_hj,514.6432974897299,237.60000000000906,7.408526503897588e-11
whfast_hj,515.1306490972007,237.82500000000883,4.6132504603037153e-11
whfast_hj,515.6180007046715,238.0500000000086,1.3629125152836295e-11
whfast_hj,516.1053523121424,238.2750000000084,2.020152524489809e-11
whfast_hj,516.5927039196132,238.50000000000816,1.1559505321559578e-11
whfast_hj,517.080055527084,238.72500000000792,4.4493433553053905e-11
whfast_hj,517.5674071345549,238.95000000000772,2.4825259517134013e-12
whfast_hj,518.0547587420257,239.1750000000075,1.2909134948909687e-10
whfast_hj,518.5421103494965,239.40000000000725,1.337873508144577e-10
whfast_hj,519.0294619569673,239.62500000000702,7.871391889933534e-11
whfast_hj,519.5168135644382,239.85000000000682,4.18721412880631e-11
whfast_hj,520.004165171909,240.07500000000658,2.3959412007393324e-11
whfast_hj,520.4915167793798,240.30000000000635,1.703422655458374e-10
whfast_hj,520.9788683868506,240.52500000000612,1.6653246864659046e-10
whfast_hj,521.4662199943215,240.7500000000059,1.304929231813926e-10
whfast_hj,521.9535716017923,240.97500000000568,2.6271957707390393e-11
whfast_hj,522.4409232092631,241.20000000000545,1.5885689332807027e-10
whfast_hj,522.928274816734,241.4250000000052,5.790694503330391e-12
whfast_hj,523.4156264242048,241.650000000005,8.46194603392046e-11
whfast_hj,523.9029780316756,241.87500000000477,2.7642487102216998e-11
whfast_hj,524.3903296391464,242.10000000000454,6.668247239985675e-12
whfast_hj,524.8776812466173,242.3250000000043,3.348577030617819e-10
whfast_hj,525.3650328540881,242.5500000000041,9.615131418269056e-11
whfast_hj,525.8523844615589,242.77500000000387,4.701633405557418e-11
whfast_hj,526.3397360690298,243.00000000000364,1.9548271798481665e-10
whfast_hj,526.8270876765006,243.2250000000034,1.2162494148631144e-10
whfast_hj,527.3144392839714,243.4500000000032,7.410155057207445e-11
whfast_hj,527.8017908914422,243.67500000000297,8.741158106076063e-11
whfast_hj,528.2891424989131,243.90000000000273,1.1991750512550814e-11
whfast_hj,528.7764941063839,244.12500000000253,4.683736283245968e-11
whfast_hj,529.2638457138547,244.3500000000023,3.654558447804198e-10
whfast_hj,529.7511973213255,244.57500000000206,8.467832575571715e-11
whfast_hj,530.2385489287964,244.80000000000183,2.8053866453925693e-11
whfast_hj,530.7259005362672,245.02500000000163,2.030263126288505e-12
whfast_hj,531.213252143738,245.2500000000014,3.860723118373919e-11
whfast_hj,531.7006037512089,245.47500000000116,5.390206101881369e-11
whfast_hj,532.1879553586797,245.70000000000093,7.445898409539413e-11
whfast_hj,532.6753069661505,245.92500000000072,1.017845818660681e-14
whfast_hj,533.1626585736213,246.1500000000005,8.916125802303834e-11
whfast_hj,533.6500101810922,246.37500000000026,2.730442657764583e-10
whfast_hj,534.137361788563,246.60000000000002,9.100321967287462e-11
whfast_hj,534.6247133960338,246.82499999999982,3.155712212078598e-11
whfast_hj,535.1120650035047,247.04999999999959,4.069771685429845e-11
whfast_hj,535.5994166109755,247.27499999999935,1.670963552301285e-11
whfast_hj,536.0867682184463,247.49999999999912,4.375549533452491e-11
whfast_hj,536.5741198259171,247.72499999999891,2.8922767501122358e-11
whfast_hj,537.061471433388,247.94999999999868,8.425727686873118e-12
whfast_hj,537.5488230408588,248.17499999999845,1.260503654648783e-10
whfast_hj,538.0361746483296,248.39999999999822,1.343967011778959e-10
whfast_hj,538.5235262558004,248.624999999998,9.855784097994397e-11
whfast_hj,539.0108778632713,248.84999999999778,1.956197878883963e-11
whfast_hj,539.4982294707421,249.07499999999754,1.9567407299872488e-11
whfast_hj,539.9855810782129,249.2999999999973,1.7035142615820534e-10
whfast_hj,540.4729326856838,249.5249999999971,1.0860601490176222e-10
whfast_hj,540.9602842931546,249.74999999999687,3.12303936129959e-11
whfast_hj,541.4476359006254,249.97499999999664,1.319535319311707e-10
whfast_hj,541.9349875080962,250.19999999999644,1.3108734513949046e-10
whfast_hj,542.4223391155671,250.4249999999962,1.6449066993435714e-11
whfast_hj,542.9096907230379,250.64999999999597,1.030704604169761e-10
whfast_hj,543.3970423305087,250.87499999999574,5.648874652597003e-12
whfast_hj,543.8843939379796,251.09999999999553,1.488294156045648e-11
whfast_hj,544.3717455454504,251.3249999999953,3.0960257332723353e-10
whfast_hj,544.8590971529212,251.54999999999507,8.819837587858534e-11
whfast_hj,545.346448760392,251.77499999999483,2.886950023661245e-12
whfast_hj,545.8338003678629,251.99999999999463,9.793203544243743e-12
whfast_hj,546.3211519753337,252.2249999999944,1.6512173434192675e-11
whfast_hj,546.8085035828045,252.44999999999416,3.1581041497524506e-11
whfast_hj,547.2958551902753,252.67499999999393,9.69766175006546e-11
whfast_hj,547.7832067977462,252.89999999999372,5.460912458084331e-12
whfast_hj,548.270558405217,253.1249999999935,5.2495567738394406e-11
whfast_hj,548.7579100126878,253.34999999999326,3.4513353516504063e-10
whfast_hj,549.2452616201587,253.57499999999303,9.803534679303149e-11
whfast_hj,549.7326132276295,253.79999999999282,1.893193222708867e-11
whfast_hj,550.2199648351003,254.0249999999926,4.695373653772655e-11
whfast_hj,550.7073164425711,254.24999999999235,1.3304534121265406e-10
whfast_hj,551.194668050042,254.47499999999212,8.736815297249777e-11
whfast_hj,551.6820196575128,254.69999999999192,4.176306214449663e-11
whfast_hj,552.1693712649836,254.92499999999168,4.136695048006785e-12
whfast_hj,552.6567228724545,255.14999999999145,8.855496119705613e-11
whfast_hj,553.1440744799253,255.37499999999122,2.654711536036833e-10
whfast_hj,553.6314260873961,255.599999999991,1.0904555465445386e-10
whfast_hj,554.1187776948669,255.82499999999078,9.018113953333635e-12
whfast_hj,554.6061293023378,256.0499999999906,3.838856397369692e-11
whfast_hj,555.0934809098086,256.2749999999903,1.1069073277934907e-11
whfast_hj,555.5808325172794,256.4999999999901,1.1767960145221287e-10
whfast_hj,556.0681841247502,256.7249999999899,9.788131279247417e-11
whfast_hj,556.5555357322211,256.94999999998964,6.184108876339722e-11
whfast_hj,557.0428873396919,257.17499999998944,1.0864452340190154e-10
whfast_hj,557.5302389471627,257.3999999999892,1.401638155864273e-10
whfast_hj,558.0175905546336,257.624999999989,1.1629736683047165e-10
whfast_hj,558.5049421621044,257.84999999998877,3.791136392571483e-12
whfast_hj,558.9922937695752,258.0749999999885,9.532804655636385e-12
whfast_hj,559.479645377046,258.2999999999883,1.4779528425280554e-10
whfast_hj,559.9669969845169,258.5249999999881,8.182632177182992e-11
whfast_hj,560.4543485919877,258.74999999998784,3.394617589815237e-11
whfast_hj,560.9417001994585,258.97499999998763,1.013718453866012e-10
whfast_hj,561.4290518069294,259.19999999998737,4.0881268383596925e-11
whfast_hj,561.9164034144002,259.42499999998716,4.4753662800691486e-11
whfast_hj,562.403755021871,259.64999999998696,1.15124469165435e-10
whfast_hj,562.8911066293418,259.8749999999867,1.4237118388516277e-11
whfast_hj,563.3784582368127,260.0999999999865,2.2978378279174205e-11
whfast_hj,563.8658098442835,260.3249999999863,2.7965178154926393e-10
whfast_hj,564.3531614517543,260.549999999986,9.673979870684622e-11
whfast_hj,564.8405130592251,260.7749999999858,4.358076513565483e-12
whfast_hj,565.327864666696,260.99999999998556,3.93282053052905e-11
whfast_hj,565.8152162741668,261.22499999998536,1.1157218725830922e-10
whfast_hj,566.3025678816376,261.44999999998515,8.63129861404862e-11
whfast_hj,566.7899194891085,261.6749999999849,8.493058187777522e-11
whfast_hj,567.2772710965793,261.8999999999847,1.5940992288954256e-11
whfast_hj,567.7646227040501,262.1249999999845,5.484577373368191e-11
whfast_hj,568.2519743115209,262.3499999999842,3.245391214341395e-10
whfast_hj,568.7393259189918,262.574999999984,1.1377310920019316e-10
whfast_hj,569.2266775264626,262.7999999999838,3.2338658068547603e-12
whfast_hj,569.7140291339334,263.02499999998355,5.007122863931444e-11
whfast_hj,570.2013807414043,263.24999999998334,7.357532428382689e-11
whfast_hj,570.6887323488751,263.4749999999831,9.109312938685632e-11
whfast_hj,571.1760839563459,263.6999999999829,7.251337181302423e-11
whfast_hj,571.6634355638167,263.9249999999827,1.900657425379045e-11
whfast_hj,572.1507871712876,264.1499999999824,7.812475581130058e-11
whfast_hj,572.6381387787584,264.3749999999822,2.611066307332663e-10
whfast_hj,573.1254903862292,264.599999999982,1.2555077280888568e-10
whfast_hj,573.6128419937,264.82499999998174,1.5695182523747702e-11
whfast_hj,574.1001936011709,265.04999999998154,2.648553568833936e-11
whfast_hj,574.5875452086417,265.2749999999813,1.9858171922069886e-12
whfast_hj,575.0748968161125,265.49999999998107,6.286419345212099e-11
whfast_hj,575.5622484235834,265.72499999998087,7.914497660353813e-11
whfast_hj,576.0496000310542,265.9499999999806,1.7956055584350762e-10
whfast_hj,576.536951638525,266.1749999999804,5.5068173045059277e-11
whfast_hj,577.0243032459958,266.3999999999802,1.572069652560213e-10
whfast_hj,577.5116548534667,266.62499999997993,1.2922129447194586e-10
whfast_hj,577.9990064609375,266.84999999997973,2.5897899369032592e-11
whfast_hj,578.4863580684083,267.0749999999795,1.5498398998806638e-12
whfast_hj,578.9737096758791,267.29999999997926,1.1831880862633177e-10
whfast_hj,579.46106128335,267.52499999997906,8.359974846987638e-11
whfast_hj,579.9484128908208,267.7499999999788,1.2802973630023376e-11
whfast_hj,580.4357644982916,267.9749999999786,1.3533617286851969e-11
whfast_hj,580.9231161057625,268.1999999999784,4.9361111539828834e-11
whfast_hj,581.4104677132333,268.4249999999781,1.1844943217305988e-10
whfast_hj,581.8978193207041,268.6499999999779,1.1316579452839228e-10
whfast_hj,582.385170928175,268.8749999999777,2.9029980594021285e-11
whfast_hj,582.8725225356458,269.09999999997746,2.8617922678433485e-11
whfast_hj,583.3598741431166,269.32499999997725,2.488487135391357e-10
whfast_hj,583.8472257505874,269.549999999977,1.0954786156596289e-10
whfast_hj,584.3345773580583,269.7749999999768,1.620681968859447e-11
whfast_hj,584.8219289655291,269.9999999999766,5.4892425000370527e-11
whfast_hj,585.3092805729999,270.2249999999763,9.870390185492178e-11
whfast_hj,585.7966321804707,270.4499999999761,8.470343261924411e-11
whfast_hj,586.2839837879416,270.6749999999759,1.6073312245380145e-11
whfast_hj,586.7713353954124,270.89999999997565,9.403029313757148e-12
whfast_hj,587.2586870028832,271.12499999997544,4.9935515863493014e-11
whfast_hj,587.746038610354,271.3499999999752,3.059820957502575e-10
whfast_hj,588.2333902178249,271.574999999975,1.2834255424850215e-10
whfast_hj,588.7207418252957,271.7999999999748,2.902387351910932e-11
whfast_hj,589.2080934327665,272.0249999999745,3.686094704085701e-11
whfast_hj,589.6954450402374,272.2499999999743,6.243262682500885e-11
whfast_hj,590.1827966477082,272.4749999999741,2.943474394790868e-11
whfast_hj,590.670148255179,272.69999999997384,5.781601747350356e-11
whfast_hj,591.1574998626498,272.92499999997364,1.0988137571254405e-10
whfast_hj,591.6448514701207,273.14999999997343,4.526529996553826e-11
whfast_hj,592.1322030775915,273.37499999997317,2.645052179217743e-10
whfast_hj,592.6195546850623,273.59999999997297,1.3785194845030935e-10
whfast_hj,593.1069062925332,273.8249999999727,3.951684606368228e-11
whfast_hj,593.594257900004,274.0499999999725,1.236818382448549e-11
whfast_hj,594.0816095074748,274.2749999999723,1.788965810878013e-11
whfast_hj,594.5689611149456,274.49999999997203,5.37529466063799e-11
whfast_hj,595.0563127224165,274.7249999999718,3.4289189939041025e-11
whfast_hj,595.5436643298873,274.9499999999716,3.266606514021679e-12
whfast_hj,596.0310159373581,275.17499999997136,7.289201045756601e-11
whfast_hj,596.085166115966,275.19999999997134,2.9322441625916456e-11
