id,family,tree,masses,a_inner,e_inner,a_outer,e_outer,mutual_inc_deg,phases_deg,dt_divisor,reference_period,dt,duration,n_steps,hierarchy_margin,whfast_failure,whfast_max_error,whfast_rms_error,whfast_hj_failure,whfast_hj_max_error,whfast_hj_rms_error,improvement,runtime_seconds
candidate_0169,stable_2plus2,"[[1,2],[3,4]]","[1.3, 0.3, 0.7, 0.7]","[1.0, 0.55]","[0.5, 0.4]",80.0,0.5,145.0,"[73.0, 211.0, 179.0]",40,2.1660071443169624,0.05415017860792406,596.0752959477661,11008,26.666666666666668,,0.005561741905641871,0.0025469774244413746,,8.460042662239565e-10,1.6840528658014816e-10,6574129.856893123,0.07005633300000014
candidate_0423,stable_2plus2,"[[1,2],[3,4]]","[1.0, 1.0, 1.0, 1.0]","[1.0, 0.55]","[0.5, 0.4]",80.0,0.5,35.0,"[73.0, 211.0, 179.0]",20,1.8122115948372268,0.09061057974186135,533.145952579004,5884,26.666666666666668,,0.0183884817934622,0.008484097089835175,,7.252884115687942e-09,1.8268265214492126e-09,2535333.737607641,0.03978129200000069
candidate_0210,stable_2plus2,"[[1,2],[3,4]]","[1.3, 0.3, 0.7, 0.7]","[1.0, 0.8]","[0.5, 0.4]",80.0,0.5,145.0,"[73.0, 211.0, 179.0]",40,3.7997133175159234,0.09499283293789809,596.0752959477661,6275,26.666666666666668,,0.004856921687687135,0.00217882755594667,,2.3877045353824126e-09,4.046806991069052e-10,2034138.4856100944,0.04112266699999978
candidate_0155,stable_2plus2,"[[1,2],[3,4]]","[1.0, 0.2, 0.8, 0.15]","[1.0, 0.55]","[0.5, 0.4]",80.0,0.5,35.0,"[73.0, 211.0, 179.0]",20,2.62943294445679,0.1314716472228395,688.2884651454572,5236,26.666666666666668,,0.014637065519746468,0.006741721876343654,,8.173703576103307e-09,2.0849373630509687e-09,1790750.7145890985,0.03412983299999972
candidate_0375,stable_2plus2,"[[1,2],[3,4]]","[1.3, 0.3, 0.7, 0.7]","[1.0, 0.55]","[0.1, 0.2]",80.0,0.5,35.0,"[73.0, 211.0, 179.0]",40,2.1660071443169624,0.05415017860792406,596.0752959477661,11008,36.36363636363636,,0.0017388114823755916,0.0009100449823275641,,1.5131033267692902e-09,5.452017722286973e-10,1149169.030041209,0.07002954100000025
candidate_0192,stable_2plus2,"[[1,2],[3,4]]","[1.3, 0.3, 0.7, 0.7]","[1.0, 1.0]","[0.5, 0.4]",12.0,0.0,0.0,"[73.0, 211.0, 179.0]",10,4.967294132898051,0.4967294132898051,637.2312954732635,1283,8.0,,255.72109432032389,97.32861366965344,,0.00023172477529960513,8.876286102175754e-05,1103555.2585591811,0.008824833000000254
candidate_0030,stable_2plus2,"[[1,2],[3,4]]","[1.3, 0.3, 0.7, 0.7]","[1.0, 0.55]","[0.5, 0.4]",80.0,0.5,145.0,"[0.0, 137.0, 61.0]",20,2.1660071443169624,0.10830035721584812,596.0752959477661,5504,26.666666666666668,,0.018775103700843645,0.008550343381888922,,1.844807039870558e-08,6.676234562080668e-09,1017727.2362404368,0.03570520900000007
candidate_0330,stable_2plus2,"[[1,2],[3,4]]","[1.0, 0.7, 0.9, 0.6]","[1.0, 0.55]","[0.1, 0.2]",80.0,0.5,35.0,"[73.0, 211.0, 179.0]",40,2.092561704215668,0.0523140426053917,578.2779778856343,11054,36.36363636363636,,0.0014637608372797522,0.0007658838945393473,,1.5013549510511608e-09,5.092471394163567e-10,974959.8762470611,0.07096737499999861
candidate_0395,stable_2plus2,"[[1,2],[3,4]]","[1.0, 1.0, 1.0, 1.0]","[1.0, 0.55]","[0.1, 0.2]",80.0,0.5,0.0,"[73.0, 211.0, 179.0]",20,1.8122115948372268,0.09061057974186135,533.145952579004,5884,36.36363636363636,,0.005833320200743008,0.0030725966834367377,,6.353298981180857e-09,1.949788298691427e-09,918156.0978039785,0.03812124999999966
candidate_0256,stable_2plus2,"[[1,2],[3,4]]","[1.0, 1.0, 1.0, 1.0]","[1.0, 0.8]","[0.1, 0.2]",80.0,0.5,145.0,"[73.0, 211.0, 179.0]",20,3.179068245054753,0.15895341225273765,533.145952579004,3355,36.36363636363636,,0.00500176260879348,0.0026342922239798246,,5.9488733697350126e-09,1.6930860390232667e-09,840791.5747946538,0.022564333000000047
candidate_0048,stable_2plus2,"[[1,2],[3,4]]","[1.3, 0.3, 0.7, 0.7]","[1.0, 0.55]","[0.0, 0.0]",80.0,0.5,145.0,"[73.0, 211.0, 179.0]",10,2.1660071443169624,0.21660071443169623,596.0752959477661,2752,40.0,,0.004237330759148166,0.0026583133614060247,,6.2847313954126715e-09,2.5688936065523525e-09,674226.2306136207,0.018092333000000016
candidate_0324,stable_2plus2,"[[1,2],[3,4]]","[1.0, 0.2, 0.8, 0.15]","[1.0, 0.8]","[0.1, 0.2]",80.0,0.5,145.0,"[73.0, 211.0, 179.0]",40,4.612677018532275,0.11531692546330688,688.2884651454572,5969,36.36363636363636,,0.0010525037217009533,0.0005505690453444539,,1.6457199157521565e-09,4.763110211116061e-10,639540.0041202754,0.03867037500000059
candidate_0070,stable_2plus2,"[[1,2],[3,4]]","[1.0, 0.7, 0.9, 0.6]","[1.0, 0.55]","[0.5, 0.4]",80.0,0.5,35.0,"[0.0, 137.0, 61.0]",10,2.092561704215668,0.2092561704215668,578.2779778856343,2764,26.666666666666668,,1.3459205408042496,0.23165777262675777,,2.3523975474326566e-06,1.8049001567953883e-06,572148.420352313,0.019033292000000035
candidate_0441,stable_2plus2,"[[1,2],[3,4]]","[1.0, 1.0, 1.0, 1.0]","[1.0, 0.55]","[0.1, 0.2]",80.0,0.5,145.0,"[0.0, 137.0, 61.0]",40,1.8122115948372268,0.04530528987093067,533.145952579004,11768,36.36363636363636,,0.0015190413719177631,0.0007813575453510175,,2.776124197557404e-09,8.836235773548472e-10,547180.6244311059,0.07519487499999933
candidate_0252,stable_2plus2,"[[1,2],[3,4]]","[1.0, 1.0, 1.0, 1.0]","[1.0, 0.8]","[0.1, 0.2]",80.0,0.5,80.0,"[73.0, 211.0, 179.0]",40,3.179068245054753,0.07947670612636883,533.145952579004,6709,36.36363636363636,,0.0013888732910857958,0.0007278472729548509,,2.6132205720019082e-09,9.846394050482176e-10,531479.5490155745,0.04570795900000135
candidate_0145,stable_2plus2,"[[1,2],[3,4]]","[1.3, 0.3, 0.7, 0.7]","[1.0, 1.0]","[0.5, 0.4]",80.0,0.5,80.0,"[73.0, 211.0, 179.0]",40,4.967294132898051,0.12418235332245127,637.2312954732635,5132,26.666666666666668,,0.003880856848767728,0.001776848339547039,,7.731051332832694e-09,2.32448993988974e-09,501983.0656519213,0.03411820800000065
candidate_0490,stable_2plus2,"[[1,2],[3,4]]","[1.3, 0.3, 0.7, 0.7]","[1.0, 0.8]","[0.1, 0.2]",80.0,0.5,80.0,"[73.0, 211.0, 179.0]",40,3.7997133175159234,0.09499283293789809,596.0752959477661,6275,36.36363636363636,,0.001518873115445317,0.0007955806219713194,,3.056070519043538e-09,1.1102557574849265e-09,497001.9853863452,0.04067616600000079
candidate_0458,stable_2plus2,"[[1,2],[3,4]]","[1.3, 0.3, 0.7, 0.7]","[1.0, 0.8]","[0.1, 0.2]",80.0,0.5,80.0,"[73.0, 211.0, 179.0]",20,3.7997133175159234,0.18998566587579618,596.0752959477661,3138,36.36363636363636,,0.00547122211587598,0.0028810570322279415,,1.236603568235381e-08,4.516796955625368e-09,442439.4572695072,0.021396375000000134
candidate_0035,stable_2plus2,"[[1,2],[3,4]]","[1.0, 1.0, 1.0, 1.0]","[1.0, 1.0]","[0.1, 0.2]",80.0,0.5,145.0,"[73.0, 211.0, 179.0]",20,4.442882938158366,0.2221441469079183,533.145952579004,2400,33.333333333333336,,0.0044908965342575335,0.0023694302741395523,,1.1085137242229766e-08,4.333752143988812e-09,405127.73420152924,0.01590070900000007
candidate_0543,stable_2plus2,"[[1,2],[3,4]]","[1.0, 1.0, 1.0, 1.0]","[1.0, 0.55]","[0.5, 0.4]",40.0,0.35,80.0,"[0.0, 137.0, 61.0]",10,1.8122115948372268,0.1812211594837227,533.145952579004,2942,17.333333333333332,,1.3350144547379206,0.7040370988137542,,3.927406439333727e-06,2.6670955176157383e-06,339922.66279534897,0.019607041999996966
candidate_0250,stable_2plus2,"[[1,2],[3,4]]","[1.0, 1.0, 1.0, 1.0]","[1.0, 0.8]","[0.1, 0.2]",80.0,0.5,35.0,"[73.0, 211.0, 179.0]",20,3.179068245054753,0.15895341225273765,533.145952579004,3355,36.36363636363636,,0.005003844186288447,0.0026346571369820037,,1.6162302445855296e-08,5.7422788765609885e-09,309599.71223479026,0.02214308399999876
candidate_0438,stable_2plus2,"[[1,2],[3,4]]","[1.0, 0.7, 0.9, 0.6]","[1.0, 1.0]","[0.1, 0.2]",80.0,0.5,145.0,"[73.0, 211.0, 179.0]",20,4.818983149046953,0.24094915745234763,615.6239184776948,2555,33.333333333333336,,0.0035043321425559694,0.001847195187302789,,1.1322448449293267e-08,3.1848377577143857e-09,309503.03357527807,0.016975332999999537
candidate_0110,stable_2plus2,"[[1,2],[3,4]]","[1.3, 0.3, 0.7, 0.7]","[1.0, 1.0]","[0.5, 0.4]",80.0,0.5,80.0,"[73.0, 211.0, 179.0]",20,4.967294132898051,0.24836470664490254,637.2312954732635,2566,26.666666666666668,,0.014000855796814676,0.006465074728511652,,4.772429349864346e-08,1.7846764563921256e-08,293369.5770103468,0.017246042000000017
candidate_0052,stable_2plus2,"[[1,2],[3,4]]","[1.0, 0.7, 0.9, 0.6]","[1.0, 0.8]","[0.35, 0.1]",80.0,0.5,145.0,"[73.0, 211.0, 179.0]",20,3.6708718141091055,0.18354359070545528,578.2779778856343,3151,29.629629629629626,,0.0018852783989424633,0.0010552743317799752,,6.7682148684766105e-09,1.7367955187566817e-09,278548.839772104,0.021278083000000114
candidate_0625,stable_2plus2,"[[1,2],[3,4]]","[1.0, 0.7, 0.9, 0.6]","[1.0, 0.8]","[0.1, 0.2]",80.0,0.5,80.0,"[73.0, 211.0, 179.0]",10,3.6708718141091055,0.36708718141091057,578.2779778856343,1576,36.36363636363636,,0.012447322538486686,0.006656455442282728,,4.5488764879241536e-08,1.5821673810833587e-08,273635.09586445004,0.010581625000000372
candidate_0207,stable_2plus2,"[[1,2],[3,4]]","[1.0, 0.2, 0.8, 0.15]","[1.0, 0.55]","[0.35, 0.1]",80.0,0.5,35.0,"[73.0, 211.0, 179.0]",20,2.62943294445679,0.1314716472228395,688.2884651454572,5236,29.629629629629626,,0.0019823992336669588,0.0011083309155895545,,7.383626591339923e-09,2.3937352916675212e-09,268485.84623605787,0.033525625000000225
candidate_0474,stable_2plus2,"[[1,2],[3,4]]","[1.0, 0.2, 0.8, 0.15]","[1.0, 0.8]","[0.1, 0.2]",80.0,0.5,80.0,"[73.0, 211.0, 179.0]",10,4.612677018532275,0.4612677018532275,688.2884651454572,1493,36.36363636363636,,0.010687729671583112,0.005709366865312001,,4.177202934118582e-08,1.6120306035281506e-08,255858.52160276467,0.010619832999999801
candidate_0313,stable_2plus2,"[[1,2],[3,4]]","[1.0, 0.2, 0.8, 0.15]","[1.0, 1.0]","[0.5, 0.4]",80.0,0.5,145.0,"[73.0, 211.0, 179.0]",20,5.735737209545476,0.2867868604772738,773.5694528766917,2698,26.666666666666668,,0.00853244689346055,0.003936602335226908,,3.6529663810871475e-08,1.9146126698741478e-08,233575.83955977266,0.017827833000000126
candidate_0522,stable_2plus2,"[[1,2],[3,4]]","[1.3, 0.3, 0.7, 0.7]","[1.0, 0.55]","[0.0, 0.0]",80.0,0.5,145.0,"[73.0, 211.0, 179.0]",20,2.1660071443169624,0.10830035721584812,596.0752959477661,5504,40.0,,0.00036452172544646465,0.00022427749381232544,,1.672332639314418e-09,6.2132773564471e-10,217972.0211619516,0.0339822079999994
candidate_0436,stable_2plus2,"[[1,2],[3,4]]","[1.3, 0.3, 0.7, 0.7]","[1.0, 0.8]","[0.0, 0.0]",80.0,0.5,145.0,"[73.0, 211.0, 179.0]",10,3.7997133175159234,0.37997133175159237,596.0752959477661,1569,40.0,,0.003699828152521353,0.002317476224172467,,2.0148709212316538e-08,7.328847370945336e-09,183626.0632646242,0.010607332999999386
candidate_0135,stable_2plus2,"[[1,2],[3,4]]","[1.0, 0.2, 0.8, 0.15]","[1.0, 1.0]","[0.5, 0.4]",80.0,0.5,35.0,"[73.0, 211.0, 179.0]",40,5.735737209545476,0.1433934302386369,773.5694528766917,5395,26.666666666666668,,0.0023459098915551363,0.0010730388309179082,,1.3211969639674975e-08,3.3223018848279907e-09,177559.43705096553,0.035132500000000455
candidate_0246,stable_2plus2,"[[1,2],[3,4]]","[1.0, 1.0, 1.0, 1.0]","[1.0, 1.35]","[0.5, 0.4]",80.0,0.5,145.0,"[73.0, 211.0, 179.0]",40,4.442882938158366,0.11107207345395916,836.2704851517306,7530,21.164021164021165,,0.0014110325451425678,0.000644225690127624,,8.048512604628339e-09,9.47197743758031e-10,175315.9390383692,0.04872304199999977
candidate_0519,stable_2plus2,"[[1,2],[3,4]]","[1.0, 0.7, 0.9, 0.6]","[1.0, 1.0]","[0.5, 0.4]",80.0,0.5,0.0,"[73.0, 211.0, 179.0]",20,4.818983149046953,0.24094915745234763,615.6239184776948,2555,26.666666666666668,,0.011100145465082967,0.005122728821889543,,6.361951458383654e-08,2.395432152061468e-08,174477.05374198378,0.016742833000000346
candidate_0244,stable_2plus2,"[[1,2],[3,4]]","[1.0, 1.0, 1.0, 1.0]","[1.0, 0.8]","[0.0, 0.0]",80.0,0.5,145.0,"[73.0, 211.0, 179.0]",10,3.179068245054753,0.3179068245054753,533.145952579004,1678,40.0,,0.003383014782584225,0.002120369170363528,,1.9521595547301813e-08,6.603294821948104e-09,173296.01847282457,0.011350165999999717
candidate_0574,stable_2plus2,"[[1,2],[3,4]]","[1.0, 1.0, 1.0, 1.0]","[1.0, 1.0]","[0.1, 0.2]",80.0,0.5,35.0,"[73.0, 211.0, 179.0]",40,4.442882938158366,0.11107207345395916,533.145952579004,4800,33.333333333333336,,0.0012471899635717774,0.0006528393465149722,,7.61328783317358e-09,3.240427586257258e-09,163817.52416313012,0.03079695799999982
candidate_0503,stable_2plus2,"[[1,2],[3,4]]","[1.0, 0.2, 0.8, 0.15]","[1.0, 1.0]","[0.1, 0.2]",80.0,0.5,80.0,"[73.0, 211.0, 179.0]",40,5.735737209545476,0.1433934302386369,773.5694528766917,5395,33.333333333333336,,0.0007324898752252304,0.0003830196316360933,,4.484975591408064e-09,1.6068977089227172e-09,163320.81642283013,0.034816457999999884
candidate_0601,stable_2plus2,"[[1,2],[3,4]]","[1.0, 1.0, 1.0, 1.0]","[1.0, 1.0]","[0.35, 0.1]",80.0,0.5,145.0,"[73.0, 211.0, 179.0]",20,4.442882938158366,0.2221441469079183,533.145952579004,2400,29.629629629629626,,0.001918028302289573,0.0010718925365722858,,1.1795375921590226e-08,3.878155865730112e-09,162608.49294161273,0.01536654099999879
candidate_0355,stable_2plus2,"[[1,2],[3,4]]","[1.3, 0.3, 0.7, 0.7]","[1.0, 1.0]","[0.5, 0.4]",80.0,0.5,145.0,"[0.0, 137.0, 61.0]",40,4.967294132898051,0.12418235332245127,637.2312954732635,5132,26.666666666666668,,0.00369272582640072,0.0016694437883950015,,2.2852839328804374e-08,6.424351140664983e-09,161587.1784363487,0.03355254199999891
candidate_0077,stable_2plus2,"[[1,2],[3,4]]","[1.0, 0.2, 0.8, 0.15]","[1.0, 0.55]","[0.5, 0.4]",40.0,0.35,145.0,"[0.0, 137.0, 61.0]",40,2.62943294445679,0.06573582361141975,688.2884651454572,10471,17.333333333333332,,0.0037983093992865207,0.00172166186468355,,2.394440827922454e-08,5.842662925866752e-09,158630.33051362305,0.06761125000000012
candidate_0046,stable_2plus2,"[[1,2],[3,4]]","[1.0, 0.2, 0.8, 0.15]","[1.0, 0.55]","[0.5, 0.4]",40.0,0.35,145.0,"[0.0, 137.0, 61.0]",20,2.62943294445679,0.1314716472228395,688.2884651454572,5236,17.333333333333332,,0.013497529360731215,0.006129342931787206,,9.768223636816775e-08,2.6382757886937216e-08,138177.93144967072,0.034142792000000144
candidate_0095,stable_2plus2,"[[1,2],[3,4]]","[1.0, 1.0, 1.0, 1.0]","[1.0, 0.55]","[0.1, 0.2]",80.0,0.5,80.0,"[0.0, 137.0, 61.0]",10,1.8122115948372268,0.1812211594837227,533.145952579004,2942,36.36363636363636,,0.01534408508001539,0.008056629640294955,,1.217442218249252e-07,3.4669765766912154e-08,126035.4278010912,0.019583334000000008
candidate_0239,stable_2plus2,"[[1,2],[3,4]]","[1.3, 0.3, 0.7, 0.7]","[1.0, 0.55]","[0.1, 0.2]",80.0,0.5,0.0,"[0.0, 137.0, 61.0]",40,2.1660071443169624,0.05415017860792406,596.0752959477661,11008,36.36363636363636,,0.0016328919305596571,0.000839164741038133,,1.4115154391997467e-08,4.748957969058949e-09,115683.6039629449,0.07142645900000044
candidate_0045,stable_2plus2,"[[1,2],[3,4]]","[1.0, 0.2, 0.8, 0.15]","[1.0, 0.8]","[0.0, 0.0]",80.0,0.5,145.0,"[73.0, 211.0, 179.0]",10,4.612677018532275,0.4612677018532275,688.2884651454572,1493,40.0,,0.0025631523787348677,0.0016043242581010207,,2.2753343276847113e-08,7.550782665486757e-09,112649.48397025366,0.010069415999999887
candidate_0538,stable_2plus2,"[[1,2],[3,4]]","[1.0, 0.7, 0.9, 0.6]","[1.0, 1.35]","[0.5, 0.4]",80.0,0.5,145.0,"[73.0, 211.0, 179.0]",40,4.818983149046953,0.12047457872617381,965.6419794353811,8016,21.164021164021165,,0.001066102176065283,0.0004865666022078259,,9.647396078049114e-09,9.952358291673335e-10,110506.72818243709,0.0525188330000006
candidate_0429,stable_2plus2,"[[1,2],[3,4]]","[1.0, 1.0, 1.0, 1.0]","[1.0, 1.35]","[0.1, 0.2]",80.0,0.5,145.0,"[73.0, 211.0, 179.0]",20,4.442882938158366,0.2221441469079183,836.2704851517306,3765,24.691358024691358,,0.0016818265954559118,0.0008814232962229346,,1.713322581856999e-08,3.5118760685570448e-09,98161.7013203112,0.02540062499999962
candidate_0600,stable_2plus2,"[[1,2],[3,4]]","[1.3, 0.3, 0.7, 0.7]","[1.0, 0.8]","[0.35, 0.1]",80.0,0.5,80.0,"[73.0, 211.0, 179.0]",10,3.7997133175159234,0.37997133175159237,596.0752959477661,1569,29.629629629629626,,0.005528125312514785,0.003077127063764299,,5.650349239199282e-08,2.2071674901665533e-08,97836.87836786143,0.010518208000000584
candidate_0510,stable_2plus2,"[[1,2],[3,4]]","[1.0, 0.7, 0.9, 0.6]","[1.0, 0.8]","[0.35, 0.1]",80.0,0.5,0.0,"[73.0, 211.0, 179.0]",40,3.6708718141091055,0.09177179535272764,578.2779778856343,6302,29.629629629629626,,0.000543963161995452,0.00030380721009307663,,5.762333776809701e-09,1.9365674185895083e-09,94399.80102933495,0.0416650409999999
candidate_0401,stable_2plus2,"[[1,2],[3,4]]","[1.3, 0.3, 0.7, 0.7]","[1.0, 1.35]","[0.1, 0.2]",80.0,0.5,145.0,"[73.0, 211.0, 179.0]",40,4.967294132898051,0.12418235332245127,999.5344089953015,8049,24.691358024691358,,0.0004329398244678235,0.00022606498727149865,,5.387549033325869e-09,8.592432867044379e-10,80359.32885061075,0.05178612499999957
candidate_0595,stable_2plus2,"[[1,2],[3,4]]","[1.0, 1.0, 1.0, 1.0]","[1.0, 0.8]","[0.5, 0.4]",80.0,0.5,35.0,"[73.0, 211.0, 179.0]",10,3.179068245054753,0.3179068245054753,533.145952579004,1678,26.666666666666668,,0.04844941413007827,0.023568113113332713,,6.175093648516804e-07,3.946104065998794e-07,78459.39978856084,0.01155279099999973
candidate_0604,stable_2plus2,"[[1,2],[3,4]]","[1.0, 0.2, 0.8, 0.15]","[1.0, 0.8]","[0.35, 0.1]",80.0,0.5,0.0,"[73.0, 211.0, 179.0]",40,4.612677018532275,0.11531692546330688,688.2884651454572,5969,29.629629629629626,,0.0004672226111415542,0.00026055743751260966,,6.095680148536579e-09,1.976846678235514e-09,76648.15078161913,0.03749050000000054
candidate_0579,stable_2plus2,"[[1,2],[3,4]]","[1.0, 1.0, 1.0, 1.0]","[1.0, 0.55]","[0.5, 0.4]",40.0,0.35,35.0,"[0.0, 137.0, 61.0]",40,1.8122115948372268,0.04530528987093067,533.145952579004,11768,17.333333333333332,,0.004851285800958408,0.0021939931890030914,,6.36504463610111e-08,2.981576798215528e-08,76217.6242008265,0.07463124999999948
candidate_0157,stable_2plus2,"[[1,2],[3,4]]","[1.3, 0.3, 0.7, 0.7]","[1.0, 0.55]","[0.1, 0.2]",80.0,0.5,0.0,"[0.0, 137.0, 61.0]",10,2.1660071443169624,0.21660071443169623,596.0752959477661,2752,36.36363636363636,,0.016476210077398072,0.008645056681529425,,2.166026786365075e-07,5.985896785299654e-08,76066.51118589201,0.01846095800000036
candidate_0243,stable_2plus2,"[[1,2],[3,4]]","[1.3, 0.3, 0.7, 0.7]","[1.0, 0.8]","[0.5, 0.4]",80.0,0.5,35.0,"[0.0, 137.0, 61.0]",20,3.7997133175159234,0.18998566587579618,596.0752959477661,3138,26.666666666666668,,0.016422234131628917,0.007464515015221507,,2.1789143957016456e-07,9.905555307108452e-08,75368.88169643164,0.020920499999999898
candidate_0453,stable_2plus2,"[[1,2],[3,4]]","[1.3, 0.3, 0.7, 0.7]","[1.0, 0.8]","[0.5, 0.4]",80.0,0.5,0.0,"[0.0, 137.0, 61.0]",20,3.7997133175159234,0.18998566587579618,596.0752959477661,3138,26.666666666666668,,0.016423700764866312,0.007464782750513711,,2.3913997018135304e-07,1.1143189150450725e-07,68678.19190748963,0.020691915999998756
candidate_0487,stable_2plus2,"[[1,2],[3,4]]","[1.0, 0.2, 0.8, 0.15]","[1.0, 0.8]","[0.5, 0.4]",80.0,0.5,80.0,"[0.0, 137.0, 61.0]",20,4.612677018532275,0.23063385092661376,688.2884651454572,2985,26.666666666666668,,0.011383207810579403,0.005172547559671557,,1.695695343605421e-07,8.167320757218054e-08,67130.0293033547,0.02023445900000098
candidate_0134,stable_2plus2,"[[1,2],[3,4]]","[1.3, 0.3, 0.7, 0.7]","[1.0, 0.55]","[0.0, 0.0]",80.0,0.5,35.0,"[73.0, 211.0, 179.0]",20,2.1660071443169624,0.10830035721584812,596.0752959477661,5504,40.0,,0.0003646990072246583,0.0002239566533522212,,5.571463854692816e-09,2.412267656193455e-09,65458.38162756349,0.03512133400000028
candidate_0206,stable_2plus2,"[[1,2],[3,4]]","[1.3, 0.3, 0.7, 0.7]","[1.0, 0.8]","[0.35, 0.1]",80.0,0.5,145.0,"[0.0, 137.0, 61.0]",40,3.7997133175159234,0.09499283293789809,596.0752959477661,6275,29.629629629629626,,0.0006305598617373782,0.0003447034604489774,,9.787307905952344e-09,3.2456106857596657e-09,64426.2822623462,0.041074708000000015
candidate_0500,stable_2plus2,"[[1,2],[3,4]]","[1.0, 0.7, 0.9, 0.6]","[1.0, 1.0]","[0.35, 0.1]",80.0,0.5,80.0,"[73.0, 211.0, 179.0]",20,4.818983149046953,0.24094915745234763,615.6239184776948,2555,29.629629629629626,,0.0015070658505355907,0.0008427612755835695,,2.438682946500108e-08,8.711702937388172e-09,61798.35114271276,0.017172707999998593
candidate_0266,stable_2plus2,"[[1,2],[3,4]]","[1.0, 1.0, 1.0, 1.0]","[1.0, 0.8]","[0.5, 0.4]",40.0,0.35,145.0,"[0.0, 137.0, 61.0]",20,3.179068245054753,0.15895341225273765,533.145952579004,3355,17.333333333333332,,0.014713861632022054,0.006692588054216565,,2.391177096045274e-07,6.504921711052367e-08,61533.96858959988,0.022315708999999018
candidate_0089,stable_2plus2,"[[1,2],[3,4]]","[1.0, 0.7, 0.9, 0.6]","[1.0, 1.0]","[0.1, 0.2]",80.0,0.5,145.0,"[0.0, 137.0, 61.0]",40,4.818983149046953,0.12047457872617381,615.6239184776948,5110,33.333333333333336,,0.0009047920770337863,0.0004641489732220688,,1.5161119972170383e-08,4.629216638334168e-09,59678.44583346182,0.03367670799999978
candidate_0567,stable_2plus2,"[[1,2],[3,4]]","[1.3, 0.3, 0.7, 0.7]","[1.0, 1.0]","[0.35, 0.1]",80.0,0.5,35.0,"[73.0, 211.0, 179.0]",40,4.967294132898051,0.12418235332245127,637.2312954732635,5132,29.629629629629626,,0.0005386279647268082,0.000300667865212399,,9.110231954065363e-09,3.1097144236236486e-09,59123.40843159872,0.03316491700000057
candidate_0394,stable_2plus2,"[[1,2],[3,4]]","[1.0, 0.7, 0.9, 0.6]","[1.0, 0.55]","[0.5, 0.4]",40.0,0.35,35.0,"[0.0, 137.0, 61.0]",20,2.092561704215668,0.1046280852107834,578.2779778856343,5527,17.333333333333332,,0.01555677301801915,0.007068854393317463,,2.7255862722743814e-07,1.3394802391998467e-07,57076.79546330305,0.03581587499999905
candidate_0420,stable_2plus2,"[[1,2],[3,4]]","[1.0, 1.0, 1.0, 1.0]","[1.0, 1.0]","[0.35, 0.1]",80.0,0.5,0.0,"[73.0, 211.0, 179.0]",40,4.442882938158366,0.11107207345395916,533.145952579004,4800,29.629629629629626,,0.0005531718864190227,0.0003088684094928206,,9.709783681633273e-09,3.7822679339452e-09,56970.56747673849,0.03177270900000018
candidate_0431,stable_2plus2,"[[1,2],[3,4]]","[1.3, 0.3, 0.7, 0.7]","[1.0, 0.55]","[0.5, 0.4]",40.0,0.35,80.0,"[73.0, 211.0, 179.0]",20,2.1660071443169624,0.10830035721584812,596.0752959477661,5504,17.333333333333332,,0.019380960968069703,0.008925229835141756,,3.489705686156064e-07,6.026927002689068e-08,55537.52296348513,0.03600187500000018
candidate_0590,stable_2plus2,"[[1,2],[3,4]]","[1.3, 0.3, 0.7, 0.7]","[1.0, 0.8]","[0.35, 0.1]",80.0,0.5,145.0,"[0.0, 137.0, 61.0]",20,3.7997133175159234,0.18998566587579618,596.0752959477661,3138,29.629629629629626,,0.002187136630807063,0.0011958889490759912,,3.9498091589976355e-08,1.3070432796342374e-08,55373.22292710731,0.02008299999999963
candidate_0597,stable_2plus2,"[[1,2],[3,4]]","[1.0, 0.7, 0.9, 0.6]","[1.0, 1.0]","[0.1, 0.2]",80.0,0.5,145.0,"[0.0, 137.0, 61.0]",20,4.818983149046953,0.24094915745234763,615.6239184776948,2555,33.333333333333336,,0.003289807526712914,0.0016926171631197124,,5.94149132088344e-08,1.8692064615213655e-08,55370.063659770734,0.016538582999999107
candidate_0040,stable_2plus2,"[[1,2],[3,4]]","[1.0, 0.2, 0.8, 0.15]","[1.0, 0.55]","[0.5, 0.4]",40.0,0.35,35.0,"[0.0, 137.0, 61.0]",40,2.62943294445679,0.06573582361141975,688.2884651454572,10471,17.333333333333332,,0.003807252414714091,0.0017245053186703298,,7.733350340743567e-08,3.7639459670198356e-08,49231.60398741254,0.06747737499999995
candidate_0296,stable_2plus2,"[[1,2],[3,4]]","[1.3, 0.3, 0.7, 0.7]","[1.0, 1.0]","[0.1, 0.2]",80.0,0.5,145.0,"[0.0, 137.0, 61.0]",10,4.967294132898051,0.4967294132898051,637.2312954732635,1283,33.333333333333336,,0.012082291873142262,0.006305390996474565,,2.5252120215147803e-07,7.95166948449468e-08,47846.64325292791,0.008953832999999634
candidate_0308,stable_2plus2,"[[1,2],[3,4]]","[1.0, 1.0, 1.0, 1.0]","[1.0, 0.55]","[0.5, 0.4]",40.0,0.35,145.0,"[73.0, 211.0, 179.0]",20,1.8122115948372268,0.09061057974186135,533.145952579004,5884,17.333333333333332,,0.01811014889281336,0.008339670735012298,,3.925924408477467e-07,4.0373192171007934e-08,46129.6423683225,0.0384478330000011
candidate_0339,stable_2plus2,"[[1,2],[3,4]]","[1.0, 0.2, 0.8, 0.15]","[1.0, 0.55]","[0.1, 0.2]",40.0,0.35,145.0,"[0.0, 137.0, 61.0]",10,2.62943294445679,0.262943294445679,688.2884651454572,2618,23.636363636363633,,0.011868640995137833,0.006210551899153157,,2.689908118601499e-07,7.849980270561135e-08,44122.849078236984,0.017744874999999993
candidate_0188,stable_2plus2,"[[1,2],[3,4]]","[1.3, 0.3, 0.7, 0.7]","[1.0, 0.55]","[0.35, 0.1]",40.0,0.35,145.0,"[0.0, 137.0, 61.0]",40,2.1660071443169624,0.05415017860792406,596.0752959477661,11008,19.25925925925926,,0.0007080298048515645,0.00038687628903620564,,1.620780545507207e-08,4.635954102930645e-09,43684.49552372889,0.07045833299999948
candidate_0116,stable_2plus2,"[[1,2],[3,4]]","[1.0, 0.2, 0.8, 0.15]","[1.0, 0.55]","[0.5, 0.4]",40.0,0.35,35.0,"[0.0, 137.0, 61.0]",20,2.62943294445679,0.1314716472228395,688.2884651454572,5236,17.333333333333332,,0.013520686996963837,0.006133769283330103,,3.1349305584492415e-07,1.4788241553473026e-07,43129.14351650623,0.03451941599999975
candidate_0115,stable_2plus2,"[[1,2],[3,4]]","[1.0, 1.0, 1.0, 1.0]","[1.0, 1.0]","[0.0, 0.0]",80.0,0.5,80.0,"[73.0, 211.0, 179.0]",10,4.442882938158366,0.4442882938158366,533.145952579004,1200,40.0,,0.003035529986294913,0.001899443353361831,,7.583039712606462e-08,3.938429377508604e-08,40030.51680249651,0.008130582999999802
candidate_0288,stable_2plus2,"[[1,2],[3,4]]","[1.0, 0.2, 0.8, 0.15]","[1.0, 0.8]","[0.5, 0.4]",80.0,0.5,0.0,"[0.0, 137.0, 61.0]",20,4.612677018532275,0.23063385092661376,688.2884651454572,2985,26.666666666666668,,0.011388772248549848,0.005173733114205035,,2.8687903394111647e-07,1.60763685450497e-07,39698.86572780169,0.020377125000001328
candidate_0033,stable_2plus2,"[[1,2],[3,4]]","[1.0, 0.7, 0.9, 0.6]","[1.0, 0.55]","[0.1, 0.2]",40.0,0.35,80.0,"[0.0, 137.0, 61.0]",40,2.092561704215668,0.0523140426053917,578.2779778856343,11054,23.636363636363633,,0.0013545173432976017,0.0006940606731665695,,3.414157102507135e-08,1.1991890650087825e-08,39673.550531782275,0.07145162499999991
candidate_0561,stable_2plus2,"[[1,2],[3,4]]","[1.3, 0.3, 0.7, 0.7]","[1.0, 0.8]","[0.1, 0.2]",80.0,0.5,35.0,"[0.0, 137.0, 61.0]",40,3.7997133175159234,0.09499283293789809,596.0752959477661,6275,36.36363636363636,,0.001429416591758729,0.0007338820107864754,,3.642866075961155e-08,1.4511613131805753e-08,39238.79061026374,0.040264083000000284
candidate_0161,stable_2plus2,"[[1,2],[3,4]]","[1.0, 0.2, 0.8, 0.15]","[1.0, 1.35]","[0.5, 0.4]",80.0,0.5,145.0,"[0.0, 137.0, 61.0]",40,5.735737209545476,0.1433934302386369,1213.3887512911153,8462,21.164021164021165,,0.0007619320160955598,0.0003420288011408703,,2.152262620823069e-08,6.1137952738262785e-09,35401.442589946644,0.05458066699999975
candidate_0426,stable_2plus2,"[[1,2],[3,4]]","[1.0, 0.2, 0.8, 0.15]","[1.0, 1.0]","[0.35, 0.1]",80.0,0.5,35.0,"[73.0, 211.0, 179.0]",40,5.735737209545476,0.1433934302386369,773.5694528766917,5395,29.629629629629626,,0.00032583627438685756,0.00018175609284993698,,9.645438059888272e-09,2.833271862128471e-09,33781.3868446149,0.03611883299999974
candidate_0565,stable_2plus2,"[[1,2],[3,4]]","[1.3, 0.3, 0.7, 0.7]","[1.0, 0.55]","[0.0, 0.0]",80.0,0.5,145.0,"[0.0, 137.0, 61.0]",20,2.1660071443169624,0.10830035721584812,596.0752959477661,5504,40.0,,0.0003651447180489421,0.00022306989705770592,,1.0837172845919567e-08,4.196480325218328e-09,33693.72466790793,0.03502587499999876
candidate_0463,stable_2plus2,"[[1,2],[3,4]]","[1.0, 0.2, 0.8, 0.15]","[1.0, 0.55]","[0.5, 0.4]",40.0,0.35,35.0,"[73.0, 211.0, 179.0]",20,2.62943294445679,0.1314716472228395,688.2884651454572,5236,17.333333333333332,,0.014231308725787374,0.006528111648591272,,4.4924044507333933e-07,6.814962581046924e-08,31678.600806888808,0.034349875000000196
candidate_0175,stable_2plus2,"[[1,2],[3,4]]","[1.0, 1.0, 1.0, 1.0]","[1.0, 1.35]","[0.5, 0.4]",80.0,0.5,145.0,"[0.0, 137.0, 61.0]",20,4.442882938158366,0.2221441469079183,836.2704851517306,3765,21.164021164021165,,0.00509922348283059,0.0023088713592923048,,1.613491835813314e-07,6.579549840235568e-08,31603.65221346299,0.024658833000000158
candidate_0460,stable_2plus2,"[[1,2],[3,4]]","[1.0, 1.0, 1.0, 1.0]","[1.0, 0.8]","[0.0, 0.0]",80.0,0.5,145.0,"[0.0, 137.0, 61.0]",10,3.179068245054753,0.3179068245054753,533.145952579004,1678,40.0,,0.003385173112245807,0.0021114691275335258,,1.1364778602912343e-07,4.283475980214194e-08,29786.529333517512,0.011592916000001452
candidate_0521,stable_2plus2,"[[1,2],[3,4]]","[1.3, 0.3, 0.7, 0.7]","[1.0, 1.35]","[0.1, 0.2]",80.0,0.5,145.0,"[0.0, 137.0, 61.0]",40,4.967294132898051,0.12418235332245127,999.5344089953015,8049,24.691358024691358,,0.0004087877031718832,0.00020920174735238829,,1.3959640087688457e-08,3.799028864334504e-09,29283.541739189164,0.05103641700000061
candidate_0496,stable_2plus2,"[[1,2],[3,4]]","[1.3, 0.3, 0.7, 0.7]","[1.0, 0.8]","[0.0, 0.0]",80.0,0.5,145.0,"[0.0, 137.0, 61.0]",10,3.7997133175159234,0.37997133175159237,596.0752959477661,1569,40.0,,0.0037019102177552076,0.002308391222272176,,1.2762285185173453e-07,4.9160973902900376e-08,29006.64077038406,0.010390624999999432
candidate_0549,stable_2plus2,"[[1,2],[3,4]]","[1.3, 0.3, 0.7, 0.7]","[1.0, 0.55]","[0.1, 0.2]",40.0,0.35,35.0,"[0.0, 137.0, 61.0]",20,2.1660071443169624,0.10830035721584812,596.0752959477661,5504,23.636363636363633,,0.005762814934785361,0.0029742488328015743,,2.0688476206463417e-07,6.73836096923977e-08,27855.1928004488,0.036942166999999415
candidate_0201,stable_2plus2,"[[1,2],[3,4]]","[1.0, 1.0, 1.0, 1.0]","[1.0, 1.0]","[0.35, 0.1]",80.0,0.5,145.0,"[73.0, 211.0, 179.0]",10,4.442882938158366,0.4442882938158366,533.145952579004,1200,29.629629629629626,,0.004540840793570701,0.002525667622361967,,1.6482911363945642e-07,8.052401278794418e-08,27548.778812845143,0.008719625000000342
candidate_0005,stable_2plus2,"[[1,2],[3,4]]","[1.0, 0.7, 0.9, 0.6]","[1.0, 1.35]","[0.5, 0.4]",80.0,0.5,145.0,"[0.0, 137.0, 61.0]",20,4.818983149046953,0.24094915745234763,965.6419794353811,4008,21.164021164021165,,0.003877338055810875,0.0017535444556583824,,1.4156912600163548e-07,6.489500810865743e-08,27388.302558045616,0.026538334000000052
candidate_0491,stable_2plus2,"[[1,2],[3,4]]","[1.3, 0.3, 0.7, 0.7]","[1.0, 1.0]","[0.1, 0.2]",80.0,0.5,80.0,"[0.0, 137.0, 61.0]",40,4.967294132898051,0.12418235332245127,637.2312954732635,5132,33.333333333333336,,0.001142634264776792,0.000585999675056487,,4.194250454889388e-08,1.597919621001358e-08,27242.871570646963,0.03350341700000037
candidate_0217,stable_2plus2,"[[1,2],[3,4]]","[1.0, 0.7, 0.9, 0.6]","[1.0, 0.8]","[0.1, 0.2]",80.0,0.5,35.0,"[0.0, 137.0, 61.0]",20,3.6708718141091055,0.18354359070545528,578.2779778856343,3151,36.36363636363636,,0.004147986555431425,0.002141310985748527,,1.5723244977089514e-07,6.82607287266498e-08,26381.23721582596,0.02104091699999966
candidate_0263,stable_2plus2,"[[1,2],[3,4]]","[1.0, 0.7, 0.9, 0.6]","[1.0, 0.55]","[0.1, 0.2]",40.0,0.35,35.0,"[0.0, 137.0, 61.0]",40,2.092561704215668,0.0523140426053917,578.2779778856343,11054,23.636363636363633,,0.0013558329575523755,0.0006944585029887303,,5.40064045304244e-08,1.9723332043712648e-08,25105.040214046643,0.07130783300000054
candidate_0144,stable_2plus2,"[[1,2],[3,4]]","[1.0, 1.0, 1.0, 1.0]","[1.0, 1.35]","[0.1, 0.2]",80.0,0.5,35.0,"[73.0, 211.0, 179.0]",20,4.442882938158366,0.2221441469079183,836.2704851517306,3765,24.691358024691358,,0.0016841391433170705,0.0008816476077153884,,6.893706151154944e-08,1.493669310339292e-08,24430.097633838315,0.02450279199999983
candidate_0163,stable_2plus2,"[[1,2],[3,4]]","[1.3, 0.3, 0.7, 0.7]","[1.0, 1.35]","[0.35, 0.1]",80.0,0.5,145.0,"[73.0, 211.0, 179.0]",20,4.967294132898051,0.24836470664490254,999.5344089953015,4025,26.93602693602693,,0.0007352567807833751,0.0004104653648807022,,3.016604891667836e-08,3.4618601616255528e-09,24373.652075358885,0.02627999999999986
candidate_0198,stable_2plus2,"[[1,2],[3,4]]","[1.0, 1.0, 1.0, 1.0]","[1.0, 0.8]","[0.5, 0.4]",12.0,0.0,0.0,"[0.0, 137.0, 61.0]",10,3.179068245054753,0.3179068245054753,533.145952579004,1678,8.0,,3.58783544848492,2.230132621648121,,0.0001478684780158687,5.029582980823508e-05,24263.693632525836,0.01165454200000049
candidate_0164,stable_2plus2,"[[1,2],[3,4]]","[1.3, 0.3, 0.7, 0.7]","[1.0, 1.35]","[0.1, 0.2]",80.0,0.5,145.0,"[0.0, 137.0, 61.0]",10,4.967294132898051,0.4967294132898051,999.5344089953015,2013,24.691358024691358,,0.0054183957071519285,0.0027956003143889438,,2.2449455755646243e-07,6.277008070709098e-08,24135.97802160149,0.013945417000000404
candidate_0612,stable_2plus2,"[[1,2],[3,4]]","[1.3, 0.3, 0.7, 0.7]","[1.0, 0.55]","[0.1, 0.2]",40.0,0.35,35.0,"[73.0, 211.0, 179.0]",40,2.1660071443169624,0.05415017860792406,596.0752959477661,11008,23.636363636363633,,0.0017122381810955106,0.0008913150368732586,,7.101923713131107e-08,1.7165653128261754e-08,24109.498359291956,0.06897924999999816
candidate_0568,stable_2plus2,"[[1,2],[3,4]]","[1.0, 1.0, 1.0, 1.0]","[1.0, 0.55]","[0.35, 0.1]",80.0,0.5,35.0,"[0.0, 137.0, 61.0]",10,1.8122115948372268,0.1812211594837227,533.145952579004,2942,29.629629629629626,,0.005618916737655552,0.0031066821858972446,,2.348038479080377e-07,1.0955782241229461e-07,23930.258331440265,0.019417042000000606
candidate_0131,stable_2plus2,"[[1,2],[3,4]]","[1.0, 1.0, 1.0, 1.0]","[1.0, 1.35]","[0.1, 0.2]",80.0,0.5,0.0,"[73.0, 211.0, 179.0]",40,4.442882938158366,0.11107207345395916,836.2704851517306,7530,24.691358024691358,,0.0004397699828681882,0.00022952348301703046,,1.8714948095502765e-08,4.051182408204674e-09,23498.327680313774,0.0488039579999997
candidate_0032,stable_2plus2,"[[1,2],[3,4]]","[1.0, 1.0, 1.0, 1.0]","[1.0, 1.0]","[0.1, 0.2]",80.0,0.5,80.0,"[0.0, 137.0, 61.0]",40,4.442882938158366,0.11107207345395916,533.145952579004,4800,33.333333333333336,,0.0011750621094911216,0.0006026823843503658,,5.0320452645735476e-08,1.9896834585566982e-08,23351.580673642948,0.03127137499999999
candidate_0611,stable_2plus2,"[[1,2],[3,4]]","[1.0, 0.7, 0.9, 0.6]","[1.0, 0.8]","[0.1, 0.2]",40.0,0.35,145.0,"[0.0, 137.0, 61.0]",40,3.6708718141091055,0.09177179535272764,578.2779778856343,6302,23.636363636363633,,0.0011321426439342974,0.0005782976377004583,,4.864650487925055e-08,1.1848838873268117e-08,23272.846564095013,0.040362334000001
candidate_0609,stable_2plus2,"[[1,2],[3,4]]","[1.3, 0.3, 0.7, 0.7]","[1.0, 0.55]","[0.35, 0.1]",80.0,0.5,0.0,"[0.0, 137.0, 61.0]",10,2.1660071443169624,0.21660071443169623,596.0752959477661,2752,29.629629629629626,,0.006031691978399481,0.003332759169823026,,2.692693873645537e-07,1.169193453379333e-07,22400.21428887273,0.01780300000000068
candidate_0506,stable_2plus2,"[[1,2],[3,4]]","[1.3, 0.3, 0.7, 0.7]","[1.0, 1.0]","[0.0, 0.0]",80.0,0.5,0.0,"[73.0, 211.0, 179.0]",10,4.967294132898051,0.4967294132898051,637.2312954732635,1283,40.0,,0.002699244825992897,0.0016798619794764,,1.235477702779981e-07,5.0681424373071756e-08,21847.78260197861,0.008538500000000226
candidate_0078,stable_2plus2,"[[1,2],[3,4]]","[1.0, 0.2, 0.8, 0.15]","[1.0, 0.55]","[0.1, 0.2]",40.0,0.35,35.0,"[0.0, 137.0, 61.0]",40,2.62943294445679,0.06573582361141975,688.2884651454572,10471,23.636363636363633,,0.0011794798567931984,0.0006034613655445417,,5.448606189840192e-08,2.066652711901057e-08,21647.36844062119,0.06697479200000034
candidate_0534,stable_2plus2,"[[1,2],[3,4]]","[1.0, 0.2, 0.8, 0.15]","[1.0, 0.8]","[0.1, 0.2]",80.0,0.5,0.0,"[0.0, 137.0, 61.0]",40,4.612677018532275,0.11531692546330688,688.2884651454572,5969,36.36363636363636,,0.0009924745055940633,0.0005085264061236426,,4.668706929087381e-08,1.993858165866658e-08,21258.016848533858,0.038313458999999384
candidate_0610,stable_2plus2,"[[1,2],[3,4]]","[1.0, 0.2, 0.8, 0.15]","[1.0, 0.8]","[0.5, 0.4]",20.0,0.2,0.0,"[0.0, 137.0, 61.0]",10,4.612677018532275,0.4612677018532275,688.2884651454572,1493,10.666666666666666,,0.9546633502570278,0.6142683242427182,,4.711067652430926e-05,2.40510178559767e-05,20264.26748009909,0.010250583999997787
candidate_0559,stable_2plus2,"[[1,2],[3,4]]","[1.0, 0.2, 0.8, 0.15]","[1.0, 0.8]","[0.1, 0.2]",40.0,0.35,145.0,"[0.0, 137.0, 61.0]",40,4.612677018532275,0.11531692546330688,688.2884651454572,5969,23.636363636363633,,0.0009587150166189474,0.0004893058804667198,,4.8695754659303774e-08,1.1898774533724966e-08,19687.8562274376,0.038265667000001
candidate_0137,stable_2plus2,"[[1,2],[3,4]]","[1.3, 0.3, 0.7, 0.7]","[1.0, 1.35]","[0.1, 0.2]",80.0,0.5,0.0,"[73.0, 211.0, 179.0]",40,4.967294132898051,0.12418235332245127,999.5344089953015,8049,24.691358024691358,,0.00043308370768423805,0.000226002639667343,,2.2349408948152384e-08,4.046026943990553e-09,19377.859552748527,0.05163900000000066
candidate_0302,stable_2plus2,"[[1,2],[3,4]]","[1.0, 1.0, 1.0, 1.0]","[1.0, 1.0]","[0.5, 0.4]",80.0,0.5,80.0,"[73.0, 211.0, 179.0]",10,4.442882938158366,0.4442882938158366,533.145952579004,1200,26.666666666666668,,0.04349199094749319,0.02115069885740556,,2.2772798019920773e-06,7.382194761894333e-07,19098.220126243625,0.008452999999999378
candidate_0336,stable_2plus2,"[[1,2],[3,4]]","[1.0, 0.2, 0.8, 0.15]","[1.0, 0.8]","[0.1, 0.2]",80.0,0.5,0.0,"[0.0, 137.0, 61.0]",20,4.612677018532275,0.23063385092661376,688.2884651454572,2985,36.36363636363636,,0.0035661300255274138,0.0018349073861138746,,1.8674804826028305e-07,8.043640082253883e-08,19095.942681859055,0.020197916999999066
candidate_0494,stable_2plus2,"[[1,2],[3,4]]","[1.3, 0.3, 0.7, 0.7]","[1.0, 0.55]","[0.0, 0.0]",80.0,0.5,0.0,"[0.0, 137.0, 61.0]",10,2.1660071443169624,0.21660071443169623,596.0752959477661,2752,40.0,,0.004238776168262597,0.0026473380711136744,,2.2384055165080642e-07,9.260934013044512e-08,18936.587392239508,0.01803641699999936
candidate_0132,stable_2plus2,"[[1,2],[3,4]]","[1.0, 1.0, 1.0, 1.0]","[1.0, 0.55]","[0.0, 0.0]",40.0,0.35,145.0,"[0.0, 137.0, 61.0]",10,1.8122115948372268,0.1812211594837227,533.145952579004,2942,26.0,,0.0038846420404630233,0.002416941141136582,,2.0887704821006103e-07,6.149935166630493e-08,18597.744815679136,0.0194098330000001
candidate_0404,stable_2plus2,"[[1,2],[3,4]]","[1.0, 1.0, 1.0, 1.0]","[1.0, 0.55]","[0.0, 0.0]",80.0,0.5,35.0,"[73.0, 211.0, 179.0]",40,1.8122115948372268,0.04530528987093067,533.145952579004,11768,40.0,,2.3388220549460138e-05,1.4108859169812356e-05,,1.2668280957412148e-09,5.205265415575068e-10,18462.03176901899,0.07600191699999925
candidate_0504,stable_2plus2,"[[1,2],[3,4]]","[1.0, 0.2, 0.8, 0.15]","[1.0, 0.55]","[0.1, 0.2]",40.0,0.35,35.0,"[73.0, 211.0, 179.0]",40,2.62943294445679,0.06573582361141975,688.2884651454572,10471,23.636363636363633,,0.0012600957215392146,0.0006538084659335084,,6.956882074845825e-08,1.6070597870093693e-08,18112.937778482326,0.06665908300000112
candidate_0370,stable_2plus2,"[[1,2],[3,4]]","[1.0, 0.7, 0.9, 0.6]","[1.0, 0.8]","[0.5, 0.4]",80.0,0.5,145.0,"[0.0, 137.0, 61.0]",10,3.6708718141091055,0.36708718141091057,578.2779778856343,1576,26.666666666666668,,0.04754509281646833,0.02017312338102219,,2.6355777649942905e-06,1.4418111436559453e-06,18039.72299658983,0.010924834000000772
candidate_0209,stable_2plus2,"[[1,2],[3,4]]","[1.0, 0.2, 0.8, 0.15]","[1.0, 0.55]","[0.1, 0.2]",40.0,0.35,80.0,"[73.0, 211.0, 179.0]",20,2.62943294445679,0.1314716472228395,688.2884651454572,5236,23.636363636363633,,0.004527796540634297,0.0023714977938680964,,2.5502006284642555e-07,5.39889656879164e-08,17754.66796650019,0.034216416999999666
candidate_0306,stable_2plus2,"[[1,2],[3,4]]","[1.3, 0.3, 0.7, 0.7]","[1.0, 1.0]","[0.5, 0.4]",80.0,0.5,80.0,"[73.0, 211.0, 179.0]",10,4.967294132898051,0.4967294132898051,637.2312954732635,1283,26.666666666666668,,0.04390975286139849,0.021046020182524248,,2.4803711489015014e-06,9.271942425329979e-07,17702.89614957225,0.009117749999999702
candidate_0526,stable_2plus2,"[[1,2],[3,4]]","[1.3, 0.3, 0.7, 0.7]","[1.0, 1.0]","[0.1, 0.2]",80.0,0.5,80.0,"[0.0, 137.0, 61.0]",10,4.967294132898051,0.4967294132898051,637.2312954732635,1283,33.333333333333336,,0.0120951417791584,0.00631138104813098,,6.885976766750908e-07,2.723497749353752e-07,17564.88903296924,0.00856725000000047
candidate_0606,stable_2plus2,"[[1,2],[3,4]]","[1.0, 1.0, 1.0, 1.0]","[1.0, 0.55]","[0.0, 0.0]",80.0,0.5,0.0,"[73.0, 211.0, 179.0]",40,1.8122115948372268,0.04530528987093067,533.145952579004,11768,40.0,,2.3395587767104866e-05,1.4104204034867866e-05,,1.3789751060187241e-09,5.590760393215266e-10,16965.924667524196,0.070771833000002
candidate_0586,stable_2plus2,"[[1,2],[3,4]]","[1.0, 1.0, 1.0, 1.0]","[1.0, 0.8]","[0.0, 0.0]",80.0,0.5,145.0,"[73.0, 211.0, 179.0]",40,3.179068245054753,0.07947670612636883,533.145952579004,6709,40.0,,1.9998341938874192e-05,1.1989022537208895e-05,,1.1857001578100967e-09,3.993310352993807e-10,16866.272478035004,0.040780916999999306
candidate_0179,stable_2plus2,"[[1,2],[3,4]]","[1.0, 1.0, 1.0, 1.0]","[1.0, 1.35]","[0.5, 0.4]",80.0,0.5,80.0,"[0.0, 137.0, 61.0]",40,4.442882938158366,0.11107207345395916,836.2704851517306,7530,21.164021164021165,,0.0013547156329260313,0.0006088630153679714,,8.127215034294882e-08,4.027217820764744e-08,16668.87891128091,0.0487098330000002
candidate_0513,stable_2plus2,"[[1,2],[3,4]]","[1.0, 0.7, 0.9, 0.6]","[1.0, 0.8]","[0.1, 0.2]",80.0,0.5,0.0,"[0.0, 137.0, 61.0]",10,3.6708718141091055,0.36708718141091057,578.2779778856343,1576,36.36363636363636,,0.011669160493696146,0.006109588556634474,,7.006045351269349e-07,2.8988126012896613e-07,16655.84492909675,0.010885250000001179
candidate_0505,stable_2plus2,"[[1,2],[3,4]]","[1.0, 0.7, 0.9, 0.6]","[1.0, 0.8]","[0.5, 0.4]",40.0,0.35,145.0,"[73.0, 211.0, 179.0]",40,3.6708718141091055,0.09177179535272764,578.2779778856343,6302,17.333333333333332,,0.0038368399817220286,0.0017182970352707801,,2.3747999307239443e-07,2.9083437965087493e-08,16156.476729188676,0.041239207999998584
candidate_0318,stable_2plus2,"[[1,2],[3,4]]","[1.0, 0.2, 0.8, 0.15]","[1.0, 0.55]","[0.35, 0.1]",40.0,0.35,145.0,"[0.0, 137.0, 61.0]",10,2.62943294445679,0.262943294445679,688.2884651454572,2618,19.25925925925926,,0.00436508876330297,0.0023976181845709703,,2.7051551737740755e-07,8.059931605255124e-08,16136.186218157132,0.017410916999999415
candidate_0346,stable_2plus2,"[[1,2],[3,4]]","[1.0, 0.7, 0.9, 0.6]","[1.0, 1.35]","[0.1, 0.2]",80.0,0.5,0.0,"[73.0, 211.0, 179.0]",20,4.818983149046953,0.24094915745234763,965.6419794353811,4008,24.691358024691358,,0.001279625284147294,0.0006690364020105129,,8.04126404131541e-08,1.637565982221957e-08,15913.235500944573,0.02683816700000108
candidate_0291,stable_2plus2,"[[1,2],[3,4]]","[1.3, 0.3, 0.7, 0.7]","[1.0, 0.8]","[0.5, 0.4]",40.0,0.35,145.0,"[73.0, 211.0, 179.0]",20,3.7997133175159234,0.18998566587579618,596.0752959477661,3138,17.333333333333332,,0.016866738501617295,0.007754220595696255,,1.0600754798245263e-06,1.4894549213579749e-07,15910.884481932586,0.020755749999999296
candidate_0220,stable_2plus2,"[[1,2],[3,4]]","[1.0, 0.2, 0.8, 0.15]","[1.0, 0.55]","[0.1, 0.2]",40.0,0.35,0.0,"[73.0, 211.0, 179.0]",20,2.62943294445679,0.1314716472228395,688.2884651454572,5236,23.636363636363633,,0.004537139126578861,0.0023719624794605793,,3.003489319065176e-07,6.785171626637641e-08,15106.226940041284,0.03418162499999955
candidate_0461,stable_2plus2,"[[1,2],[3,4]]","[1.0, 1.0, 1.0, 1.0]","[1.0, 1.0]","[0.1, 0.2]",80.0,0.5,35.0,"[0.0, 137.0, 61.0]",40,4.442882938158366,0.11107207345395916,533.145952579004,4800,33.333333333333336,,0.0011761936221625672,0.0006030571787332032,,7.948895013565477e-08,3.241194517762554e-08,14796.944986130664,0.03122766699999957
candidate_0428,stable_2plus2,"[[1,2],[3,4]]","[1.3, 0.3, 0.7, 0.7]","[1.0, 0.8]","[0.1, 0.2]",40.0,0.35,80.0,"[0.0, 137.0, 61.0]",40,3.7997133175159234,0.09499283293789809,596.0752959477661,6275,23.636363636363633,,0.0014005609972799387,0.0007163380166046918,,9.486362722402786e-08,3.499287006860402e-08,14763.94102001186,0.046855749999998864
candidate_0189,stable_2plus2,"[[1,2],[3,4]]","[1.0, 1.0, 1.0, 1.0]","[1.0, 0.55]","[0.5, 0.4]",20.0,0.2,145.0,"[0.0, 137.0, 61.0]",40,1.8122115948372268,0.04530528987093067,533.145952579004,11768,10.666666666666666,,0.004712780178763969,0.0021149616024334667,,3.2263774230795603e-07,5.114001290763043e-08,14607.03309244473,0.07660216699999989
candidate_0037,stable_2plus2,"[[1,2],[3,4]]","[1.0, 1.0, 1.0, 1.0]","[1.0, 0.55]","[0.1, 0.2]",40.0,0.35,0.0,"[73.0, 211.0, 179.0]",10,1.8122115948372268,0.1812211594837227,533.145952579004,2942,23.636363636363633,,0.016294669565696526,0.0086448221673147,,1.1344326326405175e-06,2.6586091118430563e-07,14363.71724230894,0.019902500000000156
candidate_0417,stable_2plus2,"[[1,2],[3,4]]","[1.0, 0.7, 0.9, 0.6]","[1.0, 0.8]","[0.5, 0.4]",40.0,0.35,145.0,"[73.0, 211.0, 179.0]",20,3.6708718141091055,0.18354359070545528,578.2779778856343,3151,17.333333333333332,,0.013683012398135342,0.0062738120382021655,,9.55727863717585e-07,1.3739080142721844e-07,14316.84992934206,0.021609707999999728
candidate_0350,stable_2plus2,"[[1,2],[3,4]]","[1.0, 0.7, 0.9, 0.6]","[1.0, 0.55]","[0.1, 0.2]",40.0,0.35,80.0,"[73.0, 211.0, 179.0]",10,2.092561704215668,0.2092561704215668,578.2779778856343,2764,23.636363636363633,,0.014688108119557492,0.007809774036024897,,1.0297203091669794e-06,2.2115397255590447e-07,14264.172502764215,0.01903437500000038
candidate_0499,stable_2plus2,"[[1,2],[3,4]]","[1.0, 0.2, 0.8, 0.15]","[1.0, 0.8]","[0.0, 0.0]",80.0,0.5,35.0,"[73.0, 211.0, 179.0]",20,4.612677018532275,0.23063385092661376,688.2884651454572,2985,40.0,,0.00022072742713655195,0.00013421128764227913,,1.587011364473206e-08,6.3486241458892974e-09,13908.370921453383,0.019255417000000108
candidate_0123,stable_2plus2,"[[1,2],[3,4]]","[1.3, 0.3, 0.7, 0.7]","[1.0, 0.55]","[0.1, 0.2]",40.0,0.35,0.0,"[73.0, 211.0, 179.0]",10,2.1660071443169624,0.21660071443169623,596.0752959477661,2752,23.636363636363633,,0.017402795947575912,0.009255050148542488,,1.2555765349044773e-06,3.0788341001006874e-07,13860.40234409119,0.018243540999999475
candidate_0373,stable_2plus2,"[[1,2],[3,4]]","[1.0, 0.7, 0.9, 0.6]","[1.0, 0.8]","[0.0, 0.0]",80.0,0.5,145.0,"[73.0, 211.0, 179.0]",40,3.6708718141091055,0.09177179535272764,578.2779778856343,6302,40.0,,1.765293624317441e-05,1.0558475673548684e-05,,1.3006481338950388e-09,4.335967398312006e-10,13572.415000749917,0.039823417000000916
candidate_0556,stable_2plus2,"[[1,2],[3,4]]","[1.0, 0.7, 0.9, 0.6]","[1.0, 1.35]","[0.5, 0.4]",80.0,0.5,80.0,"[0.0, 137.0, 61.0]",40,4.818983149046953,0.12047457872617381,965.6419794353811,8016,21.164021164021165,,0.0010252079714464903,0.0004602388347822407,,7.639244085563393e-08,3.915141201767834e-08,13420.2803309286,0.05281908299999927
candidate_0626,stable_2plus2,"[[1,2],[3,4]]","[1.3, 0.3, 0.7, 0.7]","[1.0, 0.55]","[0.5, 0.4]",20.0,0.2,145.0,"[0.0, 137.0, 61.0]",20,2.1660071443169624,0.10830035721584812,596.0752959477661,5504,10.666666666666666,,0.017855492034583857,0.008043140948941176,,1.3662171015997703e-06,2.405575066578072e-07,13069.293316322852,0.03533704200000187
candidate_0598,stable_2plus2,"[[1,2],[3,4]]","[1.3, 0.3, 0.7, 0.7]","[1.0, 0.8]","[0.5, 0.4]",40.0,0.35,0.0,"[73.0, 211.0, 179.0]",20,3.7997133175159234,0.18998566587579618,596.0752959477661,3138,17.333333333333332,,0.016890017332693654,0.00775772428949553,,1.305964601650976e-06,2.2390695600774876e-07,12932.982495346052,0.020405707999998413
candidate_0295,stable_2plus2,"[[1,2],[3,4]]","[1.3, 0.3, 0.7, 0.7]","[1.0, 1.0]","[0.1, 0.2]",40.0,0.35,145.0,"[0.0, 137.0, 61.0]",20,4.967294132898051,0.24836470664490254,637.2312954732635,2566,21.666666666666668,,0.004051928067960945,0.002075812921035276,,3.139221734411856e-07,7.894218098420117e-08,12907.428690188039,0.017315500000000483
candidate_0104,stable_2plus2,"[[1,2],[3,4]]","[1.3, 0.3, 0.7, 0.7]","[1.0, 1.35]","[0.35, 0.1]",80.0,0.5,145.0,"[73.0, 211.0, 179.0]",10,4.967294132898051,0.4967294132898051,999.5344089953015,2013,26.93602693602693,,0.0024146975738532283,0.0013457591898432583,,1.9329670337964686e-07,1.1057809224901562e-07,12492.181871879164,0.013704666999999837
candidate_0541,stable_2plus2,"[[1,2],[3,4]]","[1.0, 0.7, 0.9, 0.6]","[1.0, 0.55]","[0.5, 0.4]",20.0,0.2,145.0,"[0.0, 137.0, 61.0]",10,2.092561704215668,0.2092561704215668,578.2779778856343,2764,10.666666666666666,,0.7257328011898353,0.42412317254230664,,6.167333825172569e-05,4.199924437286919e-05,11767.366932979803,0.018452500000000427
candidate_0319,stable_2plus2,"[[1,2],[3,4]]","[1.3, 0.3, 0.7, 0.7]","[1.0, 0.55]","[0.35, 0.1]",40.0,0.35,145.0,"[73.0, 211.0, 179.0]",40,2.1660071443169624,0.05415017860792406,596.0752959477661,11008,19.25925925925926,,0.0007567427572331639,0.00042133602630728753,,6.44937111123835e-08,1.0951271753688858e-08,11733.58989862596,0.07071920799999987
candidate_0537,stable_2plus2,"[[1,2],[3,4]]","[1.3, 0.3, 0.7, 0.7]","[1.0, 1.35]","[0.5, 0.4]",80.0,0.5,0.0,"[0.0, 137.0, 61.0]",40,4.967294132898051,0.12418235332245127,999.5344089953015,8049,21.164021164021165,,0.0013393133012152057,0.0006012182825473388,,1.1431749544864577e-07,6.125471484009442e-08,11715.733413848786,0.05122037499999976
candidate_0051,stable_2plus2,"[[1,2],[3,4]]","[1.0, 0.2, 0.8, 0.15]","[1.0, 0.8]","[0.0, 0.0]",80.0,0.5,145.0,"[73.0, 211.0, 179.0]",40,4.612677018532275,0.11531692546330688,688.2884651454572,5969,40.0,,1.51493798200746e-05,9.008045715109118e-06,,1.3749326373431599e-09,4.565445894394906e-10,11018.270574584936,0.037772458000000064
candidate_0006,stable_2plus2,"[[1,2],[3,4]]","[1.3, 0.3, 0.7, 0.7]","[1.0, 0.8]","[0.35, 0.1]",40.0,0.35,145.0,"[0.0, 137.0, 61.0]",20,3.7997133175159234,0.18998566587579618,596.0752959477661,3138,19.25925925925926,,0.002147997923658989,0.0011680387659447323,,1.9775176424192187e-07,5.440749846612532e-08,10862.092340330331,0.020557959000000015
candidate_0055,stable_2plus2,"[[1,2],[3,4]]","[1.0, 1.0, 1.0, 1.0]","[1.0, 1.35]","[0.5, 0.4]",80.0,0.5,35.0,"[0.0, 137.0, 61.0]",40,4.442882938158366,0.11107207345395916,836.2704851517306,7530,21.164021164021165,,0.0013570080379164183,0.0006097077602288316,,1.2717392221965966e-07,7.001149154379884e-08,10670.489784631649,0.048815041999999975
candidate_0493,stable_2plus2,"[[1,2],[3,4]]","[1.3, 0.3, 0.7, 0.7]","[1.0, 0.8]","[0.35, 0.1]",80.0,0.5,0.0,"[0.0, 137.0, 61.0]",20,3.7997133175159234,0.18998566587579618,596.0752959477661,3138,29.629629629629626,,0.0021959538853558004,0.0011980399668936245,,2.0766004215737696e-07,1.0018566728962201e-07,10574.754115149306,0.020588082999999813
candidate_0623,stable_2plus2,"[[1,2],[3,4]]","[1.0, 1.0, 1.0, 1.0]","[1.0, 0.55]","[0.35, 0.1]",40.0,0.35,80.0,"[73.0, 211.0, 179.0]",20,1.8122115948372268,0.09061057974186135,533.145952579004,5884,19.25925925925926,,0.002474555076734838,0.0013716350840458586,,2.3573903802789584e-07,5.1332919322293056e-08,10497.010157655835,0.037548874999998816
candidate_0058,stable_2plus2,"[[1,2],[3,4]]","[1.3, 0.3, 0.7, 0.7]","[1.0, 0.55]","[0.35, 0.1]",40.0,0.35,35.0,"[73.0, 211.0, 179.0]",40,2.1660071443169624,0.05415017860792406,596.0752959477661,11008,19.25925925925926,,0.0007625158570636092,0.00042192915222925706,,7.378407143210534e-08,1.7393044151160212e-08,10334.423707768165,0.07159783299999978
candidate_0096,stable_2plus2,"[[1,2],[3,4]]","[1.0, 0.2, 0.8, 0.15]","[1.0, 0.55]","[0.5, 0.4]",20.0,0.2,145.0,"[0.0, 137.0, 61.0]",10,2.62943294445679,0.262943294445679,688.2884651454572,2618,10.666666666666666,,0.5570086487806961,0.24157563845719832,,5.47050226344907e-05,3.7536187816941525e-05,10182.03853972104,0.017931457999999623
candidate_0628,stable_2plus2,"[[1,2],[3,4]]","[1.0, 1.0, 1.0, 1.0]","[1.0, 0.8]","[0.35, 0.1]",80.0,0.5,80.0,"[0.0, 137.0, 61.0]",10,3.179068245054753,0.3179068245054753,533.145952579004,1678,29.629629629629626,,0.004841885387407483,0.002667691327442314,,4.87679861696034e-07,2.2855878138462782e-07,9928.40953195927,0.011850791999997057
candidate_0162,stable_2plus2,"[[1,2],[3,4]]","[1.0, 0.7, 0.9, 0.6]","[1.0, 1.0]","[0.0, 0.0]",80.0,0.5,80.0,"[73.0, 211.0, 179.0]",20,4.818983149046953,0.24094915745234763,615.6239184776948,2555,40.0,,0.0001797907374991049,0.00010883244785405063,,1.8127139701383153e-08,7.33105864120031e-09,9918.318083320468,0.01687399999999961
candidate_0367,stable_2plus2,"[[1,2],[3,4]]","[1.3, 0.3, 0.7, 0.7]","[1.0, 0.8]","[0.5, 0.4]",80.0,0.5,35.0,"[0.0, 137.0, 61.0]",10,3.7997133175159234,0.37997133175159237,596.0752959477661,1569,26.666666666666668,,0.048213740673367075,0.02081387984114091,,4.885577395627543e-06,3.7612718962170336e-06,9868.585996921684,0.011017499999999458
candidate_0204,stable_2plus2,"[[1,2],[3,4]]","[1.0, 0.7, 0.9, 0.6]","[1.0, 0.55]","[0.5, 0.4]",20.0,0.2,145.0,"[0.0, 137.0, 61.0]",40,2.092561704215668,0.0523140426053917,578.2779778856343,11054,10.666666666666666,,0.00424551174286337,0.0018967564466030378,,4.36353673251069e-07,5.3757326231821953e-08,9729.519889753718,0.07177691700000022
candidate_0259,stable_2plus2,"[[1,2],[3,4]]","[1.3, 0.3, 0.7, 0.7]","[1.0, 1.35]","[0.5, 0.4]",80.0,0.5,0.0,"[0.0, 137.0, 61.0]",20,4.967294132898051,0.24836470664490254,999.5344089953015,4025,21.164021164021165,,0.0050907549812252454,0.002297492741996478,,5.431198941087963e-07,4.449493823327011e-07,9373.16978524355,0.027363250000000505
candidate_0039,stable_2plus2,"[[1,2],[3,4]]","[1.3, 0.3, 0.7, 0.7]","[1.0, 1.0]","[0.5, 0.4]",80.0,0.5,35.0,"[73.0, 211.0, 179.0]",10,4.967294132898051,0.4967294132898051,637.2312954732635,1283,26.666666666666668,,0.043914610762578486,0.021034402579264106,,4.755134583104295e-06,2.0046109787458545e-06,9235.198288312105,0.00887212500000012
candidate_0294,stable_2plus2,"[[1,2],[3,4]]","[1.3, 0.3, 0.7, 0.7]","[1.0, 0.55]","[0.5, 0.4]",20.0,0.2,0.0,"[73.0, 211.0, 179.0]",20,2.1660071443169624,0.10830035721584812,596.0752959477661,5504,10.666666666666666,,0.018748179939012698,0.008567739329819218,,2.098182912862317e-06,4.0457446624777675e-07,8935.436383588047,0.0357529999999997
candidate_0076,stable_2plus2,"[[1,2],[3,4]]","[1.3, 0.3, 0.7, 0.7]","[1.0, 0.8]","[0.1, 0.2]",40.0,0.35,0.0,"[0.0, 137.0, 61.0]",40,3.7997133175159234,0.09499283293789809,596.0752959477661,6275,23.636363636363633,,0.0014033320498674012,0.0007173829752366735,,1.602340732693363e-07,6.406864248991867e-08,8758.012707500422,0.041029374999999924
candidate_0572,stable_2plus2,"[[1,2],[3,4]]","[1.0, 1.0, 1.0, 1.0]","[1.0, 1.35]","[0.35, 0.1]",80.0,0.5,35.0,"[73.0, 211.0, 179.0]",20,4.442882938158366,0.2221441469079183,836.2704851517306,3765,26.93602693602693,,0.0007429088891830189,0.00041402079604599754,,8.563383469687703e-08,1.7324808205764744e-08,8675.41307489891,0.024091292000001374
candidate_0023,stable_2plus2,"[[1,2],[3,4]]","[1.0, 1.0, 1.0, 1.0]","[1.0, 0.55]","[0.35, 0.1]",40.0,0.35,0.0,"[73.0, 211.0, 179.0]",20,1.8122115948372268,0.09061057974186135,533.145952579004,5884,19.25925925925926,,0.002478866759255197,0.0013720664732599132,,2.885398441658853e-07,6.443488470725054e-08,8591.07263477298,0.038531583000000036
candidate_0041,stable_2plus2,"[[1,2],[3,4]]","[1.0, 1.0, 1.0, 1.0]","[1.0, 0.8]","[0.1, 0.2]",40.0,0.35,80.0,"[0.0, 137.0, 61.0]",10,3.179068245054753,0.3179068245054753,533.145952579004,1678,23.636363636363633,,0.013030248756517369,0.006787934805237524,,1.5497554623514483e-06,6.032643655564171e-07,8407.938589709202,0.011690458000000126
candidate_0552,stable_2plus2,"[[1,2],[3,4]]","[1.3, 0.3, 0.7, 0.7]","[1.0, 0.55]","[0.5, 0.4]",20.0,0.2,35.0,"[0.0, 137.0, 61.0]",20,2.1660071443169624,0.10830035721584812,596.0752959477661,5504,10.666666666666666,,0.017909834312443463,0.00805705137852641,,2.1356630659410785e-06,5.491926887911125e-07,8386.076716905485,0.04844104200000032
candidate_0528,stable_2plus2,"[[1,2],[3,4]]","[1.0, 0.7, 0.9, 0.6]","[1.0, 0.55]","[0.0, 0.0]",80.0,0.5,145.0,"[0.0, 137.0, 61.0]",40,2.092561704215668,0.0523140426053917,578.2779778856343,11054,40.0,,2.1268588678283414e-05,1.2520399236144637e-05,,2.572313284683679e-09,9.416130911370496e-10,8268.273077359176,0.06834687499999959
candidate_0402,stable_2plus2,"[[1,2],[3,4]]","[1.0, 0.2, 0.8, 0.15]","[1.0, 0.8]","[0.1, 0.2]",40.0,0.35,80.0,"[0.0, 137.0, 61.0]",20,4.612677018532275,0.23063385092661376,688.2884651454572,2985,23.636363636363633,,0.003460718884265217,0.0017711809633553512,,4.287963089002803e-07,1.7177887282460455e-07,8070.77582626774,0.019393749999998988
candidate_0555,stable_2plus2,"[[1,2],[3,4]]","[1.0, 1.0, 1.0, 1.0]","[1.0, 1.0]","[0.0, 0.0]",80.0,0.5,145.0,"[73.0, 211.0, 179.0]",40,4.442882938158366,0.11107207345395916,533.145952579004,4800,40.0,,1.791048841502009e-05,1.0648191292865144e-05,,2.291474326267386e-09,1.0287995501653165e-09,7816.141865396647,0.030239625000000103
candidate_0607,stable_2plus2,"[[1,2],[3,4]]","[1.0, 0.2, 0.8, 0.15]","[1.0, 1.0]","[0.5, 0.4]",80.0,0.5,80.0,"[73.0, 211.0, 179.0]",10,5.735737209545476,0.5735737209545476,773.5694528766917,1349,26.666666666666668,,0.025775789669850793,0.011524582509276354,,3.430933991786102e-06,1.3017769109430211e-06,7512.761752793803,0.009328375000002609
candidate_0165,stable_2plus2,"[[1,2],[3,4]]","[1.3, 0.3, 0.7, 0.7]","[1.0, 1.35]","[0.35, 0.1]",80.0,0.5,0.0,"[73.0, 211.0, 179.0]",20,4.967294132898051,0.24836470664490254,999.5344089953015,4025,26.93602693602693,,0.0007382371768323096,0.00041099119887714656,,9.926805412669782e-08,1.8117713540771458e-08,7436.805156773625,0.026402707999999997
candidate_0349,stable_2plus2,"[[1,2],[3,4]]","[1.0, 0.7, 0.9, 0.6]","[1.0, 0.55]","[0.35, 0.1]",40.0,0.35,80.0,"[0.0, 137.0, 61.0]",10,2.092561704215668,0.2092561704215668,578.2779778856343,2764,19.25925925925926,,0.005036376116770376,0.0027642382247937114,,6.821552770714206e-07,2.9176235853315763e-07,7383.034751841515,0.018876041999998705
candidate_0003,stable_2plus2,"[[1,2],[3,4]]","[1.3, 0.3, 0.7, 0.7]","[1.0, 1.35]","[0.35, 0.1]",80.0,0.5,0.0,"[73.0, 211.0, 179.0]",40,4.967294132898051,0.12418235332245127,999.5344089953015,8049,26.93602693602693,,0.00019376781324699347,0.00010789722125240689,,2.6420653094937826e-08,4.464049453631134e-09,7333.952440567005,0.052421249999999975
candidate_0399,stable_2plus2,"[[1,2],[3,4]]","[1.0, 0.2, 0.8, 0.15]","[1.0, 0.8]","[0.35, 0.1]",40.0,0.35,145.0,"[0.0, 137.0, 61.0]",20,4.612677018532275,0.23063385092661376,688.2884651454572,2985,19.25925925925926,,0.0014815737290634198,0.000801174099541823,,2.0320962166846504e-07,5.509781965780608e-08,7290.864068831328,0.019971999999999213
candidate_0054,stable_2plus2,"[[1,2],[3,4]]","[1.0, 0.2, 0.8, 0.15]","[1.0, 0.55]","[0.5, 0.4]",20.0,0.2,35.0,"[73.0, 211.0, 179.0]",20,2.62943294445679,0.1314716472228395,688.2884651454572,5236,10.666666666666666,,0.01349352969110842,0.006142442572636844,,1.9338842322389385e-06,3.6168653355683176e-07,6977.423708288059,0.03445595800000012
candidate_0057,stable_2plus2,"[[1,2],[3,4]]","[1.0, 0.2, 0.8, 0.15]","[1.0, 0.55]","[0.35, 0.1]",40.0,0.35,35.0,"[73.0, 211.0, 179.0]",40,2.62943294445679,0.06573582361141975,688.2884651454572,10471,19.25925925925926,,0.0005619098889784981,0.0003099292619128102,,8.069871958348084e-08,1.657079652790876e-08,6963.0582973155615,0.06743954099999994
candidate_0391,stable_2plus2,"[[1,2],[3,4]]","[1.0, 1.0, 1.0, 1.0]","[1.0, 0.55]","[0.0, 0.0]",80.0,0.5,35.0,"[0.0, 137.0, 61.0]",20,1.8122115948372268,0.09061057974186135,533.145952579004,5884,40.0,,0.0003404804912943401,0.00020633212089142983,,4.9611895322911774e-08,1.9675590058059108e-08,6862.880143526775,0.037556874999999934
candidate_0329,stable_2plus2,"[[1,2],[3,4]]","[1.3, 0.3, 0.7, 0.7]","[1.0, 0.55]","[0.35, 0.1]",40.0,0.35,145.0,"[73.0, 211.0, 179.0]",10,2.1660071443169624,0.21660071443169623,596.0752959477661,2752,19.25925925925926,,0.0062868091526985794,0.0034510223915833805,,9.339937541425165e-07,1.871186991203345e-07,6731.104062328971,0.018578583000000037
candidate_0150,stable_2plus2,"[[1,2],[3,4]]","[1.0, 1.0, 1.0, 1.0]","[1.0, 0.55]","[0.1, 0.2]",20.0,0.2,80.0,"[73.0, 211.0, 179.0]",40,1.8122115948372268,0.04530528987093067,533.145952579004,11768,14.545454545454545,,0.00157629078528426,0.0008087752685368107,,2.3859919790793973e-07,6.466408571425637e-08,6606.437905514043,0.07539545800000003
candidate_0269,stable_2plus2,"[[1,2],[3,4]]","[1.0, 1.0, 1.0, 1.0]","[1.0, 1.35]","[0.1, 0.2]",80.0,0.5,80.0,"[0.0, 137.0, 61.0]",10,4.442882938158366,0.4442882938158366,836.2704851517306,1883,24.691358024691358,,0.005397180209040346,0.002780138787921536,,8.223161188818819e-07,3.575199168728291e-07,6563.388562027691,0.01293999999999862
candidate_0122,stable_2plus2,"[[1,2],[3,4]]","[1.3, 0.3, 0.7, 0.7]","[1.0, 1.0]","[0.5, 0.4]",40.0,0.35,0.0,"[73.0, 211.0, 179.0]",40,4.967294132898051,0.12418235332245127,637.2312954732635,5132,17.333333333333332,,0.003813681647229454,0.001721745668042655,,5.825269820108621e-07,8.932369410778158e-08,6546.7897024525155,0.03379949999999976
candidate_0224,stable_2plus2,"[[1,2],[3,4]]","[1.0, 0.2, 0.8, 0.15]","[1.0, 0.55]","[0.35, 0.1]",40.0,0.35,0.0,"[73.0, 211.0, 179.0]",40,2.62943294445679,0.06573582361141975,688.2884651454572,10471,19.25925925925926,,0.0005623896973622242,0.0003099781189305054,,8.606130593595267e-08,1.7377493758421322e-08,6534.756720758548,0.06826854100000013
candidate_0416,stable_2plus2,"[[1,2],[3,4]]","[1.3, 0.3, 0.7, 0.7]","[1.0, 0.8]","[0.1, 0.2]",40.0,0.35,0.0,"[73.0, 211.0, 179.0]",20,3.7997133175159234,0.18998566587579618,596.0752959477661,3138,23.636363636363633,,0.005401293559779456,0.002808497360485558,,8.316155009825127e-07,2.0696186086674485e-07,6494.940935321785,0.021110041000000024
candidate_0398,stable_2plus2,"[[1,2],[3,4]]","[1.0, 0.2, 0.8, 0.15]","[1.0, 1.35]","[0.35, 0.1]",80.0,0.5,145.0,"[73.0, 211.0, 179.0]",10,5.735737209545476,0.5735737209545476,1213.3887512911153,2116,26.93602693602693,,0.0014119552617015256,0.0007876945654834584,,2.2866971197082166e-07,1.3199206339085276e-07,6174.649233308571,0.01436275000000009
candidate_0098,stable_2plus2,"[[1,2],[3,4]]","[1.0, 0.2, 0.8, 0.15]","[1.0, 0.55]","[0.5, 0.4]",40.0,0.35,145.0,"[0.0, 137.0, 61.0]",10,2.62943294445679,0.262943294445679,688.2884651454572,2618,17.333333333333332,,0.048518251509795426,0.01900635996982495,,7.877595939744141e-06,5.41096693104727e-06,6159.017532875806,0.017633791999999815
candidate_0231,stable_2plus2,"[[1,2],[3,4]]","[1.3, 0.3, 0.7, 0.7]","[1.0, 0.55]","[0.1, 0.2]",20.0,0.2,145.0,"[73.0, 211.0, 179.0]",40,2.1660071443169624,0.05415017860792406,596.0752959477661,11008,14.545454545454545,,0.0016949866356548813,0.0008650281384362929,,2.851145733555509e-07,5.3889367355077146e-08,5944.931596117171,0.07132641700000075
candidate_0554,stable_2plus2,"[[1,2],[3,4]]","[1.3, 0.3, 0.7, 0.7]","[1.0, 0.8]","[0.35, 0.1]",80.0,0.5,0.0,"[0.0, 137.0, 61.0]",10,3.7997133175159234,0.37997133175159237,596.0752959477661,1569,29.629629629629626,,0.005305828187479392,0.0029159217892258888,,8.984015039608223e-07,4.4637911863484683e-07,5905.854079815487,0.011860333999997863
candidate_0365,stable_2plus2,"[[1,2],[3,4]]","[1.0, 1.0, 1.0, 1.0]","[1.0, 0.8]","[0.5, 0.4]",40.0,0.35,80.0,"[0.0, 137.0, 61.0]",10,3.179068245054753,0.3179068245054753,533.145952579004,1678,17.333333333333332,,0.04313834472542465,0.018606885672904944,,7.448792164027084e-06,4.7760563607289625e-06,5791.320763889124,0.01163454199999947
candidate_0546,stable_2plus2,"[[1,2],[3,4]]","[1.0, 0.2, 0.8, 0.15]","[1.0, 1.35]","[0.35, 0.1]",80.0,0.5,80.0,"[73.0, 211.0, 179.0]",20,5.735737209545476,0.2867868604772738,1213.3887512911153,4231,26.93602693602693,,0.000425248682600438,0.00023635275407674896,,7.356586111492445e-08,1.160015561913519e-08,5780.516616751285,0.02810450000000131
candidate_0540,stable_2plus2,"[[1,2],[3,4]]","[1.0, 0.7, 0.9, 0.6]","[1.0, 0.8]","[0.1, 0.2]",40.0,0.35,35.0,"[73.0, 211.0, 179.0]",20,3.6708718141091055,0.18354359070545528,578.2779778856343,3151,23.636363636363633,,0.004386950537653898,0.002278767622899993,,7.807187949505631e-07,1.8664626472746196e-07,5619.1173646993975,0.020599374999999753
candidate_0337,stable_2plus2,"[[1,2],[3,4]]","[1.0, 0.7, 0.9, 0.6]","[1.0, 0.8]","[0.1, 0.2]",40.0,0.35,145.0,"[73.0, 211.0, 179.0]",20,3.6708718141091055,0.18354359070545528,578.2779778856343,3151,23.636363636363633,,0.004360697134419492,0.0022770537806139843,,7.830256756481935e-07,1.199064483068797e-07,5569.034669022418,0.02087862499999993
candidate_0086,stable_2plus2,"[[1,2],[3,4]]","[1.0, 0.7, 0.9, 0.6]","[1.0, 0.8]","[0.1, 0.2]",40.0,0.35,80.0,"[73.0, 211.0, 179.0]",20,3.6708718141091055,0.18354359070545528,578.2779778856343,3151,23.636363636363633,,0.0043722213082769594,0.0022782353679554096,,7.850975039048878e-07,1.5499578480758732e-07,5569.016952073562,0.020625499999999963
candidate_0390,stable_2plus2,"[[1,2],[3,4]]","[1.0, 1.0, 1.0, 1.0]","[1.0, 0.8]","[0.35, 0.1]",80.0,0.5,0.0,"[0.0, 137.0, 61.0]",10,3.179068245054753,0.3179068245054753,533.145952579004,1678,29.629629629629626,,0.004856944274093827,0.0026696622285464714,,8.724543333020938e-07,4.382312699834589e-07,5566.98968496277,0.011501582999999371
candidate_0581,stable_2plus2,"[[1,2],[3,4]]","[1.3, 0.3, 0.7, 0.7]","[1.0, 0.8]","[0.1, 0.2]",40.0,0.35,0.0,"[0.0, 137.0, 61.0]",10,3.7997133175159234,0.37997133175159237,596.0752959477661,1569,23.636363636363633,,0.01421269188656447,0.0073852505692915795,,2.5699903102203126e-06,1.0290907890574553e-06,5530.251156996031,0.010795207999997558
candidate_0068,stable_2plus2,"[[1,2],[3,4]]","[1.3, 0.3, 0.7, 0.7]","[1.0, 0.55]","[0.35, 0.1]",40.0,0.35,0.0,"[0.0, 137.0, 61.0]",10,2.1660071443169624,0.21660071443169623,596.0752959477661,2752,19.25925925925926,,0.005971375167861663,0.0032738565975713382,,1.0936394988914231e-06,4.6943691668777305e-07,5460.094641712007,0.0183601659999999
candidate_0298,stable_2plus2,"[[1,2],[3,4]]","[1.3, 0.3, 0.7, 0.7]","[1.0, 0.8]","[0.0, 0.0]",40.0,0.35,145.0,"[0.0, 137.0, 61.0]",10,3.7997133175159234,0.37997133175159237,596.0752959477661,1569,26.0,,0.0036067348155839067,0.0022260154858335054,,6.884948535496447e-07,2.0544633864666824e-07,5238.579194875331,0.01094204199999993
candidate_0564,stable_2plus2,"[[1,2],[3,4]]","[1.0, 1.0, 1.0, 1.0]","[1.0, 1.0]","[0.0, 0.0]",80.0,0.5,145.0,"[0.0, 137.0, 61.0]",20,4.442882938158366,0.2221441469079183,533.145952579004,2400,40.0,,0.00026290111802683186,0.00015669402399886808,,5.085908879100699e-08,2.639652819956244e-08,5169.206218128677,0.015679125000001903
candidate_0015,stable_2plus2,"[[1,2],[3,4]]","[1.0, 1.0, 1.0, 1.0]","[1.0, 0.55]","[0.35, 0.1]",40.0,0.35,35.0,"[73.0, 211.0, 179.0]",10,1.8122115948372268,0.1812211594837227,533.145952579004,2942,19.25925925925926,,0.005896812040117483,0.0032331597162061233,,1.1411933176585166e-06,2.5342371654336897e-07,5167.233236360404,0.019450791000000023
candidate_0002,stable_2plus2,"[[1,2],[3,4]]","[1.3, 0.3, 0.7, 0.7]","[1.0, 1.0]","[0.35, 0.1]",80.0,0.5,35.0,"[0.0, 137.0, 61.0]",20,4.967294132898051,0.24836470664490254,637.2312954732635,2566,29.629629629629626,,0.0017942027843154734,0.0009745418941413671,,3.543440864308564e-07,1.675691608284504e-07,5063.447798403088,0.01720870799999996
candidate_0360,stable_2plus2,"[[1,2],[3,4]]","[1.0, 0.2, 0.8, 0.15]","[1.0, 0.8]","[0.1, 0.2]",40.0,0.35,35.0,"[73.0, 211.0, 179.0]",40,4.612677018532275,0.11531692546330688,688.2884651454572,5969,23.636363636363633,,0.0010291894741181968,0.0005303706520069902,,2.0351571446080734e-07,4.680901567339811e-08,5057.051622990991,0.039277499999998966
candidate_0620,stable_2plus2,"[[1,2],[3,4]]","[1.0, 0.7, 0.9, 0.6]","[1.0, 1.0]","[0.5, 0.4]",40.0,0.35,0.0,"[73.0, 211.0, 179.0]",20,4.818983149046953,0.24094915745234763,615.6239184776948,2555,17.333333333333332,,0.010981694105390285,0.004998935036952682,,2.2101258571042896e-06,4.200201059941238e-07,4968.809387071973,0.016850583000000086
candidate_0267,stable_2plus2,"[[1,2],[3,4]]","[1.0, 0.7, 0.9, 0.6]","[1.0, 0.8]","[0.35, 0.1]",40.0,0.35,145.0,"[0.0, 137.0, 61.0]",10,3.6708718141091055,0.36708718141091057,578.2779778856343,1576,19.25925925925926,,0.004230831064507456,0.0023108255972622534,,8.642574246829589e-07,2.1841599100142946e-07,4895.336671315817,0.011030708999999916
candidate_0138,stable_2plus2,"[[1,2],[3,4]]","[1.0, 0.2, 0.8, 0.15]","[1.0, 1.0]","[0.5, 0.4]",40.0,0.35,35.0,"[73.0, 211.0, 179.0]",40,5.735737209545476,0.1433934302386369,773.5694528766917,5395,17.333333333333332,,0.0022957596988043855,0.0010275360403491686,,4.992691248010536e-07,7.684648967235446e-08,4598.2408780418555,0.03492583299999996
candidate_0334,stable_2plus2,"[[1,2],[3,4]]","[1.0, 0.7, 0.9, 0.6]","[1.0, 0.8]","[0.0, 0.0]",40.0,0.35,145.0,"[0.0, 137.0, 61.0]",10,3.6708718141091055,0.36708718141091057,578.2779778856343,1576,26.0,,0.00292523593858819,0.0018000599510364663,,6.509829599221086e-07,1.9183686193141122e-07,4493.567602657679,0.010430916999998985
candidate_0569,stable_2plus2,"[[1,2],[3,4]]","[1.0, 0.2, 0.8, 0.15]","[1.0, 0.8]","[0.5, 0.4]",20.0,0.2,145.0,"[0.0, 137.0, 61.0]",10,4.612677018532275,0.4612677018532275,688.2884651454572,1493,10.666666666666666,,0.3807667325890685,0.14041073339510832,,8.6001008774933e-05,5.756183706364046e-05,4427.468212443246,0.01005775000000142
candidate_0066,stable_2plus2,"[[1,2],[3,4]]","[1.3, 0.3, 0.7, 0.7]","[1.0, 1.0]","[0.1, 0.2]",40.0,0.35,35.0,"[0.0, 137.0, 61.0]",40,4.967294132898051,0.12418235332245127,637.2312954732635,5132,21.666666666666668,,0.0011232645281698554,0.0005720958091666427,,2.540349258573598e-07,1.0426489198505276e-07,4421.693294254219,0.03392854199999995
candidate_0293,stable_2plus2,"[[1,2],[3,4]]","[1.0, 1.0, 1.0, 1.0]","[1.0, 1.0]","[0.35, 0.1]",80.0,0.5,145.0,"[0.0, 137.0, 61.0]",10,4.442882938158366,0.4442882938158366,533.145952579004,1200,29.629629629629626,,0.0043450427830199695,0.0023920791435020194,,9.989631373562884e-07,6.798230059405575e-07,4349.552671702113,0.008539750000000623
candidate_0287,stable_2plus2,"[[1,2],[3,4]]","[1.3, 0.3, 0.7, 0.7]","[1.0, 0.8]","[0.5, 0.4]",20.0,0.2,145.0,"[73.0, 211.0, 179.0]",20,3.7997133175159234,0.18998566587579618,596.0752959477661,3138,10.666666666666666,,0.01640318857413524,0.007372816079633111,,3.812708395483546e-06,7.17619520880422e-07,4302.240526331914,0.02085479099999965
candidate_0432,stable_2plus2,"[[1,2],[3,4]]","[1.3, 0.3, 0.7, 0.7]","[1.0, 1.0]","[0.0, 0.0]",80.0,0.5,145.0,"[0.0, 137.0, 61.0]",20,4.967294132898051,0.24836470664490254,637.2312954732635,2566,40.0,,0.00022611188284701888,0.00013423489908258624,,5.3178796001425123e-08,1.8993939379524588e-08,4251.918054725409,0.01680779199999982
candidate_0010,stable_2plus2,"[[1,2],[3,4]]","[1.0, 0.2, 0.8, 0.15]","[1.0, 1.0]","[0.5, 0.4]",40.0,0.35,0.0,"[73.0, 211.0, 179.0]",20,5.735737209545476,0.2867868604772738,773.5694528766917,2698,17.333333333333332,,0.00835667170578337,0.0037781825762005215,,2.0128907085399424e-06,3.8934680091085896e-07,4151.577465348287,0.018287249999999977
candidate_0400,stable_2plus2,"[[1,2],[3,4]]","[1.3, 0.3, 0.7, 0.7]","[1.0, 1.0]","[0.1, 0.2]",40.0,0.35,80.0,"[0.0, 137.0, 61.0]",10,4.967294132898051,0.4967294132898051,637.2312954732635,1283,21.666666666666668,,0.011814689527170238,0.00614750866042517,,2.859188986155743e-06,1.0746930780906039e-06,4132.1820923266105,0.008941708000000048
candidate_0482,stable_2plus2,"[[1,2],[3,4]]","[1.3, 0.3, 0.7, 0.7]","[1.0, 0.55]","[0.5, 0.4]",12.0,0.0,80.0,"[73.0, 211.0, 179.0]",40,2.1660071443169624,0.05415017860792406,596.0752959477661,11008,8.0,,0.005053658987214065,0.0022469525748677346,,1.2749786488208612e-06,3.6154332728001977e-07,3963.720484172689,0.07120370900000061
candidate_0412,stable_2plus2,"[[1,2],[3,4]]","[1.0, 0.2, 0.8, 0.15]","[1.0, 0.8]","[0.0, 0.0]",80.0,0.5,35.0,"[73.0, 211.0, 179.0]",40,4.612677018532275,0.11531692546330688,688.2884651454572,5969,40.0,,1.5191845943502802e-05,8.874169562085652e-06,,3.938878347077378e-09,1.5754164595698961e-09,3856.8964575346818,0.038246084000000735
candidate_0523,stable_2plus2,"[[1,2],[3,4]]","[1.0, 1.0, 1.0, 1.0]","[1.0, 1.0]","[0.0, 0.0]",80.0,0.5,80.0,"[73.0, 211.0, 179.0]",40,4.442882938158366,0.11107207345395916,533.145952579004,4800,40.0,,1.799677359692015e-05,1.056481226414041e-05,,4.667585984615814e-09,2.3556847092711157e-09,3855.6919264555236,0.030134625000000526
candidate_0406,stable_2plus2,"[[1,2],[3,4]]","[1.0, 1.0, 1.0, 1.0]","[1.0, 0.8]","[0.5, 0.4]",40.0,0.35,0.0,"[0.0, 137.0, 61.0]",10,3.179068245054753,0.3179068245054753,533.145952579004,1678,17.333333333333332,,0.043162187827466364,0.0186349601290174,,1.1374944606958344e-05,4.589072313672091e-06,3794.4965288941235,0.011857333000000025
candidate_0633,stable_2plus2,"[[1,2],[3,4]]","[1.0, 0.7, 0.9, 0.6]","[1.0, 0.55]","[0.1, 0.2]",20.0,0.2,35.0,"[0.0, 137.0, 61.0]",40,2.092561704215668,0.0523140426053917,578.2779778856343,11054,14.545454545454545,,0.001330816875206166,0.0006741839243416175,,3.538007566112429e-07,1.1145821075455775e-07,3761.4867982559767,0.06897291699999997
candidate_0619,stable_2plus2,"[[1,2],[3,4]]","[1.3, 0.3, 0.7, 0.7]","[1.0, 1.0]","[0.1, 0.2]",40.0,0.35,145.0,"[73.0, 211.0, 179.0]",40,4.967294132898051,0.12418235332245127,637.2312954732635,5132,21.666666666666668,,0.0012141413866858359,0.0006194456133912572,,3.38025191020772e-07,5.054942199136763e-08,3591.8665795864476,0.03277254099999993
candidate_0603,stable_2plus2,"[[1,2],[3,4]]","[1.0, 1.0, 1.0, 1.0]","[1.0, 0.8]","[0.35, 0.1]",40.0,0.35,80.0,"[73.0, 211.0, 179.0]",40,3.179068245054753,0.07947670612636883,533.145952579004,6709,19.25925925925926,,0.0006135811867445393,0.0003378486980800348,,1.7531055979614788e-07,3.709498719278656e-08,3499.967072479918,0.042912583999999754
candidate_0470,stable_2plus2,"[[1,2],[3,4]]","[1.0, 0.7, 0.9, 0.6]","[1.0, 1.0]","[0.35, 0.1]",80.0,0.5,145.0,"[0.0, 137.0, 61.0]",10,4.818983149046953,0.48189831490469526,615.6239184776948,1278,29.629629629629626,,0.003599104259072233,0.001969119473212635,,1.0299424008186632e-06,6.907470193399247e-07,3494.471395887224,0.008775999999999229
candidate_0279,stable_2plus2,"[[1,2],[3,4]]","[1.3, 0.3, 0.7, 0.7]","[1.0, 0.8]","[0.35, 0.1]",40.0,0.35,35.0,"[0.0, 137.0, 61.0]",40,3.7997133175159234,0.09499283293789809,596.0752959477661,6275,19.25925925925926,,0.0006231964471156393,0.00033851989638922886,,1.8550938569759817e-07,8.794019776654852e-08,3359.3796064395465,0.04066420800000081
candidate_0177,stable_2plus2,"[[1,2],[3,4]]","[1.3, 0.3, 0.7, 0.7]","[1.0, 0.8]","[0.35, 0.1]",40.0,0.35,145.0,"[73.0, 211.0, 179.0]",40,3.7997133175159234,0.09499283293789809,596.0752959477661,6275,19.25925925925926,,0.0006649011357141719,0.0003671370351320721,,1.9805955524419043e-07,3.145761396629911e-08,3357.0767888194327,0.04049037500000008
candidate_0094,stable_2plus2,"[[1,2],[3,4]]","[1.0, 1.0, 1.0, 1.0]","[1.0, 0.55]","[0.5, 0.4]",12.0,0.0,35.0,"[73.0, 211.0, 179.0]",40,1.8122115948372268,0.04530528987093067,533.145952579004,11768,8.0,,0.004820341645574017,0.0021476100235230332,,1.4383084578595353e-06,4.5588793426411717e-07,3351.3963011436103,0.07569004200000018
candidate_0447,stable_2plus2,"[[1,2],[3,4]]","[1.3, 0.3, 0.7, 0.7]","[1.0, 1.0]","[0.0, 0.0]",80.0,0.5,80.0,"[73.0, 211.0, 179.0]",40,4.967294132898051,0.12418235332245127,637.2312954732635,5132,40.0,,1.5333382189143825e-05,8.95974158126876e-06,,4.7025537760792205e-09,1.9869158322937866e-09,3260.650046606828,0.03265724999999975
candidate_0332,stable_2plus2,"[[1,2],[3,4]]","[1.3, 0.3, 0.7, 0.7]","[1.0, 0.8]","[0.5, 0.4]",20.0,0.2,35.0,"[73.0, 211.0, 179.0]",20,3.7997133175159234,0.18998566587579618,596.0752959477661,3138,10.666666666666666,,0.016296064177811584,0.0073650327145653,,5.167117044572028e-06,1.1603248464964996e-06,3153.8020209800225,0.020772790999998847
candidate_0455,stable_2plus2,"[[1,2],[3,4]]","[1.3, 0.3, 0.7, 0.7]","[1.0, 0.8]","[0.5, 0.4]",40.0,0.35,145.0,"[0.0, 137.0, 61.0]",10,3.7997133175159234,0.37997133175159237,596.0752959477661,1569,17.333333333333332,,0.046853489556086605,0.020278434422736722,,1.5219063259055857e-05,1.0540714120616564e-05,3078.605348999203,0.010922834000000492
candidate_0241,stable_2plus2,"[[1,2],[3,4]]","[1.0, 1.0, 1.0, 1.0]","[1.0, 0.55]","[0.5, 0.4]",12.0,0.0,0.0,"[0.0, 137.0, 61.0]",40,1.8122115948372268,0.04530528987093067,533.145952579004,11768,8.0,,0.0047068628958154566,0.0020625707488471415,,1.5298821265412307e-06,5.485187011876005e-07,3076.618004850327,0.07597837500000004
candidate_0457,stable_2plus2,"[[1,2],[3,4]]","[1.0, 1.0, 1.0, 1.0]","[1.0, 0.55]","[0.5, 0.4]",20.0,0.2,35.0,"[73.0, 211.0, 179.0]",10,1.8122115948372268,0.1812211594837227,533.145952579004,2942,10.666666666666666,,0.0542444586740315,0.02736022373702856,,1.7676447714030625e-05,6.773726146971899e-06,3068.7420658040432,0.02017495800000013
candidate_0396,stable_2plus2,"[[1,2],[3,4]]","[1.3, 0.3, 0.7, 0.7]","[1.0, 0.8]","[0.35, 0.1]",40.0,0.35,80.0,"[73.0, 211.0, 179.0]",20,3.7997133175159234,0.18998566587579618,596.0752959477661,3138,19.25925925925926,,0.0023307154851562152,0.001276104391951075,,7.627528381418248e-07,1.6691855107208166e-07,3055.6628158004264,0.021043875000000156
candidate_0225,stable_2plus2,"[[1,2],[3,4]]","[1.0, 1.0, 1.0, 1.0]","[1.0, 0.8]","[0.35, 0.1]",40.0,0.35,35.0,"[0.0, 137.0, 61.0]",40,3.179068245054753,0.07947670612636883,533.145952579004,6709,19.25925925925926,,0.0005733693610988435,0.00031098326446511515,,1.896510003269908e-07,9.496881463311547e-08,3023.2867747085784,0.04393724999999993
candidate_0560,stable_2plus2,"[[1,2],[3,4]]","[1.3, 0.3, 0.7, 0.7]","[1.0, 0.8]","[0.35, 0.1]",40.0,0.35,35.0,"[73.0, 211.0, 179.0]",40,3.7997133175159234,0.09499283293789809,596.0752959477661,6275,19.25925925925926,,0.0006680058409868108,0.00036726241955290786,,2.2423806466144426e-07,4.99086198276748e-08,2979.0028824738984,0.04041649999999919
candidate_0418,stable_2plus2,"[[1,2],[3,4]]","[1.0, 0.2, 0.8, 0.15]","[1.0, 1.0]","[0.35, 0.1]",80.0,0.5,145.0,"[0.0, 137.0, 61.0]",10,5.735737209545476,0.5735737209545476,773.5694528766917,1349,29.629629629629626,,0.0028968844609239017,0.001579930830541608,,9.778615780092457e-07,6.706416737421727e-07,2962.468846379514,0.009574167000000244
candidate_0181,stable_2plus2,"[[1,2],[3,4]]","[1.0, 0.2, 0.8, 0.15]","[1.0, 0.55]","[0.1, 0.2]",20.0,0.2,80.0,"[73.0, 211.0, 179.0]",10,2.62943294445679,0.262943294445679,688.2884651454572,2618,14.545454545454545,,0.012375183939786576,0.006423980522899536,,4.238942504309829e-06,1.0951954789025422e-06,2919.4035840789174,0.01794962499999997
candidate_0307,stable_2plus2,"[[1,2],[3,4]]","[1.3, 0.3, 0.7, 0.7]","[1.0, 0.8]","[0.35, 0.1]",40.0,0.35,35.0,"[0.0, 137.0, 61.0]",20,3.7997133175159234,0.18998566587579618,596.0752959477661,3138,19.25925925925926,,0.0021674276469430204,0.0011728200551294735,,7.46334672150367e-07,3.5799723453661816e-07,2904.0961485792263,0.020961334000000775
candidate_0186,stable_2plus2,"[[1,2],[3,4]]","[1.0, 0.7, 0.9, 0.6]","[1.0, 0.55]","[0.1, 0.2]",20.0,0.2,80.0,"[0.0, 137.0, 61.0]",10,2.092561704215668,0.2092561704215668,578.2779778856343,2764,14.545454545454545,,0.013502492352795986,0.006942700077458441,,4.902246525207399e-06,1.3286412127341068e-06,2754.3478858857957,0.01815425000000026
candidate_0007,stable_2plus2,"[[1,2],[3,4]]","[1.0, 0.2, 0.8, 0.15]","[1.0, 1.0]","[0.1, 0.2]",40.0,0.35,35.0,"[0.0, 137.0, 61.0]",40,5.735737209545476,0.1433934302386369,773.5694528766917,5395,21.666666666666668,,0.0006752116719977402,0.00034248909537426363,,2.5047855741948985e-07,1.1341177632411653e-07,2695.686524842632,0.035168292000000045
candidate_0362,stable_2plus2,"[[1,2],[3,4]]","[1.0, 1.0, 1.0, 1.0]","[1.0, 0.8]","[0.35, 0.1]",40.0,0.35,35.0,"[73.0, 211.0, 179.0]",20,3.179068245054753,0.15895341225273765,533.145952579004,3355,19.25925925925926,,0.0021422215007297933,0.0011740707978558278,,8.074541118461978e-07,1.813102067348544e-07,2653.0566496611505,0.022518375000000646
candidate_0148,stable_2plus2,"[[1,2],[3,4]]","[1.3, 0.3, 0.7, 0.7]","[1.0, 0.8]","[0.35, 0.1]",40.0,0.35,0.0,"[0.0, 137.0, 61.0]",20,3.7997133175159234,0.18998566587579618,596.0752959477661,3138,19.25925925925926,,0.0021688471713418615,0.0011731519389864757,,8.197789737573607e-07,4.0103155230111545e-07,2645.6486940634804,0.020980624999999975
candidate_0410,stable_2plus2,"[[1,2],[3,4]]","[1.0, 1.0, 1.0, 1.0]","[1.0, 0.55]","[0.5, 0.4]",20.0,0.2,0.0,"[73.0, 211.0, 179.0]",10,1.8122115948372268,0.1812211594837227,533.145952579004,2942,10.666666666666666,,0.05427329073128063,0.02736168259650152,,2.078365289147157e-05,9.489624005259013e-06,2611.345128533748,0.020573290999999827
candidate_0249,stable_2plus2,"[[1,2],[3,4]]","[1.3, 0.3, 0.7, 0.7]","[1.0, 0.8]","[0.5, 0.4]",20.0,0.2,35.0,"[0.0, 137.0, 61.0]",20,3.7997133175159234,0.18998566587579618,596.0752959477661,3138,10.666666666666666,,0.015698861311997526,0.006957411069314684,,6.044340792352372e-06,2.099830312766088e-06,2597.2826237495706,0.020965958999999756
candidate_0043,stable_2plus2,"[[1,2],[3,4]]","[1.0, 0.2, 0.8, 0.15]","[1.0, 0.55]","[0.1, 0.2]",20.0,0.2,0.0,"[0.0, 137.0, 61.0]",20,2.62943294445679,0.1314716472228395,688.2884651454572,5236,14.545454545454545,,0.0041046429701283365,0.0020617754847143495,,1.6314213496743543e-06,4.872920832676438e-07,2515.991942208957,0.03430504199999995
candidate_0582,stable_2plus2,"[[1,2],[3,4]]","[1.0, 0.2, 0.8, 0.15]","[1.0, 1.35]","[0.1, 0.2]",80.0,0.5,0.0,"[0.0, 137.0, 61.0]",10,5.735737209545476,0.5735737209545476,1213.3887512911153,2116,24.691358024691358,,0.003188310540171725,0.0016302123169708556,,1.2807876541884947e-06,5.775740942311419e-07,2489.335784698701,0.014249792000001094
candidate_0615,stable_2plus2,"[[1,2],[3,4]]","[1.3, 0.3, 0.7, 0.7]","[1.0, 0.55]","[0.35, 0.1]",20.0,0.2,145.0,"[0.0, 137.0, 61.0]",40,2.1660071443169624,0.05415017860792406,596.0752959477661,11008,11.851851851851851,,0.0006906633108198142,0.00037239106847431706,,2.841560278069314e-07,5.2044011373623936e-08,2430.577722212117,0.06938741600000142
candidate_0323,stable_2plus2,"[[1,2],[3,4]]","[1.0, 0.2, 0.8, 0.15]","[1.0, 0.55]","[0.5, 0.4]",12.0,0.0,35.0,"[73.0, 211.0, 179.0]",40,2.62943294445679,0.06573582361141975,688.2884651454572,10471,8.0,,0.0035809759880654603,0.0016068509537790951,,1.4837494765094964e-06,4.6090167608457137e-07,2413.4640279635787,0.06694295800000027
candidate_0247,stable_2plus2,"[[1,2],[3,4]]","[1.0, 0.7, 0.9, 0.6]","[1.0, 0.8]","[0.5, 0.4]",20.0,0.2,80.0,"[0.0, 137.0, 61.0]",20,3.6708718141091055,0.18354359070545528,578.2779778856343,3151,10.666666666666666,,0.01285151439422496,0.005685365585089982,,5.338058404847611e-06,1.627934051384067e-06,2407.5259990700383,0.021062582999999968
candidate_0509,stable_2plus2,"[[1,2],[3,4]]","[1.0, 0.2, 0.8, 0.15]","[1.0, 1.0]","[0.1, 0.2]",40.0,0.35,145.0,"[73.0, 211.0, 179.0]",20,5.735737209545476,0.2867868604772738,773.5694528766917,2698,21.666666666666668,,0.002671567347844693,0.0013636327200118408,,1.1144817393770483e-06,1.806314110938758e-07,2397.1387358378743,0.018693165999998484
candidate_0558,stable_2plus2,"[[1,2],[3,4]]","[1.0, 0.2, 0.8, 0.15]","[1.0, 0.55]","[0.1, 0.2]",20.0,0.2,0.0,"[73.0, 211.0, 179.0]",10,2.62943294445679,0.262943294445679,688.2884651454572,2618,14.545454545454545,,0.012396270007175865,0.006431994219777273,,5.339640379636843e-06,1.5044632432235243e-06,2321.555222042679,0.01725020899999663
candidate_0111,stable_2plus2,"[[1,2],[3,4]]","[1.0, 0.2, 0.8, 0.15]","[1.0, 0.8]","[0.35, 0.1]",40.0,0.35,80.0,"[73.0, 211.0, 179.0]",40,4.612677018532275,0.11531692546330688,688.2884651454572,5969,19.25925925925926,,0.00046218112205653007,0.00025170934868218206,,2.015396106207064e-07,4.041000582539529e-08,2293.252034342499,0.038966374999999775
candidate_0379,stable_2plus2,"[[1,2],[3,4]]","[1.0, 0.7, 0.9, 0.6]","[1.0, 0.8]","[0.5, 0.4]",20.0,0.2,145.0,"[73.0, 211.0, 179.0]",20,3.6708718141091055,0.18354359070545528,578.2779778856343,3151,10.666666666666666,,0.013450839198766874,0.006013874788024835,,5.919561090986331e-06,7.113935343503374e-07,2272.2696821641657,0.02120562500000034
candidate_0566,stable_2plus2,"[[1,2],[3,4]]","[1.0, 0.2, 0.8, 0.15]","[1.0, 1.35]","[0.0, 0.0]",80.0,0.5,145.0,"[73.0, 211.0, 179.0]",10,5.735737209545476,0.5735737209545476,1213.3887512911153,2116,29.629629629629626,,0.0002570050770297504,0.00015268900854797528,,1.150344189358034e-07,1.639061570073985e-08,2234.158084226737,0.01411383399999977
candidate_0214,stable_2plus2,"[[1,2],[3,4]]","[1.0, 1.0, 1.0, 1.0]","[1.0, 1.0]","[0.5, 0.4]",20.0,0.2,0.0,"[73.0, 211.0, 179.0]",40,4.442882938158366,0.11107207345395916,533.145952579004,4800,10.666666666666666,,0.0038988781254157864,0.0017234751238564285,,1.7843632289582634e-06,5.534042009597279e-07,2185.024922135392,0.03186162500000034
candidate_0292,stable_2plus2,"[[1,2],[3,4]]","[1.0, 0.2, 0.8, 0.15]","[1.0, 0.55]","[0.5, 0.4]",12.0,0.0,80.0,"[0.0, 137.0, 61.0]",20,2.62943294445679,0.1314716472228395,688.2884651454572,5236,8.0,,0.012183711874265202,0.005360200836869485,,5.60911839378027e-06,1.4518923234536247e-06,2172.1259953748236,0.03470554199999931
candidate_0348,stable_2plus2,"[[1,2],[3,4]]","[1.0, 0.7, 0.9, 0.6]","[1.0, 0.55]","[0.1, 0.2]",20.0,0.2,0.0,"[0.0, 137.0, 61.0]",10,2.092561704215668,0.2092561704215668,578.2779778856343,2764,14.545454545454545,,0.013593240754007068,0.006951243081960582,,6.260803594010607e-06,1.9627918094609264e-06,2171.1654981496354,0.0185740420000009
candidate_0583,stable_2plus2,"[[1,2],[3,4]]","[1.0, 1.0, 1.0, 1.0]","[1.0, 0.55]","[0.35, 0.1]",20.0,0.2,145.0,"[73.0, 211.0, 179.0]",20,1.8122115948372268,0.09061057974186135,533.145952579004,5884,11.851851851851851,,0.0024550771438342687,0.001333623872156156,,1.1359878388785461e-06,1.9123951445517507e-07,2161.182593519606,0.037485333000002896
candidate_0073,stable_2plus2,"[[1,2],[3,4]]","[1.3, 0.3, 0.7, 0.7]","[1.0, 0.55]","[0.1, 0.2]",12.0,0.0,145.0,"[73.0, 211.0, 179.0]",40,2.1660071443169624,0.05415017860792406,596.0752959477661,11008,10.909090909090908,,0.0016042900648124065,0.000808993169611955,,7.487456395153421e-07,1.9967399897402834e-07,2142.6369385614753,0.0708138749999998
candidate_0042,stable_2plus2,"[[1,2],[3,4]]","[1.3, 0.3, 0.7, 0.7]","[1.0, 1.0]","[0.1, 0.2]",40.0,0.35,0.0,"[73.0, 211.0, 179.0]",10,4.967294132898051,0.4967294132898051,637.2312954732635,1283,21.666666666666668,,0.012849674637029542,0.006711462826483232,,6.082653217547203e-06,1.3839289647942535e-06,2112.5114612749703,0.008951541999999924
candidate_0325,stable_2plus2,"[[1,2],[3,4]]","[1.0, 0.7, 0.9, 0.6]","[1.0, 0.8]","[0.35, 0.1]",40.0,0.35,35.0,"[0.0, 137.0, 61.0]",20,3.6708718141091055,0.18354359070545528,578.2779778856343,3151,19.25925925925926,,0.0017641773244442213,0.000951283583334809,,8.351701720082657e-07,4.2969316643136744e-07,2112.3567191127618,0.021329959000000898
candidate_0635,stable_2plus2,"[[1,2],[3,4]]","[1.0, 1.0, 1.0, 1.0]","[1.0, 0.55]","[0.35, 0.1]",20.0,0.2,80.0,"[0.0, 137.0, 61.0]",40,1.8122115948372268,0.04530528987093067,533.145952579004,11768,11.851851851851851,,0.0006576321122173356,0.0003535178336671401,,3.3039752580482536e-07,9.087147812510999e-08,1990.4268671969912,0.07365545800000106
candidate_0133,stable_2plus2,"[[1,2],[3,4]]","[1.0, 0.7, 0.9, 0.6]","[1.0, 0.8]","[0.35, 0.1]",40.0,0.35,0.0,"[73.0, 211.0, 179.0]",20,3.6708718141091055,0.18354359070545528,578.2779778856343,3151,19.25925925925926,,0.001898788620739862,0.0010373212431155786,,9.738988219756695e-07,2.039879288024184e-07,1949.6775002642921,0.020704124999999962
candidate_0141,stable_2plus2,"[[1,2],[3,4]]","[1.0, 0.2, 0.8, 0.15]","[1.0, 0.8]","[0.5, 0.4]",20.0,0.2,145.0,"[73.0, 211.0, 179.0]",20,4.612677018532275,0.23063385092661376,688.2884651454572,2985,10.666666666666666,,0.011021031075308007,0.004939471100896859,,5.964035880709934e-06,6.914559074030348e-07,1847.914951510337,0.019580083000000137
candidate_0551,stable_2plus2,"[[1,2],[3,4]]","[1.0, 0.2, 0.8, 0.15]","[1.0, 0.55]","[0.35, 0.1]",20.0,0.2,145.0,"[73.0, 211.0, 179.0]",40,2.62943294445679,0.06573582361141975,688.2884651454572,10471,11.851851851851851,,0.0005429098252768749,0.0002940256847571795,,3.059298993694538e-07,4.987986463713371e-08,1774.6216580852536,0.08503516699999736
candidate_0616,stable_2plus2,"[[1,2],[3,4]]","[1.0, 0.7, 0.9, 0.6]","[1.0, 0.55]","[0.1, 0.2]",12.0,0.0,145.0,"[73.0, 211.0, 179.0]",20,2.092561704215668,0.1046280852107834,578.2779778856343,5527,10.909090909090908,,0.005018167268347276,0.0025391571724883077,,2.971409034718098e-06,6.285905854036895e-07,1688.8173959608887,0.03479791699999879
candidate_0029,stable_2plus2,"[[1,2],[3,4]]","[1.0, 0.7, 0.9, 0.6]","[1.0, 0.55]","[0.1, 0.2]",12.0,0.0,80.0,"[73.0, 211.0, 179.0]",40,2.092561704215668,0.0523140426053917,578.2779778856343,11054,10.909090909090908,,0.001387091111557473,0.0006974227990116001,,8.396995371727218e-07,3.0474859268467177e-07,1651.8898131441456,0.071404209
candidate_0512,stable_2plus2,"[[1,2],[3,4]]","[1.0, 1.0, 1.0, 1.0]","[1.0, 0.8]","[0.35, 0.1]",40.0,0.35,80.0,"[73.0, 211.0, 179.0]",10,3.179068245054753,0.3179068245054753,533.145952579004,1678,19.25925925925926,,0.005152696388022543,0.0027699260502780146,,3.125268979694735e-06,6.128875496872569e-07,1648.7209329821717,0.012080209000000508
candidate_0320,stable_2plus2,"[[1,2],[3,4]]","[1.0, 1.0, 1.0, 1.0]","[1.0, 0.8]","[0.1, 0.2]",20.0,0.2,35.0,"[73.0, 211.0, 179.0]",40,3.179068245054753,0.07947670612636883,533.145952579004,6709,14.545454545454545,,0.0013603590244742206,0.0006872494875121785,,8.29456541488908e-07,2.328748506185694e-07,1640.0606378151183,0.043182041999999754
candidate_0316,stable_2plus2,"[[1,2],[3,4]]","[1.0, 0.7, 0.9, 0.6]","[1.0, 0.8]","[0.0, 0.0]",40.0,0.35,145.0,"[0.0, 137.0, 61.0]",20,3.6708718141091055,0.18354359070545528,578.2779778856343,3151,26.0,,0.000255590068957738,0.00014706936212626896,,1.5805731045421148e-07,4.659887643454109e-08,1617.0721127877305,0.020837667000000337
candidate_0358,stable_2plus2,"[[1,2],[3,4]]","[1.0, 1.0, 1.0, 1.0]","[1.0, 0.55]","[0.35, 0.1]",20.0,0.2,0.0,"[0.0, 137.0, 61.0]",40,1.8122115948372268,0.04530528987093067,533.145952579004,11768,11.851851851851851,,0.0006615008815850526,0.000354313412861589,,4.141643091018847e-07,1.578336867766742e-07,1597.1943188912564,0.07712716700000044
candidate_0026,stable_2plus2,"[[1,2],[3,4]]","[1.3, 0.3, 0.7, 0.7]","[1.0, 0.8]","[0.1, 0.2]",20.0,0.2,35.0,"[73.0, 211.0, 179.0]",20,3.7997133175159234,0.18998566587579618,596.0752959477661,3138,14.545454545454545,,0.005278218238443939,0.0026842468385472836,,3.314297693384634e-06,1.045364599191461e-06,1592.5600916837698,0.020549458000000076
candidate_0480,stable_2plus2,"[[1,2],[3,4]]","[1.0, 1.0, 1.0, 1.0]","[1.0, 1.0]","[0.35, 0.1]",40.0,0.35,145.0,"[73.0, 211.0, 179.0]",40,4.442882938158366,0.11107207345395916,533.145952579004,4800,19.25925925925926,,0.0005625082875385179,0.0003039308367679699,,3.557919092031001e-07,6.630408275798694e-08,1581.0035950463841,0.03117766600000138
candidate_0539,stable_2plus2,"[[1,2],[3,4]]","[1.0, 1.0, 1.0, 1.0]","[1.0, 1.35]","[0.5, 0.4]",40.0,0.35,35.0,"[0.0, 137.0, 61.0]",40,4.442882938158366,0.11107207345395916,836.2704851517306,7530,13.756613756613758,,0.0013957647245644927,0.000600315877649834,,8.917027947282377e-07,2.913894185542093e-07,1565.2801951684776,0.04861720799999958
candidate_0587,stable_2plus2,"[[1,2],[3,4]]","[1.0, 0.7, 0.9, 0.6]","[1.0, 1.35]","[0.35, 0.1]",80.0,0.5,145.0,"[0.0, 137.0, 61.0]",10,4.818983149046953,0.48189831490469526,965.6419794353811,2004,26.93602693602693,,0.0017389555750837113,0.0009465660241786036,,1.119624381316699e-06,8.13652532421444e-07,1553.1597954652143,0.01339158300000065
candidate_0304,stable_2plus2,"[[1,2],[3,4]]","[1.0, 1.0, 1.0, 1.0]","[1.0, 1.0]","[0.5, 0.4]",80.0,0.5,0.0,"[0.0, 137.0, 61.0]",10,4.442882938158366,0.4442882938158366,533.145952579004,1200,26.666666666666668,,0.04784848983940983,0.018296677472013537,,3.086657294090219e-05,2.5982516589138694e-05,1550.1717644852113,0.008718208000001226
candidate_0106,stable_2plus2,"[[1,2],[3,4]]","[1.0, 1.0, 1.0, 1.0]","[1.0, 0.8]","[0.1, 0.2]",20.0,0.2,0.0,"[73.0, 211.0, 179.0]",40,3.179068245054753,0.07947670612636883,533.145952579004,6709,14.545454545454545,,0.0013656754300990538,0.0006875590863815316,,8.963784102684973e-07,2.465297469984421e-07,1523.5478838563117,0.04355433399999997
candidate_0621,stable_2plus2,"[[1,2],[3,4]]","[1.0, 0.7, 0.9, 0.6]","[1.0, 0.8]","[0.1, 0.2]",20.0,0.2,145.0,"[73.0, 211.0, 179.0]",20,3.6708718141091055,0.18354359070545528,578.2779778856343,3151,14.545454545454545,,0.004240668425807079,0.002190794105461055,,2.794723214311848e-06,5.866363181679824e-07,1517.384048656593,0.020290333000001937
candidate_0047,stable_2plus2,"[[1,2],[3,4]]","[1.0, 1.0, 1.0, 1.0]","[1.0, 1.0]","[0.35, 0.1]",40.0,0.35,35.0,"[73.0, 211.0, 179.0]",40,4.442882938158366,0.11107207345395916,533.145952579004,4800,19.25925925925926,,0.0005623937222153293,0.0003031539400720377,,3.7133518248840987e-07,1.0141353264738635e-07,1514.5177422903707,0.03169745800000001
candidate_0562,stable_2plus2,"[[1,2],[3,4]]","[1.0, 1.0, 1.0, 1.0]","[1.0, 1.35]","[0.35, 0.1]",80.0,0.5,0.0,"[0.0, 137.0, 61.0]",20,4.442882938158366,0.2221441469079183,836.2704851517306,3765,26.93602693602693,,0.0007041342133214364,0.00038224995896186346,,4.6839993175634965e-07,2.528994798467432e-07,1503.2756530966149,0.024311208000000306
candidate_0353,stable_2plus2,"[[1,2],[3,4]]","[1.0, 0.2, 0.8, 0.15]","[1.0, 1.0]","[0.0, 0.0]",40.0,0.35,145.0,"[0.0, 137.0, 61.0]",10,5.735737209545476,0.5735737209545476,773.5694528766917,1349,26.0,,0.0014631588828751623,0.0008726320130041511,,9.82631157907632e-07,2.8393299945240554e-07,1489.0214615123168,0.009169124999999667
candidate_0011,stable_2plus2,"[[1,2],[3,4]]","[1.0, 1.0, 1.0, 1.0]","[1.0, 0.8]","[0.35, 0.1]",40.0,0.35,0.0,"[0.0, 137.0, 61.0]",10,3.179068245054753,0.3179068245054753,533.145952579004,1678,19.25925925925926,,0.004881441997917383,0.0026332535735043546,,3.376213067216153e-06,1.80151350671939e-06,1445.8335124987718,0.011451582999999932
candidate_0255,stable_2plus2,"[[1,2],[3,4]]","[1.3, 0.3, 0.7, 0.7]","[1.0, 0.8]","[0.0, 0.0]",40.0,0.35,35.0,"[0.0, 137.0, 61.0]",10,3.7997133175159234,0.37997133175159237,596.0752959477661,1569,26.0,,0.003611154698384962,0.002200610112450514,,2.5449791347908265e-06,1.0631188352408704e-06,1418.9329291620165,0.011258874999999335
candidate_0126,stable_2plus2,"[[1,2],[3,4]]","[1.0, 0.7, 0.9, 0.6]","[1.0, 0.55]","[0.1, 0.2]",12.0,0.0,80.0,"[0.0, 137.0, 61.0]",20,2.092561704215668,0.1046280852107834,578.2779778856343,5527,10.909090909090908,,0.004694192466294194,0.002339210079992819,,3.343855385721085e-06,1.1003831093257813e-06,1403.8263994128788,0.035777125000000076
candidate_0108,stable_2plus2,"[[1,2],[3,4]]","[1.0, 1.0, 1.0, 1.0]","[1.0, 0.55]","[0.35, 0.1]",20.0,0.2,0.0,"[0.0, 137.0, 61.0]",20,1.8122115948372268,0.09061057974186135,533.145952579004,5884,11.851851851851851,,0.002309636563485244,0.0012269350637831296,,1.6713341683105139e-06,6.36402981882882e-07,1381.9118924732838,0.038238333999999874
candidate_0240,stable_2plus2,"[[1,2],[3,4]]","[1.0, 0.7, 0.9, 0.6]","[1.0, 1.0]","[0.5, 0.4]",80.0,0.5,80.0,"[0.0, 137.0, 61.0]",10,4.818983149046953,0.48189831490469526,615.6239184776948,1278,26.666666666666668,,0.0283240029135671,0.013267978071915258,,2.097244285224071e-05,1.744443040459175e-05,1350.5342755310426,0.009069792000000021
candidate_0440,stable_2plus2,"[[1,2],[3,4]]","[1.0, 1.0, 1.0, 1.0]","[1.0, 0.8]","[0.0, 0.0]",40.0,0.35,80.0,"[73.0, 211.0, 179.0]",10,3.179068245054753,0.3179068245054753,533.145952579004,1678,26.0,,0.0033920642918470207,0.002050911113459586,,2.5309307363503327e-06,5.969687884714142e-07,1340.243825375666,0.011341834000001327
candidate_0050,stable_2plus2,"[[1,2],[3,4]]","[1.0, 0.7, 0.9, 0.6]","[1.0, 1.35]","[0.0, 0.0]",80.0,0.5,35.0,"[73.0, 211.0, 179.0]",10,4.818983149046953,0.48189831490469526,965.6419794353811,2004,29.629629629629626,,0.0003745134637918258,0.00022438533416513031,,2.8912499844162806e-07,6.182938917841178e-08,1295.3340797594053,0.013927624999999999
candidate_0019,stable_2plus2,"[[1,2],[3,4]]","[1.3, 0.3, 0.7, 0.7]","[1.0, 0.8]","[0.0, 0.0]",40.0,0.35,0.0,"[0.0, 137.0, 61.0]",10,3.7997133175159234,0.37997133175159237,596.0752959477661,1569,26.0,,0.0036120808047978015,0.002198859299051623,,2.797347180305406e-06,1.1875535448157464e-06,1291.2522372011917,0.010567833999999943
candidate_0309,stable_2plus2,"[[1,2],[3,4]]","[1.3, 0.3, 0.7, 0.7]","[1.0, 0.8]","[0.0, 0.0]",40.0,0.35,35.0,"[73.0, 211.0, 179.0]",10,3.7997133175159234,0.37997133175159237,596.0752959477661,1569,26.0,,0.0036899941126385563,0.00222869844229177,,2.906222168451995e-06,8.116060665620508e-07,1269.6875526911415,0.01091141699999909
candidate_0136,stable_2plus2,"[[1,2],[3,4]]","[1.0, 0.7, 0.9, 0.6]","[1.0, 0.55]","[0.35, 0.1]",20.0,0.2,145.0,"[73.0, 211.0, 179.0]",10,2.092561704215668,0.2092561704215668,578.2779778856343,2764,11.851851851851851,,0.005353799487095544,0.002842054141368233,,4.240594548919187e-06,8.180823964816833e-07,1262.5115241116562,0.01809304200000028
candidate_0012,stable_2plus2,"[[1,2],[3,4]]","[1.0, 0.2, 0.8, 0.15]","[1.0, 1.0]","[0.5, 0.4]",20.0,0.2,80.0,"[73.0, 211.0, 179.0]",40,5.735737209545476,0.1433934302386369,773.5694528766917,5395,10.666666666666666,,0.0021187541659760676,0.0009195577159648854,,1.6888672174513502e-06,3.3751741471895967e-07,1254.5415910040902,0.035086916000000024
candidate_0099,stable_2plus2,"[[1,2],[3,4]]","[1.0, 0.7, 0.9, 0.6]","[1.0, 1.35]","[0.0, 0.0]",80.0,0.5,145.0,"[73.0, 211.0, 179.0]",20,4.818983149046953,0.24094915745234763,965.6419794353811,4008,29.629629629629626,,2.6418795102124138e-05,1.5381883216921685e-05,,2.1071893748830552e-08,3.6008316410399477e-09,1253.7456489211052,0.02579612500000028
candidate_0340,stable_2plus2,"[[1,2],[3,4]]","[1.0, 0.7, 0.9, 0.6]","[1.0, 1.0]","[0.5, 0.4]",20.0,0.2,145.0,"[0.0, 137.0, 61.0]",40,4.818983149046953,0.12047457872617381,615.6239184776948,5110,10.666666666666666,,0.0029864267071023584,0.0012591468092436988,,2.4349641537236595e-06,3.096783184775856e-07,1226.4766618988526,0.03343616699999963
candidate_0257,stable_2plus2,"[[1,2],[3,4]]","[1.0, 0.2, 0.8, 0.15]","[1.0, 1.0]","[0.0, 0.0]",80.0,0.5,0.0,"[73.0, 211.0, 179.0]",40,5.735737209545476,0.1433934302386369,773.5694528766917,5395,40.0,,8.493343093222982e-06,4.733886862746331e-06,,6.962861946880945e-09,2.603828385826824e-09,1219.806332226309,0.03541562500000062
candidate_0550,stable_2plus2,"[[1,2],[3,4]]","[1.0, 0.2, 0.8, 0.15]","[1.0, 1.0]","[0.35, 0.1]",40.0,0.35,80.0,"[0.0, 137.0, 61.0]",20,5.735737209545476,0.2867868604772738,773.5694528766917,2698,19.25925925925926,,0.0010867903229758312,0.0005795043822964508,,8.984709094227793e-07,4.357321183471432e-07,1209.5999008738495,0.01866262499999749
candidate_0547,stable_2plus2,"[[1,2],[3,4]]","[1.0, 1.0, 1.0, 1.0]","[1.0, 0.8]","[0.1, 0.2]",20.0,0.2,35.0,"[0.0, 137.0, 61.0]",40,3.179068245054753,0.07947670612636883,533.145952579004,6709,14.545454545454545,,0.0013022153766373713,0.0006380704672865332,,1.092404437466836e-06,3.3853968397855533e-07,1192.0634263048796,0.042971082999997634
candidate_0049,stable_2plus2,"[[1,2],[3,4]]","[1.0, 0.7, 0.9, 0.6]","[1.0, 0.8]","[0.0, 0.0]",40.0,0.35,145.0,"[73.0, 211.0, 179.0]",10,3.6708718141091055,0.36708718141091057,578.2779778856343,1576,26.0,,0.003004116219634053,0.0018135581171459729,,2.522216884700344e-06,4.882358958018785e-07,1191.0618146507895,0.010779749999999977
candidate_0087,stable_2plus2,"[[1,2],[3,4]]","[1.3, 0.3, 0.7, 0.7]","[1.0, 0.8]","[0.1, 0.2]",20.0,0.2,80.0,"[0.0, 137.0, 61.0]",20,3.7997133175159234,0.18998566587579618,596.0752959477661,3138,14.545454545454545,,0.004917396160735037,0.002474281119706947,,4.162544589185308e-06,9.140992437687742e-07,1181.343780319112,0.021024500000000224
candidate_0069,stable_2plus2,"[[1,2],[3,4]]","[1.0, 0.7, 0.9, 0.6]","[1.0, 1.0]","[0.35, 0.1]",40.0,0.35,80.0,"[73.0, 211.0, 179.0]",40,4.818983149046953,0.12047457872617381,615.6239184776948,5110,19.25925925925926,,0.0004366868182848678,0.00023430098597491527,,3.719137884442988e-07,6.715162991066406e-08,1174.1614101254813,0.0335040000000002
candidate_0018,stable_2plus2,"[[1,2],[3,4]]","[1.0, 0.2, 0.8, 0.15]","[1.0, 1.0]","[0.5, 0.4]",40.0,0.35,145.0,"[0.0, 137.0, 61.0]",10,5.735737209545476,0.5735737209545476,773.5694528766917,1349,17.333333333333332,,0.02366694127564627,0.010287195848721264,,2.0165718338366974e-05,1.173974335514355e-05,1173.6225250462774,0.00973962500000003
candidate_0448,stable_2plus2,"[[1,2],[3,4]]","[1.0, 1.0, 1.0, 1.0]","[1.0, 0.8]","[0.1, 0.2]",20.0,0.2,0.0,"[0.0, 137.0, 61.0]",40,3.179068245054753,0.07947670612636883,533.145952579004,6709,14.545454545454545,,0.0013024169265756665,0.0006381527704683534,,1.157058461995202e-06,3.7089660077081514e-07,1125.6275887130303,0.04396029200000129
candidate_0456,stable_2plus2,"[[1,2],[3,4]]","[1.0, 0.7, 0.9, 0.6]","[1.0, 0.8]","[0.5, 0.4]",12.0,0.0,145.0,"[0.0, 137.0, 61.0]",40,3.6708718141091055,0.09177179535272764,578.2779778856343,6302,8.0,,0.0035590459906525655,0.0014734009876138268,,3.1643147778894427e-06,5.355289105650477e-07,1124.7446099614665,0.04047570799999889
candidate_0311,stable_2plus2,"[[1,2],[3,4]]","[1.3, 0.3, 0.7, 0.7]","[1.0, 0.8]","[0.5, 0.4]",12.0,0.0,80.0,"[73.0, 211.0, 179.0]",20,3.7997133175159234,0.18998566587579618,596.0752959477661,3138,8.0,,0.01573702460511974,0.006882044630922202,,1.4014031158633746e-05,4.214789484610137e-06,1122.9477390896548,0.02098970799999833
candidate_0156,stable_2plus2,"[[1,2],[3,4]]","[1.0, 0.7, 0.9, 0.6]","[1.0, 1.0]","[0.35, 0.1]",40.0,0.35,145.0,"[0.0, 137.0, 61.0]",10,4.818983149046953,0.48189831490469526,615.6239184776948,1278,19.25925925925926,,0.003586991474000087,0.0019356183083410812,,3.2577922710190527e-06,1.3187730796850744e-06,1101.049783287152,0.009165458000000015
candidate_0178,stable_2plus2,"[[1,2],[3,4]]","[1.3, 0.3, 0.7, 0.7]","[1.0, 0.8]","[0.1, 0.2]",20.0,0.2,35.0,"[73.0, 211.0, 179.0]",10,3.7997133175159234,0.37997133175159237,596.0752959477661,1569,14.545454545454545,,0.015064465038867684,0.007729062631937746,,1.3783370470769882e-05,4.343015162096211e-06,1092.9449419367052,0.010709624999999612
candidate_0413,stable_2plus2,"[[1,2],[3,4]]","[1.3, 0.3, 0.7, 0.7]","[1.0, 1.0]","[0.5, 0.4]",20.0,0.2,80.0,"[0.0, 137.0, 61.0]",20,4.967294132898051,0.24836470664490254,637.2312954732635,2566,10.666666666666666,,0.012794653459242055,0.005566840280039418,,1.1912825660149533e-05,2.6705703478808097e-06,1074.0233949735696,0.01740820900000095
candidate_0084,stable_2plus2,"[[1,2],[3,4]]","[1.0, 0.2, 0.8, 0.15]","[1.0, 0.55]","[0.0, 0.0]",40.0,0.35,0.0,"[0.0, 137.0, 61.0]",20,2.62943294445679,0.1314716472228395,688.2884651454572,5236,26.0,,0.0002630588347358146,0.0001521159161016746,,2.470337640774631e-07,9.932134981689773e-08,1064.8699610686676,0.03374829100000021
candidate_0605,stable_2plus2,"[[1,2],[3,4]]","[1.3, 0.3, 0.7, 0.7]","[1.0, 0.8]","[0.1, 0.2]",20.0,0.2,145.0,"[0.0, 137.0, 61.0]",10,3.7997133175159234,0.37997133175159237,596.0752959477661,1569,14.545454545454545,,0.0139153944584325,0.007040051895972373,,1.3352890672513812e-05,2.4383580396456748e-06,1042.1259935181354,0.010902915999999152
candidate_0449,stable_2plus2,"[[1,2],[3,4]]","[1.3, 0.3, 0.7, 0.7]","[1.0, 0.55]","[0.35, 0.1]",20.0,0.2,0.0,"[73.0, 211.0, 179.0]",10,2.1660071443169624,0.21660071443169623,596.0752959477661,2752,11.851851851851851,,0.00629608161761453,0.003367550994783777,,6.064569285835909e-06,1.70978859983359e-06,1038.1745711635829,0.018192166000000398
candidate_0613,stable_2plus2,"[[1,2],[3,4]]","[1.0, 1.0, 1.0, 1.0]","[1.0, 1.0]","[0.35, 0.1]",40.0,0.35,0.0,"[0.0, 137.0, 61.0]",20,4.442882938158366,0.2221441469079183,533.145952579004,2400,19.25925925925926,,0.0018120531114833671,0.0009705036927905328,,1.7743259963968648e-06,9.351686942060679e-07,1021.262786637357,0.01568391700000049
candidate_0232,stable_2plus2,"[[1,2],[3,4]]","[1.0, 0.7, 0.9, 0.6]","[1.0, 1.35]","[0.1, 0.2]",40.0,0.35,80.0,"[73.0, 211.0, 179.0]",10,4.818983149046953,0.48189831490469526,965.6419794353811,2004,16.049382716049383,,0.004452471901220414,0.0022774144302055237,,4.374912167054432e-06,8.866991575586536e-07,1017.7282951529977,0.01375466699999972
candidate_0442,stable_2plus2,"[[1,2],[3,4]]","[1.0, 1.0, 1.0, 1.0]","[1.0, 1.35]","[0.1, 0.2]",40.0,0.35,145.0,"[0.0, 137.0, 61.0]",10,4.442882938158366,0.4442882938158366,836.2704851517306,1883,16.049382716049383,,0.00538558976748216,0.0027115650976176943,,5.332207543696385e-06,7.56744607155131e-07,1010.0112801964887,0.012791958000001102
candidate_0411,stable_2plus2,"[[1,2],[3,4]]","[1.3, 0.3, 0.7, 0.7]","[1.0, 1.35]","[0.1, 0.2]",40.0,0.35,80.0,"[0.0, 137.0, 61.0]",20,4.967294132898051,0.24836470664490254,999.5344089953015,4025,16.049382716049383,,0.001565908308447245,0.0007856903881155837,,1.5651045887067397e-06,3.3321236510072784e-07,1000.5135246208494,0.02708758400000022
candidate_0580,stable_2plus2,"[[1,2],[3,4]]","[1.3, 0.3, 0.7, 0.7]","[1.0, 0.8]","[0.5, 0.4]",20.0,0.2,0.0,"[73.0, 211.0, 179.0]",10,3.7997133175159234,0.37997133175159237,596.0752959477661,1569,10.666666666666666,,0.04978883056045461,0.02380166167024226,,5.0138843388030726e-05,1.9384468436036393e-05,993.0191284057488,0.010778916999999666
candidate_0520,stable_2plus2,"[[1,2],[3,4]]","[1.0, 0.2, 0.8, 0.15]","[1.0, 0.8]","[0.0, 0.0]",40.0,0.35,145.0,"[73.0, 211.0, 179.0]",10,4.612677018532275,0.4612677018532275,688.2884651454572,1493,26.0,,0.002552239417163921,0.001526715748911909,,2.5842781060611155e-06,4.97725809128433e-07,987.6024608876066,0.009662750000000386
candidate_0121,stable_2plus2,"[[1,2],[3,4]]","[1.0, 1.0, 1.0, 1.0]","[1.0, 0.8]","[0.1, 0.2]",20.0,0.2,0.0,"[0.0, 137.0, 61.0]",20,3.179068245054753,0.15895341225273765,533.145952579004,3355,14.545454545454545,,0.004604392419429663,0.0023041164665941086,,4.687398555432944e-06,1.496553994447473e-06,982.2916410837154,0.02244729199999984
candidate_0118,stable_2plus2,"[[1,2],[3,4]]","[1.3, 0.3, 0.7, 0.7]","[1.0, 0.55]","[0.1, 0.2]",12.0,0.0,35.0,"[0.0, 137.0, 61.0]",10,2.1660071443169624,0.21660071443169623,596.0752959477661,2752,10.909090909090908,,0.01552326809536465,0.007821659069497474,,1.5849783570848238e-05,5.969833272873265e-06,979.3993732454409,0.017980041999999585
candidate_0371,stable_2plus2,"[[1,2],[3,4]]","[1.0, 0.7, 0.9, 0.6]","[1.0, 1.0]","[0.0, 0.0]",80.0,0.5,145.0,"[0.0, 137.0, 61.0]",40,4.818983149046953,0.12047457872617381,615.6239184776948,5110,40.0,,1.2051996978015669e-05,6.681989010918213e-06,,1.2524726295618148e-08,4.5874110903565625e-09,962.2563155118315,0.033204499999998305
candidate_0592,stable_2plus2,"[[1,2],[3,4]]","[1.0, 0.2, 0.8, 0.15]","[1.0, 1.35]","[0.1, 0.2]",40.0,0.35,145.0,"[73.0, 211.0, 179.0]",20,5.735737209545476,0.2867868604772738,1213.3887512911153,4231,16.049382716049383,,0.000980007707387703,0.0004858132952526752,,1.0261746178541776e-06,1.5104006283590941e-07,955.0106681034329,0.02708112500000226
candidate_0468,stable_2plus2,"[[1,2],[3,4]]","[1.0, 0.7, 0.9, 0.6]","[1.0, 0.55]","[0.0, 0.0]",20.0,0.2,145.0,"[73.0, 211.0, 179.0]",10,2.092561704215668,0.2092561704215668,578.2779778856343,2764,16.0,,0.0034806790817445902,0.002066917395684808,,3.6630029725907327e-06,8.133197090076131e-07,950.2255684173823,0.01796225000000007
candidate_0464,stable_2plus2,"[[1,2],[3,4]]","[1.0, 1.0, 1.0, 1.0]","[1.0, 0.55]","[0.1, 0.2]",12.0,0.0,0.0,"[0.0, 137.0, 61.0]",10,1.8122115948372268,0.1812211594837227,533.145952579004,2942,10.909090909090908,,0.014841806254608335,0.007453740279279988,,1.562027873164207e-05,6.133610917550354e-06,950.1627025734964,0.020127457999999265
candidate_0312,stable_2plus2,"[[1,2],[3,4]]","[1.3, 0.3, 0.7, 0.7]","[1.0, 1.0]","[0.5, 0.4]",40.0,0.35,80.0,"[0.0, 137.0, 61.0]",10,4.967294132898051,0.4967294132898051,637.2312954732635,1283,17.333333333333332,,0.03515017904651352,0.01629531981842365,,3.7447018635135e-05,2.2519837497233828e-05,938.6642869756672,0.009187041000000562
candidate_0185,stable_2plus2,"[[1,2],[3,4]]","[1.0, 0.2, 0.8, 0.15]","[1.0, 1.0]","[0.5, 0.4]",20.0,0.2,0.0,"[73.0, 211.0, 179.0]",40,5.735737209545476,0.1433934302386369,773.5694528766917,5395,10.666666666666666,,0.00219897994365487,0.0009464767116535281,,2.350836763165949e-06,4.507150508203366e-07,935.403077793216,0.03530187500000004
candidate_0383,stable_2plus2,"[[1,2],[3,4]]","[1.0, 0.7, 0.9, 0.6]","[1.0, 0.55]","[0.5, 0.4]",20.0,0.2,145.0,"[73.0, 211.0, 179.0]",10,2.092561704215668,0.2092561704215668,578.2779778856343,2764,10.666666666666666,,0.04889234651713573,0.024679542622966823,,5.3043270991557157e-05,3.6618770117210516e-05,921.7445606798623,0.018301333000000142
candidate_0366,stable_2plus2,"[[1,2],[3,4]]","[1.0, 0.7, 0.9, 0.6]","[1.0, 1.35]","[0.1, 0.2]",40.0,0.35,0.0,"[73.0, 211.0, 179.0]",10,4.818983149046953,0.48189831490469526,965.6419794353811,2004,16.049382716049383,,0.004468979503903364,0.0022792473293254036,,5.115168094504743e-06,1.119346069628644e-06,873.6720712471632,0.013652541999999102
candidate_0176,stable_2plus2,"[[1,2],[3,4]]","[1.3, 0.3, 0.7, 0.7]","[1.0, 1.35]","[0.1, 0.2]",40.0,0.35,0.0,"[0.0, 137.0, 61.0]",20,4.967294132898051,0.24836470664490254,999.5344089953015,4025,16.049382716049383,,0.0015596980232719974,0.0007870559381324438,,1.8078593635626045e-06,5.580351055660536e-07,862.7319440370763,0.026808332999999962
candidate_0237,stable_2plus2,"[[1,2],[3,4]]","[1.0, 0.2, 0.8, 0.15]","[1.0, 1.35]","[0.1, 0.2]",40.0,0.35,145.0,"[0.0, 137.0, 61.0]",40,5.735737209545476,0.1433934302386369,1213.3887512911153,8462,16.049382716049383,,0.00022977734407098144,0.00011469150896652462,,2.691289789501222e-07,3.8205199335745726e-08,853.7815027105135,0.05407083299999993
candidate_0525,stable_2plus2,"[[1,2],[3,4]]","[1.0, 0.2, 0.8, 0.15]","[1.0, 0.8]","[0.1, 0.2]",20.0,0.2,35.0,"[0.0, 137.0, 61.0]",40,4.612677018532275,0.11531692546330688,688.2884651454572,5969,14.545454545454545,,0.000963677529628607,0.00046477609170996403,,1.1294239009391971e-06,3.5501680059828076e-07,853.2469773547734,0.03826758299999966
candidate_0492,stable_2plus2,"[[1,2],[3,4]]","[1.0, 0.7, 0.9, 0.6]","[1.0, 0.8]","[0.5, 0.4]",12.0,0.0,80.0,"[73.0, 211.0, 179.0]",20,3.6708718141091055,0.18354359070545528,578.2779778856343,3151,8.0,,0.013072123803345825,0.005688202741839253,,1.5505464052308578e-05,4.413558346168459e-06,843.0656289451423,0.021308124999999123
candidate_0017,stable_2plus2,"[[1,2],[3,4]]","[1.3, 0.3, 0.7, 0.7]","[1.0, 1.0]","[0.1, 0.2]",20.0,0.2,145.0,"[0.0, 137.0, 61.0]",40,4.967294132898051,0.12418235332245127,637.2312954732635,5132,13.333333333333334,,0.0011044341111988043,0.0005419954751529082,,1.318979846715917e-06,2.433767235042657e-07,837.3396408964832,0.033653375000000096
candidate_0251,stable_2plus2,"[[1,2],[3,4]]","[1.0, 0.2, 0.8, 0.15]","[1.0, 0.55]","[0.0, 0.0]",20.0,0.2,145.0,"[73.0, 211.0, 179.0]",10,2.62943294445679,0.262943294445679,688.2884651454572,2618,16.0,,0.0029541219254837774,0.0017362675085346565,,3.6068879393612334e-06,7.996517551546902e-07,819.0223747308715,0.0171977080000012
candidate_0190,stable_2plus2,"[[1,2],[3,4]]","[1.3, 0.3, 0.7, 0.7]","[1.0, 1.0]","[0.5, 0.4]",40.0,0.35,80.0,"[73.0, 211.0, 179.0]",10,4.967294132898051,0.4967294132898051,637.2312954732635,1283,17.333333333333332,,0.04294257179287383,0.02050487628821493,,5.374087601112338e-05,2.003575847113014e-05,799.0672088036954,0.009066167000000291
candidate_0374,stable_2plus2,"[[1,2],[3,4]]","[1.0, 0.2, 0.8, 0.15]","[1.0, 1.35]","[0.1, 0.2]",40.0,0.35,0.0,"[73.0, 211.0, 179.0]",20,5.735737209545476,0.2867868604772738,1213.3887512911153,4231,16.049382716049383,,0.0009786354405291202,0.0004807454592584287,,1.2293963354785687e-06,2.417882109222569e-07,796.029248084724,0.027540874999999687
candidate_0517,stable_2plus2,"[[1,2],[3,4]]","[1.3, 0.3, 0.7, 0.7]","[1.0, 1.0]","[0.1, 0.2]",20.0,0.2,35.0,"[73.0, 211.0, 179.0]",40,4.967294132898051,0.12418235332245127,637.2312954732635,5132,13.333333333333334,,0.0011884508358889778,0.00058314521964796,,1.499346017838924e-06,4.134680441004969e-07,792.6461415503983,0.033052959000000826
candidate_0184,stable_2plus2,"[[1,2],[3,4]]","[1.0, 1.0, 1.0, 1.0]","[1.0, 0.55]","[0.35, 0.1]",12.0,0.0,80.0,"[73.0, 211.0, 179.0]",40,1.8122115948372268,0.04530528987093067,533.145952579004,11768,8.888888888888888,,0.0007078955049500352,0.00037652289844622406,,8.951655586247967e-07,3.4684239928673756e-07,790.7984150301132,0.07550566700000072
candidate_0149,stable_2plus2,"[[1,2],[3,4]]","[1.0, 0.2, 0.8, 0.15]","[1.0, 0.55]","[0.1, 0.2]",12.0,0.0,80.0,"[0.0, 137.0, 61.0]",10,2.62943294445679,0.262943294445679,688.2884651454572,2618,10.909090909090908,,0.011189654223685978,0.00551313491854868,,1.4207312097993208e-05,4.633003325794822e-06,787.5982554973593,0.01738754199999981
candidate_0060,stable_2plus2,"[[1,2],[3,4]]","[1.0, 0.2, 0.8, 0.15]","[1.0, 1.0]","[0.5, 0.4]",20.0,0.2,80.0,"[0.0, 137.0, 61.0]",40,5.735737209545476,0.1433934302386369,773.5694528766917,5395,10.666666666666666,,0.002197322333677993,0.0009283577545955623,,2.8128845040191157e-06,6.673167264083366e-07,781.1633682571777,0.03543020900000027
candidate_0065,stable_2plus2,"[[1,2],[3,4]]","[1.0, 0.7, 0.9, 0.6]","[1.0, 0.8]","[0.1, 0.2]",20.0,0.2,0.0,"[73.0, 211.0, 179.0]",10,3.6708718141091055,0.36708718141091057,578.2779778856343,1576,14.545454545454545,,0.012450577356830894,0.006335438089259125,,1.6297057883045847e-05,4.372161800525646e-06,763.9769979453455,0.010724125000000306
candidate_0299,stable_2plus2,"[[1,2],[3,4]]","[1.0, 0.2, 0.8, 0.15]","[1.0, 0.55]","[0.1, 0.2]",12.0,0.0,35.0,"[73.0, 211.0, 179.0]",10,2.62943294445679,0.262943294445679,688.2884651454572,2618,10.909090909090908,,0.012054402794246835,0.006118028961525497,,1.6024252899422586e-05,6.45189097054703e-06,752.259894417992,0.017467583000000175
candidate_0290,stable_2plus2,"[[1,2],[3,4]]","[1.0, 0.2, 0.8, 0.15]","[1.0, 1.0]","[0.0, 0.0]",80.0,0.5,80.0,"[0.0, 137.0, 61.0]",20,5.735737209545476,0.2867868604772738,773.5694528766917,2698,40.0,,0.00012328473260960634,7.013196634416041e-05,,1.6636466998094183e-07,7.038839202560485e-08,741.0511656334811,0.018144417000000246
candidate_0478,stable_2plus2,"[[1,2],[3,4]]","[1.3, 0.3, 0.7, 0.7]","[1.0, 0.8]","[0.0, 0.0]",40.0,0.35,80.0,"[0.0, 137.0, 61.0]",20,3.7997133175159234,0.18998566587579618,596.0752959477661,3138,26.0,,0.00031119785625021877,0.00017872641670630033,,4.2128994887697737e-07,1.5436091947109382e-07,738.6785682396923,0.020636584000000013
candidate_0119,stable_2plus2,"[[1,2],[3,4]]","[1.0, 1.0, 1.0, 1.0]","[1.0, 0.55]","[0.0, 0.0]",40.0,0.35,80.0,"[0.0, 137.0, 61.0]",40,1.8122115948372268,0.04530528987093067,533.145952579004,11768,26.0,,2.2735941338512386e-05,1.2372846869893105e-05,,3.112633525436044e-08,1.1783630557137765e-08,730.4406751619545,0.07486995799999985
candidate_0090,stable_2plus2,"[[1,2],[3,4]]","[1.0, 1.0, 1.0, 1.0]","[1.0, 1.0]","[0.1, 0.2]",20.0,0.2,80.0,"[0.0, 137.0, 61.0]",20,4.442882938158366,0.2221441469079183,533.145952579004,2400,13.333333333333334,,0.004196398090790622,0.002056774820446419,,5.81515524423411e-06,1.9705418207996564e-06,721.6313089751935,0.01590504100000034
candidate_0451,stable_2plus2,"[[1,2],[3,4]]","[1.0, 0.2, 0.8, 0.15]","[1.0, 1.0]","[0.5, 0.4]",20.0,0.2,80.0,"[0.0, 137.0, 61.0]",20,5.735737209545476,0.2867868604772738,773.5694528766917,2698,10.666666666666666,,0.007732110099780868,0.0033032247772211837,,1.0982631121046279e-05,3.007379687227723e-06,704.0307567977623,0.017872458000001146
candidate_0382,stable_2plus2,"[[1,2],[3,4]]","[1.3, 0.3, 0.7, 0.7]","[1.0, 1.0]","[0.1, 0.2]",20.0,0.2,80.0,"[0.0, 137.0, 61.0]",40,4.967294132898051,0.12418235332245127,637.2312954732635,5132,13.333333333333334,,0.0011236051921843953,0.0005470141288783123,,1.5983555569212393e-06,3.970414523451098e-07,702.9757473666807,0.0330315419999998
candidate_0128,stable_2plus2,"[[1,2],[3,4]]","[1.0, 0.2, 0.8, 0.15]","[1.0, 1.0]","[0.5, 0.4]",20.0,0.2,145.0,"[73.0, 211.0, 179.0]",20,5.735737209545476,0.2867868604772738,773.5694528766917,2698,10.666666666666666,,0.00808371501368379,0.0034846525760166805,,1.1558035731499889e-05,2.796332666503157e-06,699.4021476895681,0.018457416999999587
candidate_0167,stable_2plus2,"[[1,2],[3,4]]","[1.3, 0.3, 0.7, 0.7]","[1.0, 0.8]","[0.5, 0.4]",20.0,0.2,80.0,"[0.0, 137.0, 61.0]",10,3.7997133175159234,0.37997133175159237,596.0752959477661,1569,10.666666666666666,,0.05477499044796655,0.021777233748661806,,7.856249910080312e-05,3.56548806250824e-05,697.2154790759017,0.010873290999999341
candidate_0315,stable_2plus2,"[[1,2],[3,4]]","[1.0, 0.2, 0.8, 0.15]","[1.0, 1.0]","[0.0, 0.0]",80.0,0.5,145.0,"[0.0, 137.0, 61.0]",40,5.735737209545476,0.1433934302386369,773.5694528766917,5395,40.0,,8.079881680977146e-06,4.335438051426351e-06,,1.159353717128729e-08,4.1868372898522996e-09,696.9298119807551,0.03442737499999993
candidate_0056,stable_2plus2,"[[1,2],[3,4]]","[1.0, 0.7, 0.9, 0.6]","[1.0, 1.35]","[0.5, 0.4]",80.0,0.5,0.0,"[73.0, 211.0, 179.0]",10,4.818983149046953,0.48189831490469526,965.6419794353811,2004,21.164021164021165,,0.014063027551363934,0.006509206942159464,,2.0441039164563627e-05,9.202596359452983e-06,687.9800698069917,0.013847209000000138
candidate_0102,stable_2plus2,"[[1,2],[3,4]]","[1.0, 0.7, 0.9, 0.6]","[1.0, 0.55]","[0.35, 0.1]",20.0,0.2,0.0,"[0.0, 137.0, 61.0]",10,2.092561704215668,0.2092561704215668,578.2779778856343,2764,11.851851851851851,,0.005144013816206183,0.002706073279110373,,7.509269295353945e-06,2.8842380101988845e-06,685.0218861359563,0.018309665999999947
candidate_0091,stable_2plus2,"[[1,2],[3,4]]","[1.3, 0.3, 0.7, 0.7]","[1.0, 1.35]","[0.0, 0.0]",80.0,0.5,80.0,"[73.0, 211.0, 179.0]",20,4.967294132898051,0.24836470664490254,999.5344089953015,4025,29.629629629629626,,3.426835088192069e-05,1.9658935997248414e-05,,5.0114645428612513e-08,1.0402797767803534e-08,683.7991287543956,0.025878458000000215
candidate_0459,stable_2plus2,"[[1,2],[3,4]]","[1.0, 0.7, 0.9, 0.6]","[1.0, 1.35]","[0.1, 0.2]",40.0,0.35,80.0,"[0.0, 137.0, 61.0]",10,4.818983149046953,0.48189831490469526,965.6419794353811,2004,16.049382716049383,,0.004219840713021305,0.00210313887584085,,6.1985278490075095e-06,1.5908532265542796e-06,680.7811170352286,0.014045625000001394
candidate_0342,stable_2plus2,"[[1,2],[3,4]]","[1.0, 1.0, 1.0, 1.0]","[1.0, 1.35]","[0.5, 0.4]",20.0,0.2,145.0,"[73.0, 211.0, 179.0]",40,4.442882938158366,0.11107207345395916,836.2704851517306,7530,8.465608465608467,,0.0013248639133465032,0.0005406334720737148,,1.9623629178328414e-06,2.858846441196744e-07,675.1370510046287,0.04863141699999929
candidate_0475,stable_2plus2,"[[1,2],[3,4]]","[1.0, 0.7, 0.9, 0.6]","[1.0, 0.55]","[0.5, 0.4]",12.0,0.0,35.0,"[73.0, 211.0, 179.0]",10,2.092561704215668,0.2092561704215668,578.2779778856343,2764,8.0,,0.0469139289814155,0.023478040593836794,,6.98881791247258e-05,2.0810956000691325e-05,671.2713017989873,0.019100874999999462
candidate_0638,stable_2plus2,"[[1,2],[3,4]]","[1.0, 1.0, 1.0, 1.0]","[1.0, 0.55]","[0.35, 0.1]",12.0,0.0,35.0,"[73.0, 211.0, 179.0]",40,1.8122115948372268,0.04530528987093067,533.145952579004,11768,8.888888888888888,,0.0007105766341471677,0.0003786411122068103,,1.0614071033364878e-06,4.6547336327299096e-07,669.466627756212,0.07320679200000058
candidate_0008,stable_2plus2,"[[1,2],[3,4]]","[1.3, 0.3, 0.7, 0.7]","[1.0, 1.0]","[0.1, 0.2]",20.0,0.2,0.0,"[73.0, 211.0, 179.0]",20,4.967294132898051,0.24836470664490254,637.2312954732635,2566,13.333333333333334,,0.004328171473107281,0.0021582539152537605,,6.54083067268241e-06,1.7633558328360313e-06,661.7158721420146,0.017087458
candidate_0211,stable_2plus2,"[[1,2],[3,4]]","[1.0, 0.7, 0.9, 0.6]","[1.0, 1.35]","[0.1, 0.2]",40.0,0.35,35.0,"[0.0, 137.0, 61.0]",20,4.818983149046953,0.24094915745234763,965.6419794353811,4008,16.049382716049383,,0.001211446142847068,0.0006083982615765841,,1.8421815947487054e-06,5.848743461583336e-07,657.6149421427278,0.026297249999999828
candidate_0631,stable_2plus2,"[[1,2],[3,4]]","[1.0, 0.7, 0.9, 0.6]","[1.0, 1.0]","[0.5, 0.4]",20.0,0.2,35.0,"[0.0, 137.0, 61.0]",20,4.818983149046953,0.24094915745234763,615.6239184776948,2555,10.666666666666666,,0.01041255039569994,0.004504134162556134,,1.5912387767633896e-05,6.216362094502323e-06,654.3675624144396,0.016685334000001717
candidate_0254,stable_2plus2,"[[1,2],[3,4]]","[1.0, 1.0, 1.0, 1.0]","[1.0, 0.8]","[0.35, 0.1]",20.0,0.2,35.0,"[73.0, 211.0, 179.0]",40,3.179068245054753,0.07947670612636883,533.145952579004,6709,11.851851851851851,,0.0006207479381326371,0.0003294694291520008,,9.640117732511908e-07,2.576142206378945e-07,643.9215322434552,0.0443623750000004
candidate_0071,stable_2plus2,"[[1,2],[3,4]]","[1.3, 0.3, 0.7, 0.7]","[1.0, 0.55]","[0.35, 0.1]",12.0,0.0,0.0,"[0.0, 137.0, 61.0]",40,2.1660071443169624,0.05415017860792406,596.0752959477661,11008,8.888888888888888,,0.0006978318486827504,0.0003629139012607879,,1.0868273689723435e-06,4.808102508974566e-07,642.0815932732626,0.07081250000000017
candidate_0479,stable_2plus2,"[[1,2],[3,4]]","[1.0, 0.2, 0.8, 0.15]","[1.0, 0.8]","[0.5, 0.4]",20.0,0.2,80.0,"[73.0, 211.0, 179.0]",10,4.612677018532275,0.4612677018532275,688.2884651454572,1493,10.666666666666666,,0.03344673452518662,0.015960727270557692,,5.237505918322248e-05,1.969799823798626e-05,638.6004149070395,0.010244832999999787
candidate_0327,stable_2plus2,"[[1,2],[3,4]]","[1.0, 1.0, 1.0, 1.0]","[1.0, 0.8]","[0.35, 0.1]",20.0,0.2,145.0,"[73.0, 211.0, 179.0]",20,3.179068245054753,0.15895341225273765,533.145952579004,3355,11.851851851851851,,0.002090055094339899,0.001138352317667958,,3.2760294151787207e-06,5.572614625712205e-07,637.9842270817578,0.022206249999999983
candidate_0427,stable_2plus2,"[[1,2],[3,4]]","[1.3, 0.3, 0.7, 0.7]","[1.0, 1.0]","[0.0, 0.0]",40.0,0.35,145.0,"[73.0, 211.0, 179.0]",10,4.967294132898051,0.4967294132898051,637.2312954732635,1283,26.0,,0.0027457076263292255,0.001611867052897933,,4.304315958687845e-06,8.296037087515862e-07,637.8963934530133,0.009308791999998789
candidate_0331,stable_2plus2,"[[1,2],[3,4]]","[1.0, 0.7, 0.9, 0.6]","[1.0, 0.8]","[0.35, 0.1]",20.0,0.2,145.0,"[73.0, 211.0, 179.0]",40,3.6708718141091055,0.09177179535272764,578.2779778856343,6302,11.851851851851851,,0.0005263181914900713,0.0002859360176884847,,8.296288106560456e-07,1.46834992361562e-07,634.4020177817531,0.04088333300000002
candidate_0498,stable_2plus2,"[[1,2],[3,4]]","[1.3, 0.3, 0.7, 0.7]","[1.0, 1.0]","[0.1, 0.2]",20.0,0.2,80.0,"[0.0, 137.0, 61.0]",20,4.967294132898051,0.24836470664490254,637.2312954732635,2566,13.333333333333334,,0.004102289412061487,0.0019858942246245093,,6.490748237448129e-06,1.6051900256264772e-06,632.0210339377334,0.017236083000000235
candidate_0532,stable_2plus2,"[[1,2],[3,4]]","[1.3, 0.3, 0.7, 0.7]","[1.0, 0.8]","[0.1, 0.2]",12.0,0.0,145.0,"[0.0, 137.0, 61.0]",40,3.7997133175159234,0.09499283293789809,596.0752959477661,6275,10.909090909090908,,0.0013620497922545646,0.0006310511867394001,,2.1597577672361687e-06,5.718591688229231e-07,630.649331567203,0.040331915999999524
candidate_0481,stable_2plus2,"[[1,2],[3,4]]","[1.0, 0.2, 0.8, 0.15]","[1.0, 0.8]","[0.5, 0.4]",12.0,0.0,0.0,"[73.0, 211.0, 179.0]",40,4.612677018532275,0.11531692546330688,688.2884651454572,5969,8.0,,0.0029580615105885043,0.0012434208742466736,,4.716546736308072e-06,1.5019515850513366e-06,627.166797228423,0.038460209000000134
candidate_0527,stable_2plus2,"[[1,2],[3,4]]","[1.0, 0.2, 0.8, 0.15]","[1.0, 0.55]","[0.35, 0.1]",20.0,0.2,35.0,"[0.0, 137.0, 61.0]",10,2.62943294445679,0.262943294445679,688.2884651454572,2618,11.851851851851851,,0.00446740937388301,0.0023019241983685454,,7.218069603219121e-06,2.647624757988562e-06,618.920240377099,0.01719333299999981
candidate_0634,stable_2plus2,"[[1,2],[3,4]]","[1.0, 0.7, 0.9, 0.6]","[1.0, 0.55]","[0.0, 0.0]",20.0,0.2,0.0,"[0.0, 137.0, 61.0]",10,2.092561704215668,0.2092561704215668,578.2779778856343,2764,16.0,,0.0034465002477453593,0.002029729746023369,,5.685828054639336e-06,2.133749438880309e-06,606.1562563315991,0.0177602919999984
candidate_0407,stable_2plus2,"[[1,2],[3,4]]","[1.0, 0.7, 0.9, 0.6]","[1.0, 0.55]","[0.35, 0.1]",12.0,0.0,80.0,"[73.0, 211.0, 179.0]",20,2.092561704215668,0.1046280852107834,578.2779778856343,5527,8.888888888888888,,0.0022496634320773594,0.0011931245794113323,,3.748219432367763e-06,1.4682272541944702e-06,600.1952320748306,0.036312290999999774
candidate_0061,stable_2plus2,"[[1,2],[3,4]]","[1.0, 1.0, 1.0, 1.0]","[1.0, 0.55]","[0.35, 0.1]",12.0,0.0,0.0,"[0.0, 137.0, 61.0]",40,1.8122115948372268,0.04530528987093067,533.145952579004,11768,8.888888888888888,,0.0006653718718112873,0.0003448276052763788,,1.1108311486309529e-06,4.949962714042539e-07,598.9856087771097,0.07625545899999997
candidate_0203,stable_2plus2,"[[1,2],[3,4]]","[1.0, 0.7, 0.9, 0.6]","[1.0, 0.55]","[0.0, 0.0]",40.0,0.35,80.0,"[0.0, 137.0, 61.0]",40,2.092561704215668,0.0523140426053917,578.2779778856343,11054,26.0,,2.046997732194211e-05,1.1048734495647422e-05,,3.448550699529525e-08,1.292312422545308e-08,593.5820321485999,0.07035679200000011
candidate_0222,stable_2plus2,"[[1,2],[3,4]]","[1.0, 0.7, 0.9, 0.6]","[1.0, 0.8]","[0.1, 0.2]",20.0,0.2,0.0,"[0.0, 137.0, 61.0]",10,3.6708718141091055,0.36708718141091057,578.2779778856343,1576,14.545454545454545,,0.011672110667661316,0.0058112655959079145,,1.9723870272313216e-05,6.569658846125522e-06,591.7758789990465,0.011569582999999994
candidate_0536,stable_2plus2,"[[1,2],[3,4]]","[1.0, 0.7, 0.9, 0.6]","[1.0, 1.0]","[0.5, 0.4]",40.0,0.35,80.0,"[0.0, 137.0, 61.0]",10,4.818983149046953,0.48189831490469526,615.6239184776948,1278,17.333333333333332,,0.027808132329558262,0.012920724522518056,,4.8936970592142994e-05,2.984149185218315e-05,568.2438449515091,0.008852457999999785
candidate_0139,stable_2plus2,"[[1,2],[3,4]]","[1.0, 1.0, 1.0, 1.0]","[1.0, 1.0]","[0.1, 0.2]",20.0,0.2,35.0,"[0.0, 137.0, 61.0]",20,4.442882938158366,0.2221441469079183,533.145952579004,2400,13.333333333333334,,0.004275666359956698,0.0020646980889545453,,7.625064687163205e-06,2.9094751196627244e-06,560.738372115686,0.01590599999999931
candidate_0180,stable_2plus2,"[[1,2],[3,4]]","[1.0, 0.2, 0.8, 0.15]","[1.0, 0.8]","[0.5, 0.4]",12.0,0.0,0.0,"[0.0, 137.0, 61.0]",40,4.612677018532275,0.11531692546330688,688.2884651454572,5969,8.0,,0.0029933686554742883,0.0012392158359638382,,5.3638088571567736e-06,2.1104377004085415e-06,558.0677341774258,0.03887691700000051
candidate_0617,stable_2plus2,"[[1,2],[3,4]]","[1.0, 0.7, 0.9, 0.6]","[1.0, 0.8]","[0.35, 0.1]",20.0,0.2,145.0,"[73.0, 211.0, 179.0]",20,3.6708718141091055,0.18354359070545528,578.2779778856343,3151,11.851851851851851,,0.0018655165958387974,0.0010059786991773341,,3.3524717450726907e-06,5.928672128528317e-07,556.4600502839877,0.020861999999997494
candidate_0640,stable_2plus2,"[[1,2],[3,4]]","[1.3, 0.3, 0.7, 0.7]","[1.0, 1.0]","[0.1, 0.2]",20.0,0.2,0.0,"[0.0, 137.0, 61.0]",20,4.967294132898051,0.24836470664490254,637.2312954732635,2566,13.333333333333334,,0.004142033383004216,0.0019984218466752557,,7.538834850115832e-06,2.545300313294738e-06,549.4261998511049,0.02144533399999915
candidate_0356,stable_2plus2,"[[1,2],[3,4]]","[1.3, 0.3, 0.7, 0.7]","[1.0, 1.0]","[0.0, 0.0]",40.0,0.35,35.0,"[73.0, 211.0, 179.0]",10,4.967294132898051,0.4967294132898051,637.2312954732635,1283,26.0,,0.002729199306930756,0.0015989213061276214,,4.978437793056189e-06,1.3050655059166658e-06,548.203958827683,0.008831084000000544
candidate_0364,stable_2plus2,"[[1,2],[3,4]]","[1.0, 1.0, 1.0, 1.0]","[1.0, 0.55]","[0.5, 0.4]",12.0,0.0,80.0,"[73.0, 211.0, 179.0]",10,1.8122115948372268,0.1812211594837227,533.145952579004,2942,8.0,,0.05239367299327628,0.02619940194902906,,9.568786652780401e-05,2.8662791350454693e-05,547.547718372969,0.020156082999999825
candidate_0200,stable_2plus2,"[[1,2],[3,4]]","[1.0, 0.7, 0.9, 0.6]","[1.0, 1.0]","[0.1, 0.2]",20.0,0.2,80.0,"[0.0, 137.0, 61.0]",40,4.818983149046953,0.12047457872617381,615.6239184776948,5110,13.333333333333334,,0.000913351156685142,0.00044217675482463933,,1.6981248521184866e-06,4.425693129568329e-07,537.8586595359556,0.03326216600000009
candidate_0001,stable_2plus2,"[[1,2],[3,4]]","[1.3, 0.3, 0.7, 0.7]","[1.0, 1.35]","[0.0, 0.0]",80.0,0.5,145.0,"[73.0, 211.0, 179.0]",40,4.967294132898051,0.12418235332245127,999.5344089953015,8049,29.629629629629626,,2.6425142368027302e-06,1.1327558366574935e-06,,4.925343399210559e-09,8.218393582064298e-10,536.5137052629216,0.052495166999999954
candidate_0024,stable_2plus2,"[[1,2],[3,4]]","[1.0, 0.7, 0.9, 0.6]","[1.0, 1.35]","[0.5, 0.4]",20.0,0.2,145.0,"[0.0, 137.0, 61.0]",40,4.818983149046953,0.12047457872617381,965.6419794353811,8016,8.465608465608467,,0.0010404234326282507,0.00038234803970966234,,1.9618987020457893e-06,2.755931781640467e-07,530.314552705162,0.05177741700000005
candidate_0435,stable_2plus2,"[[1,2],[3,4]]","[1.0, 1.0, 1.0, 1.0]","[1.0, 0.8]","[0.1, 0.2]",12.0,0.0,80.0,"[0.0, 137.0, 61.0]",20,3.179068245054753,0.15895341225273765,533.145952579004,3355,10.909090909090908,,0.004608923458672444,0.0022000949922945526,,8.895290496299615e-06,3.1091612225089054e-06,518.130741271432,0.022364041000001222
candidate_0508,stable_2plus2,"[[1,2],[3,4]]","[1.3, 0.3, 0.7, 0.7]","[1.0, 1.35]","[0.35, 0.1]",40.0,0.35,35.0,"[73.0, 211.0, 179.0]",40,4.967294132898051,0.12418235332245127,999.5344089953015,8049,17.508417508417505,,0.00019409139477089254,0.00010498008664278928,,3.7497317603189053e-07,6.59526218498632e-08,517.6140779584339,0.051879666999999685
candidate_0228,stable_2plus2,"[[1,2],[3,4]]","[1.3, 0.3, 0.7, 0.7]","[1.0, 1.0]","[0.1, 0.2]",20.0,0.2,35.0,"[73.0, 211.0, 179.0]",10,4.967294132898051,0.4967294132898051,637.2312954732635,1283,13.333333333333334,,0.012845947590189635,0.0064355424870516575,,2.498173451751508e-05,6.902210242656391e-06,514.2135979862865,0.009088375000000148
candidate_0027,stable_2plus2,"[[1,2],[3,4]]","[1.3, 0.3, 0.7, 0.7]","[1.0, 1.0]","[0.35, 0.1]",40.0,0.35,35.0,"[73.0, 211.0, 179.0]",10,4.967294132898051,0.4967294132898051,637.2312954732635,1283,19.25925925925926,,0.0048923292782841205,0.002606947144190189,,9.747176062347637e-06,2.556788973631463e-06,501.9227360817558,0.008799166000000191
candidate_0351,stable_2plus2,"[[1,2],[3,4]]","[1.0, 0.2, 0.8, 0.15]","[1.0, 1.0]","[0.5, 0.4]",40.0,0.35,80.0,"[0.0, 137.0, 61.0]",10,5.735737209545476,0.5735737209545476,773.5694528766917,1349,17.333333333333332,,0.02374420679003806,0.010290479534311356,,4.750153763408953e-05,2.902102665214094e-05,499.8618565348926,0.009813082999999168
candidate_0297,stable_2plus2,"[[1,2],[3,4]]","[1.0, 0.7, 0.9, 0.6]","[1.0, 1.0]","[0.5, 0.4]",40.0,0.35,80.0,"[73.0, 211.0, 179.0]",10,4.818983149046953,0.48189831490469526,615.6239184776948,1278,17.333333333333332,,0.03393293980907962,0.01626659127530119,,6.832624306805399e-05,2.4962995769330584e-05,496.6311373988745,0.009268666000000536
candidate_0038,stable_2plus2,"[[1,2],[3,4]]","[1.3, 0.3, 0.7, 0.7]","[1.0, 1.0]","[0.35, 0.1]",40.0,0.35,0.0,"[0.0, 137.0, 61.0]",10,4.967294132898051,0.4967294132898051,637.2312954732635,1283,19.25925925925926,,0.004549911874574104,0.0024497562467333416,,9.241881048769875e-06,6.288043501744409e-06,492.3144812797296,0.009038667
candidate_0497,stable_2plus2,"[[1,2],[3,4]]","[1.0, 1.0, 1.0, 1.0]","[1.0, 1.35]","[0.5, 0.4]",20.0,0.2,0.0,"[73.0, 211.0, 179.0]",20,4.442882938158366,0.2221441469079183,836.2704851517306,3765,8.465608465608467,,0.005393292136396398,0.0022621429077114698,,1.0999760451277245e-05,2.5920901010069737e-06,490.3099626837921,0.024968375000000265
candidate_0215,stable_2plus2,"[[1,2],[3,4]]","[1.3, 0.3, 0.7, 0.7]","[1.0, 1.0]","[0.5, 0.4]",12.0,0.0,35.0,"[73.0, 211.0, 179.0]",20,4.967294132898051,0.24836470664490254,637.2312954732635,2566,8.0,,0.012866539554608909,0.005516688539363947,,2.6612135437486972e-05,9.705789271423932e-06,483.4839197640848,0.017576166000000448
candidate_0202,stable_2plus2,"[[1,2],[3,4]]","[1.3, 0.3, 0.7, 0.7]","[1.0, 1.0]","[0.35, 0.1]",40.0,0.35,80.0,"[73.0, 211.0, 179.0]",10,4.967294132898051,0.4967294132898051,637.2312954732635,1283,19.25925925925926,,0.004881680279731262,0.0026032599262689133,,1.0203491419538578e-05,1.8966945764065877e-06,478.43234036374787,0.008901834000000441
candidate_0262,stable_2plus2,"[[1,2],[3,4]]","[1.3, 0.3, 0.7, 0.7]","[1.0, 0.8]","[0.1, 0.2]",12.0,0.0,0.0,"[73.0, 211.0, 179.0]",40,3.7997133175159234,0.09499283293789809,596.0752959477661,6275,10.909090909090908,,0.0014458345155784083,0.0007064442082702582,,3.090581744481394e-06,1.295943185725906e-06,467.8195353221509,0.04083733299999892
candidate_0195,stable_2plus2,"[[1,2],[3,4]]","[1.3, 0.3, 0.7, 0.7]","[1.0, 0.8]","[0.35, 0.1]",20.0,0.2,35.0,"[0.0, 137.0, 61.0]",40,3.7997133175159234,0.09499283293789809,596.0752959477661,6275,11.851851851851851,,0.0006375750190579951,0.00032769955159348593,,1.3643575297867234e-06,4.5132064044355223e-07,467.30787578653303,0.0411244169999998
candidate_0614,stable_2plus2,"[[1,2],[3,4]]","[1.0, 0.2, 0.8, 0.15]","[1.0, 0.8]","[0.35, 0.1]",20.0,0.2,80.0,"[73.0, 211.0, 179.0]",20,4.612677018532275,0.23063385092661376,688.2884651454572,2985,11.851851851851851,,0.0016113722804695421,0.0008393186490109855,,3.4619601666613563e-06,8.595980221630247e-07,465.4508437119069,0.019280833999999913
candidate_0261,stable_2plus2,"[[1,2],[3,4]]","[1.3, 0.3, 0.7, 0.7]","[1.0, 1.35]","[0.5, 0.4]",20.0,0.2,80.0,"[0.0, 137.0, 61.0]",40,4.967294132898051,0.12418235332245127,999.5344089953015,8049,8.465608465608467,,0.0013518797300835865,0.0005243891058712427,,2.928998318095346e-06,6.481337408751133e-07,461.5501899511775,0.052339208000001136
candidate_0368,stable_2plus2,"[[1,2],[3,4]]","[1.0, 1.0, 1.0, 1.0]","[1.0, 1.35]","[0.35, 0.1]",40.0,0.35,35.0,"[73.0, 211.0, 179.0]",20,4.442882938158366,0.2221441469079183,836.2704851517306,3765,17.508417508417505,,0.0007778503260684945,0.0004074023759555291,,1.7104054724571754e-06,2.9930846862148925e-07,454.77539600655723,0.025027874999999256
candidate_0221,stable_2plus2,"[[1,2],[3,4]]","[1.0, 0.7, 0.9, 0.6]","[1.0, 1.0]","[0.1, 0.2]",20.0,0.2,0.0,"[73.0, 211.0, 179.0]",10,4.818983149046953,0.48189831490469526,615.6239184776948,1278,13.333333333333334,,0.010358851825523914,0.005193169171949674,,2.35771401397504e-05,7.2029525930295265e-06,439.35998022335116,0.00912037500000018
candidate_0314,stable_2plus2,"[[1,2],[3,4]]","[1.0, 1.0, 1.0, 1.0]","[1.0, 0.8]","[0.0, 0.0]",40.0,0.35,0.0,"[73.0, 211.0, 179.0]",20,3.179068245054753,0.15895341225273765,533.145952579004,3355,26.0,,0.0003115384454772843,0.00016842170827610753,,7.183950803211026e-07,1.8381476395068264e-07,433.6589350501054,0.021765708000000217
candidate_0083,stable_2plus2,"[[1,2],[3,4]]","[1.0, 0.2, 0.8, 0.15]","[1.0, 1.0]","[0.0, 0.0]",80.0,0.5,0.0,"[0.0, 137.0, 61.0]",20,5.735737209545476,0.2867868604772738,773.5694528766917,2698,40.0,,0.00012259698735968852,6.910399174908667e-05,,2.8330737101297666e-07,1.2783909787452877e-07,432.73490174766073,0.01741379200000015
candidate_0289,stable_2plus2,"[[1,2],[3,4]]","[1.0, 0.7, 0.9, 0.6]","[1.0, 1.0]","[0.0, 0.0]",40.0,0.35,35.0,"[73.0, 211.0, 179.0]",10,4.818983149046953,0.48189831490469526,615.6239184776948,1278,26.0,,0.0021809030122902705,0.0012782353944665852,,5.113833152952749e-06,1.2815664373056136e-06,426.4712881825266,0.008721332999998666
candidate_0544,stable_2plus2,"[[1,2],[3,4]]","[1.0, 1.0, 1.0, 1.0]","[1.0, 0.55]","[0.35, 0.1]",12.0,0.0,80.0,"[73.0, 211.0, 179.0]",10,1.8122115948372268,0.1812211594837227,533.145952579004,2942,8.888888888888888,,0.006143942534358031,0.0032008490398035103,,1.4533391827195858e-05,5.674571770517477e-06,422.746638046397,0.03339966700000119
candidate_0075,stable_2plus2,"[[1,2],[3,4]]","[1.0, 1.0, 1.0, 1.0]","[1.0, 0.55]","[0.0, 0.0]",20.0,0.2,145.0,"[73.0, 211.0, 179.0]",20,1.8122115948372268,0.09061057974186135,533.145952579004,5884,16.0,,0.0003533692831717691,0.0001862460648253202,,8.483792016481693e-07,1.8697538101609804e-07,416.52280311123724,0.03818662499999981
candidate_0009,stable_2plus2,"[[1,2],[3,4]]","[1.3, 0.3, 0.7, 0.7]","[1.0, 0.8]","[0.35, 0.1]",20.0,0.2,35.0,"[0.0, 137.0, 61.0]",20,3.7997133175159234,0.18998566587579618,596.0752959477661,3138,11.851851851851851,,0.00220274620244599,0.0011363736490197216,,5.319875077562329e-06,1.8333878656343504e-06,414.05976086478546,0.020726958000000018
candidate_0258,stable_2plus2,"[[1,2],[3,4]]","[1.3, 0.3, 0.7, 0.7]","[1.0, 1.0]","[0.5, 0.4]",40.0,0.35,145.0,"[73.0, 211.0, 179.0]",10,4.967294132898051,0.4967294132898051,637.2312954732635,1283,17.333333333333332,,0.042917473159900174,0.020539537013206915,,0.00010368152389799293,5.606618780662144e-05,413.935593791277,0.009620999999999214
candidate_0439,stable_2plus2,"[[1,2],[3,4]]","[1.0, 1.0, 1.0, 1.0]","[1.0, 0.55]","[0.0, 0.0]",40.0,0.35,0.0,"[0.0, 137.0, 61.0]",40,1.8122115948372268,0.04530528987093067,533.145952579004,11768,26.0,,2.2394203308707746e-05,1.206969681589012e-05,,5.509199425968487e-08,2.2052868661480202e-08,406.48743269574,0.07426416699999905
candidate_0352,stable_2plus2,"[[1,2],[3,4]]","[1.0, 1.0, 1.0, 1.0]","[1.0, 0.8]","[0.0, 0.0]",40.0,0.35,0.0,"[0.0, 137.0, 61.0]",20,3.179068245054753,0.15895341225273765,533.145952579004,3355,26.0,,0.00028494571580548627,0.00016107264614628804,,7.023853885084414e-07,2.8998491372645997e-07,405.68286366347405,0.022124500000000324
candidate_0013,stable_2plus2,"[[1,2],[3,4]]","[1.0, 0.7, 0.9, 0.6]","[1.0, 1.0]","[0.1, 0.2]",20.0,0.2,0.0,"[0.0, 137.0, 61.0]",20,4.818983149046953,0.24094915745234763,615.6239184776948,2555,13.333333333333334,,0.0033716828121331324,0.0016141666740883238,,8.700668321151372e-06,2.925184137772279e-06,387.51997980851115,0.016879292000000046
candidate_0344,stable_2plus2,"[[1,2],[3,4]]","[1.0, 0.2, 0.8, 0.15]","[1.0, 1.0]","[0.35, 0.1]",40.0,0.35,80.0,"[0.0, 137.0, 61.0]",10,5.735737209545476,0.5735737209545476,773.5694528766917,1349,19.25925925925926,,0.0029305753055779873,0.0015422772770736246,,7.759503526387957e-06,4.759793735290825e-06,377.6756200460377,0.009450291000000277
candidate_0016,stable_2plus2,"[[1,2],[3,4]]","[1.0, 0.7, 0.9, 0.6]","[1.0, 0.55]","[0.0, 0.0]",40.0,0.35,0.0,"[73.0, 211.0, 179.0]",40,2.092561704215668,0.0523140426053917,578.2779778856343,11054,26.0,,2.4298123196993483e-05,1.179831480626933e-05,,6.441607367282786e-08,1.6602805955033616e-08,377.2059023715842,0.07004100000000002
candidate_0105,stable_2plus2,"[[1,2],[3,4]]","[1.0, 1.0, 1.0, 1.0]","[1.0, 1.0]","[0.35, 0.1]",20.0,0.2,35.0,"[73.0, 211.0, 179.0]",40,4.442882938158366,0.11107207345395916,533.145952579004,4800,11.851851851851851,,0.0005807587259031909,0.00029609742907075033,,1.5450656407096896e-06,5.458159201964697e-07,375.87964588768733,0.03143395800000004
candidate_0082,stable_2plus2,"[[1,2],[3,4]]","[1.0, 1.0, 1.0, 1.0]","[1.0, 1.0]","[0.1, 0.2]",20.0,0.2,35.0,"[0.0, 137.0, 61.0]",10,4.442882938158366,0.4442882938158366,533.145952579004,1200,13.333333333333334,,0.012189754744052273,0.005909946586932784,,3.2666404838285056e-05,1.218982629321503e-05,373.15874839602395,0.008120084000000194
candidate_0205,stable_2plus2,"[[1,2],[3,4]]","[1.0, 1.0, 1.0, 1.0]","[1.0, 0.55]","[0.5, 0.4]",12.0,0.0,145.0,"[73.0, 211.0, 179.0]",10,1.8122115948372268,0.1812211594837227,533.145952579004,2942,8.0,,0.051904396504797015,0.02614939053840753,,0.00013915375360846173,7.566398189207795e-05,373.00033350764596,0.020702083999999843
candidate_0372,stable_2plus2,"[[1,2],[3,4]]","[1.0, 0.7, 0.9, 0.6]","[1.0, 0.8]","[0.0, 0.0]",40.0,0.35,0.0,"[73.0, 211.0, 179.0]",20,3.6708718141091055,0.18354359070545528,578.2779778856343,3151,26.0,,0.00027556427539487976,0.00014773052437245184,,7.462044615571331e-07,1.9543057726358765e-07,369.2878957328255,0.020883791999999346
candidate_0238,stable_2plus2,"[[1,2],[3,4]]","[1.0, 0.7, 0.9, 0.6]","[1.0, 0.55]","[0.35, 0.1]",12.0,0.0,80.0,"[73.0, 211.0, 179.0]",10,2.092561704215668,0.2092561704215668,578.2779778856343,2764,8.888888888888888,,0.005600682372294106,0.0028918334539235024,,1.5257903350572542e-05,5.994907476204888e-06,367.06762676432504,0.018638917000000532
candidate_0392,stable_2plus2,"[[1,2],[3,4]]","[1.0, 1.0, 1.0, 1.0]","[1.0, 0.55]","[0.5, 0.4]",12.0,0.0,80.0,"[0.0, 137.0, 61.0]",10,1.8122115948372268,0.1812211594837227,533.145952579004,2942,8.0,,0.05803784159488418,0.025906043477312544,,0.00015854653988131204,8.96188181982596e-05,366.0618619512688,0.019794166999998808
candidate_0213,stable_2plus2,"[[1,2],[3,4]]","[1.3, 0.3, 0.7, 0.7]","[1.0, 1.35]","[0.35, 0.1]",40.0,0.35,80.0,"[0.0, 137.0, 61.0]",20,4.967294132898051,0.24836470664490254,999.5344089953015,4025,17.508417508417505,,0.0006930295708454121,0.00037069024460101443,,1.950912010457311e-06,4.6618866300171396e-07,355.2336379757895,0.026531458000000008
candidate_0535,stable_2plus2,"[[1,2],[3,4]]","[1.0, 1.0, 1.0, 1.0]","[1.0, 1.35]","[0.5, 0.4]",20.0,0.2,0.0,"[0.0, 137.0, 61.0]",40,4.442882938158366,0.11107207345395916,836.2704851517306,7530,8.465608465608467,,0.0014754394549881128,0.0005887693690803286,,4.232542597037867e-06,1.5617716558526482e-06,348.5941183487899,0.04825345799999958
candidate_0062,stable_2plus2,"[[1,2],[3,4]]","[1.0, 0.2, 0.8, 0.15]","[1.0, 1.0]","[0.0, 0.0]",40.0,0.35,35.0,"[73.0, 211.0, 179.0]",10,5.735737209545476,0.5735737209545476,773.5694528766917,1349,26.0,,0.0015536258179388225,0.0008790006257566509,,4.477271478629684e-06,1.146611031069544e-06,347.0028175317004,0.009647292000000363
candidate_0483,stable_2plus2,"[[1,2],[3,4]]","[1.0, 0.7, 0.9, 0.6]","[1.0, 1.35]","[0.35, 0.1]",40.0,0.35,0.0,"[73.0, 211.0, 179.0]",20,4.818983149046953,0.24094915745234763,965.6419794353811,4008,17.508417508417505,,0.0005983830508489424,0.0003102378982308496,,1.7273583496973622e-06,2.91240854782007e-07,346.41512049528154,0.026405458999999354
candidate_0227,stable_2plus2,"[[1,2],[3,4]]","[1.0, 0.7, 0.9, 0.6]","[1.0, 0.8]","[0.1, 0.2]",12.0,0.0,0.0,"[0.0, 137.0, 61.0]",20,3.6708718141091055,0.18354359070545528,578.2779778856343,3151,10.909090909090908,,0.004152304477599799,0.001960822814597145,,1.2026034578713895e-05,5.0917038135152e-06,345.2762795933903,0.020833915999999952
candidate_0516,stable_2plus2,"[[1,2],[3,4]]","[1.3, 0.3, 0.7, 0.7]","[1.0, 1.0]","[0.35, 0.1]",20.0,0.2,145.0,"[0.0, 137.0, 61.0]",40,4.967294132898051,0.12418235332245127,637.2312954732635,5132,11.851851851851851,,0.000510874290859138,0.0002585990757084849,,1.5199167616581693e-06,2.5674530434706463e-07,336.11991376540533,0.03388637500000158
candidate_0226,stable_2plus2,"[[1,2],[3,4]]","[1.0, 1.0, 1.0, 1.0]","[1.0, 0.8]","[0.0, 0.0]",20.0,0.2,145.0,"[73.0, 211.0, 179.0]",10,3.179068245054753,0.3179068245054753,533.145952579004,1678,16.0,,0.003319911934209789,0.0018986120075296109,,9.895287451473495e-06,2.2475304495997725e-06,335.5043449208163,0.01153779200000038
candidate_0216,stable_2plus2,"[[1,2],[3,4]]","[1.3, 0.3, 0.7, 0.7]","[1.0, 0.55]","[0.35, 0.1]",12.0,0.0,0.0,"[73.0, 211.0, 179.0]",10,2.1660071443169624,0.21660071443169623,596.0752959477661,2752,8.888888888888888,,0.0064823951563039,0.003381510288805455,,1.943755503795613e-05,8.83050897625617e-06,333.49848495068375,0.01826137500000069
candidate_0305,stable_2plus2,"[[1,2],[3,4]]","[1.0, 0.7, 0.9, 0.6]","[1.0, 1.35]","[0.5, 0.4]",20.0,0.2,145.0,"[73.0, 211.0, 179.0]",20,4.818983149046953,0.24094915745234763,965.6419794353811,4008,8.465608465608467,,0.004268307051259026,0.0017187382086843916,,1.2880192574103291e-05,2.860842251845885e-06,331.38534433412246,0.026207707999999386
candidate_0103,stable_2plus2,"[[1,2],[3,4]]","[1.0, 1.0, 1.0, 1.0]","[1.0, 1.0]","[0.35, 0.1]",20.0,0.2,145.0,"[73.0, 211.0, 179.0]",20,4.442882938158366,0.2221441469079183,533.145952579004,2400,11.851851851851851,,0.002000960530148161,0.0010171867979589992,,6.159485758120641e-06,1.2804921785611592e-06,324.8583743391407,0.015895541999999985
candidate_0034,stable_2plus2,"[[1,2],[3,4]]","[1.0, 1.0, 1.0, 1.0]","[1.0, 1.0]","[0.5, 0.4]",12.0,0.0,145.0,"[0.0, 137.0, 61.0]",10,4.442882938158366,0.4442882938158366,533.145952579004,1200,8.0,,0.2868092500851045,0.0557576197253091,,0.0009162313068321637,0.00034178461928282894,313.0314888242981,0.008467708000000185
candidate_0036,stable_2plus2,"[[1,2],[3,4]]","[1.0, 0.7, 0.9, 0.6]","[1.0, 1.0]","[0.5, 0.4]",12.0,0.0,80.0,"[73.0, 211.0, 179.0]",20,4.818983149046953,0.24094915745234763,615.6239184776948,2555,8.0,,0.010498848122064244,0.0044259129208828255,,3.3787749350295445e-05,7.866899669858237e-06,310.729430753648,0.017104417000000094
candidate_0388,stable_2plus2,"[[1,2],[3,4]]","[1.0, 0.2, 0.8, 0.15]","[1.0, 1.35]","[0.35, 0.1]",40.0,0.35,145.0,"[73.0, 211.0, 179.0]",40,5.735737209545476,0.1433934302386369,1213.3887512911153,8462,17.508417508417505,,0.00010851146786801148,5.8945390075736156e-05,,3.5213003986612983e-07,3.85606815128387e-08,308.1573725129062,0.05419062500000038
candidate_0208,stable_2plus2,"[[1,2],[3,4]]","[1.0, 0.2, 0.8, 0.15]","[1.0, 0.8]","[0.35, 0.1]",20.0,0.2,35.0,"[0.0, 137.0, 61.0]",40,4.612677018532275,0.11531692546330688,688.2884651454572,5969,11.851851851851851,,0.0004463866702738947,0.00022321003234209008,,1.4609748038960406e-06,5.279914750479346e-07,305.54029342839954,0.038534459000000076
candidate_0183,stable_2plus2,"[[1,2],[3,4]]","[1.3, 0.3, 0.7, 0.7]","[1.0, 0.8]","[0.1, 0.2]",12.0,0.0,35.0,"[73.0, 211.0, 179.0]",10,3.7997133175159234,0.37997133175159237,596.0752959477661,1569,10.909090909090908,,0.015188902775584346,0.007544655812948989,,4.9886507944055025e-05,2.025061628315009e-05,304.4691521125885,0.010857166000000085
candidate_0415,stable_2plus2,"[[1,2],[3,4]]","[1.0, 0.2, 0.8, 0.15]","[1.0, 0.8]","[0.35, 0.1]",20.0,0.2,145.0,"[0.0, 137.0, 61.0]",10,4.612677018532275,0.4612677018532275,688.2884651454572,1493,11.851851851851851,,0.003847649234667448,0.0018641632737434449,,1.2770373495748662e-05,2.267018927641343e-06,301.2949649396202,0.010599084000000758
candidate_0376,stable_2plus2,"[[1,2],[3,4]]","[1.0, 1.0, 1.0, 1.0]","[1.0, 1.0]","[0.1, 0.2]",12.0,0.0,80.0,"[0.0, 137.0, 61.0]",20,4.442882938158366,0.2221441469079183,533.145952579004,2400,10.0,,0.004371583874552423,0.0019796858624538615,,1.4562682139490224e-05,5.574097920387554e-06,300.1908462107965,0.015605791999998786
candidate_0369,stable_2plus2,"[[1,2],[3,4]]","[1.3, 0.3, 0.7, 0.7]","[1.0, 1.0]","[0.35, 0.1]",20.0,0.2,0.0,"[73.0, 211.0, 179.0]",40,4.967294132898051,0.12418235332245127,637.2312954732635,5132,11.851851851851851,,0.0005568007672183487,0.00028323136906745926,,1.883401814406717e-06,4.803345877711523e-07,295.6356752760931,0.03391562500000056
candidate_0359,stable_2plus2,"[[1,2],[3,4]]","[1.0, 0.2, 0.8, 0.15]","[1.0, 0.8]","[0.0, 0.0]",40.0,0.35,35.0,"[0.0, 137.0, 61.0]",20,4.612677018532275,0.23063385092661376,688.2884651454572,2985,26.0,,0.00021128219723344195,0.00011612033397022113,,7.206432626112939e-07,2.838918747387312e-07,293.185558230085,0.01961199999999863
candidate_0264,stable_2plus2,"[[1,2],[3,4]]","[1.0, 0.7, 0.9, 0.6]","[1.0, 1.0]","[0.35, 0.1]",20.0,0.2,145.0,"[73.0, 211.0, 179.0]",40,4.818983149046953,0.12047457872617381,615.6239184776948,5110,11.851851851851851,,0.00043819037924174557,0.0002227127363278956,,1.5238070111397338e-06,2.571003110936295e-07,287.5629105512518,0.03332912499999985
candidate_0151,stable_2plus2,"[[1,2],[3,4]]","[1.0, 0.7, 0.9, 0.6]","[1.0, 0.8]","[0.0, 0.0]",20.0,0.2,145.0,"[0.0, 137.0, 61.0]",10,3.6708718141091055,0.36708718141091057,578.2779778856343,1576,16.0,,0.0029691062427736857,0.0016659776528740319,,1.0444507641741484e-05,2.2761948543505866e-06,284.274409538239,0.010423000000000293
candidate_0253,stable_2plus2,"[[1,2],[3,4]]","[1.0, 0.7, 0.9, 0.6]","[1.0, 0.55]","[0.0, 0.0]",12.0,0.0,80.0,"[0.0, 137.0, 61.0]",10,2.092561704215668,0.2092561704215668,578.2779778856343,2764,12.0,,0.003331709683010742,0.0018777659758338048,,1.172282845405342e-05,4.547243670459801e-06,284.2069809405709,0.018994499999999803
candidate_0408,stable_2plus2,"[[1,2],[3,4]]","[1.0, 1.0, 1.0, 1.0]","[1.0, 1.35]","[0.1, 0.2]",20.0,0.2,35.0,"[73.0, 211.0, 179.0]",20,4.442882938158366,0.2221441469079183,836.2704851517306,3765,9.876543209876543,,0.0017466359445309802,0.0008262973086306074,,6.223436670846914e-06,1.7281993510276115e-06,280.6545702815499,0.025485874999999325
candidate_0113,stable_2plus2,"[[1,2],[3,4]]","[1.0, 1.0, 1.0, 1.0]","[1.0, 0.55]","[0.0, 0.0]",12.0,0.0,0.0,"[0.0, 137.0, 61.0]",10,1.8122115948372268,0.1812211594837227,533.145952579004,2942,12.0,,0.0036759634496389315,0.0020784433390264837,,1.3410117794461814e-05,6.5386497949095655e-06,274.11865473374525,0.019195083000000057
candidate_0347,stable_2plus2,"[[1,2],[3,4]]","[1.3, 0.3, 0.7, 0.7]","[1.0, 1.0]","[0.1, 0.2]",12.0,0.0,80.0,"[0.0, 137.0, 61.0]",40,4.967294132898051,0.12418235332245127,637.2312954732635,5132,10.0,,0.0011589330997669018,0.0005104285547223831,,4.2543976224487855e-06,1.3050019422899094e-06,272.4082708329064,0.03358483300000081
candidate_0114,stable_2plus2,"[[1,2],[3,4]]","[1.0, 1.0, 1.0, 1.0]","[1.0, 1.35]","[0.0, 0.0]",80.0,0.5,80.0,"[73.0, 211.0, 179.0]",40,4.442882938158366,0.11107207345395916,836.2704851517306,7530,29.629629629629626,,3.185487249638605e-06,1.3141652867981222e-06,,1.1745244242161853e-08,2.5213311760646302e-09,271.2150708798098,0.04825079200000015
candidate_0531,stable_2plus2,"[[1,2],[3,4]]","[1.0, 0.2, 0.8, 0.15]","[1.0, 1.0]","[0.35, 0.1]",40.0,0.35,0.0,"[0.0, 137.0, 61.0]",10,5.735737209545476,0.5735737209545476,773.5694528766917,1349,19.25925925925926,,0.0029736447675416575,0.0015477561499833775,,1.0986062015609292e-05,7.505518940104534e-06,270.67431107858516,0.009123125000000343
candidate_0273,stable_2plus2,"[[1,2],[3,4]]","[1.0, 0.7, 0.9, 0.6]","[1.0, 1.35]","[0.5, 0.4]",40.0,0.35,35.0,"[73.0, 211.0, 179.0]",10,4.818983149046953,0.48189831490469526,965.6419794353811,2004,13.756613756613758,,0.013940233750458653,0.00633589345369158,,5.220043205857604e-05,2.4201108490696964e-05,267.052076021436,0.013901625000000806
candidate_0343,stable_2plus2,"[[1,2],[3,4]]","[1.0, 0.7, 0.9, 0.6]","[1.0, 0.8]","[0.5, 0.4]",12.0,0.0,35.0,"[73.0, 211.0, 179.0]",10,3.6708718141091055,0.36708718141091057,578.2779778856343,1576,8.0,,0.03916938539098692,0.018224453711845445,,0.00014708414411482293,4.2939279686327934e-05,266.30596810223733,0.011009166000000903
candidate_0403,stable_2plus2,"[[1,2],[3,4]]","[1.0, 0.2, 0.8, 0.15]","[1.0, 0.8]","[0.1, 0.2]",12.0,0.0,145.0,"[73.0, 211.0, 179.0]",10,4.612677018532275,0.4612677018532275,688.2884651454572,1493,10.909090909090908,,0.010051273097940213,0.004899587179398506,,3.782755988282958e-05,9.840700211511956e-06,265.71296507292334,0.010185457999998704
candidate_0378,stable_2plus2,"[[1,2],[3,4]]","[1.0, 0.2, 0.8, 0.15]","[1.0, 0.8]","[0.0, 0.0]",40.0,0.35,0.0,"[0.0, 137.0, 61.0]",20,4.612677018532275,0.23063385092661376,688.2884651454572,2985,26.0,,0.00021096376888760242,0.00011570380971532986,,7.965771419260389e-07,3.157928670740415e-07,264.8378390290166,0.019624124999999992
candidate_0219,stable_2plus2,"[[1,2],[3,4]]","[1.0, 1.0, 1.0, 1.0]","[1.0, 0.8]","[0.0, 0.0]",20.0,0.2,35.0,"[73.0, 211.0, 179.0]",10,3.179068245054753,0.3179068245054753,533.145952579004,1678,16.0,,0.0033039515933590193,0.0018539031561331334,,1.267746296760685e-05,3.957649957077007e-06,260.6161502345696,0.011123875000000005
candidate_0303,stable_2plus2,"[[1,2],[3,4]]","[1.3, 0.3, 0.7, 0.7]","[1.0, 1.0]","[0.1, 0.2]",12.0,0.0,35.0,"[73.0, 211.0, 179.0]",40,4.967294132898051,0.12418235332245127,637.2312954732635,5132,10.0,,0.0011937505307097079,0.000558283733599765,,4.643444109915389e-06,1.945424971530522e-06,257.08299754499683,0.033951000000000064
candidate_0265,stable_2plus2,"[[1,2],[3,4]]","[1.0, 1.0, 1.0, 1.0]","[1.0, 0.8]","[0.35, 0.1]",12.0,0.0,145.0,"[73.0, 211.0, 179.0]",40,3.179068245054753,0.07947670612636883,533.145952579004,6709,8.888888888888888,,0.0006375817900609244,0.0003193962640944091,,2.4897437194159e-06,5.10404312279478e-07,256.0833008991394,0.04365187500000012
candidate_0466,stable_2plus2,"[[1,2],[3,4]]","[1.0, 1.0, 1.0, 1.0]","[1.0, 1.35]","[0.1, 0.2]",20.0,0.2,145.0,"[73.0, 211.0, 179.0]",10,4.442882938158366,0.4442882938158366,836.2704851517306,1883,9.876543209876543,,0.005866085685509755,0.002772491889741273,,2.306643575835912e-05,4.375757103287481e-06,254.3126188615389,0.01306995800000088
candidate_0014,stable_2plus2,"[[1,2],[3,4]]","[1.0, 0.2, 0.8, 0.15]","[1.0, 1.0]","[0.1, 0.2]",20.0,0.2,35.0,"[0.0, 137.0, 61.0]",10,5.735737209545476,0.5735737209545476,773.5694528766917,1349,13.333333333333334,,0.0076433101069907075,0.003609522934697251,,3.027510925551619e-05,9.756819492551903e-06,252.46185050837033,0.009430582999999992
candidate_0345,stable_2plus2,"[[1,2],[3,4]]","[1.0, 1.0, 1.0, 1.0]","[1.0, 0.8]","[0.35, 0.1]",20.0,0.2,80.0,"[0.0, 137.0, 61.0]",10,3.179068245054753,0.3179068245054753,533.145952579004,1678,11.851851851851851,,0.005157158559850072,0.0025794333066957434,,2.0511511740823573e-05,6.151827422809137e-06,251.4275215310387,0.012294250000000062
candidate_0589,stable_2plus2,"[[1,2],[3,4]]","[1.0, 1.0, 1.0, 1.0]","[1.0, 1.35]","[0.1, 0.2]",20.0,0.2,145.0,"[0.0, 137.0, 61.0]",10,4.442882938158366,0.4442882938158366,836.2704851517306,1883,9.876543209876543,,0.005373006941144397,0.0025694510935144075,,2.1746387244439248e-05,4.210273424894281e-06,247.07584210422468,0.012934541999999993
candidate_0636,stable_2plus2,"[[1,2],[3,4]]","[1.0, 1.0, 1.0, 1.0]","[1.0, 0.8]","[0.35, 0.1]",12.0,0.0,80.0,"[73.0, 211.0, 179.0]",40,3.179068245054753,0.07947670612636883,533.145952579004,6709,8.888888888888888,,0.0006520001355263303,0.0003283895360403912,,2.6905637725941513e-06,1.0054068704614177e-06,242.32844512646273,0.042375375000002435
candidate_0593,stable_2plus2,"[[1,2],[3,4]]","[1.3, 0.3, 0.7, 0.7]","[1.0, 1.35]","[0.5, 0.4]",40.0,0.35,80.0,"[73.0, 211.0, 179.0]",10,4.967294132898051,0.4967294132898051,999.5344089953015,2013,13.756613756613758,,0.018181673380213502,0.008254592413264011,,7.531791000901725e-05,4.0599569562333666e-05,241.39906933207183,0.01358558299999757
candidate_0028,stable_2plus2,"[[1,2],[3,4]]","[1.0, 0.7, 0.9, 0.6]","[1.0, 1.0]","[0.35, 0.1]",20.0,0.2,0.0,"[73.0, 211.0, 179.0]",40,4.818983149046953,0.12047457872617381,615.6239184776948,5110,11.851851851851851,,0.0004575839080332216,0.00022948076661899458,,1.9063564274369122e-06,4.864634850468223e-07,240.03061623079643,0.03328670799999989
candidate_0570,stable_2plus2,"[[1,2],[3,4]]","[1.0, 0.2, 0.8, 0.15]","[1.0, 0.8]","[0.1, 0.2]",12.0,0.0,35.0,"[73.0, 211.0, 179.0]",10,4.612677018532275,0.4612677018532275,688.2884651454572,1493,10.909090909090908,,0.010587014426934122,0.005061539824108714,,4.4123617326687156e-05,1.7824805202915887e-05,239.93985689225914,0.009829916999997579
candidate_0632,stable_2plus2,"[[1,2],[3,4]]","[1.0, 0.2, 0.8, 0.15]","[1.0, 1.0]","[0.35, 0.1]",20.0,0.2,80.0,"[73.0, 211.0, 179.0]",20,5.735737209545476,0.2867868604772738,773.5694528766917,2698,11.851851851851851,,0.0012385418895545532,0.0006088170176319431,,5.267580799220854e-06,1.2771043106103588e-06,235.12537097442342,0.017277791999998016
candidate_0172,stable_2plus2,"[[1,2],[3,4]]","[1.0, 0.7, 0.9, 0.6]","[1.0, 1.0]","[0.1, 0.2]",12.0,0.0,80.0,"[0.0, 137.0, 61.0]",40,4.818983149046953,0.12047457872617381,615.6239184776948,5110,10.0,,0.000966058404414187,0.0004187743322660997,,4.233329971780587e-06,1.4266480781736248e-06,228.20295390483153,0.03304904200000003
candidate_0363,stable_2plus2,"[[1,2],[3,4]]","[1.3, 0.3, 0.7, 0.7]","[1.0, 1.35]","[0.5, 0.4]",40.0,0.35,0.0,"[0.0, 137.0, 61.0]",10,4.967294132898051,0.4967294132898051,999.5344089953015,2013,13.756613756613758,,0.0171034765130923,0.007659990758444157,,7.507946018023985e-05,4.417379093054602e-05,227.8050011552129,0.013919417000000323
candidate_0471,stable_2plus2,"[[1,2],[3,4]]","[1.3, 0.3, 0.7, 0.7]","[1.0, 0.8]","[0.1, 0.2]",12.0,0.0,145.0,"[0.0, 137.0, 61.0]",10,3.7997133175159234,0.37997133175159237,596.0752959477661,1569,10.909090909090908,,0.013813035333440353,0.006681612718659711,,6.1030624903196026e-05,1.6765137327811245e-05,226.32957396962516,0.011258583000000044
candidate_0248,stable_2plus2,"[[1,2],[3,4]]","[1.0, 0.7, 0.9, 0.6]","[1.0, 0.55]","[0.0, 0.0]",20.0,0.2,0.0,"[0.0, 137.0, 61.0]",20,2.092561704215668,0.1046280852107834,578.2779778856343,5527,16.0,,0.00031470507600993877,0.00015941245502006917,,1.4175824761869463e-06,5.22636757823954e-07,222.00124599200848,0.035625041999999496
candidate_0085,stable_2plus2,"[[1,2],[3,4]]","[1.0, 0.2, 0.8, 0.15]","[1.0, 1.35]","[0.1, 0.2]",12.0,0.0,80.0,"[0.0, 137.0, 61.0]",40,5.735737209545476,0.1433934302386369,1213.3887512911153,8462,7.4074074074074066,,0.0007230269876455611,0.00018464769273428272,,3.4487893063206874e-06,1.2166936360870802e-06,209.64661028159952,0.054628165999999645
candidate_0484,stable_2plus2,"[[1,2],[3,4]]","[1.0, 0.7, 0.9, 0.6]","[1.0, 1.0]","[0.35, 0.1]",20.0,0.2,0.0,"[73.0, 211.0, 179.0]",20,4.818983149046953,0.24094915745234763,615.6239184776948,2555,11.851851851851851,,0.001619180309857253,0.0008188029880566675,,7.74463029073264e-06,1.965581233820983e-06,209.07134996421874,0.01684637500000008
candidate_0584,stable_2plus2,"[[1,2],[3,4]]","[1.0, 1.0, 1.0, 1.0]","[1.0, 1.0]","[0.0, 0.0]",40.0,0.35,35.0,"[0.0, 137.0, 61.0]",20,4.442882938158366,0.2221441469079183,533.145952579004,2400,26.0,,0.0002521863682775551,0.0001381271536264624,,1.218540612818204e-06,5.430876645040661e-07,206.95770467125104,0.015396208000002076
candidate_0100,stable_2plus2,"[[1,2],[3,4]]","[1.0, 0.2, 0.8, 0.15]","[1.0, 1.35]","[0.1, 0.2]",20.0,0.2,145.0,"[73.0, 211.0, 179.0]",20,5.735737209545476,0.2867868604772738,1213.3887512911153,4231,9.876543209876543,,0.0009420790459272883,0.0004311792833777397,,4.6184712982577815e-06,8.424824175865808e-07,203.98070813662244,0.0273379170000001
candidate_0020,stable_2plus2,"[[1,2],[3,4]]","[1.3, 0.3, 0.7, 0.7]","[1.0, 1.0]","[0.0, 0.0]",40.0,0.35,35.0,"[0.0, 137.0, 61.0]",20,4.967294132898051,0.24836470664490254,637.2312954732635,2566,26.0,,0.0002148958319432356,0.00011759933011413355,,1.0604919753371287e-06,4.527411746910029e-07,202.6378670851522,0.01681337500000002
candidate_0596,stable_2plus2,"[[1,2],[3,4]]","[1.3, 0.3, 0.7, 0.7]","[1.0, 1.0]","[0.0, 0.0]",40.0,0.35,145.0,"[0.0, 137.0, 61.0]",40,4.967294132898051,0.12418235332245127,637.2312954732635,5132,26.0,,1.3966773769906018e-05,7.025179755893136e-06,,6.918071276027024e-08,1.947323688859668e-08,201.8882606530037,0.03250749999999769
candidate_0354,stable_2plus2,"[[1,2],[3,4]]","[1.3, 0.3, 0.7, 0.7]","[1.0, 1.35]","[0.1, 0.2]",20.0,0.2,0.0,"[0.0, 137.0, 61.0]",20,4.967294132898051,0.24836470664490254,999.5344089953015,4025,9.876543209876543,,0.0016612009411422562,0.0007562482589075032,,8.256288896613966e-06,2.6618636180797387e-06,201.20431369880248,0.026904416999999015
candidate_0125,stable_2plus2,"[[1,2],[3,4]]","[1.0, 1.0, 1.0, 1.0]","[1.0, 1.35]","[0.1, 0.2]",20.0,0.2,80.0,"[0.0, 137.0, 61.0]",10,4.442882938158366,0.4442882938158366,836.2704851517306,1883,9.876543209876543,,0.005648528938762414,0.0026388284677577156,,2.82797279050749e-05,8.288438518793742e-06,199.73773997128043,0.01254854199999933
candidate_0230,stable_2plus2,"[[1,2],[3,4]]","[1.0, 0.2, 0.8, 0.15]","[1.0, 1.0]","[0.35, 0.1]",20.0,0.2,0.0,"[73.0, 211.0, 179.0]",40,5.735737209545476,0.1433934302386369,773.5694528766917,5395,11.851851851851851,,0.0003460172889009462,0.0001683929161224657,,1.7448799575976404e-06,4.206959965053909e-07,198.3043517660347,0.035235915999999534
candidate_0182,stable_2plus2,"[[1,2],[3,4]]","[1.0, 1.0, 1.0, 1.0]","[1.0, 0.8]","[0.35, 0.1]",12.0,0.0,35.0,"[73.0, 211.0, 179.0]",40,3.179068245054753,0.07947670612636883,533.145952579004,6709,8.888888888888888,,0.0006553418442756714,0.00033301975444147575,,3.3125875812137335e-06,1.3674829689409864e-06,197.83381667921182,0.043380166000000386
candidate_0191,stable_2plus2,"[[1,2],[3,4]]","[1.0, 0.2, 0.8, 0.15]","[1.0, 1.35]","[0.35, 0.1]",40.0,0.35,0.0,"[0.0, 137.0, 61.0]",40,5.735737209545476,0.1433934302386369,1213.3887512911153,8462,17.508417508417505,,0.00010929341277082147,5.633619372622601e-05,,5.756734440758225e-07,2.20915851339473e-07,189.85314312401445,0.05440779199999923
candidate_0194,stable_2plus2,"[[1,2],[3,4]]","[1.3, 0.3, 0.7, 0.7]","[1.0, 0.8]","[0.35, 0.1]",12.0,0.0,0.0,"[0.0, 137.0, 61.0]",40,3.7997133175159234,0.09499283293789809,596.0752959477661,6275,8.888888888888888,,0.0006466549020020315,0.00031692107176951065,,3.5063165827489207e-06,1.528805491027324e-06,184.42570336733823,0.04075650000000053
candidate_0233,stable_2plus2,"[[1,2],[3,4]]","[1.0, 0.2, 0.8, 0.15]","[1.0, 0.55]","[0.0, 0.0]",12.0,0.0,35.0,"[73.0, 211.0, 179.0]",10,2.62943294445679,0.262943294445679,688.2884651454572,2618,12.0,,0.002575515703610017,0.001385551885165382,,1.4006731542078337e-05,6.887141641702911e-06,183.87699484871106,0.01714429199999934
candidate_0437,stable_2plus2,"[[1,2],[3,4]]","[1.0, 1.0, 1.0, 1.0]","[1.0, 1.35]","[0.0, 0.0]",80.0,0.5,0.0,"[73.0, 211.0, 179.0]",40,4.442882938158366,0.11107207345395916,836.2704851517306,7530,29.629629629629626,,3.358604163218391e-06,1.3256297918187478e-06,,1.8334818794002256e-08,4.109907707607592e-09,183.18174839650274,0.047610541999999256
candidate_0170,stable_2plus2,"[[1,2],[3,4]]","[1.0, 0.2, 0.8, 0.15]","[1.0, 0.8]","[0.0, 0.0]",20.0,0.2,35.0,"[73.0, 211.0, 179.0]",10,4.612677018532275,0.4612677018532275,688.2884651454572,1493,16.0,,0.00241057391644995,0.0013044849539692394,,1.3375386931749743e-05,4.0684505228751874e-06,180.22461172527764,0.010198082999999691
candidate_0585,stable_2plus2,"[[1,2],[3,4]]","[1.0, 0.2, 0.8, 0.15]","[1.0, 1.0]","[0.1, 0.2]",12.0,0.0,35.0,"[73.0, 211.0, 179.0]",20,5.735737209545476,0.2867868604772738,773.5694528766917,2698,10.0,,0.002715365996433103,0.0012272966991540598,,1.5475004476421214e-05,6.340563334778953e-06,175.46786500581777,0.01720116699999963
candidate_0377,stable_2plus2,"[[1,2],[3,4]]","[1.0, 0.7, 0.9, 0.6]","[1.0, 1.0]","[0.1, 0.2]",12.0,0.0,145.0,"[0.0, 137.0, 61.0]",10,4.818983149046953,0.48189831490469526,615.6239184776948,1278,10.0,,0.010124825819673838,0.004543861249658389,,5.860857789800432e-05,1.5181120920273881e-05,172.7533098874013,0.009041790999999577
candidate_0097,stable_2plus2,"[[1,2],[3,4]]","[1.0, 0.2, 0.8, 0.15]","[1.0, 0.8]","[0.35, 0.1]",12.0,0.0,145.0,"[0.0, 137.0, 61.0]",20,4.612677018532275,0.23063385092661376,688.2884651454572,2985,8.888888888888888,,0.0015652389353487252,0.0007372964227513396,,9.074386224278111e-06,2.1536082537129563e-06,172.48978571806862,0.019734917000000074
candidate_0218,stable_2plus2,"[[1,2],[3,4]]","[1.0, 0.7, 0.9, 0.6]","[1.0, 0.8]","[0.35, 0.1]",12.0,0.0,80.0,"[0.0, 137.0, 61.0]",40,3.6708718141091055,0.09177179535272764,578.2779778856343,6302,8.888888888888888,,0.0005445352310364667,0.00025910015529117777,,3.168033011886181e-06,1.0397393544337605e-06,171.88432980130523,0.040417166000000115
candidate_0507,stable_2plus2,"[[1,2],[3,4]]","[1.0, 0.7, 0.9, 0.6]","[1.0, 0.8]","[0.35, 0.1]",20.0,0.2,0.0,"[0.0, 137.0, 61.0]",10,3.6708718141091055,0.36708718141091057,578.2779778856343,1576,11.851851851851851,,0.004612968843892521,0.002289180051432775,,2.7118187979370988e-05,1.05595972178366e-05,170.1060870070538,0.010937874999999764
candidate_0079,stable_2plus2,"[[1,2],[3,4]]","[1.3, 0.3, 0.7, 0.7]","[1.0, 1.35]","[0.0, 0.0]",80.0,0.5,35.0,"[73.0, 211.0, 179.0]",40,4.967294132898051,0.12418235332245127,999.5344089953015,8049,29.629629629629626,,3.0063042208895747e-06,1.1262218358140792e-06,,1.769024478803082e-08,3.792051751828043e-09,169.9413579015952,0.05165295800000003
candidate_0578,stable_2plus2,"[[1,2],[3,4]]","[1.3, 0.3, 0.7, 0.7]","[1.0, 1.35]","[0.5, 0.4]",12.0,0.0,35.0,"[73.0, 211.0, 179.0]",20,4.967294132898051,0.24836470664490254,999.5344089953015,4025,6.34920634920635,,0.0051819285812859705,0.0019930929004870323,,3.056723995321796e-05,9.638505224679985e-06,169.5255636170201,0.026492707999999254
candidate_0245,stable_2plus2,"[[1,2],[3,4]]","[1.0, 0.7, 0.9, 0.6]","[1.0, 0.8]","[0.0, 0.0]",20.0,0.2,0.0,"[0.0, 137.0, 61.0]",10,3.6708718141091055,0.36708718141091057,578.2779778856343,1576,16.0,,0.0028995822042738543,0.0016022854175247096,,1.7469656413192405e-05,6.719697674207016e-06,165.9782044759737,0.010425874999999252
candidate_0146,stable_2plus2,"[[1,2],[3,4]]","[1.3, 0.3, 0.7, 0.7]","[1.0, 1.0]","[0.1, 0.2]",12.0,0.0,0.0,"[73.0, 211.0, 179.0]",10,4.967294132898051,0.4967294132898051,637.2312954732635,1283,10.0,,0.01340996927304593,0.006377975517019747,,8.089878511257732e-05,3.448699916845035e-05,165.76230723841962,0.00924708299999999
candidate_0545,stable_2plus2,"[[1,2],[3,4]]","[1.0, 0.7, 0.9, 0.6]","[1.0, 1.0]","[0.35, 0.1]",20.0,0.2,35.0,"[0.0, 137.0, 61.0]",40,4.818983149046953,0.12047457872617381,615.6239184776948,5110,11.851851851851851,,0.00043094167408775865,0.00021414187260524056,,2.6047496949656755e-06,9.741365258721904e-07,165.4445626467143,0.06680912499999891
candidate_0158,stable_2plus2,"[[1,2],[3,4]]","[1.0, 0.7, 0.9, 0.6]","[1.0, 1.35]","[0.5, 0.4]",40.0,0.35,35.0,"[0.0, 137.0, 61.0]",10,4.818983149046953,0.48189831490469526,965.6419794353811,2004,13.756613756613758,,0.013304323397727849,0.005912973572563777,,8.424647920197497e-05,4.843112710557795e-05,157.9214172954537,0.013830749999999448
candidate_0381,stable_2plus2,"[[1,2],[3,4]]","[1.0, 1.0, 1.0, 1.0]","[1.0, 1.35]","[0.5, 0.4]",12.0,0.0,35.0,"[0.0, 137.0, 61.0]",40,4.442882938158366,0.11107207345395916,836.2704851517306,7530,6.34920634920635,,0.0016309575574911252,0.000546410177505815,,1.0499880387092849e-05,4.1445454226019835e-06,155.33106067532034,0.048785415999999415
candidate_0142,stable_2plus2,"[[1,2],[3,4]]","[1.0, 1.0, 1.0, 1.0]","[1.0, 1.35]","[0.35, 0.1]",40.0,0.35,80.0,"[0.0, 137.0, 61.0]",10,4.442882938158366,0.4442882938158366,836.2704851517306,1883,17.508417508417505,,0.002354145603300148,0.0012034747640096907,,1.534141923442166e-05,5.664033917503258e-06,153.45031429804965,0.013260500000000341
candidate_0389,stable_2plus2,"[[1,2],[3,4]]","[1.0, 0.2, 0.8, 0.15]","[1.0, 1.35]","[0.1, 0.2]",20.0,0.2,35.0,"[0.0, 137.0, 61.0]",20,5.735737209545476,0.2867868604772738,1213.3887512911153,4231,9.876543209876543,,0.0009736977522872996,0.0004258812925910626,,6.6194777778644844e-06,2.4247302620725947e-06,147.09585634433915,0.028045457999999357
candidate_0025,stable_2plus2,"[[1,2],[3,4]]","[1.3, 0.3, 0.7, 0.7]","[1.0, 0.8]","[0.0, 0.0]",40.0,0.35,80.0,"[73.0, 211.0, 179.0]",40,3.7997133175159234,0.09499283293789809,596.0752959477661,6275,26.0,,2.5364461995035737e-05,1.1877182812436718e-05,,1.7392133041913754e-07,4.048546516033135e-08,145.8387072701736,0.040094375000000015
candidate_0021,stable_2plus2,"[[1,2],[3,4]]","[1.0, 0.2, 0.8, 0.15]","[1.0, 0.8]","[0.35, 0.1]",12.0,0.0,0.0,"[73.0, 211.0, 179.0]",40,4.612677018532275,0.11531692546330688,688.2884651454572,5969,8.888888888888888,,0.0004910963045076,0.00023986839039556273,,3.4625916493539274e-06,1.408905263256258e-06,141.8291136349364,0.03889633399999992
candidate_0454,stable_2plus2,"[[1,2],[3,4]]","[1.0, 0.7, 0.9, 0.6]","[1.0, 1.0]","[0.0, 0.0]",20.0,0.2,145.0,"[0.0, 137.0, 61.0]",10,4.818983149046953,0.48189831490469526,615.6239184776948,1278,16.0,,0.0021798858254493724,0.0011529507969563811,,1.5960294024918426e-05,3.953032121020569e-06,136.5818087089103,0.008583040999999625
candidate_0333,stable_2plus2,"[[1,2],[3,4]]","[1.0, 1.0, 1.0, 1.0]","[1.0, 0.8]","[0.5, 0.4]",12.0,0.0,80.0,"[0.0, 137.0, 61.0]",10,3.179068245054753,0.3179068245054753,533.145952579004,1678,8.0,,0.04334381569835434,0.01737762168816594,,0.0003248243113133647,0.00016121078870692554,133.43772060379948,0.012075291999998683
candidate_0173,stable_2plus2,"[[1,2],[3,4]]","[1.3, 0.3, 0.7, 0.7]","[1.0, 1.0]","[0.35, 0.1]",20.0,0.2,35.0,"[73.0, 211.0, 179.0]",10,4.967294132898051,0.4967294132898051,637.2312954732635,1283,11.851851851851851,,0.005163913786857125,0.0025827615657868577,,3.8864088232489185e-05,9.605233474371159e-06,132.87109055449938,0.008860124999999996
candidate_0465,stable_2plus2,"[[1,2],[3,4]]","[1.0, 0.2, 0.8, 0.15]","[1.0, 0.8]","[0.35, 0.1]",12.0,0.0,80.0,"[0.0, 137.0, 61.0]",20,4.612677018532275,0.23063385092661376,688.2884651454572,2985,8.888888888888888,,0.001614062397346964,0.0007445412099274435,,1.2198945338910323e-05,4.017614856141832e-06,132.31163453111603,0.01975212500000012
candidate_0159,stable_2plus2,"[[1,2],[3,4]]","[1.3, 0.3, 0.7, 0.7]","[1.0, 1.35]","[0.35, 0.1]",20.0,0.2,145.0,"[73.0, 211.0, 179.0]",40,4.967294132898051,0.12418235332245127,999.5344089953015,8049,10.774410774410772,,0.00020154384632295732,9.94651538653355e-05,,1.5613041703012133e-06,2.321078822873515e-07,129.08685582007678,0.05221575000000023
candidate_0199,stable_2plus2,"[[1,2],[3,4]]","[1.3, 0.3, 0.7, 0.7]","[1.0, 0.8]","[0.35, 0.1]",12.0,0.0,145.0,"[73.0, 211.0, 179.0]",10,3.7997133175159234,0.37997133175159237,596.0752959477661,1569,8.888888888888888,,0.006086448803004381,0.002959064858109147,,4.720263072359489e-05,9.407043883780722e-06,128.9429997799251,0.010750749999999698
candidate_0542,stable_2plus2,"[[1,2],[3,4]]","[1.3, 0.3, 0.7, 0.7]","[1.0, 1.35]","[0.35, 0.1]",12.0,0.0,145.0,"[0.0, 137.0, 61.0]",40,4.967294132898051,0.12418235332245127,999.5344089953015,8049,8.08080808080808,,0.0005699017324062122,0.00016646326235325094,,4.445339114035515e-06,8.864811993801036e-07,128.20208262780898,0.05155054099999923
candidate_0129,stable_2plus2,"[[1,2],[3,4]]","[1.0, 0.7, 0.9, 0.6]","[1.0, 0.8]","[0.0, 0.0]",40.0,0.35,35.0,"[73.0, 211.0, 179.0]",40,3.6708718141091055,0.09177179535272764,578.2779778856343,6302,26.0,,2.2251323061255235e-05,9.830150895147647e-06,,1.8088521152634235e-07,4.616829508764905e-08,123.0135005150201,0.04096591600000021
candidate_0530,stable_2plus2,"[[1,2],[3,4]]","[1.0, 0.2, 0.8, 0.15]","[1.0, 1.0]","[0.0, 0.0]",40.0,0.35,35.0,"[73.0, 211.0, 179.0]",20,5.735737209545476,0.2867868604772738,773.5694528766917,2698,26.0,,0.000137944990244736,6.733619850626669e-05,,1.1258375868006582e-06,2.7763712526343804e-07,122.52654544670186,0.01721116699999925
candidate_0187,stable_2plus2,"[[1,2],[3,4]]","[1.0, 1.0, 1.0, 1.0]","[1.0, 1.0]","[0.0, 0.0]",20.0,0.2,80.0,"[0.0, 137.0, 61.0]",10,4.442882938158366,0.4442882938158366,533.145952579004,1200,16.0,,0.0029944285607115596,0.0015985622027142434,,2.466891613186419e-05,9.016538930892926e-06,121.38468284156737,0.008251916999999942
candidate_0422,stable_2plus2,"[[1,2],[3,4]]","[1.0, 1.0, 1.0, 1.0]","[1.0, 1.0]","[0.35, 0.1]",12.0,0.0,80.0,"[73.0, 211.0, 179.0]",20,4.442882938158366,0.2221441469079183,533.145952579004,2400,8.888888888888888,,0.0022462584742791746,0.0010812568965953544,,1.8864913568730452e-05,7.366440747934868e-06,119.07070054126628,0.016209583000000194
candidate_0588,stable_2plus2,"[[1,2],[3,4]]","[1.0, 0.7, 0.9, 0.6]","[1.0, 1.0]","[0.35, 0.1]",12.0,0.0,145.0,"[73.0, 211.0, 179.0]",40,4.818983149046953,0.12047457872617381,615.6239184776948,5110,8.888888888888888,,0.0004891202832208486,0.0002229793624036308,,4.126831606384199e-06,9.050146507289134e-07,118.52198729509115,0.032881541000001846
candidate_0236,stable_2plus2,"[[1,2],[3,4]]","[1.0, 0.2, 0.8, 0.15]","[1.0, 1.0]","[0.0, 0.0]",40.0,0.35,0.0,"[73.0, 211.0, 179.0]",20,5.735737209545476,0.2867868604772738,773.5694528766917,2698,26.0,,0.0001379460682304036,6.726840416758154e-05,,1.170829569755563e-06,2.916719332684946e-07,117.81908468471883,0.017605290999999745
candidate_0430,stable_2plus2,"[[1,2],[3,4]]","[1.3, 0.3, 0.7, 0.7]","[1.0, 1.35]","[0.35, 0.1]",20.0,0.2,0.0,"[73.0, 211.0, 179.0]",20,4.967294132898051,0.24836470664490254,999.5344089953015,4025,10.774410774410772,,0.0008304534006003914,0.00039484611769940314,,7.130219991006914e-06,1.8444787752935313e-06,116.46953413047731,0.0267190829999997
candidate_0433,stable_2plus2,"[[1,2],[3,4]]","[1.0, 0.2, 0.8, 0.15]","[1.0, 1.0]","[0.0, 0.0]",40.0,0.35,145.0,"[0.0, 137.0, 61.0]",40,5.735737209545476,0.1433934302386369,773.5694528766917,5395,26.0,,7.002249670260908e-06,3.519807049462555e-06,,6.140613371046811e-08,1.7041832233889352e-08,114.0317627433888,0.03445341700000171
candidate_0599,stable_2plus2,"[[1,2],[3,4]]","[1.3, 0.3, 0.7, 0.7]","[1.0, 1.0]","[0.0, 0.0]",20.0,0.2,80.0,"[0.0, 137.0, 61.0]",10,4.967294132898051,0.4967294132898051,637.2312954732635,1283,16.0,,0.002609238407016685,0.0013857590951250978,,2.3406599287825185e-05,6.7747128901519345e-06,111.47447670340843,0.00832820800000178
candidate_0152,stable_2plus2,"[[1,2],[3,4]]","[1.0, 1.0, 1.0, 1.0]","[1.0, 0.55]","[0.0, 0.0]",20.0,0.2,80.0,"[0.0, 137.0, 61.0]",40,1.8122115948372268,0.04530528987093067,533.145952579004,11768,16.0,,2.885115474092652e-05,1.116622222621472e-05,,2.6169846463506296e-07,7.615974995987878e-08,110.2457929249195,0.07474837500000042
candidate_0322,stable_2plus2,"[[1,2],[3,4]]","[1.0, 1.0, 1.0, 1.0]","[1.0, 0.55]","[0.0, 0.0]",12.0,0.0,35.0,"[0.0, 137.0, 61.0]",20,1.8122115948372268,0.09061057974186135,533.145952579004,5884,12.0,,0.0003435987612096738,0.00016364206295934423,,3.124443767412209e-06,1.4672349842888206e-06,109.97117784400268,0.03731349999999978
candidate_0514,stable_2plus2,"[[1,2],[3,4]]","[1.3, 0.3, 0.7, 0.7]","[1.0, 0.8]","[0.0, 0.0]",20.0,0.2,80.0,"[73.0, 211.0, 179.0]",20,3.7997133175159234,0.18998566587579618,596.0752959477661,3138,16.0,,0.0003325753104746508,0.0001541895516735256,,3.059325566020878e-06,8.635257661470924e-07,108.70870173755846,0.020383665999998968
candidate_0608,stable_2plus2,"[[1,2],[3,4]]","[1.0, 1.0, 1.0, 1.0]","[1.0, 1.35]","[0.35, 0.1]",20.0,0.2,0.0,"[73.0, 211.0, 179.0]",20,4.442882938158366,0.2221441469079183,836.2704851517306,3765,10.774410774410772,,0.0008542837480160576,0.0004090191871856452,,7.902215448279436e-06,2.086029336522847e-06,108.10686618295915,0.024136874999999947
candidate_0563,stable_2plus2,"[[1,2],[3,4]]","[1.3, 0.3, 0.7, 0.7]","[1.0, 0.55]","[0.0, 0.0]",20.0,0.2,80.0,"[0.0, 137.0, 61.0]",40,2.1660071443169624,0.05415017860792406,596.0752959477661,11008,16.0,,2.9951645948904376e-05,1.1429027035211345e-05,,2.77169491662394e-07,7.919575301492786e-08,108.06256406237866,0.06929645800000017
candidate_0235,stable_2plus2,"[[1,2],[3,4]]","[1.0, 1.0, 1.0, 1.0]","[1.0, 1.35]","[0.35, 0.1]",20.0,0.2,145.0,"[0.0, 137.0, 61.0]",20,4.442882938158366,0.2221441469079183,836.2704851517306,3765,10.774410774410772,,0.0007424700964698361,0.0003676535767502922,,6.960013685932622e-06,1.0804496485376365e-06,106.67652823305436,0.024635125000000535
candidate_0548,stable_2plus2,"[[1,2],[3,4]]","[1.0, 1.0, 1.0, 1.0]","[1.0, 0.8]","[0.0, 0.0]",40.0,0.35,0.0,"[0.0, 137.0, 61.0]",40,3.179068245054753,0.07947670612636883,533.145952579004,6709,26.0,,1.7944184804028186e-05,8.688365789721023e-06,,1.7446436155821142e-07,7.206230727416702e-08,102.85301045876334,0.04303808300000256
candidate_0120,stable_2plus2,"[[1,2],[3,4]]","[1.0, 0.2, 0.8, 0.15]","[1.0, 0.8]","[0.0, 0.0]",40.0,0.35,145.0,"[73.0, 211.0, 179.0]",40,4.612677018532275,0.11531692546330688,688.2884651454572,5969,26.0,,1.611935738471551e-05,7.593357789823444e-06,,1.5760653780836833e-07,3.002011209120244e-08,102.27594368144055,0.03849391699999938
candidate_0443,stable_2plus2,"[[1,2],[3,4]]","[1.0, 0.2, 0.8, 0.15]","[1.0, 0.8]","[0.5, 0.4]",12.0,0.0,80.0,"[73.0, 211.0, 179.0]",10,4.612677018532275,0.4612677018532275,688.2884651454572,1493,8.0,,0.03168778628520905,0.014455118570053582,,0.0003110903658744683,8.579861146502893e-05,101.86039093861159,0.010311542000000173
candidate_0573,stable_2plus2,"[[1,2],[3,4]]","[1.0, 0.7, 0.9, 0.6]","[1.0, 1.0]","[0.35, 0.1]",20.0,0.2,0.0,"[73.0, 211.0, 179.0]",10,4.818983149046953,0.48189831490469526,615.6239184776948,1278,11.851851851851851,,0.004335474185685114,0.0020992572999171976,,4.2908565491573384e-05,1.115732441284335e-05,101.0398305330561,0.008979166999999677
candidate_0168,stable_2plus2,"[[1,2],[3,4]]","[1.0, 0.7, 0.9, 0.6]","[1.0, 1.35]","[0.35, 0.1]",20.0,0.2,145.0,"[73.0, 211.0, 179.0]",40,4.818983149046953,0.12047457872617381,965.6419794353811,8016,10.774410774410772,,0.00016114071793273468,7.840450982872255e-05,,1.623040650412524e-06,2.443816995521425e-07,99.28322983886939,0.051664499999999336
candidate_0080,stable_2plus2,"[[1,2],[3,4]]","[1.0, 0.2, 0.8, 0.15]","[1.0, 1.35]","[0.35, 0.1]",40.0,0.35,80.0,"[0.0, 137.0, 61.0]",10,5.735737209545476,0.5735737209545476,1213.3887512911153,2116,17.508417508417505,,0.001429368207261087,0.0007129773100519987,,1.4400512619055781e-05,5.124647574888764e-06,99.25814761410962,0.01451387500000001
candidate_0260,stable_2plus2,"[[1,2],[3,4]]","[1.3, 0.3, 0.7, 0.7]","[1.0, 0.55]","[0.0, 0.0]",20.0,0.2,35.0,"[73.0, 211.0, 179.0]",40,2.1660071443169624,0.05415017860792406,596.0752959477661,11008,16.0,,2.8671226328092034e-05,1.2290086836246379e-05,,2.91273619083927e-07,9.595515618007108e-08,98.43399624814894,0.0713874170000004
candidate_0282,stable_2plus2,"[[1,2],[3,4]]","[1.0, 1.0, 1.0, 1.0]","[1.0, 0.8]","[0.0, 0.0]",12.0,0.0,80.0,"[0.0, 137.0, 61.0]",10,3.179068245054753,0.3179068245054753,533.145952579004,1678,12.0,,0.003193208262440283,0.0016637939983606372,,3.2726491230915636e-05,1.2792713752652746e-05,97.57258240454951,0.011090749999999261
candidate_0622,stable_2plus2,"[[1,2],[3,4]]","[1.0, 1.0, 1.0, 1.0]","[1.0, 1.0]","[0.35, 0.1]",12.0,0.0,80.0,"[0.0, 137.0, 61.0]",20,4.442882938158366,0.2221441469079183,533.145952579004,2400,8.888888888888888,,0.0020700602325365723,0.0009479103403868585,,2.167024480607227e-05,7.907421682237928e-06,95.52546595858095,0.015371458000000615
candidate_0059,stable_2plus2,"[[1,2],[3,4]]","[1.0, 0.7, 0.9, 0.6]","[1.0, 0.55]","[0.0, 0.0]",20.0,0.2,80.0,"[0.0, 137.0, 61.0]",40,2.092561704215668,0.0523140426053917,578.2779778856343,11054,16.0,,2.6152863659935608e-05,9.709676949595336e-06,,2.8055983259012324e-07,7.999590584793943e-08,93.21670681969279,0.07034091700000022
candidate_0124,stable_2plus2,"[[1,2],[3,4]]","[1.3, 0.3, 0.7, 0.7]","[1.0, 1.35]","[0.1, 0.2]",12.0,0.0,80.0,"[73.0, 211.0, 179.0]",10,4.967294132898051,0.4967294132898051,999.5344089953015,2013,7.4074074074074066,,0.0063635636348116885,0.0027787690381632446,,6.829579369608502e-05,2.170087398780887e-05,93.17650898281416,0.013453125000000732
candidate_0281,stable_2plus2,"[[1,2],[3,4]]","[1.3, 0.3, 0.7, 0.7]","[1.0, 1.0]","[0.35, 0.1]",12.0,0.0,35.0,"[0.0, 137.0, 61.0]",40,4.967294132898051,0.12418235332245127,637.2312954732635,5132,8.888888888888888,,0.0005533216879820989,0.000255915310302939,,5.9474543663293155e-06,2.4283646368216753e-06,93.03504556750407,0.033497291999999845
candidate_0495,stable_2plus2,"[[1,2],[3,4]]","[1.0, 1.0, 1.0, 1.0]","[1.0, 1.35]","[0.1, 0.2]",12.0,0.0,80.0,"[0.0, 137.0, 61.0]",10,4.442882938158366,0.4442882938158366,836.2704851517306,1883,7.4074074074074066,,0.006218807407078229,0.002575740189932983,,6.797916393494795e-05,2.624632172568012e-05,91.48108107109496,0.012931625000000224
candidate_0081,stable_2plus2,"[[1,2],[3,4]]","[1.0, 0.7, 0.9, 0.6]","[1.0, 0.55]","[0.0, 0.0]",12.0,0.0,35.0,"[0.0, 137.0, 61.0]",20,2.092561704215668,0.1046280852107834,578.2779778856343,5527,12.0,,0.00031018566162629096,0.00014695368069677386,,3.4029711842911374e-06,1.559404092394645e-06,91.15142175113797,0.03528158299999973
candidate_0488,stable_2plus2,"[[1,2],[3,4]]","[1.0, 0.7, 0.9, 0.6]","[1.0, 0.55]","[0.0, 0.0]",12.0,0.0,80.0,"[73.0, 211.0, 179.0]",20,2.092561704215668,0.1046280852107834,578.2779778856343,5527,12.0,,0.00027911638329635325,0.00012780318632313561,,3.173759839572345e-06,1.3372216487584564e-06,87.9450233808376,0.03540445899999867
candidate_0502,stable_2plus2,"[[1,2],[3,4]]","[1.3, 0.3, 0.7, 0.7]","[1.0, 0.55]","[0.0, 0.0]",20.0,0.2,0.0,"[0.0, 137.0, 61.0]",40,2.1660071443169624,0.05415017860792406,596.0752959477661,11008,16.0,,3.0617703422307776e-05,1.1451511365986657e-05,,3.5107242234037784e-07,1.25634876462425e-07,87.21192971580881,0.06910841600000062
candidate_0286,stable_2plus2,"[[1,2],[3,4]]","[1.0, 0.2, 0.8, 0.15]","[1.0, 0.8]","[0.0, 0.0]",12.0,0.0,145.0,"[0.0, 137.0, 61.0]",10,4.612677018532275,0.4612677018532275,688.2884651454572,1493,12.0,,0.0023431257009641506,0.00118359077811606,,2.704205867107906e-05,8.35744361340512e-06,86.64746014585334,0.010407500000001235
candidate_0624,stable_2plus2,"[[1,2],[3,4]]","[1.0, 0.7, 0.9, 0.6]","[1.0, 1.35]","[0.1, 0.2]",12.0,0.0,35.0,"[73.0, 211.0, 179.0]",20,4.818983149046953,0.24094915745234763,965.6419794353811,4008,7.4074074074074066,,0.001510797645768086,0.0006339031212736437,,1.771306346522137e-05,7.305435453203636e-06,85.29284890411274,0.02547237499999966
candidate_0424,stable_2plus2,"[[1,2],[3,4]]","[1.0, 0.7, 0.9, 0.6]","[1.0, 1.35]","[0.1, 0.2]",12.0,0.0,0.0,"[73.0, 211.0, 179.0]",20,4.818983149046953,0.24094915745234763,965.6419794353811,4008,7.4074074074074066,,0.0015206393160837497,0.0006438875039247799,,1.8048091834458943e-05,7.86638920414444e-06,84.25485253684363,0.027585583999998775
candidate_0434,stable_2plus2,"[[1,2],[3,4]]","[1.3, 0.3, 0.7, 0.7]","[1.0, 0.55]","[0.0, 0.0]",12.0,0.0,35.0,"[73.0, 211.0, 179.0]",20,2.1660071443169624,0.10830035721584812,596.0752959477661,5504,12.0,,0.00031751200229816566,0.00014951497408882607,,3.7925371672713423e-06,1.97510814881509e-06,83.72020847632443,0.03524841599999995
candidate_0328,stable_2plus2,"[[1,2],[3,4]]","[1.0, 0.2, 0.8, 0.15]","[1.0, 0.8]","[0.35, 0.1]",12.0,0.0,0.0,"[73.0, 211.0, 179.0]",10,4.612677018532275,0.4612677018532275,688.2884651454572,1493,8.888888888888888,,0.004761755869457022,0.00221171776719959,,5.7205794684707476e-05,2.3255761841455505e-05,83.23904764721252,0.01036999999999999
candidate_0452,stable_2plus2,"[[1,2],[3,4]]","[1.0, 0.7, 0.9, 0.6]","[1.0, 0.8]","[0.0, 0.0]",20.0,0.2,0.0,"[73.0, 211.0, 179.0]",20,3.6708718141091055,0.18354359070545528,578.2779778856343,3151,16.0,,0.0002832107578581211,0.00012415586309242515,,3.471529007507024e-06,1.0736160459899952e-06,81.58098556736546,0.020586666999999892
candidate_0518,stable_2plus2,"[[1,2],[3,4]]","[1.0, 1.0, 1.0, 1.0]","[1.0, 1.0]","[0.35, 0.1]",20.0,0.2,145.0,"[0.0, 137.0, 61.0]",10,4.442882938158366,0.4442882938158366,533.145952579004,1200,11.851851851851851,,0.004794762355976502,0.0022994737816016365,,5.965592287977385e-05,1.4150670147979962e-05,80.37361798323886,0.008389791999999119
candidate_0088,stable_2plus2,"[[1,2],[3,4]]","[1.3, 0.3, 0.7, 0.7]","[1.0, 1.0]","[0.35, 0.1]",12.0,0.0,35.0,"[0.0, 137.0, 61.0]",20,4.967294132898051,0.24836470664490254,637.2312954732635,2566,8.888888888888888,,0.0019668704875069314,0.0009127931686747568,,2.4645506936147897e-05,9.955790345684723e-06,79.8064528598556,0.017534083999999783
candidate_0277,stable_2plus2,"[[1,2],[3,4]]","[1.0, 0.7, 0.9, 0.6]","[1.0, 0.55]","[0.0, 0.0]",20.0,0.2,35.0,"[0.0, 137.0, 61.0]",40,2.092561704215668,0.0523140426053917,578.2779778856343,11054,16.0,,2.658853632514663e-05,9.856826201976746e-06,,3.365100987032235e-07,1.1839434399116368e-07,79.01259554351654,0.06934595799999954
candidate_0022,stable_2plus2,"[[1,2],[3,4]]","[1.0, 1.0, 1.0, 1.0]","[1.0, 1.35]","[0.0, 0.0]",40.0,0.35,35.0,"[0.0, 137.0, 61.0]",10,4.442882938158366,0.4442882938158366,836.2704851517306,1883,19.25925925925926,,0.0005772065262076539,0.000284083109514949,,7.3555390016186056e-06,2.4835664038732347e-06,78.47236294724806,0.012681374999999995
candidate_0361,stable_2plus2,"[[1,2],[3,4]]","[1.3, 0.3, 0.7, 0.7]","[1.0, 1.0]","[0.0, 0.0]",40.0,0.35,80.0,"[0.0, 137.0, 61.0]",40,4.967294132898051,0.12418235332245127,637.2312954732635,5132,26.0,,1.2900261369934507e-05,6.1937248172093436e-06,,1.656615523989388e-07,6.707612589023646e-08,77.87118485325232,0.03299687500000026
candidate_0489,stable_2plus2,"[[1,2],[3,4]]","[1.0, 1.0, 1.0, 1.0]","[1.0, 1.0]","[0.0, 0.0]",40.0,0.35,145.0,"[73.0, 211.0, 179.0]",40,4.442882938158366,0.11107207345395916,533.145952579004,4800,26.0,,2.0999578659800324e-05,9.60440250643329e-06,,2.7224912567820337e-07,7.041977557597995e-08,77.13368631575216,0.030574166999999264
candidate_0473,stable_2plus2,"[[1,2],[3,4]]","[1.0, 0.2, 0.8, 0.15]","[1.0, 1.35]","[0.0, 0.0]",80.0,0.5,145.0,"[0.0, 137.0, 61.0]",40,5.735737209545476,0.1433934302386369,1213.3887512911153,8462,29.629629629629626,,8.977682727904165e-07,4.55613654141798e-07,,1.1645915579503252e-08,3.5136159269992985e-09,77.08868114847782,0.0537375830000002
candidate_0571,stable_2plus2,"[[1,2],[3,4]]","[1.0, 1.0, 1.0, 1.0]","[1.0, 1.35]","[0.35, 0.1]",20.0,0.2,0.0,"[0.0, 137.0, 61.0]",40,4.442882938158366,0.11107207345395916,836.2704851517306,7530,10.774410774410772,,0.0002130260090908737,0.00010014653072085766,,2.908867999022173e-06,1.2229600856812154e-06,73.23330215138095,0.047315582999999606
candidate_0485,stable_2plus2,"[[1,2],[3,4]]","[1.0, 0.2, 0.8, 0.15]","[1.0, 1.0]","[0.35, 0.1]",12.0,0.0,0.0,"[73.0, 211.0, 179.0]",40,5.735737209545476,0.1433934302386369,773.5694528766917,5395,8.888888888888888,,0.00038352419254152965,0.0001768890139205975,,5.310429272816088e-06,2.102326366242301e-06,72.22093974676912,0.03519825000000054
candidate_0280,stable_2plus2,"[[1,2],[3,4]]","[1.0, 0.2, 0.8, 0.15]","[1.0, 0.55]","[0.0, 0.0]",12.0,0.0,80.0,"[73.0, 211.0, 179.0]",40,2.62943294445679,0.06573582361141975,688.2884651454572,10471,12.0,,5.4198167177844544e-05,2.265691223561842e-05,,7.565565669324966e-07,3.1201395764879405e-07,71.63795748623824,0.0660604169999992
candidate_0529,stable_2plus2,"[[1,2],[3,4]]","[1.0, 1.0, 1.0, 1.0]","[1.0, 1.35]","[0.1, 0.2]",12.0,0.0,35.0,"[0.0, 137.0, 61.0]",10,4.442882938158366,0.4442882938158366,836.2704851517306,1883,7.4074074074074066,,0.006309493959168506,0.002606740933533783,,8.969967904132615e-05,3.781544021825042e-05,70.34020663843866,0.012816165999998574
candidate_0444,stable_2plus2,"[[1,2],[3,4]]","[1.3, 0.3, 0.7, 0.7]","[1.0, 0.8]","[0.0, 0.0]",12.0,0.0,35.0,"[73.0, 211.0, 179.0]",10,3.7997133175159234,0.37997133175159237,596.0752959477661,1569,12.0,,0.0030512496408603676,0.0015728811525818384,,4.397438496199059e-05,2.219413331554453e-05,69.3869770662563,0.010474542000000753
candidate_0421,stable_2plus2,"[[1,2],[3,4]]","[1.0, 1.0, 1.0, 1.0]","[1.0, 1.35]","[0.1, 0.2]",12.0,0.0,0.0,"[0.0, 137.0, 61.0]",10,4.442882938158366,0.4442882938158366,836.2704851517306,1883,7.4074074074074066,,0.006337270494415734,0.002613119867856886,,9.495681839386891e-05,4.135635188365243e-05,66.73844597582803,0.013335083999999497
candidate_0064,stable_2plus2,"[[1,2],[3,4]]","[1.0, 1.0, 1.0, 1.0]","[1.0, 1.35]","[0.5, 0.4]",20.0,0.2,0.0,"[0.0, 137.0, 61.0]",10,4.442882938158366,0.4442882938158366,836.2704851517306,1883,8.465608465608467,,0.01791981615954051,0.007579129959522464,,0.0002736593028525281,0.00014141220849868579,65.4822108101229,0.01315229200000001
candidate_0511,stable_2plus2,"[[1,2],[3,4]]","[1.0, 0.2, 0.8, 0.15]","[1.0, 1.0]","[0.35, 0.1]",20.0,0.2,35.0,"[0.0, 137.0, 61.0]",10,5.735737209545476,0.5735737209545476,773.5694528766917,1349,11.851851851851851,,0.003326515871160901,0.001514659471565507,,5.116086883411279e-05,2.2220404005354992e-05,65.0207071726441,0.009922124999999227
candidate_0234,stable_2plus2,"[[1,2],[3,4]]","[1.0, 0.2, 0.8, 0.15]","[1.0, 0.55]","[0.0, 0.0]",12.0,0.0,80.0,"[0.0, 137.0, 61.0]",40,2.62943294445679,0.06573582361141975,688.2884651454572,10471,12.0,,4.670977236389527e-05,1.879503459601797e-05,,7.210960879100511e-07,2.6263313792394646e-07,64.77607235295639,0.06625550000000047
candidate_0072,stable_2plus2,"[[1,2],[3,4]]","[1.0, 0.7, 0.9, 0.6]","[1.0, 0.55]","[0.0, 0.0]",12.0,0.0,80.0,"[73.0, 211.0, 179.0]",40,2.092561704215668,0.0523140426053917,578.2779778856343,11054,12.0,,4.9556318254297845e-05,2.077454286253516e-05,,7.884255416330473e-07,3.3195934283766313e-07,62.85478543941259,0.06987612499999996
candidate_0446,stable_2plus2,"[[1,2],[3,4]]","[1.0, 1.0, 1.0, 1.0]","[1.0, 0.55]","[0.0, 0.0]",12.0,0.0,35.0,"[73.0, 211.0, 179.0]",40,1.8122115948372268,0.04530528987093067,533.145952579004,11768,12.0,,5.1945976745061735e-05,2.319036963373946e-05,,8.529062318616407e-07,4.294247306490328e-07,60.90467486874743,0.07427974999999876
candidate_0092,stable_2plus2,"[[1,2],[3,4]]","[1.0, 0.2, 0.8, 0.15]","[1.0, 1.35]","[0.35, 0.1]",12.0,0.0,80.0,"[0.0, 137.0, 61.0]",40,5.735737209545476,0.1433934302386369,1213.3887512911153,8462,8.08080808080808,,0.0002938729095354125,8.193943075688367e-05,,4.872902847177313e-06,1.6164841800928364e-06,60.307565890758916,0.05412499999999998
candidate_0594,stable_2plus2,"[[1,2],[3,4]]","[1.0, 0.7, 0.9, 0.6]","[1.0, 1.35]","[0.1, 0.2]",12.0,0.0,0.0,"[0.0, 137.0, 61.0]",10,4.818983149046953,0.48189831490469526,965.6419794353811,2004,7.4074074074074066,,0.0050267079879661525,0.0020390841719180233,,8.392173102771507e-05,3.878295586985705e-05,59.89757273126417,0.013192374999999146
candidate_0338,stable_2plus2,"[[1,2],[3,4]]","[1.0, 0.7, 0.9, 0.6]","[1.0, 1.35]","[0.0, 0.0]",40.0,0.35,35.0,"[0.0, 137.0, 61.0]",10,4.818983149046953,0.48189831490469526,965.6419794353811,2004,19.25925925925926,,0.00040598491327986533,0.00018887650934815956,,6.7895339484840716e-06,2.321856998659787e-06,59.795696782768324,0.013459208000000444
candidate_0053,stable_2plus2,"[[1,2],[3,4]]","[1.0, 0.7, 0.9, 0.6]","[1.0, 1.35]","[0.5, 0.4]",20.0,0.2,35.0,"[0.0, 137.0, 61.0]",10,4.818983149046953,0.48189831490469526,965.6419794353811,2004,8.465608465608467,,0.014050625404731983,0.00581041148576263,,0.0002379551000819069,0.00011610672120123818,59.04738078694508,0.01396749999999991
candidate_0405,stable_2plus2,"[[1,2],[3,4]]","[1.0, 0.2, 0.8, 0.15]","[1.0, 0.8]","[0.0, 0.0]",12.0,0.0,80.0,"[73.0, 211.0, 179.0]",10,4.612677018532275,0.4612677018532275,688.2884651454572,1493,12.0,,0.0020189869844878146,0.0009922336746838439,,3.4391653930710264e-05,1.3852993169163744e-05,58.70572519005683,0.010011458999999334
candidate_0385,stable_2plus2,"[[1,2],[3,4]]","[1.0, 1.0, 1.0, 1.0]","[1.0, 0.8]","[0.0, 0.0]",20.0,0.2,145.0,"[0.0, 137.0, 61.0]",40,3.179068245054753,0.07947670612636883,533.145952579004,6709,16.0,,3.5765361592033395e-05,1.1652549918818528e-05,,6.315484050175861e-07,1.3524981138119585e-07,56.63122780119676,0.04257416699999972
candidate_0575,stable_2plus2,"[[1,2],[3,4]]","[1.3, 0.3, 0.7, 0.7]","[1.0, 1.35]","[0.5, 0.4]",12.0,0.0,80.0,"[0.0, 137.0, 61.0]",20,4.967294132898051,0.24836470664490254,999.5344089953015,4025,6.34920634920635,,0.005522092097416569,0.0019184258388409503,,0.0001008570247899787,1.8914696822131896e-05,54.751685456869154,0.02562095800000108
candidate_0271,stable_2plus2,"[[1,2],[3,4]]","[1.0, 1.0, 1.0, 1.0]","[1.0, 1.35]","[0.35, 0.1]",12.0,0.0,80.0,"[73.0, 211.0, 179.0]",40,4.442882938158366,0.11107207345395916,836.2704851517306,7530,8.08080808080808,,0.00032854995583162276,0.00013127197117162613,,6.010777562685007e-06,1.8560761838475113e-06,54.66014212059111,0.04888141700000048
candidate_0409,stable_2plus2,"[[1,2],[3,4]]","[1.0, 0.7, 0.9, 0.6]","[1.0, 1.0]","[0.0, 0.0]",40.0,0.35,80.0,"[73.0, 211.0, 179.0]",40,4.818983149046953,0.12047457872617381,615.6239184776948,5110,26.0,,1.5535533402726152e-05,6.936942863373048e-06,,2.864551910717282e-07,6.379454314109394e-08,54.23372969643991,0.03348174999999998
candidate_0276,stable_2plus2,"[[1,2],[3,4]]","[1.0, 1.0, 1.0, 1.0]","[1.0, 0.8]","[0.0, 0.0]",20.0,0.2,80.0,"[73.0, 211.0, 179.0]",40,3.179068245054753,0.07947670612636883,533.145952579004,6709,16.0,,3.7812017506320744e-05,1.3622390766192298e-05,,7.135656384764182e-07,1.8986904440404683e-07,52.99024429911692,0.04259887499999948
candidate_0524,stable_2plus2,"[[1,2],[3,4]]","[1.0, 0.7, 0.9, 0.6]","[1.0, 1.35]","[0.35, 0.1]",12.0,0.0,80.0,"[73.0, 211.0, 179.0]",40,4.818983149046953,0.12047457872617381,965.6419794353811,8016,8.08080808080808,,0.0003164550642484923,0.00011075189876469996,,6.029071103990015e-06,1.7093982117718724e-06,52.48819574197153,0.05102962499999997
candidate_0341,stable_2plus2,"[[1,2],[3,4]]","[1.0, 1.0, 1.0, 1.0]","[1.0, 1.35]","[0.0, 0.0]",40.0,0.35,145.0,"[0.0, 137.0, 61.0]",20,4.442882938158366,0.2221441469079183,836.2704851517306,3765,19.25925925925926,,5.930422553585989e-05,2.1165844869026815e-05,,1.1309074163505317e-06,1.815935287991019e-07,52.439505372806025,0.024522959000000455
candidate_0317,stable_2plus2,"[[1,2],[3,4]]","[1.0, 1.0, 1.0, 1.0]","[1.0, 1.35]","[0.35, 0.1]",12.0,0.0,145.0,"[73.0, 211.0, 179.0]",40,4.442882938158366,0.11107207345395916,836.2704851517306,7530,8.08080808080808,,0.00033455907619858505,0.0001332138901148747,,6.524007888776022e-06,1.0219908373913913e-06,51.28121883086075,0.04882049999999971
candidate_0171,stable_2plus2,"[[1,2],[3,4]]","[1.0, 1.0, 1.0, 1.0]","[1.0, 1.0]","[0.35, 0.1]",12.0,0.0,0.0,"[73.0, 211.0, 179.0]",10,4.442882938158366,0.4442882938158366,533.145952579004,1200,8.888888888888888,,0.006237343464728066,0.0029072057209639525,,0.00012250349107831589,4.768978477678297e-05,50.91563848364585,0.008523540999999746
candidate_0393,stable_2plus2,"[[1,2],[3,4]]","[1.0, 1.0, 1.0, 1.0]","[1.0, 1.0]","[0.35, 0.1]",12.0,0.0,80.0,"[73.0, 211.0, 179.0]",10,4.442882938158366,0.4442882938158366,533.145952579004,1200,8.888888888888888,,0.006112615886278569,0.0028226453533615847,,0.00012188586443279716,4.4563026564730565e-05,50.15032641171293,0.008177584000000238
candidate_0093,stable_2plus2,"[[1,2],[3,4]]","[1.0, 0.7, 0.9, 0.6]","[1.0, 0.8]","[0.0, 0.0]",20.0,0.2,80.0,"[73.0, 211.0, 179.0]",40,3.6708718141091055,0.09177179535272764,578.2779778856343,6302,16.0,,3.74118897690645e-05,1.3159608329935481e-05,,7.473703333896921e-07,2.002632913328066e-07,50.05803428051951,0.04036633300000014
candidate_0284,stable_2plus2,"[[1,2],[3,4]]","[1.0, 0.2, 0.8, 0.15]","[1.0, 1.35]","[0.35, 0.1]",20.0,0.2,0.0,"[0.0, 137.0, 61.0]",40,5.735737209545476,0.1433934302386369,1213.3887512911153,8462,10.774410774410772,,0.00011863689669672433,5.536208868030233e-05,,2.4386192726210148e-06,1.0068449508278318e-06,48.64920819280413,0.05418362500000029
candidate_0283,stable_2plus2,"[[1,2],[3,4]]","[1.3, 0.3, 0.7, 0.7]","[1.0, 1.35]","[0.5, 0.4]",12.0,0.0,35.0,"[0.0, 137.0, 61.0]",10,4.967294132898051,0.4967294132898051,999.5344089953015,2013,6.34920634920635,,0.018237966519979724,0.006954669879551072,,0.00039520042960348463,0.00019107325327579828,46.14865054240546,0.013935291999999322
candidate_0140,stable_2plus2,"[[1,2],[3,4]]","[1.0, 0.2, 0.8, 0.15]","[1.0, 0.8]","[0.0, 0.0]",12.0,0.0,80.0,"[73.0, 211.0, 179.0]",20,4.612677018532275,0.23063385092661376,688.2884651454572,2985,12.0,,0.00038323388838776013,0.0001434048453140863,,8.402991171533619e-06,3.365792316620251e-06,45.60684172631549,0.019048875000000187
candidate_0229,stable_2plus2,"[[1,2],[3,4]]","[1.0, 0.7, 0.9, 0.6]","[1.0, 1.0]","[0.0, 0.0]",20.0,0.2,145.0,"[73.0, 211.0, 179.0]",20,4.818983149046953,0.24094915745234763,615.6239184776948,2555,16.0,,0.00017786143282043032,7.75801336555076e-05,,3.920170311109606e-06,9.638735934442186e-07,45.3708432810631,0.016838958000000126
candidate_0067,stable_2plus2,"[[1,2],[3,4]]","[1.3, 0.3, 0.7, 0.7]","[1.0, 0.8]","[0.0, 0.0]",20.0,0.2,0.0,"[73.0, 211.0, 179.0]",40,3.7997133175159234,0.09499283293789809,596.0752959477661,6275,16.0,,3.9149326539218415e-05,1.5557468514223772e-05,,8.784695265856449e-07,2.8326967929068193e-07,44.56537802896868,0.040360916000000024
candidate_0130,stable_2plus2,"[[1,2],[3,4]]","[1.0, 0.2, 0.8, 0.15]","[1.0, 1.0]","[0.0, 0.0]",40.0,0.35,80.0,"[0.0, 137.0, 61.0]",40,5.735737209545476,0.1433934302386369,773.5694528766917,5395,26.0,,7.136206046038116e-06,3.5977553672066448e-06,,1.609812333673895e-07,6.771668490042073e-08,44.32942832380933,0.0345046249999994
candidate_0107,stable_2plus2,"[[1,2],[3,4]]","[1.3, 0.3, 0.7, 0.7]","[1.0, 1.35]","[0.35, 0.1]",20.0,0.2,145.0,"[73.0, 211.0, 179.0]",10,4.967294132898051,0.4967294132898051,999.5344089953015,2013,10.774410774410772,,0.0027416648254336797,0.0012934201813741136,,6.239318019849146e-05,2.517098468164135e-05,43.94173877195584,0.014088290999999753
candidate_0515,stable_2plus2,"[[1,2],[3,4]]","[1.0, 1.0, 1.0, 1.0]","[1.0, 1.0]","[0.0, 0.0]",20.0,0.2,80.0,"[73.0, 211.0, 179.0]",40,4.442882938158366,0.11107207345395916,533.145952579004,4800,16.0,,5.6058545734573855e-05,1.8487479576640177e-05,,1.2918703978227214e-06,4.529562520863408e-07,43.39332012642538,0.030022125000000344
candidate_0591,stable_2plus2,"[[1,2],[3,4]]","[1.3, 0.3, 0.7, 0.7]","[1.0, 1.0]","[0.0, 0.0]",40.0,0.35,0.0,"[0.0, 137.0, 61.0]",40,4.967294132898051,0.12418235332245127,637.2312954732635,5132,26.0,,1.2452587006697863e-05,6.040504855117286e-06,,2.94933805163027e-07,1.2532933121989609e-07,42.221633426573796,0.032020333999998485
candidate_0462,stable_2plus2,"[[1,2],[3,4]]","[1.0, 0.7, 0.9, 0.6]","[1.0, 1.0]","[0.35, 0.1]",12.0,0.0,35.0,"[73.0, 211.0, 179.0]",10,4.818983149046953,0.48189831490469526,615.6239184776948,1278,8.888888888888888,,0.005242608964289354,0.0024259369015561406,,0.00012506548200591556,4.602100494311629e-05,41.918912238641354,0.009020500000000098
candidate_0268,stable_2plus2,"[[1,2],[3,4]]","[1.3, 0.3, 0.7, 0.7]","[1.0, 0.8]","[0.0, 0.0]",12.0,0.0,145.0,"[0.0, 137.0, 61.0]",40,3.7997133175159234,0.09499283293789809,596.0752959477661,6275,12.0,,6.729955622066365e-05,2.5292309007145207e-05,,1.6687814917795264e-06,5.428345628147103e-07,40.32856102023154,0.040470333000000025
candidate_0004,stable_2plus2,"[[1,2],[3,4]]","[1.3, 0.3, 0.7, 0.7]","[1.0, 1.0]","[0.0, 0.0]",20.0,0.2,145.0,"[73.0, 211.0, 179.0]",40,4.967294132898051,0.12418235332245127,637.2312954732635,5132,16.0,,4.644260047556139e-05,1.3625215572813629e-05,,1.154686039124093e-06,2.407170363631208e-07,40.220976873325,0.03281487500000002
candidate_0321,stable_2plus2,"[[1,2],[3,4]]","[1.0, 0.2, 0.8, 0.15]","[1.0, 0.8]","[0.0, 0.0]",12.0,0.0,35.0,"[73.0, 211.0, 179.0]",40,4.612677018532275,0.11531692546330688,688.2884651454572,5969,12.0,,9.418082157181303e-05,4.51254360530916e-05,,2.3662354140653107e-06,1.1252852474587465e-06,39.80196603093083,0.03783504199999932
candidate_0285,stable_2plus2,"[[1,2],[3,4]]","[1.3, 0.3, 0.7, 0.7]","[1.0, 1.35]","[0.0, 0.0]",40.0,0.35,145.0,"[73.0, 211.0, 179.0]",40,4.967294132898051,0.12418235332245127,999.5344089953015,8049,19.25925925925926,,1.0283091928898479e-05,2.348527274020537e-06,,2.6757504372874245e-07,4.027788638908806e-08,38.43068391431561,0.051069791999999836
candidate_0274,stable_2plus2,"[[1,2],[3,4]]","[1.0, 1.0, 1.0, 1.0]","[1.0, 1.0]","[0.0, 0.0]",12.0,0.0,35.0,"[0.0, 137.0, 61.0]",10,4.442882938158366,0.4442882938158366,533.145952579004,1200,12.0,,0.0028347116879444997,0.0014190736927981007,,7.512112121116365e-05,4.110879733296202e-05,37.73521537273377,0.008599083000000007
candidate_0074,stable_2plus2,"[[1,2],[3,4]]","[1.3, 0.3, 0.7, 0.7]","[1.0, 1.0]","[0.0, 0.0]",12.0,0.0,145.0,"[73.0, 211.0, 179.0]",40,4.967294132898051,0.12418235332245127,637.2312954732635,5132,12.0,,0.00010210564313701932,3.977378482693957e-05,,2.7261655915696276e-06,8.263669931972809e-07,37.45394023487421,0.033013208000000294
candidate_0310,stable_2plus2,"[[1,2],[3,4]]","[1.0, 0.7, 0.9, 0.6]","[1.0, 1.0]","[0.0, 0.0]",20.0,0.2,35.0,"[73.0, 211.0, 179.0]",20,4.818983149046953,0.24094915745234763,615.6239184776948,2555,16.0,,0.00020731542271535725,8.730956715008377e-05,,5.554061587699885e-06,1.662272941630307e-06,37.32681379955911,0.01707108399999946
candidate_0486,stable_2plus2,"[[1,2],[3,4]]","[1.0, 1.0, 1.0, 1.0]","[1.0, 1.0]","[0.0, 0.0]",12.0,0.0,145.0,"[73.0, 211.0, 179.0]",20,4.442882938158366,0.2221441469079183,533.145952579004,2400,12.0,,0.0004637284449180694,0.0001642669721909479,,1.2431251251825934e-05,4.001422128296314e-06,37.30344078195313,0.01579195799999944
candidate_0477,stable_2plus2,"[[1,2],[3,4]]","[1.3, 0.3, 0.7, 0.7]","[1.0, 0.8]","[0.0, 0.0]",12.0,0.0,80.0,"[0.0, 137.0, 61.0]",40,3.7997133175159234,0.09499283293789809,596.0752959477661,6275,12.0,,7.639049289393509e-05,3.215088046368066e-05,,2.084324933909528e-06,7.993884782490243e-07,36.649992355391014,0.04008670800000047
candidate_0044,stable_2plus2,"[[1,2],[3,4]]","[1.0, 1.0, 1.0, 1.0]","[1.0, 1.35]","[0.0, 0.0]",80.0,0.5,80.0,"[0.0, 137.0, 61.0]",40,4.442882938158366,0.11107207345395916,836.2704851517306,7530,29.629629629629626,,1.8115975609706794e-06,8.962418370169827e-07,,4.958240332466729e-08,2.0609391647309217e-08,36.53710670514045,0.047934750000000026
candidate_0275,stable_2plus2,"[[1,2],[3,4]]","[1.0, 1.0, 1.0, 1.0]","[1.0, 1.35]","[0.0, 0.0]",40.0,0.35,145.0,"[0.0, 137.0, 61.0]",40,4.442882938158366,0.11107207345395916,836.2704851517306,7530,19.25925925925926,,1.0294449342218871e-05,2.5678404302477797e-06,,2.8287607838337565e-07,4.508964019821106e-08,36.3920816530376,0.04819941700000108
candidate_0445,stable_2plus2,"[[1,2],[3,4]]","[1.0, 0.2, 0.8, 0.15]","[1.0, 1.0]","[0.0, 0.0]",12.0,0.0,145.0,"[73.0, 211.0, 179.0]",40,5.735737209545476,0.1433934302386369,773.5694528766917,5395,12.0,,9.65538963043725e-05,3.57757656675169e-05,,2.6908989375487916e-06,7.609449559899674e-07,35.88165090745694,0.03411416700000025
candidate_0166,stable_2plus2,"[[1,2],[3,4]]","[1.0, 0.7, 0.9, 0.6]","[1.0, 1.35]","[0.35, 0.1]",12.0,0.0,80.0,"[73.0, 211.0, 179.0]",20,4.818983149046953,0.24094915745234763,965.6419794353811,4008,8.08080808080808,,0.0008152639961789953,0.0003412952115558169,,2.280685929957831e-05,6.87090082588213e-06,35.746438624895156,0.02626512500000011
candidate_0242,stable_2plus2,"[[1,2],[3,4]]","[1.0, 1.0, 1.0, 1.0]","[1.0, 1.35]","[0.1, 0.2]",12.0,0.0,145.0,"[0.0, 137.0, 61.0]",20,4.442882938158366,0.2221441469079183,836.2704851517306,3765,7.4074074074074066,,0.001824022508217545,0.000709531516354203,,5.171281579644155e-05,6.283805237633602e-06,35.272156043435935,0.024906792000000344
candidate_0212,stable_2plus2,"[[1,2],[3,4]]","[1.0, 0.2, 0.8, 0.15]","[1.0, 1.35]","[0.5, 0.4]",12.0,0.0,0.0,"[73.0, 211.0, 179.0]",10,5.735737209545476,0.5735737209545476,1213.3887512911153,2116,6.34920634920635,,0.01077373992903018,0.00403894619492439,,0.0003090897817436272,0.00012602364912899408,34.856344548997086,0.014273375000000144
candidate_0576,stable_2plus2,"[[1,2],[3,4]]","[1.0, 0.7, 0.9, 0.6]","[1.0, 1.35]","[0.0, 0.0]",40.0,0.35,35.0,"[73.0, 211.0, 179.0]",40,4.818983149046953,0.12047457872617381,965.6419794353811,8016,19.25925925925926,,1.0547874819349996e-05,2.8425712456657047e-06,,3.0273913245581686e-07,6.38507703802314e-08,34.84146477459237,0.05005549999999914
candidate_0223,stable_2plus2,"[[1,2],[3,4]]","[1.0, 0.2, 0.8, 0.15]","[1.0, 0.8]","[0.0, 0.0]",12.0,0.0,35.0,"[0.0, 137.0, 61.0]",40,4.612677018532275,0.11531692546330688,688.2884651454572,5969,12.0,,8.524130133238021e-05,3.756840528261769e-05,,2.4972245724475737e-06,1.080682326248997e-06,34.134415571937815,0.03904620800000025
candidate_0476,stable_2plus2,"[[1,2],[3,4]]","[1.0, 0.7, 0.9, 0.6]","[1.0, 1.35]","[0.35, 0.1]",12.0,0.0,35.0,"[73.0, 211.0, 179.0]",20,4.818983149046953,0.24094915745234763,965.6419794353811,4008,8.08080808080808,,0.0008265614736062204,0.0003595459024207422,,2.4264871355162175e-05,9.356651765772109e-06,34.06411933976215,0.026646707999999464
candidate_0357,stable_2plus2,"[[1,2],[3,4]]","[1.0, 1.0, 1.0, 1.0]","[1.0, 0.8]","[0.0, 0.0]",12.0,0.0,35.0,"[0.0, 137.0, 61.0]",40,3.179068245054753,0.07947670612636883,533.145952579004,6709,12.0,,8.083478030746519e-05,3.6404629403883415e-05,,2.3733507060767443e-06,1.1083414274710523e-06,34.05934913053314,0.04340558300000019
candidate_0380,stable_2plus2,"[[1,2],[3,4]]","[1.0, 0.2, 0.8, 0.15]","[1.0, 1.0]","[0.0, 0.0]",12.0,0.0,80.0,"[73.0, 211.0, 179.0]",40,5.735737209545476,0.1433934302386369,773.5694528766917,5395,12.0,,0.00010186638968643087,4.509235777918549e-05,,3.0210907713158906e-06,1.1946614839988262e-06,33.71841410844505,0.03445900000000002
candidate_0557,stable_2plus2,"[[1,2],[3,4]]","[1.0, 0.7, 0.9, 0.6]","[1.0, 1.35]","[0.0, 0.0]",80.0,0.5,35.0,"[0.0, 137.0, 61.0]",40,4.818983149046953,0.12047457872617381,965.6419794353811,8016,29.629629629629626,,2.4283732075678765e-06,7.694214479111008e-07,,7.243265234306501e-08,3.189829109334264e-08,33.52594622748726,0.050695000000001045
candidate_0577,stable_2plus2,"[[1,2],[3,4]]","[1.3, 0.3, 0.7, 0.7]","[1.0, 1.35]","[0.0, 0.0]",40.0,0.35,80.0,"[0.0, 137.0, 61.0]",40,4.967294132898051,0.12418235332245127,999.5344089953015,8049,19.25925925925926,,1.0961721107401589e-05,3.371461753269821e-06,,3.3173142955271e-07,8.335510685890065e-08,33.0439630703121,0.050350125000001356
candidate_0397,stable_2plus2,"[[1,2],[3,4]]","[1.0, 1.0, 1.0, 1.0]","[1.0, 0.8]","[0.0, 0.0]",12.0,0.0,0.0,"[0.0, 137.0, 61.0]",40,3.179068245054753,0.07947670612636883,533.145952579004,6709,12.0,,8.21470532833554e-05,3.751665740174528e-05,,2.4860465650986385e-06,1.2100344653364811e-06,33.04324803751054,0.04252158399999928
candidate_0387,stable_2plus2,"[[1,2],[3,4]]","[1.0, 1.0, 1.0, 1.0]","[1.0, 1.35]","[0.35, 0.1]",20.0,0.2,145.0,"[73.0, 211.0, 179.0]",10,4.442882938158366,0.4442882938158366,836.2704851517306,1883,10.774410774410772,,0.00282681903576526,0.0013026737538924908,,8.57415546225155e-05,3.294883055279345e-05,32.96906672861918,0.013127625000000975
candidate_0117,stable_2plus2,"[[1,2],[3,4]]","[1.0, 0.7, 0.9, 0.6]","[1.0, 1.35]","[0.35, 0.1]",12.0,0.0,0.0,"[73.0, 211.0, 179.0]",20,4.818983149046953,0.24094915745234763,965.6419794353811,4008,8.08080808080808,,0.0008304426466600995,0.00036478371517657685,,2.5334320954300926e-05,1.0027609501513437e-05,32.77935288489025,0.025951499999999683
candidate_0467,stable_2plus2,"[[1,2],[3,4]]","[1.0, 1.0, 1.0, 1.0]","[1.0, 1.35]","[0.0, 0.0]",80.0,0.5,35.0,"[0.0, 137.0, 61.0]",40,4.442882938158366,0.11107207345395916,836.2704851517306,7530,29.629629629629626,,2.571423953648973e-06,9.637466610896895e-07,,7.854238181546684e-08,3.3957699430875825e-08,32.739317222266855,0.04768337500000008
candidate_0063,stable_2plus2,"[[1,2],[3,4]]","[1.0, 0.2, 0.8, 0.15]","[1.0, 1.0]","[0.0, 0.0]",12.0,0.0,145.0,"[0.0, 137.0, 61.0]",20,5.735737209545476,0.2867868604772738,773.5694528766917,2698,12.0,,0.00033725543750859344,0.00011021426710590005,,1.033995791905347e-05,3.052019315629055e-06,32.61671277086456,0.017752124999999896
candidate_0143,stable_2plus2,"[[1,2],[3,4]]","[1.0, 1.0, 1.0, 1.0]","[1.0, 1.0]","[0.0, 0.0]",12.0,0.0,0.0,"[73.0, 211.0, 179.0]",10,4.442882938158366,0.4442882938158366,533.145952579004,1200,12.0,,0.002468953646675393,0.0012258216543745157,,7.722669745298299e-05,4.523778422896943e-05,31.970208853985202,0.007988958000000324
candidate_0419,stable_2plus2,"[[1,2],[3,4]]","[1.0, 1.0, 1.0, 1.0]","[1.0, 1.35]","[0.0, 0.0]",20.0,0.2,145.0,"[73.0, 211.0, 179.0]",10,4.442882938158366,0.4442882938158366,836.2704851517306,1883,11.851851851851851,,0.0006492438793945107,0.00026751380469463686,,2.0475637785645673e-05,4.278942611779934e-06,31.708115087367847,0.012505708000000837
candidate_0031,stable_2plus2,"[[1,2],[3,4]]","[1.0, 0.2, 0.8, 0.15]","[1.0, 1.0]","[0.0, 0.0]",20.0,0.2,0.0,"[0.0, 137.0, 61.0]",20,5.735737209545476,0.2867868604772738,773.5694528766917,2698,16.0,,0.00020708818628180126,6.943028379044629e-05,,6.620510330591724e-06,2.4939242415162083e-06,31.27979203127265,0.017660792000000036
candidate_0301,stable_2plus2,"[[1,2],[3,4]]","[1.0, 1.0, 1.0, 1.0]","[1.0, 1.35]","[0.0, 0.0]",40.0,0.35,80.0,"[0.0, 137.0, 61.0]",40,4.442882938158366,0.11107207345395916,836.2704851517306,7530,19.25925925925926,,1.1374722999434396e-05,3.623875212941479e-06,,3.671725577937893e-07,9.758409039557225e-08,30.97922967822297,0.047964416999999315
candidate_0174,stable_2plus2,"[[1,2],[3,4]]","[1.0, 1.0, 1.0, 1.0]","[1.0, 1.35]","[0.0, 0.0]",40.0,0.35,0.0,"[0.0, 137.0, 61.0]",20,4.442882938158366,0.2221441469079183,836.2704851517306,3765,19.25925925925926,,5.541681730099022e-05,1.9243790204736293e-05,,1.8813165806934467e-06,6.641649689472176e-07,29.456401899442024,0.024618291999999542
candidate_0326,stable_2plus2,"[[1,2],[3,4]]","[1.0, 0.2, 0.8, 0.15]","[1.0, 1.35]","[0.0, 0.0]",40.0,0.35,35.0,"[73.0, 211.0, 179.0]",20,5.735737209545476,0.2867868604772738,1213.3887512911153,4231,19.25925925925926,,3.162431427967109e-05,1.1939496652217906e-05,,1.080329437555189e-06,2.290616005175862e-07,29.272843246072842,0.02810783299999997
candidate_0154,stable_2plus2,"[[1,2],[3,4]]","[1.3, 0.3, 0.7, 0.7]","[1.0, 1.0]","[0.0, 0.0]",12.0,0.0,80.0,"[73.0, 211.0, 179.0]",20,4.967294132898051,0.24836470664490254,637.2312954732635,2566,12.0,,0.0004365195316326625,0.00017180806875111203,,1.5036158410686833e-05,6.265393608273772e-06,29.031320348581165,0.016905999999999644
candidate_0627,stable_2plus2,"[[1,2],[3,4]]","[1.0, 0.2, 0.8, 0.15]","[1.0, 1.0]","[0.0, 0.0]",12.0,0.0,0.0,"[73.0, 211.0, 179.0]",10,5.735737209545476,0.5735737209545476,773.5694528766917,1349,12.0,,0.0016848309994395147,0.0006743525033967539,,5.8703968652044924e-05,2.8738859315463992e-05,28.700461623403793,0.009080083000000627
candidate_0109,stable_2plus2,"[[1,2],[3,4]]","[1.0, 1.0, 1.0, 1.0]","[1.0, 1.0]","[0.0, 0.0]",12.0,0.0,0.0,"[73.0, 211.0, 179.0]",40,4.442882938158366,0.11107207345395916,533.145952579004,4800,12.0,,0.00013190751511266849,6.625009180286626e-05,,4.6263500665678045e-06,2.70571808608154e-06,28.51222091166309,0.030647542000000083
candidate_0197,stable_2plus2,"[[1,2],[3,4]]","[1.0, 1.0, 1.0, 1.0]","[1.0, 1.35]","[0.0, 0.0]",20.0,0.2,80.0,"[73.0, 211.0, 179.0]",20,4.442882938158366,0.2221441469079183,836.2704851517306,3765,11.851851851851851,,0.0001430800673927901,4.5059197674038606e-05,,5.019838724516181e-06,1.3811615153836547e-06,28.502921158404416,0.024381583000000262
candidate_0112,stable_2plus2,"[[1,2],[3,4]]","[1.0, 0.2, 0.8, 0.15]","[1.0, 1.35]","[0.0, 0.0]",20.0,0.2,145.0,"[73.0, 211.0, 179.0]",20,5.735737209545476,0.2867868604772738,1213.3887512911153,4231,11.851851851851851,,0.00011746972751312683,2.8836750225662982e-05,,4.132936811279988e-06,8.33564458049014e-07,28.42282204569829,0.026987375000000036
candidate_0639,stable_2plus2,"[[1,2],[3,4]]","[1.0, 1.0, 1.0, 1.0]","[1.0, 1.0]","[0.0, 0.0]",12.0,0.0,0.0,"[73.0, 211.0, 179.0]",20,4.442882938158366,0.2221441469079183,533.145952579004,2400,12.0,,0.0005272590837930198,0.0002229278282652309,,1.866387329039861e-05,1.0917393370217306e-05,28.25024985913623,0.017089124999998262
candidate_0160,stable_2plus2,"[[1,2],[3,4]]","[1.0, 0.2, 0.8, 0.15]","[1.0, 1.35]","[0.0, 0.0]",40.0,0.35,0.0,"[0.0, 137.0, 61.0]",40,5.735737209545476,0.1433934302386369,1213.3887512911153,8462,19.25925925925926,,1.1341296669730493e-05,3.684053036526854e-06,,4.039721047899066e-07,1.3636237761364356e-07,28.074454981560546,0.05370525000000015
candidate_0553,stable_2plus2,"[[1,2],[3,4]]","[1.0, 0.2, 0.8, 0.15]","[1.0, 1.35]","[0.0, 0.0]",20.0,0.2,35.0,"[73.0, 211.0, 179.0]",20,5.735737209545476,0.2867868604772738,1213.3887512911153,4231,11.851851851851851,,0.0001228461390078103,3.971905695630549e-05,,4.492989564750421e-06,1.3670067826161246e-06,27.34173699658575,0.029468416000000275
candidate_0637,stable_2plus2,"[[1,2],[3,4]]","[1.3, 0.3, 0.7, 0.7]","[1.0, 1.35]","[0.0, 0.0]",20.0,0.2,80.0,"[73.0, 211.0, 179.0]",40,4.967294132898051,0.12418235332245127,999.5344089953015,8049,11.851851851851851,,3.260031137292916e-05,1.1356927061877117e-05,,1.2071011831816759e-06,3.1223779085284574e-07,27.00710746302253,0.04964516599999769
candidate_0450,stable_2plus2,"[[1,2],[3,4]]","[1.3, 0.3, 0.7, 0.7]","[1.0, 1.0]","[0.0, 0.0]",12.0,0.0,35.0,"[73.0, 211.0, 179.0]",20,4.967294132898051,0.24836470664490254,637.2312954732635,2566,12.0,,0.00045736324726033435,0.00019235799198163896,,1.716793671478702e-05,8.488981692400353e-06,26.640548299924713,0.01663279199999934
candidate_0533,stable_2plus2,"[[1,2],[3,4]]","[1.0, 1.0, 1.0, 1.0]","[1.0, 1.35]","[0.0, 0.0]",20.0,0.2,0.0,"[73.0, 211.0, 179.0]",40,4.442882938158366,0.11107207345395916,836.2704851517306,7530,11.851851851851851,,3.8359144188436286e-05,1.436241716937691e-05,,1.4929764303039556e-06,4.580783952817559e-07,25.693067492449785,0.04729275000000044
candidate_0629,stable_2plus2,"[[1,2],[3,4]]","[1.0, 0.7, 0.9, 0.6]","[1.0, 1.35]","[0.0, 0.0]",20.0,0.2,80.0,"[73.0, 211.0, 179.0]",40,4.818983149046953,0.12047457872617381,965.6419794353811,8016,11.851851851851851,,3.063512353119237e-05,1.0492961902280537e-05,,1.197701754581245e-06,3.150107852098914e-07,25.57825720302413,0.050316750000000354
candidate_0602,stable_2plus2,"[[1,2],[3,4]]","[1.0, 0.2, 0.8, 0.15]","[1.0, 1.0]","[0.0, 0.0]",12.0,0.0,0.0,"[0.0, 137.0, 61.0]",20,5.735737209545476,0.2867868604772738,773.5694528766917,2698,12.0,,0.00038441121365457323,0.00015629721430677584,,1.5782247993907408e-05,7.222600386153659e-06,24.35719004054249,0.01699416599999992
candidate_0469,stable_2plus2,"[[1,2],[3,4]]","[1.3, 0.3, 0.7, 0.7]","[1.0, 1.0]","[0.0, 0.0]",12.0,0.0,0.0,"[0.0, 137.0, 61.0]",40,4.967294132898051,0.12418235332245127,637.2312954732635,5132,12.0,,0.00010326291011189801,4.7057875791111426e-05,,4.336604651376069e-06,2.0219917118015786e-06,23.8119262449094,0.032811915999999997
candidate_0278,stable_2plus2,"[[1,2],[3,4]]","[1.3, 0.3, 0.7, 0.7]","[1.0, 1.35]","[0.0, 0.0]",12.0,0.0,145.0,"[73.0, 211.0, 179.0]",20,4.967294132898051,0.24836470664490254,999.5344089953015,4025,8.888888888888888,,0.00027419281091617067,9.928354035011569e-05,,1.1515525663802618e-05,3.3735526574035687e-06,23.81070729389766,0.02592908299999941
candidate_0472,stable_2plus2,"[[1,2],[3,4]]","[1.0, 1.0, 1.0, 1.0]","[1.0, 1.35]","[0.0, 0.0]",12.0,0.0,80.0,"[73.0, 211.0, 179.0]",40,4.442882938158366,0.11107207345395916,836.2704851517306,7530,8.888888888888888,,8.432224584917706e-05,3.8093153203528507e-05,,3.6724941879455164e-06,1.4612744596847627e-06,22.96048449197111,0.047621124999999154
candidate_0501,stable_2plus2,"[[1,2],[3,4]]","[1.0, 0.2, 0.8, 0.15]","[1.0, 1.35]","[0.5, 0.4]",12.0,0.0,35.0,"[0.0, 137.0, 61.0]",10,5.735737209545476,0.5735737209545476,1213.3887512911153,2116,6.34920634920635,,0.010769380064421104,0.0038184338112817275,,0.00047311370825900027,0.00022724611526091034,22.76277325392047,0.014612707999999586
candidate_0618,stable_2plus2,"[[1,2],[3,4]]","[1.0, 0.2, 0.8, 0.15]","[1.0, 1.35]","[0.0, 0.0]",12.0,0.0,145.0,"[73.0, 211.0, 179.0]",10,5.735737209545476,0.5735737209545476,1213.3887512911153,2116,8.888888888888888,,0.001032247099027912,0.0003026064277185391,,4.770068726439121e-05,1.2938022950115382e-05,21.640088607245065,0.01352629200000166
candidate_0196,stable_2plus2,"[[1,2],[3,4]]","[1.0, 0.2, 0.8, 0.15]","[1.0, 1.35]","[0.0, 0.0]",12.0,0.0,0.0,"[73.0, 211.0, 179.0]",40,5.735737209545476,0.1433934302386369,1213.3887512911153,8462,8.888888888888888,,6.940384096150485e-05,3.125008376221781e-05,,3.2588442402033366e-06,1.6026497426972141e-06,21.29707216604325,0.05412695799999945
candidate_0101,stable_2plus2,"[[1,2],[3,4]]","[1.3, 0.3, 0.7, 0.7]","[1.0, 1.35]","[0.5, 0.4]",12.0,0.0,80.0,"[73.0, 211.0, 179.0]",10,4.967294132898051,0.4967294132898051,999.5344089953015,2013,6.34920634920635,,0.017970824537998073,0.00727520983022384,,0.0008454391788042359,0.00020098019281637573,21.256200314037343,0.01399600000000012
candidate_0384,stable_2plus2,"[[1,2],[3,4]]","[1.3, 0.3, 0.7, 0.7]","[1.0, 1.35]","[0.35, 0.1]",12.0,0.0,145.0,"[73.0, 211.0, 179.0]",20,4.967294132898051,0.24836470664490254,999.5344089953015,4025,8.08080808080808,,0.0009142540891940525,0.00038399998228360666,,4.37910174163872e-05,7.005067752484809e-06,20.87766266083432,0.026957999999998705
candidate_0147,stable_2plus2,"[[1,2],[3,4]]","[1.3, 0.3, 0.7, 0.7]","[1.0, 1.35]","[0.0, 0.0]",12.0,0.0,145.0,"[0.0, 137.0, 61.0]",20,4.967294132898051,0.24836470664490254,999.5344089953015,4025,8.888888888888888,,0.00022197008733736414,7.879601977005904e-05,,1.0660886778683135e-05,3.2527037542818024e-06,20.82097783659068,0.02577716600000013
candidate_0386,stable_2plus2,"[[1,2],[3,4]]","[1.0, 0.2, 0.8, 0.15]","[1.0, 1.35]","[0.0, 0.0]",12.0,0.0,0.0,"[73.0, 211.0, 179.0]",20,5.735737209545476,0.2867868604772738,1213.3887512911153,4231,8.888888888888888,,0.0002698627744518933,0.00012134212067216546,,1.3101345305927715e-05,6.450743392115723e-06,20.59809646645934,0.026542333000000085
candidate_0127,stable_2plus2,"[[1,2],[3,4]]","[1.3, 0.3, 0.7, 0.7]","[1.0, 1.35]","[0.0, 0.0]",12.0,0.0,80.0,"[73.0, 211.0, 179.0]",10,4.967294132898051,0.4967294132898051,999.5344089953015,2013,8.888888888888888,,0.0011376839017484992,0.00043184020548945923,,5.570191500510381e-05,2.2730695577718766e-05,20.424502490520414,0.013157792000000335
candidate_0300,stable_2plus2,"[[1,2],[3,4]]","[1.0, 1.0, 1.0, 1.0]","[1.0, 1.35]","[0.0, 0.0]",12.0,0.0,80.0,"[0.0, 137.0, 61.0]",10,4.442882938158366,0.4442882938158366,836.2704851517306,1883,8.888888888888888,,0.001150694331743956,0.00042102038807256343,,6.393896132228619e-05,2.5054838393185613e-05,17.996762974359996,0.012342916999999787
candidate_0425,stable_2plus2,"[[1,2],[3,4]]","[1.3, 0.3, 0.7, 0.7]","[1.0, 1.35]","[0.0, 0.0]",12.0,0.0,80.0,"[0.0, 137.0, 61.0]",10,4.967294132898051,0.4967294132898051,999.5344089953015,2013,8.888888888888888,,0.0010107717866007658,0.0003759698389286059,,5.627786860639533e-05,2.0784292999358638e-05,17.960377882646096,0.013809042000000105
candidate_0153,stable_2plus2,"[[1,2],[3,4]]","[1.0, 1.0, 1.0, 1.0]","[1.0, 1.35]","[0.5, 0.4]",12.0,0.0,80.0,"[0.0, 137.0, 61.0]",10,4.442882938158366,0.4442882938158366,836.2704851517306,1883,6.34920634920635,,0.0183486879050275,0.007119450786129792,,0.0011034708707935751,0.0003704632604737464,16.628157924850168,0.013626750000000243
candidate_0193,stable_2plus2,"[[1,2],[3,4]]","[1.0, 0.7, 0.9, 0.6]","[1.0, 1.35]","[0.0, 0.0]",12.0,0.0,35.0,"[0.0, 137.0, 61.0]",20,4.818983149046953,0.24094915745234763,965.6419794353811,4008,8.888888888888888,,0.0002595081377016062,0.00010834337208420136,,1.739127807179893e-05,8.170149937063973e-06,14.921740462675668,0.026035334000000354
candidate_0414,stable_2plus2,"[[1,2],[3,4]]","[1.0, 0.2, 0.8, 0.15]","[1.0, 1.35]","[0.35, 0.1]",12.0,0.0,0.0,"[0.0, 137.0, 61.0]",10,5.735737209545476,0.5735737209545476,1213.3887512911153,2116,8.08080808080808,,0.002082219708574784,0.0007736515954699597,,0.00015033679748093748,6.724749494950174e-05,13.850366267372477,0.015062875000001696
candidate_0630,stable_2plus2,"[[1,2],[3,4]]","[1.0, 0.2, 0.8, 0.15]","[1.0, 1.35]","[0.1, 0.2]",12.0,0.0,145.0,"[73.0, 211.0, 179.0]",40,5.735737209545476,0.1433934302386369,1213.3887512911153,8462,7.4074074074074066,,0.0008149231845850832,0.00023453723863379355,,8.372318524188257e-05,1.764327795542721e-05,9.733542533417822,0.053136499999997255
candidate_0272,stable_2plus2,"[[1,2],[3,4]]","[1.0, 0.2, 0.8, 0.15]","[1.0, 1.35]","[0.1, 0.2]",12.0,0.0,145.0,"[73.0, 211.0, 179.0]",10,5.735737209545476,0.5735737209545476,1213.3887512911153,2116,7.4074074074074066,,0.003874505156247027,0.0015051515239461156,,0.0005058203199109578,0.00011421041338688372,7.659844817877377,0.014424999999999244
candidate_0270,stable_2plus2,"[[1,2],[3,4]]","[1.0, 0.2, 0.8, 0.15]","[1.0, 1.35]","[0.1, 0.2]",12.0,0.0,145.0,"[73.0, 211.0, 179.0]",20,5.735737209545476,0.2867868604772738,1213.3887512911153,4231,7.4074074074074066,,0.0010753404205376454,0.00039729524515311285,,0.00020027852107016867,3.0409377644376982e-05,5.369224891374618,0.02778954100000064
candidate_0335,stable_2plus2,"[[1,2],[3,4]]","[1.3, 0.3, 0.7, 0.7]","[1.0, 1.35]","[0.35, 0.1]",12.0,0.0,145.0,"[73.0, 211.0, 179.0]",10,4.967294132898051,0.4967294132898051,999.5344089953015,2013,8.08080808080808,,0.0035628535157358155,0.0014715730017880785,,0.0006767741842691871,0.0003039498205099734,5.26446427560347,0.01375179100000068
